year,title,genre
1970,Love Story,Drame
1970,Love Story,Romance
1970,Airport,Action
1970,Airport,Drame
1970,Airport,Thriller
1970,MASH,Comédie
1970,MASH,Drame
1970,MASH,Guerre
1970,Patton,Biographie
1970,Patton,Drame
1970,Patton,Guerre
1970,The AristoCats,Animation
1970,The AristoCats,Aventure
1970,The AristoCats,Comédie
1970,Little Big Man,Aventure
1970,Little Big Man,Comédie
1970,Little Big Man,Drame
1970,Tora! Tora! Tora!,Action
1970,Tora! Tora! Tora!,Drame
1970,Tora! Tora! Tora!,Histoire
1970,Catch-22,Comédie
1970,Catch-22,Drame
1970,Catch-22,Guerre
1970,The Owl and the Pussycat,Comédie
1970,Joe,Drame
1970,Joe,Thriller
1970,Beneath the Planet of the Apes,Action
1970,Beneath the Planet of the Apes,Aventure
1970,Beneath the Planet of the Apes,Science-fiction
1970,The Boatniks,Famille
1970,The Boatniks,Comédie
1970,On a Clear Day You Can See Forever,Comédie
1970,On a Clear Day You Can See Forever,Drame
1970,On a Clear Day You Can See Forever,Fantaisie
1970,Two Mules for Sister Sara,Aventure
1970,Two Mules for Sister Sara,Romance
1970,Two Mules for Sister Sara,Guerre
1970,Rio Lobo,Aventure
1970,Rio Lobo,Romance
1970,Rio Lobo,Guerre
1970,Beyond the Valley of the Dolls,Comédie
1970,Beyond the Valley of the Dolls,Drame
1970,Beyond the Valley of the Dolls,Musique
1970,Myra Breckinridge,Comédie
1970,The Boys in the Band,Drame
1970,Chisum,Biographie
1970,Chisum,Western
1970,They Call Me Mister Tibbs!,Policier
1970,They Call Me Mister Tibbs!,Drame
1970,They Call Me Mister Tibbs!,Mystère
1970,Cotton Comes to Harlem,Action
1970,Cotton Comes to Harlem,Comédie
1970,Cotton Comes to Harlem,Policier
1970,The Out of Towners,Comédie
1970,Five Easy Pieces,Drame
1970,Getting Straight,Comédie
1970,Getting Straight,Drame
1970,Getting Straight,Romance
1970,The Ballad of Cable Hogue,Comédie
1970,The Ballad of Cable Hogue,Drame
1970,The Ballad of Cable Hogue,Romance
1970,The Private Life of Sherlock Holmes,Aventure
1970,The Private Life of Sherlock Holmes,Comédie
1970,The Private Life of Sherlock Holmes,Policier
1970,The Only Game in Town,Comédie
1970,The Only Game in Town,Drame
1970,The Only Game in Town,Romance
1970,The Adventurers,Action
1970,The Adventurers,Aventure
1970,The Adventurers,Drame
1970,Diary of a Mad Housewife,Comédie
1970,Diary of a Mad Housewife,Drame
1970,Darling Lili,Comédie
1970,Darling Lili,Drame
1970,Darling Lili,Comédie musicale
1970,The Great White Hope,Drame
1970,The Great White Hope,Romance
1970,The Great White Hope,Sport
1970,A Man Called Horse,Aventure
1970,A Man Called Horse,Drame
1970,A Man Called Horse,Western
1970,The Twelve Chairs,Comédie
1970,Little Fauss and Big Halsy,Drame
1970,Song of Norway,Biographie
1970,Song of Norway,Drame
1970,Song of Norway,Comédie musicale
1970,Watermelon Man,Comédie
1970,Trash,Drame
1970,Kelly's Heroes,Aventure
1970,Kelly's Heroes,Comédie
1970,Kelly's Heroes,Guerre
1970,...tick... tick... tick...,Drame
1970,...tick... tick... tick...,Action
1970,Where's Poppa?,Comédie
1970,Cromwell,Biographie
1970,Cromwell,Drame
1970,Cromwell,Histoire
1970,Zabriskie Point,Drame
1970,The Landlord,Comédie
1970,The Landlord,Drame
1970,The Landlord,Romance
1970,Loving,Comédie
1970,Loving,Drame
1970,The Strawberry Statement,Drame
1970,The Strawberry Statement,Romance
1970,Threesome,Drame
1970,El Condor,Action
1970,El Condor,Aventure
1970,El Condor,Romance
1970,I Never Sang for My Father,Drame
1970,There Was a Crooked Man...,Comédie
1970,There Was a Crooked Man...,Western
1970,Soldier Blue,Western
1971,Billy Jack,Action
1971,Billy Jack,Drame
1971,Billy Jack,Western
1971,Fiddler on the Roof,Drame
1971,Fiddler on the Roof,Famille
1971,Fiddler on the Roof,Comédie musicale
1971,Dirty Harry,Action
1971,Dirty Harry,Policier
1971,Dirty Harry,Thriller
1971,The Last Picture Show,Drame
1971,The Last Picture Show,Romance
1971,Carnal Knowledge,Drame
1971,The Hospital,Comédie
1971,The Hospital,Drame
1971,The Hospital,Mystère
1971,Willard,Horreur
1971,Bedknobs and Broomsticks,Animation
1971,Bedknobs and Broomsticks,Aventure
1971,Bedknobs and Broomsticks,Comédie
1971,Shaft,Action
1971,Shaft,Policier
1971,Shaft,Thriller
1971,Sweet Sweetback's Baadasssss Song,Action
1971,Sweet Sweetback's Baadasssss Song,Policier
1971,Sweet Sweetback's Baadasssss Song,Drame
1971,Klute,Policier
1971,Klute,Mystère
1971,Klute,Thriller
1971,Escape from the Planet of the Apes,Action
1971,Escape from the Planet of the Apes,Science-fiction
1971,Cold Turkey,Comédie
1971,Play Misty for Me,Drame
1971,Play Misty for Me,Thriller
1971,Bananas,Comédie
1971,The Million Dollar Duck,Comédie
1971,The Million Dollar Duck,Famille
1971,The Million Dollar Duck,Science-fiction
1971,The Anderson Tapes,Action
1971,The Anderson Tapes,Policier
1971,The Anderson Tapes,Thriller
1971,The Big Doll House,Action
1971,The Big Doll House,Drame
1971,The Big Doll House,Thriller
1971,The Omega Man,Action
1971,The Omega Man,Drame
1971,The Omega Man,Science-fiction
1971,McCabe & Mrs. Miller,Drame
1971,McCabe & Mrs. Miller,Western
1971,Big Jake,Western
1971,Lawman,Aventure
1971,Lawman,Western
1971,Willy Wonka & the Chocolate Factory,Famille
1971,Willy Wonka & the Chocolate Factory,Fantaisie
1971,Willy Wonka & the Chocolate Factory,Comédie musicale
1971,THX 1138,Drame
1971,THX 1138,Science-fiction
1971,THX 1138,Thriller
1971,Honey Britches,Comédie
1971,Honey Britches,Horreur
1971,Honey Britches,Thriller
1971,Octaman,Science-fiction
1971,Octaman,Horreur
1971,Doctors' Wives,Drame
1971,The Last Valley,Aventure
1971,The Last Valley,Drame
1971,The Last Valley,Guerre
1971,The Statue,Comédie
1971,Zachariah,Comédie
1971,Zachariah,Drame
1971,Zachariah,Comédie musicale
1971,Wake in Fright,Drame
1971,Wake in Fright,Thriller
1971,Pink Narcissus,Drame
1971,Pink Narcissus,Fantaisie
1971,Santa's Christmas Elf (Named Calvin),Animation
1971,Santa's Christmas Elf (Named Calvin),Aventure
1971,Santa's Christmas Elf (Named Calvin),Famille
1971,Grease,Action
1971,Sex-Export aus Amsterdam,Comédie
1971,The Young Hitchikers,Comédie
1971,Delusion of the Fury: A Ritual of Dream and Delusion,Musique
1971,"Secret Places, Secret Things",Drame
1971,Nympho Cycler,Comédie
1971,Void Where Prohibited by Law,Comédie
1972,The Godfather,Policier
1972,The Godfather,Drame
1972,The Poseidon Adventure,Action
1972,The Poseidon Adventure,Aventure
1972,The Poseidon Adventure,Drame
1972,Jeremiah Johnson,Aventure
1972,Jeremiah Johnson,Drame
1972,Jeremiah Johnson,Western
1972,Cabaret,Drame
1972,Cabaret,Comédie musicale
1972,The Getaway,Action
1972,The Getaway,Policier
1972,The Getaway,Thriller
1972,Fritz the Cat,Animation
1972,Fritz the Cat,Comédie
1972,Fritz the Cat,Drame
1972,Pete 'n' Tillie,Comédie
1972,Pete 'n' Tillie,Drame
1972,Pete 'n' Tillie,Romance
1972,The Cowboys,Aventure
1972,The Cowboys,Drame
1972,The Cowboys,Western
1972,The Heartbreak Kid,Comédie
1972,The Heartbreak Kid,Drame
1972,The Heartbreak Kid,Romance
1972,Shaft's Big Score!,Action
1972,Shaft's Big Score!,Policier
1972,Shaft's Big Score!,Drame
1972,Conquest of the Planet of the Apes,Action
1972,Conquest of the Planet of the Apes,Science-fiction
1972,1776,Drame
1972,1776,Famille
1972,1776,Histoire
1972,Avanti!,Comédie
1972,Avanti!,Romance
1972,The Last House on the Left,Horreur
1972,The Last House on the Left,Thriller
1972,Blacula,Fantaisie
1972,Blacula,Horreur
1972,Blacula,Romance
1972,Pink Flamingos,Comédie
1972,Pink Flamingos,Policier
1972,Grease 2,Action
1972,Don Quixote,Drame
1972,The Curse of a Faithful Wife,Comédie
1972,Call Me by My Rightful Name,Drame
1972,The Rapture,Thriller
1972,Boots and the Preacher,Policier
1972,Boots and the Preacher,Drame
1972,The Legend of Amaluk: An Arctic Odyssey,Aventure
1972,The Legend of Amaluk: An Arctic Odyssey,Famille
1972,Yao of the Jungle,Aventure
1972,Did Baby Shoot Her Sugardaddy?,Comédie
1972,Did Baby Shoot Her Sugardaddy?,Policier
1972,Run Before the Wind,Drame
1972,The Circle,Drame
1972,The Circle,Romance
1972,Winter Love,Drame
1972,A Clock Work Blue,Comédie
1972,A Clock Work Blue,Fantaisie
1972,Class of '74,Drame
1972,Class of '74,Romance
1972,Savage Connection,Drame
1972,Country Music,Comédie musicale
1972,The Bagel Report,Comédie
1972,Willy's Gone,Drame
1972,A Ton of Grass Goes to Pot,Action
1972,A Ton of Grass Goes to Pot,Comédie
1972,Floyd Patterson vs. Pedro Agosto,Sport
1972,The Suckers,Thriller
1972,It's... Francy's Friday,Drame
1972,Karen and the Carpenter,Romance
1972,A Day at the White House,Comédie
1972,Runaway Hormones,Comédie
1972,A Hard Ride to the Movies,Action
1972,Fongaluli,Fantaisie
1972,The Tournament,Action
1973,The Exorcist,Horreur
1973,The Sting,Comédie
1973,The Sting,Policier
1973,The Sting,Drame
1973,American Graffiti,Comédie
1973,American Graffiti,Drame
1973,Papillon,Biographie
1973,Papillon,Policier
1973,Papillon,Drame
1973,Robin Hood,Animation
1973,Robin Hood,Aventure
1973,Robin Hood,Comédie
1973,Paper Moon,Comédie
1973,Paper Moon,Drame
1973,Serpico,Biographie
1973,Serpico,Policier
1973,Serpico,Drame
1973,Enter the Dragon,Action
1973,Enter the Dragon,Policier
1973,Enter the Dragon,Drame
1973,Jesus Christ Superstar,Drame
1973,Jesus Christ Superstar,Histoire
1973,Jesus Christ Superstar,Comédie musicale
1973,The Three Musketeers,Action
1973,The Three Musketeers,Aventure
1973,Westworld,Action
1973,Westworld,Science-fiction
1973,Westworld,Thriller
1973,High Plains Drifter,Drame
1973,High Plains Drifter,Mystère
1973,High Plains Drifter,Western
1973,Class of '44,Drame
1973,Flesh for Frankenstein,Horreur
1973,Battle for the Planet of the Apes,Action
1973,Battle for the Planet of the Apes,Science-fiction
1973,Lost Horizon,Aventure
1973,Lost Horizon,Drame
1973,Lost Horizon,Fantaisie
1973,Charlotte's Web,Animation
1973,Charlotte's Web,Famille
1973,Charlotte's Web,Comédie musicale
1973,Detroit 9000,Policier
1973,Detroit 9000,Drame
1973,Detroit 9000,Action
1973,Mean Streets,Policier
1973,Mean Streets,Drame
1973,Mean Streets,Thriller
1973,The Day of the Dolphin,Drame
1973,The Day of the Dolphin,Science-fiction
1973,The Day of the Dolphin,Thriller
1973,Scream Blacula Scream,Fantaisie
1973,Scream Blacula Scream,Horreur
1973,Dillinger,Action
1973,Dillinger,Biographie
1973,Dillinger,Policier
1973,Jonathan Livingston Seagull,Drame
1973,Jonathan Livingston Seagull,Famille
1973,Massage Parlor Murders!,Policier
1973,Massage Parlor Murders!,Mystère
1973,Massage Parlor Murders!,Thriller
1973,The Long Goodbye,Comédie
1973,The Long Goodbye,Policier
1973,The Long Goodbye,Drame
1973,The Crazies,Action
1973,The Crazies,Horreur
1973,The Crazies,Science-fiction
1973,Ganja & Hess,Drame
1973,Ganja & Hess,Fantaisie
1973,Ganja & Hess,Horreur
1973,Penelope's Education,Comédie
1973,The Amusement Park,Drame
1973,The Amusement Park,Horreur
1973,The Amusement Park,Thriller
1973,The Pickle Goes in the Middle,Comédie
1973,Diary of a Stewardess,Romance
1973,A Country Mile,Comédie musicale
1973,The 1st Notch,Western
1973,Liquid Space,Sport
1973,Bizarre Devices,Comédie
1973,Ski Party,Comédie
1973,Ski Party,Romance
1973,Supersonic Supergirls,Comédie
1973,Just Be There,Drame
1973,The Shrink,Comédie
1973,Toke,Action
1973,Toke,Policier
1973,Toke,Thriller
1973,The Lardfather,Comédie
1973,The Wednesday Children,Horreur
1973,Never Look Back,Action
1973,Never Look Back,Aventure
1973,Never Look Back,Drame
1973,"Cries of Ecstasy, Blows of Death",Drame
1973,"Cries of Ecstasy, Blows of Death",Science-fiction
1973,Intermission,Drame
1974,Blazing Saddles,Comédie
1974,Blazing Saddles,Western
1974,The Towering Inferno,Action
1974,The Towering Inferno,Drame
1974,The Towering Inferno,Thriller
1974,The Trial of Billy Jack,Action
1974,The Trial of Billy Jack,Drame
1974,The Trial of Billy Jack,Musique
1974,Young Frankenstein,Comédie
1974,Earthquake,Action
1974,Earthquake,Drame
1974,Earthquake,Thriller
1974,The Godfather: Part II,Policier
1974,The Godfather: Part II,Drame
1974,Airport 1975,Action
1974,Airport 1975,Drame
1974,Airport 1975,Thriller
1974,The Life and Times of Grizzly Adams,Aventure
1974,The Life and Times of Grizzly Adams,Famille
1974,The Life and Times of Grizzly Adams,Western
1974,Gone in 60 Seconds,Action
1974,Gone in 60 Seconds,Policier
1974,Gone in 60 Seconds,Drame
1974,Benji,Aventure
1974,Benji,Famille
1974,Benji,Romance
1974,Herbie Rides Again,Comédie
1974,Herbie Rides Again,Famille
1974,Herbie Rides Again,Fantaisie
1974,The Texas Chain Saw Massacre,Horreur
1974,Chinatown,Drame
1974,Chinatown,Mystère
1974,Chinatown,Thriller
1974,Thunderbolt and Lightfoot,Comédie
1974,Thunderbolt and Lightfoot,Policier
1974,Thunderbolt and Lightfoot,Drame
1974,Death Wish,Action
1974,Death Wish,Policier
1974,Death Wish,Drame
1974,The Groove Tube,Comédie
1974,The Four Musketeers: Milady's Revenge,Aventure
1974,The Four Musketeers: Milady's Revenge,Histoire
1974,Macon County Line,Action
1974,Macon County Line,Drame
1974,Macon County Line,Romance
1974,Alice Doesn't Live Here Anymore,Drame
1974,Alice Doesn't Live Here Anymore,Romance
1974,The Front Page,Comédie
1974,The Front Page,Drame
1974,The Front Page,Romance
1974,A Woman Under the Influence,Drame
1974,A Woman Under the Influence,Romance
1974,California Split,Comédie
1974,California Split,Drame
1974,The Sugarland Express,Policier
1974,The Sugarland Express,Drame
1974,The Conversation,Drame
1974,The Conversation,Mystère
1974,The Conversation,Thriller
1974,Three the Hard Way,Action
1974,Three the Hard Way,Thriller
1974,The Man from Clover Grove,Comédie
1974,The Man from Clover Grove,Famille
1974,Lucifer's Women,Horreur
1974,The Streak Car Company,Comédie
1974,The Devil Made Me Do It,Comédie
1974,The Devil Made Me Do It,Horreur
1974,The Minutes and Hours,Drame
1974,Ride to Ecstasy,Comédie
1974,"Young, Rich and Ripe",Policier
1974,The Deadly Touch,Action
1974,The Transformation: A Sandwich of Nightmares,Horreur
1974,Slime Town Blues,Comédie
1974,Angie Baby,Drame
1974,Apache Fire,Drame
1974,The Enemy,Drame
1974,The Enemy,Fantaisie
1974,The French Love Secret,Comédie
1974,It Happened One Weekend,Drame
1974,The Great Masquerade,Comédie
1974,The Great Masquerade,Policier
1974,Arizona Slim,Comédie
1974,Arizona Slim,Comédie musicale
1974,North of the Sun,Aventure
1974,Let's Go for Broke,Action
1974,Let's Go for Broke,Comédie
1974,Tiger Cage,Action
1975,Jaws,Aventure
1975,Jaws,Drame
1975,Jaws,Thriller
1975,The Rocky Horror Picture Show,Comédie
1975,The Rocky Horror Picture Show,Comédie musicale
1975,One Flew Over the Cuckoo's Nest,Drame
1975,Dog Day Afternoon,Biographie
1975,Dog Day Afternoon,Policier
1975,Dog Day Afternoon,Drame
1975,Shampoo,Comédie
1975,Shampoo,Drame
1975,The Return of the Pink Panther,Comédie
1975,The Return of the Pink Panther,Policier
1975,The Return of the Pink Panther,Mystère
1975,Three Days of the Condor,Mystère
1975,Three Days of the Condor,Thriller
1975,Funny Lady,Biographie
1975,Funny Lady,Comédie
1975,Funny Lady,Drame
1975,The Apple Dumpling Gang,Comédie
1975,The Apple Dumpling Gang,Famille
1975,The Apple Dumpling Gang,Western
1975,Aloha Bobby and Rose,Drame
1975,The Other Side of the Mountain,Biographie
1975,The Other Side of the Mountain,Drame
1975,The Other Side of the Mountain,Romance
1975,The Adventures of the Wilderness Family,Aventure
1975,The Adventures of the Wilderness Family,Drame
1975,The Adventures of the Wilderness Family,Famille
1975,Rollerball,Action
1975,Rollerball,Science-fiction
1975,Rollerball,Sport
1975,The Hindenburg,Aventure
1975,The Hindenburg,Drame
1975,The Hindenburg,Histoire
1975,Lucky Lady,Comédie
1975,Lucky Lady,Policier
1975,Lucky Lady,Drame
1975,The Great Waldo Pepper,Aventure
1975,The Great Waldo Pepper,Drame
1975,Escape to Witch Mountain,Aventure
1975,Escape to Witch Mountain,Famille
1975,Escape to Witch Mountain,Fantaisie
1975,The Day of the Locust,Drame
1975,The Day of the Locust,Thriller
1975,W.W. and the Dixie Dancekings,Comédie
1975,Once Is Not Enough,Drame
1975,Once Is Not Enough,Romance
1975,Breakout,Action
1975,Breakout,Aventure
1975,Breakout,Drame
1975,Nashville,Comédie
1975,Nashville,Drame
1975,Nashville,Musique
1975,Race with the Devil,Action
1975,Race with the Devil,Horreur
1975,Race with the Devil,Thriller
1975,French Connection II,Action
1975,French Connection II,Policier
1975,French Connection II,Drame
1975,"Give 'em Hell, Harry!",Biographie
1975,"Give 'em Hell, Harry!",Comédie
1975,"Give 'em Hell, Harry!",Drame
1975,The Stepford Wives,Horreur
1975,The Stepford Wives,Mystère
1975,The Stepford Wives,Science-fiction
1975,Hard Times,Policier
1975,Hard Times,Drame
1975,Hard Times,Sport
1975,Rooster Cogburn,Aventure
1975,Rooster Cogburn,Drame
1975,Rooster Cogburn,Western
1975,Death Race 2000,Action
1975,Death Race 2000,Comédie
1975,Death Race 2000,Science-fiction
1975,A Boy and His Dog,Comédie
1975,A Boy and His Dog,Drame
1975,A Boy and His Dog,Science-fiction
1975,Mahogany,Drame
1975,Mahogany,Romance
1975,"Farewell, My Lovely",Policier
1975,"Farewell, My Lovely",Mystère
1975,"Farewell, My Lovely",Thriller
1975,Bug,Horreur
1975,Bug,Mystère
1975,Bug,Science-fiction
1975,At Long Last Love,Comédie
1975,At Long Last Love,Comédie musicale
1975,Framed,Action
1975,Framed,Policier
1975,Framed,Drame
1975,Sharks' Treasure,Action
1975,Sharks' Treasure,Aventure
1975,The Giant Spider Invasion,Horreur
1975,The Giant Spider Invasion,Science-fiction
1975,Maggie's Stiletto Sisters,Action
1975,Maggie's Stiletto Sisters,Policier
1975,Maggie's Stiletto Sisters,Drame
1975,Shhh,Comédie
1975,Robin Trower at Winterland 1975,Musique
1975,Urban Peasants,Biographie
1975,The Lost Ones,Drame
1975,Survival,Aventure
1975,Survival,Drame
1975,RAH!,Comédie
1975,The Intruder,Horreur
1975,The Infidel,Drame
1975,The Infidel,Romance
1975,Guitar Picks & Roach Clips,Musique
1975,A Taste of Decadence,Drame
1975,"Bad, Black & Beautiful",Action
1976,Rocky,Drame
1976,Rocky,Sport
1976,A Star Is Born,Drame
1976,A Star Is Born,Musique
1976,A Star Is Born,Romance
1976,All the President's Men,Biographie
1976,All the President's Men,Drame
1976,All the President's Men,Histoire
1976,King Kong,Aventure
1976,King Kong,Horreur
1976,The Enforcer,Action
1976,The Enforcer,Policier
1976,The Enforcer,Thriller
1976,The Bad News Bears,Comédie
1976,The Bad News Bears,Drame
1976,The Bad News Bears,Famille
1976,Silent Movie,Comédie
1976,The Pink Panther Strikes Again,Comédie
1976,The Pink Panther Strikes Again,Policier
1976,Carrie,Horreur
1976,The Outlaw Josey Wales,Western
1976,Taxi Driver,Policier
1976,Taxi Driver,Drame
1976,Freaky Friday,Comédie
1976,Freaky Friday,Famille
1976,Freaky Friday,Fantaisie
1976,Logan's Run,Action
1976,Logan's Run,Science-fiction
1976,Marathon Man,Policier
1976,Marathon Man,Thriller
1976,"Mother, Jugs & Speed",Comédie
1976,"Mother, Jugs & Speed",Drame
1976,Across the Great Divide,Famille
1976,Across the Great Divide,Western
1976,The Pom Pom Girls,Comédie
1976,The Pom Pom Girls,Romance
1976,The Missouri Breaks,Drame
1976,The Missouri Breaks,Western
1976,Gator,Action
1976,Gator,Drame
1976,Gator,Policier
1976,Robin and Marian,Aventure
1976,Robin and Marian,Drame
1976,Robin and Marian,Romance
1976,Lipstick,Policier
1976,Lipstick,Drame
1976,Lipstick,Thriller
1976,The Omen,Horreur
1976,Sparkle,Drame
1976,Sparkle,Musique
1976,The Big Bus,Action
1976,The Big Bus,Comédie
1976,Cannonball!,Action
1976,Cannonball!,Comédie
1976,Cannonball!,Policier
1976,The Tenant,Drame
1976,The Tenant,Thriller
1976,The Last Tycoon,Drame
1976,The Last Tycoon,Romance
1976,Obsession,Drame
1976,Obsession,Mystère
1976,Obsession,Thriller
1976,The Blue Bird,Aventure
1976,The Blue Bird,Drame
1976,The Blue Bird,Famille
1976,"Please, Don't Bury Me Alive!",Policier
1976,"Please, Don't Bury Me Alive!",Drame
1976,Flabbergast,Comédie
1976,Brown Shoes Don't Make It,Comédie
1976,Sex-Export aus Amsterdam 2. Teil,Comédie
1976,Henry Phipps Goes Skiing,Comédie
1976,Bike Fever,Famille
1976,Volunteer Jam,Musique
1976,Things to Come,Science-fiction
1976,Cliffs of the Wailing River,Histoire
1976,Out There,Famille
1976,The Animal,Drame
1976,Pinocchio and His Magic Show,Famille
1976,Pinocchio and His Magic Show,Fantaisie
1976,The Astrologer,Science-fiction
1976,The Thursday Morning Murders,Action
1976,The Apparition,Drame
1976,Getting Ready,Fantaisie
1976,Held for Ransom,Policier
1976,Held for Ransom,Drame
1976,Held for Ransom,Thriller
1976,Ain't That Just Like a Honkey!,Comédie
1976,69 Minutes,Comédie
1976,Musical Holdouts,Musique
1977,Star Wars: Episode IV - A New Hope,Action
1977,Star Wars: Episode IV - A New Hope,Aventure
1977,Star Wars: Episode IV - A New Hope,Fantaisie
1977,Close Encounters of the Third Kind,Drame
1977,Close Encounters of the Third Kind,Science-fiction
1977,Smokey and the Bandit,Action
1977,Smokey and the Bandit,Comédie
1977,The Goodbye Girl,Comédie
1977,The Goodbye Girl,Drame
1977,The Goodbye Girl,Romance
1977,Saturday Night Fever,Drame
1977,Saturday Night Fever,Musique
1977,The Rescuers,Animation
1977,The Rescuers,Aventure
1977,The Rescuers,Comédie
1977,A Bridge Too Far,Drame
1977,A Bridge Too Far,Histoire
1977,A Bridge Too Far,Guerre
1977,"Oh, God!",Comédie
1977,"Oh, God!",Fantaisie
1977,Pete's Dragon,Animation
1977,Pete's Dragon,Aventure
1977,Pete's Dragon,Comédie
1977,Annie Hall,Comédie
1977,Annie Hall,Romance
1977,Semi-Tough,Comédie
1977,Semi-Tough,Romance
1977,Semi-Tough,Sport
1977,The Gauntlet,Action
1977,The Gauntlet,Policier
1977,The Gauntlet,Thriller
1977,The Turning Point,Drame
1977,The Turning Point,Romance
1977,Heroes,Comédie
1977,Heroes,Drame
1977,High Anxiety,Comédie
1977,High Anxiety,Mystère
1977,High Anxiety,Thriller
1977,Exorcist II: The Heretic,Horreur
1977,Airport '77,Action
1977,Airport '77,Drame
1977,Airport '77,Thriller
1977,Slap Shot,Comédie
1977,Slap Shot,Drame
1977,Slap Shot,Sport
1977,The Hills Have Eyes,Horreur
1977,The Hills Have Eyes,Thriller
1977,The Other Side of Midnight,Drame
1977,The Other Side of Midnight,Romance
1977,The Other Side of Midnight,Thriller
1977,For the Love of Benji,Aventure
1977,For the Love of Benji,Comédie
1977,For the Love of Benji,Drame
1977,The World's Greatest Lover,Comédie
1977,The Bad News Bears in Breaking Training,Comédie
1977,The Bad News Bears in Breaking Training,Famille
1977,The Bad News Bears in Breaking Training,Sport
1977,Which Way Is Up?,Comédie
1977,Kingdom of the Spiders,Horreur
1977,Kingdom of the Spiders,Science-fiction
1977,Looking for Mr. Goodbar,Drame
1977,Sinbad and the Eye of the Tiger,Action
1977,Sinbad and the Eye of the Tiger,Aventure
1977,Sinbad and the Eye of the Tiger,Famille
1977,"New York, New York",Drame
1977,"New York, New York",Musique
1977,"New York, New York",Comédie musicale
1977,Black Sunday,Aventure
1977,Black Sunday,Policier
1977,Black Sunday,Drame
1977,Sorcerer,Aventure
1977,Sorcerer,Drame
1977,Sorcerer,Thriller
1977,Bobby Deerfield,Drame
1977,Bobby Deerfield,Romance
1977,Wizards,Animation
1977,Wizards,Aventure
1977,Wizards,Fantaisie
1977,Damnation Alley,Science-fiction
1977,Islands in the Stream,Drame
1977,The Island of Dr. Moreau,Aventure
1977,The Island of Dr. Moreau,Fantaisie
1977,The Island of Dr. Moreau,Horreur
1977,Eraserhead,Horreur
1977,The Deep,Aventure
1977,The Deep,Mystère
1977,The Deep,Thriller
1977,Thunder and Lightning,Action
1977,Thunder and Lightning,Aventure
1977,Thunder and Lightning,Comédie
1977,"Race for Your Life, Charlie Brown",Animation
1977,"Race for Your Life, Charlie Brown",Aventure
1977,"Race for Your Life, Charlie Brown",Comédie
1977,Citizens Band,Comédie
1977,Citizens Band,Drame
1977,Martin,Drame
1977,Martin,Horreur
1977,Who Cares?,Comédie
1977,The Great Balloon Race,Aventure
1977,Ride the Wind,Famille
1977,The Intercessors,Drame
1977,Out to Lunch,Comédie
1978,Grease,Comédie musicale
1978,Grease,Romance
1978,Superman,Action
1978,Superman,Aventure
1978,Superman,Drame
1978,Every Which Way but Loose,Action
1978,Every Which Way but Loose,Comédie
1978,Jaws 2,Aventure
1978,Jaws 2,Drame
1978,Jaws 2,Horreur
1978,Heaven Can Wait,Comédie
1978,Heaven Can Wait,Fantaisie
1978,Heaven Can Wait,Romance
1978,Hooper,Action
1978,Hooper,Comédie
1978,The Deer Hunter,Drame
1978,The Deer Hunter,Guerre
1978,Halloween,Horreur
1978,Halloween,Thriller
1978,Convoy,Action
1978,Convoy,Drame
1978,Foul Play,Comédie
1978,Foul Play,Mystère
1978,Foul Play,Thriller
1978,Up in Smoke,Comédie
1978,Up in Smoke,Musique
1978,Midnight Express,Biographie
1978,Midnight Express,Policier
1978,Midnight Express,Drame
1978,Coming Home,Drame
1978,Coming Home,Romance
1978,Coming Home,Guerre
1978,House Calls,Comédie
1978,House Calls,Drame
1978,House Calls,Romance
1978,Magic,Drame
1978,Magic,Horreur
1978,Invasion of the Body Snatchers,Horreur
1978,Invasion of the Body Snatchers,Science-fiction
1978,An Unmarried Woman,Comédie
1978,An Unmarried Woman,Drame
1978,An Unmarried Woman,Romance
1978,The Wiz,Aventure
1978,The Wiz,Famille
1978,The Wiz,Fantaisie
1978,Ice Castles,Drame
1978,Ice Castles,Romance
1978,Ice Castles,Sport
1978,F.I.S.T.,Policier
1978,F.I.S.T.,Drame
1978,F.I.S.T.,Thriller
1978,Sgt. Pepper's Lonely Hearts Club Band,Aventure
1978,Sgt. Pepper's Lonely Hearts Club Band,Comédie
1978,Sgt. Pepper's Lonely Hearts Club Band,Fantaisie
1978,Eyes of Laura Mars,Mystère
1978,Eyes of Laura Mars,Thriller
1978,"Same Time, Next Year",Comédie
1978,"Same Time, Next Year",Drame
1978,"Same Time, Next Year",Romance
1978,The Boys from Brazil,Drame
1978,The Boys from Brazil,Thriller
1978,Good Guys Wear Black,Action
1978,The Betsy,Drame
1978,The One and Only,Comédie
1978,The One and Only,Romance
1978,Corvette Summer,Aventure
1978,Corvette Summer,Comédie
1978,The Buddy Holly Story,Biographie
1978,The Buddy Holly Story,Drame
1978,The Buddy Holly Story,Musique
1978,The Bad News Bears Go to Japan,Comédie
1978,The Bad News Bears Go to Japan,Famille
1978,The Bad News Bears Go to Japan,Sport
1978,The Other Side of the Mountain: Part II,Biographie
1978,The Other Side of the Mountain: Part II,Drame
1978,The Other Side of the Mountain: Part II,Romance
1978,Moment by Moment,Drame
1978,Moment by Moment,Romance
1978,The Swarm,Horreur
1978,The Swarm,Thriller
1978,Game of Death,Action
1978,Game of Death,Policier
1978,Game of Death,Drame
1978,Straight Time,Policier
1978,Straight Time,Drame
1978,The Brink's Job,Comédie
1978,The Brink's Job,Policier
1978,The Brink's Job,Drame
1978,King of the Gypsies,Drame
1978,Thank God It's Friday,Comédie
1978,Thank God It's Friday,Musique
1978,Somebody Killed Her Husband,Comédie
1978,Somebody Killed Her Husband,Policier
1978,Somebody Killed Her Husband,Mystère
1978,Piranha,Comédie
1978,Piranha,Horreur
1978,Piranha,Science-fiction
1978,Pretty Baby,Drame
1978,Dawn of the Dead,Horreur
1978,Dawn of the Dead,Thriller
1978,Brass Target,Action
1978,Brass Target,Drame
1978,Brass Target,Mystère
1978,The Driver,Action
1978,The Driver,Policier
1978,The Driver,Thriller
1978,Damien: Omen II,Horreur
1978,Slow Dancing in the Big City,Drame
1978,Slow Dancing in the Big City,Comédie musicale
1978,Slow Dancing in the Big City,Romance
1978,Caravans,Action
1978,Caravans,Aventure
1978,Caravans,Histoire
1978,The Lord of the Rings,Animation
1978,The Lord of the Rings,Aventure
1978,The Lord of the Rings,Fantaisie
1978,Killer of Sheep,Drame
1978,National Lampoon's Animal House,Comédie
1979,Kramer vs. Kramer,Drame
1979,The Amityville Horror,Horreur
1979,Apocalypse Now,Drame
1979,Apocalypse Now,Mystère
1979,Apocalypse Now,Guerre
1979,Star Trek: The Motion Picture,Aventure
1979,Star Trek: The Motion Picture,Mystère
1979,Star Trek: The Motion Picture,Science-fiction
1979,Alien,Horreur
1979,Alien,Science-fiction
1979,The Muppet Movie,Aventure
1979,The Muppet Movie,Comédie
1979,The Muppet Movie,Famille
1979,10,Comédie
1979,10,Romance
1979,The Jerk,Comédie
1979,The Electric Horseman,Comédie
1979,The Electric Horseman,Drame
1979,The Electric Horseman,Romance
1979,The China Syndrome,Drame
1979,The China Syndrome,Thriller
1979,Manhattan,Comédie
1979,Manhattan,Drame
1979,Manhattan,Romance
1979,Love at First Bite,Comédie
1979,Escape from Alcatraz,Biographie
1979,Escape from Alcatraz,Policier
1979,Escape from Alcatraz,Drame
1979,The Main Event,Comédie
1979,The Main Event,Romance
1979,The Main Event,Sport
1979,Starting Over,Comédie
1979,Starting Over,Romance
1979,The In-Laws,Action
1979,The In-Laws,Aventure
1979,The In-Laws,Comédie
1979,All That Jazz,Drame
1979,All That Jazz,Musique
1979,All That Jazz,Comédie musicale
1979,1941,Action
1979,1941,Comédie
1979,1941,Guerre
1979,The Champ,Drame
1979,The Champ,Sport
1979,Being There,Comédie
1979,Being There,Drame
1979,The Rose,Drame
1979,The Rose,Musique
1979,The Rose,Romance
1979,Going in Style,Comédie
1979,Going in Style,Policier
1979,Going in Style,Drame
1979,North Dallas Forty,Comédie
1979,North Dallas Forty,Drame
1979,North Dallas Forty,Sport
1979,The Warriors,Action
1979,The Warriors,Policier
1979,The Warriors,Thriller
1979,Norma Rae,Drame
1979,Buck Rogers in the 25th Century,Action
1979,Buck Rogers in the 25th Century,Aventure
1979,Buck Rogers in the 25th Century,Science-fiction
1979,When a Stranger Calls,Horreur
1979,When a Stranger Calls,Mystère
1979,When a Stranger Calls,Thriller
1979,The Apple Dumpling Gang Rides Again,Comédie
1979,The Apple Dumpling Gang Rides Again,Famille
1979,The Apple Dumpling Gang Rides Again,Western
1979,A Force of One,Action
1979,A Force of One,Policier
1979,A Force of One,Drame
1979,Prophecy,Horreur
1979,Prophecy,Science-fiction
1979,Prophecy,Thriller
1979,Breaking Away,Comédie
1979,Breaking Away,Drame
1979,Breaking Away,Romance
1979,Hair,Comédie
1979,Hair,Drame
1979,Hair,Comédie musicale
1979,More American Graffiti,Comédie
1979,More American Graffiti,Drame
1979,More American Graffiti,Guerre
1979,Roller Boogie,Drame
1979,Roller Boogie,Musique
1979,The Concorde... Airport '79,Action
1979,The Concorde... Airport '79,Drame
1979,The Concorde... Airport '79,Thriller
1979,Phantasm,Horreur
1979,Phantasm,Science-fiction
1979,The Onion Field,Policier
1979,The Onion Field,Drame
1979,The Frisco Kid,Comédie
1979,The Frisco Kid,Drame
1979,The Frisco Kid,Western
1979,Rocky II,Drame
1979,Rocky II,Sport
1979,Americathon,Comédie
1979,Butch and Sundance: The Early Days,Comédie
1979,Butch and Sundance: The Early Days,Western
1979,The Prisoner of Zenda,Aventure
1979,The Prisoner of Zenda,Comédie
1979,Wanda Nevada,Comédie
1979,Wanda Nevada,Mystère
1979,Wanda Nevada,Romance
1979,Return of the Secaucus Seven,Drame
1979,Last Embrace,Mystère
1979,Last Embrace,Romance
1979,Last Embrace,Thriller
1979,Winter Kills,Comédie
1979,Winter Kills,Drame
1979,Winter Kills,Mystère
1979,Beyond the Reef,Aventure
1979,Beyond the Reef,Romance
1979,Cuba,Aventure
1979,Cuba,Romance
1979,Cuba,Thriller
1979,Rich Kids,Comédie
1979,Rich Kids,Drame
1979,Voices,Drame
1979,Voices,Musique
1979,Voices,Romance
1980,Star Wars: Episode V - The Empire Strikes Back,Action
1980,Star Wars: Episode V - The Empire Strikes Back,Aventure
1980,Star Wars: Episode V - The Empire Strikes Back,Fantaisie
1980,Superman II,Action
1980,Superman II,Aventure
1980,Superman II,Science-fiction
1980,Nine to Five,Comédie
1980,Stir Crazy,Comédie
1980,Stir Crazy,Policier
1980,Airplane!,Comédie
1980,Any Which Way You Can,Action
1980,Any Which Way You Can,Comédie
1980,Private Benjamin,Comédie
1980,Private Benjamin,Guerre
1980,Coal Miner's Daughter,Biographie
1980,Coal Miner's Daughter,Drame
1980,Coal Miner's Daughter,Musique
1980,Smokey and the Bandit II,Action
1980,Smokey and the Bandit II,Comédie
1980,The Blue Lagoon,Aventure
1980,The Blue Lagoon,Drame
1980,The Blue Lagoon,Romance
1980,The Blues Brothers,Aventure
1980,The Blues Brothers,Comédie
1980,The Blues Brothers,Policier
1980,Ordinary People,Drame
1980,Urban Cowboy,Drame
1980,Urban Cowboy,Romance
1980,Urban Cowboy,Western
1980,Popeye,Aventure
1980,Popeye,Comédie
1980,Popeye,Famille
1980,The Shining,Drame
1980,The Shining,Horreur
1980,Seems Like Old Times,Comédie
1980,Seems Like Old Times,Romance
1980,Cheech and Chong's Next Movie,Comédie
1980,Cheech and Chong's Next Movie,Policier
1980,Cheech and Chong's Next Movie,Science-fiction
1980,Caddyshack,Comédie
1980,Caddyshack,Sport
1980,Friday the 13th,Horreur
1980,Friday the 13th,Mystère
1980,Friday the 13th,Thriller
1980,Brubaker,Policier
1980,Brubaker,Drame
1980,Little Darlings,Comédie
1980,Little Darlings,Drame
1980,Dressed to Kill,Mystère
1980,Dressed to Kill,Thriller
1980,The Jazz Singer,Drame
1980,The Jazz Singer,Musique
1980,The Jazz Singer,Romance
1980,Bronco Billy,Action
1980,Bronco Billy,Aventure
1980,Bronco Billy,Comédie
1980,Raging Bull,Biographie
1980,Raging Bull,Drame
1980,Raging Bull,Sport
1980,The Long Riders,Biographie
1980,The Long Riders,Policier
1980,The Long Riders,Western
1980,American Gigolo,Policier
1980,American Gigolo,Drame
1980,American Gigolo,Mystère
1980,Xanadu,Fantaisie
1980,Xanadu,Comédie musicale
1980,Xanadu,Romance
1980,My Bodyguard,Comédie
1980,My Bodyguard,Drame
1980,My Bodyguard,Famille
1980,The Fog,Horreur
1980,The Fog,Thriller
1980,Altered States,Horreur
1980,Altered States,Science-fiction
1980,Altered States,Thriller
1980,Cruising,Policier
1980,Cruising,Drame
1980,Cruising,Mystère
1980,The Octagon,Action
1980,The Octagon,Drame
1980,The Octagon,Romance
1980,Windwalker,Aventure
1980,Windwalker,Drame
1980,Windwalker,Western
1980,The Private Eyes,Comédie
1980,The Private Eyes,Mystère
1980,Herbie Goes Bananas,Aventure
1980,Herbie Goes Bananas,Comédie
1980,Herbie Goes Bananas,Famille
1980,Honeysuckle Rose,Drame
1980,Honeysuckle Rose,Musique
1980,Honeysuckle Rose,Romance
1980,The Final Countdown,Action
1980,The Final Countdown,Science-fiction
1980,Hero at Large,Comédie
1980,Hero at Large,Romance
1980,The Island,Action
1980,The Island,Aventure
1980,The Island,Drame
1980,First Family,Comédie
1980,Raise the Titanic,Action
1980,Raise the Titanic,Drame
1980,Raise the Titanic,Thriller
1980,The Nude Bomb,Comédie
1980,The Nude Bomb,Policier
1980,The Nude Bomb,Mystère
1980,"Oh, God! Book II",Comédie
1980,"Oh, God! Book II",Fantaisie
1980,The Competition,Drame
1980,The Competition,Romance
1980,The Competition,Musique
1980,Wholly Moses!,Comédie
1980,Wholly Moses!,Fantaisie
1980,The Last Flight of Noah's Ark,Aventure
1980,The Last Flight of Noah's Ark,Famille
1980,It's My Turn,Comédie
1980,It's My Turn,Drame
1980,The Fiendish Plot of Dr. Fu Manchu,Comédie
1980,The Fiendish Plot of Dr. Fu Manchu,Policier
1980,The Fiendish Plot of Dr. Fu Manchu,Fantaisie
1980,Stardust Memories,Comédie
1980,Stardust Memories,Drame
1981,Raiders of the Lost Ark,Action
1981,Raiders of the Lost Ark,Aventure
1981,On Golden Pond,Drame
1981,Porky's,Comédie
1981,Arthur,Comédie
1981,Arthur,Romance
1981,Stripes,Comédie
1981,Stripes,Guerre
1981,The Cannonball Run,Action
1981,The Cannonball Run,Comédie
1981,The Cannonball Run,Sport
1981,The Fox and the Hound,Animation
1981,The Fox and the Hound,Aventure
1981,The Fox and the Hound,Drame
1981,The Four Seasons,Comédie
1981,The Four Seasons,Drame
1981,Clash of the Titans,Action
1981,Clash of the Titans,Aventure
1981,Clash of the Titans,Famille
1981,Absence of Malice,Drame
1981,Absence of Malice,Romance
1981,Absence of Malice,Thriller
1981,Reds,Biographie
1981,Reds,Drame
1981,Reds,Histoire
1981,Tarzan the Ape Man,Aventure
1981,Tarzan the Ape Man,Drame
1981,Taps,Drame
1981,Sharky's Machine,Action
1981,Sharky's Machine,Policier
1981,Sharky's Machine,Drame
1981,Excalibur,Aventure
1981,Excalibur,Drame
1981,Excalibur,Fantaisie
1981,Nice Dreams,Comédie
1981,Nice Dreams,Policier
1981,History of the World: Part I,Comédie
1981,History of the World: Part I,Histoire
1981,Bustin' Loose,Comédie
1981,Bustin' Loose,Drame
1981,The Great Muppet Caper,Aventure
1981,The Great Muppet Caper,Comédie
1981,The Great Muppet Caper,Policier
1981,Endless Love,Drame
1981,Endless Love,Romance
1981,An American Werewolf in London,Comédie
1981,An American Werewolf in London,Horreur
1981,Neighbors,Comédie
1981,Fort Apache the Bronx,Policier
1981,Fort Apache the Bronx,Drame
1981,Private Lessons,Comédie
1981,Modern Problems,Comédie
1981,Modern Problems,Fantaisie
1981,Modern Problems,Science-fiction
1981,Only When I Laugh,Comédie
1981,Only When I Laugh,Drame
1981,Halloween II,Horreur
1981,Escape from New York,Action
1981,Escape from New York,Aventure
1981,Escape from New York,Science-fiction
1981,Body Heat,Policier
1981,Body Heat,Drame
1981,Body Heat,Romance
1981,Graduation Day,Horreur
1981,Graduation Day,Mystère
1981,Graduation Day,Thriller
1981,Ghost Story,Drame
1981,Ghost Story,Horreur
1981,Ghost Story,Thriller
1981,Friday the 13th Part 2,Horreur
1981,Friday the 13th Part 2,Mystère
1981,Friday the 13th Part 2,Thriller
1981,Ragtime,Drame
1981,The Final Conflict,Horreur
1981,The Incredible Shrinking Woman,Comédie
1981,The Incredible Shrinking Woman,Science-fiction
1981,Mommie Dearest,Biographie
1981,Mommie Dearest,Drame
1981,Paternity,Comédie
1981,Paternity,Romance
1981,Under the Rainbow,Comédie
1981,The Howling,Horreur
1981,Take This Job and Shove It,Comédie
1981,The Devil and Max Devlin,Comédie
1981,The Devil and Max Devlin,Famille
1981,The Devil and Max Devlin,Fantaisie
1981,Caveman,Comédie
1981,Caveman,Romance
1981,Continental Divide,Comédie
1981,Continental Divide,Romance
1981,The Night the Lights Went Out in Georgia,Drame
1981,The Night the Lights Went Out in Georgia,Musique
1981,Nighthawks,Action
1981,Nighthawks,Policier
1981,Nighthawks,Thriller
1981,S.O.B.,Comédie
1981,S.O.B.,Drame
1981,Rich and Famous,Drame
1981,Dragonslayer,Action
1981,Dragonslayer,Aventure
1981,Dragonslayer,Fantaisie
1981,Blow Out,Mystère
1981,Blow Out,Thriller
1981,The Legend of the Lone Ranger,Action
1981,The Legend of the Lone Ranger,Aventure
1981,The Legend of the Lone Ranger,Western
1982,E.T. the Extra-Terrestrial,Famille
1982,E.T. the Extra-Terrestrial,Science-fiction
1982,Tootsie,Comédie
1982,Tootsie,Drame
1982,Tootsie,Romance
1982,An Officer and a Gentleman,Drame
1982,An Officer and a Gentleman,Romance
1982,Rocky III,Drame
1982,Rocky III,Sport
1982,Star Trek II: The Wrath of Khan,Action
1982,Star Trek II: The Wrath of Khan,Aventure
1982,Star Trek II: The Wrath of Khan,Science-fiction
1982,48 Hrs.,Action
1982,48 Hrs.,Comédie
1982,48 Hrs.,Policier
1982,Poltergeist,Horreur
1982,Poltergeist,Thriller
1982,The Best Little Whorehouse in Texas,Comédie
1982,The Best Little Whorehouse in Texas,Comédie musicale
1982,Annie,Comédie
1982,Annie,Drame
1982,Annie,Famille
1982,The Verdict,Drame
1982,First Blood,Action
1982,First Blood,Aventure
1982,The Toy,Comédie
1982,Firefox,Action
1982,Firefox,Aventure
1982,Firefox,Thriller
1982,The Dark Crystal,Aventure
1982,The Dark Crystal,Famille
1982,The Dark Crystal,Fantaisie
1982,Conan the Barbarian,Action
1982,Conan the Barbarian,Aventure
1982,Conan the Barbarian,Fantaisie
1982,The Sword and the Sorcerer,Action
1982,The Sword and the Sorcerer,Aventure
1982,The Sword and the Sorcerer,Fantaisie
1982,Best Friends,Comédie
1982,Best Friends,Drame
1982,Best Friends,Romance
1982,Friday the 13th Part III,Horreur
1982,Friday the 13th Part III,Thriller
1982,TRON,Action
1982,TRON,Aventure
1982,TRON,Science-fiction
1982,Blade Runner,Action
1982,Blade Runner,Science-fiction
1982,Blade Runner,Thriller
1982,Young Doctors in Love,Comédie
1982,Sophie's Choice,Drame
1982,Sophie's Choice,Romance
1982,The World According to Garp,Comédie
1982,The World According to Garp,Drame
1982,Airplane II: The Sequel,Comédie
1982,Airplane II: The Sequel,Science-fiction
1982,Fast Times at Ridgemont High,Comédie
1982,Fast Times at Ridgemont High,Drame
1982,Some Kind of Hero,Comédie
1982,Some Kind of Hero,Policier
1982,Some Kind of Hero,Drame
1982,Night Shift,Comédie
1982,Victor Victoria,Comédie
1982,Victor Victoria,Musique
1982,Victor Victoria,Comédie musicale
1982,Things Are Tough All Over,Action
1982,Things Are Tough All Over,Comédie
1982,Creepshow,Comédie
1982,Creepshow,Fantaisie
1982,Creepshow,Horreur
1982,Six Pack,Comédie
1982,Six Pack,Drame
1982,Six Pack,Sport
1982,My Favorite Year,Comédie
1982,My Favorite Year,Drame
1982,Deathtrap,Comédie
1982,Deathtrap,Policier
1982,Deathtrap,Mystère
1982,Dead Men Don't Wear Plaid,Comédie
1982,Dead Men Don't Wear Plaid,Policier
1982,Dead Men Don't Wear Plaid,Mystère
1982,Zapped!,Comédie
1982,Zapped!,Fantaisie
1982,Zapped!,Science-fiction
1982,They Call Me Bruce,Action
1982,They Call Me Bruce,Comédie
1982,Death Wish II,Action
1982,Death Wish II,Policier
1982,Death Wish II,Drame
1982,Kiss Me Goodbye,Comédie
1982,Kiss Me Goodbye,Fantaisie
1982,Kiss Me Goodbye,Romance
1982,Grease 2,Comédie
1982,Grease 2,Drame
1982,Grease 2,Comédie musicale
1982,Halloween III: Season of the Witch,Horreur
1982,Halloween III: Season of the Witch,Mystère
1982,Halloween III: Season of the Witch,Science-fiction
1982,Diner,Comédie
1982,Diner,Drame
1982,The Beastmaster,Action
1982,The Beastmaster,Aventure
1982,The Beastmaster,Fantaisie
1982,Missing,Biographie
1982,Missing,Drame
1982,Missing,Histoire
1982,The Thing,Horreur
1982,The Thing,Mystère
1982,The Thing,Science-fiction
1982,The Entity,Drame
1982,The Entity,Horreur
1982,Vice Squad,Action
1982,Vice Squad,Policier
1982,Vice Squad,Drame
1982,Author! Author!,Comédie
1982,Author! Author!,Drame
1982,Author! Author!,Famille
1982,Amityville II: The Possession,Horreur
1982,Monsignor,Policier
1982,Monsignor,Drame
1982,Monsignor,Guerre
1982,Making Love,Drame
1983,Star Wars: Episode VI - Return of the Jedi,Action
1983,Star Wars: Episode VI - Return of the Jedi,Aventure
1983,Star Wars: Episode VI - Return of the Jedi,Fantaisie
1983,Terms of Endearment,Comédie
1983,Terms of Endearment,Drame
1983,Flashdance,Drame
1983,Flashdance,Musique
1983,Flashdance,Romance
1983,Trading Places,Comédie
1983,WarGames,Science-fiction
1983,WarGames,Thriller
1983,Sudden Impact,Action
1983,Sudden Impact,Policier
1983,Sudden Impact,Thriller
1983,Staying Alive,Drame
1983,Staying Alive,Musique
1983,Staying Alive,Romance
1983,Mr. Mom,Comédie
1983,Mr. Mom,Drame
1983,Risky Business,Comédie
1983,Risky Business,Policier
1983,Risky Business,Drame
1983,Vacation,Aventure
1983,Vacation,Comédie
1983,Superman III,Action
1983,Superman III,Aventure
1983,Superman III,Comédie
1983,The Big Chill,Comédie
1983,The Big Chill,Drame
1983,Never Say Never Again,Action
1983,Never Say Never Again,Aventure
1983,Never Say Never Again,Thriller
1983,Scarface,Policier
1983,Scarface,Drame
1983,Jaws 3-D,Aventure
1983,Jaws 3-D,Horreur
1983,Jaws 3-D,Thriller
1983,Blue Thunder,Action
1983,Blue Thunder,Policier
1983,Blue Thunder,Drame
1983,Yentl,Drame
1983,Yentl,Comédie musicale
1983,Yentl,Romance
1983,Silkwood,Biographie
1983,Silkwood,Drame
1983,Silkwood,Histoire
1983,Psycho II,Policier
1983,Psycho II,Horreur
1983,Psycho II,Mystère
1983,Porky's II: The Next Day,Comédie
1983,Uncommon Valor,Action
1983,Uncommon Valor,Drame
1983,Uncommon Valor,Thriller
1983,Never Cry Wolf,Aventure
1983,Never Cry Wolf,Drame
1983,Twilight Zone: The Movie,Horreur
1983,Twilight Zone: The Movie,Science-fiction
1983,Easy Money,Comédie
1983,High Road to China,Aventure
1983,High Road to China,Drame
1983,High Road to China,Romance
1983,The Outsiders,Policier
1983,The Outsiders,Drame
1983,Spring Break,Comédie
1983,Spring Break,Romance
1983,Two of a Kind,Comédie
1983,Two of a Kind,Fantaisie
1983,Two of a Kind,Romance
1983,My Tutor,Comédie
1983,The Right Stuff,Aventure
1983,The Right Stuff,Biographie
1983,The Right Stuff,Drame
1983,Cujo,Horreur
1983,Cujo,Thriller
1983,Christine,Horreur
1983,Christine,Thriller
1983,A Christmas Story,Comédie
1983,A Christmas Story,Famille
1983,Breathless,Action
1983,Breathless,Drame
1983,Breathless,Romance
1983,Max Dugan Returns,Comédie
1983,Max Dugan Returns,Drame
1983,All the Right Moves,Drame
1983,All the Right Moves,Romance
1983,All the Right Moves,Sport
1983,Valley Girl,Comédie
1983,Valley Girl,Romance
1983,Spacehunter: Adventures in the Forbidden Zone,Action
1983,Spacehunter: Adventures in the Forbidden Zone,Aventure
1983,Spacehunter: Adventures in the Forbidden Zone,Science-fiction
1983,D.C. Cab,Action
1983,D.C. Cab,Comédie
1983,Gorky Park,Policier
1983,Gorky Park,Drame
1983,Gorky Park,Mystère
1983,Still Smokin,Comédie
1983,Still Smokin,Musique
1983,Private School,Comédie
1983,Private School,Romance
1983,The Survivors,Comédie
1983,The Survivors,Policier
1983,The Survivors,Drame
1983,To Be or Not to Be,Action
1983,To Be or Not to Be,Comédie
1983,Stroker Ace,Action
1983,Stroker Ace,Comédie
1983,Stroker Ace,Romance
1983,Lone Wolf McQuade,Action
1983,Lone Wolf McQuade,Policier
1983,Lone Wolf McQuade,Drame
1983,Deathstalker,Aventure
1983,Deathstalker,Fantaisie
1983,Zelig,Comédie
1983,The Lords of Discipline,Thriller
1983,Sleepaway Camp,Horreur
1984,Ghostbusters,Action
1984,Ghostbusters,Comédie
1984,Ghostbusters,Fantaisie
1984,Beverly Hills Cop,Action
1984,Beverly Hills Cop,Comédie
1984,Beverly Hills Cop,Policier
1984,Indiana Jones and the Temple of Doom,Action
1984,Indiana Jones and the Temple of Doom,Aventure
1984,Gremlins,Comédie
1984,Gremlins,Fantaisie
1984,Gremlins,Horreur
1984,The Karate Kid,Action
1984,The Karate Kid,Drame
1984,The Karate Kid,Famille
1984,Police Academy,Comédie
1984,Footloose,Drame
1984,Footloose,Musique
1984,Footloose,Romance
1984,Romancing the Stone,Action
1984,Romancing the Stone,Aventure
1984,Romancing the Stone,Comédie
1984,Star Trek III: The Search for Spock,Action
1984,Star Trek III: The Search for Spock,Aventure
1984,Star Trek III: The Search for Spock,Science-fiction
1984,Purple Rain,Drame
1984,Purple Rain,Musique
1984,Purple Rain,Comédie musicale
1984,Splash,Comédie
1984,Splash,Fantaisie
1984,Splash,Romance
1984,Amadeus,Biographie
1984,Amadeus,Drame
1984,Amadeus,Histoire
1984,Tightrope,Policier
1984,Tightrope,Mystère
1984,Tightrope,Thriller
1984,The Natural,Drame
1984,The Natural,Sport
1984,"Greystoke: The Legend of Tarzan, Lord of the Apes",Aventure
1984,"Greystoke: The Legend of Tarzan, Lord of the Apes",Drame
1984,Revenge of the Nerds,Comédie
1984,2010,Aventure
1984,2010,Mystère
1984,2010,Science-fiction
1984,Breakin',Comédie
1984,Breakin',Drame
1984,Breakin',Musique
1984,Bachelor Party,Comédie
1984,The Terminator,Action
1984,The Terminator,Science-fiction
1984,Red Dawn,Action
1984,Red Dawn,Drame
1984,City Heat,Action
1984,City Heat,Comédie
1984,City Heat,Policier
1984,All of Me,Comédie
1984,All of Me,Fantaisie
1984,All of Me,Romance
1984,Ghoulies,Comédie
1984,Ghoulies,Fantaisie
1984,Ghoulies,Horreur
1984,Places in the Heart,Drame
1984,Friday the 13th: The Final Chapter,Horreur
1984,Friday the 13th: The Final Chapter,Thriller
1984,Conan the Destroyer,Action
1984,Conan the Destroyer,Aventure
1984,Conan the Destroyer,Fantaisie
1984,Dune,Action
1984,Dune,Aventure
1984,Dune,Science-fiction
1984,The Last Starfighter,Action
1984,The Last Starfighter,Aventure
1984,The Last Starfighter,Science-fiction
1984,Starman,Romance
1984,Starman,Science-fiction
1984,Cannonball Run II,Action
1984,Cannonball Run II,Comédie
1984,Teachers,Comédie
1984,Teachers,Drame
1984,A Passage to India,Aventure
1984,A Passage to India,Drame
1984,A Passage to India,Histoire
1984,Protocol,Comédie
1984,Micki + Maude,Comédie
1984,Micki + Maude,Romance
1984,The Cotton Club,Policier
1984,The Cotton Club,Drame
1984,The Cotton Club,Musique
1984,The Muppets Take Manhattan,Aventure
1984,The Muppets Take Manhattan,Comédie
1984,The Muppets Take Manhattan,Drame
1984,A Nightmare on Elm Street,Horreur
1984,The Woman in Red,Comédie
1984,The Woman in Red,Romance
1984,Moscow on the Hudson,Comédie
1984,Moscow on the Hudson,Drame
1984,Moscow on the Hudson,Romance
1984,Against All Odds,Action
1984,Against All Odds,Aventure
1984,Against All Odds,Policier
1984,The Flamingo Kid,Comédie
1984,The Flamingo Kid,Drame
1984,The Flamingo Kid,Romance
1984,Sixteen Candles,Comédie
1984,Sixteen Candles,Romance
1984,Missing in Action,Action
1984,Missing in Action,Aventure
1984,Missing in Action,Drame
1984,A Soldier's Story,Policier
1984,A Soldier's Story,Drame
1984,A Soldier's Story,Mystère
1984,"Oh, God! You Devil",Comédie
1984,"Oh, God! You Devil",Fantaisie
1984,Rhinestone,Comédie
1984,Rhinestone,Musique
1984,Weekend Pass,Comédie
1984,Top Secret!,Comédie
1984,Top Secret!,Musique
1984,Hot Dog... The Movie,Comédie
1984,Hot Dog... The Movie,Romance
1984,Hot Dog... The Movie,Sport
1985,Back to the Future,Aventure
1985,Back to the Future,Comédie
1985,Back to the Future,Science-fiction
1985,Rambo: First Blood Part II,Action
1985,Rambo: First Blood Part II,Aventure
1985,Rambo: First Blood Part II,Thriller
1985,Rocky IV,Drame
1985,Rocky IV,Sport
1985,The Color Purple,Drame
1985,Out of Africa,Biographie
1985,Out of Africa,Drame
1985,Out of Africa,Romance
1985,Cocoon,Comédie
1985,Cocoon,Drame
1985,Cocoon,Science-fiction
1985,The Jewel of the Nile,Action
1985,The Jewel of the Nile,Aventure
1985,The Jewel of the Nile,Comédie
1985,Witness,Policier
1985,Witness,Drame
1985,Witness,Romance
1985,The Goonies,Aventure
1985,The Goonies,Comédie
1985,The Goonies,Famille
1985,Spies Like Us,Aventure
1985,Spies Like Us,Comédie
1985,Police Academy 2: Their First Assignment,Comédie
1985,Fletch,Comédie
1985,Fletch,Policier
1985,Fletch,Mystère
1985,National Lampoon's European Vacation,Aventure
1985,National Lampoon's European Vacation,Comédie
1985,Mask,Biographie
1985,Mask,Drame
1985,The Breakfast Club,Comédie
1985,The Breakfast Club,Drame
1985,White Nights,Drame
1985,White Nights,Musique
1985,Pale Rider,Drame
1985,Pale Rider,Western
1985,Pee-wee's Big Adventure,Aventure
1985,Pee-wee's Big Adventure,Comédie
1985,Pee-wee's Big Adventure,Famille
1985,Jagged Edge,Drame
1985,Jagged Edge,Mystère
1985,Jagged Edge,Thriller
1985,Brewster's Millions,Comédie
1985,St. Elmo's Fire,Drame
1985,St. Elmo's Fire,Romance
1985,Commando,Action
1985,Commando,Aventure
1985,Commando,Thriller
1985,Silverado,Action
1985,Silverado,Policier
1985,Silverado,Drame
1985,Teen Wolf,Comédie
1985,Teen Wolf,Fantaisie
1985,Murphy's Romance,Comédie
1985,Murphy's Romance,Drame
1985,Murphy's Romance,Romance
1985,A Nightmare on Elm Street 2: Freddy's Revenge,Horreur
1985,Desperately Seeking Susan,Comédie
1985,Desperately Seeking Susan,Drame
1985,Prizzi's Honor,Comédie
1985,Prizzi's Honor,Policier
1985,Prizzi's Honor,Drame
1985,The Last Dragon,Action
1985,The Last Dragon,Comédie
1985,The Last Dragon,Drame
1985,Agnes of God,Drame
1985,Agnes of God,Mystère
1985,Fright Night,Horreur
1985,Fright Night,Thriller
1985,Summer Rental,Comédie
1985,Weird Science,Comédie
1985,Weird Science,Romance
1985,Weird Science,Science-fiction
1985,Santa Claus: The Movie,Aventure
1985,Santa Claus: The Movie,Famille
1985,Santa Claus: The Movie,Fantaisie
1985,The Care Bears Movie,Animation
1985,The Care Bears Movie,Aventure
1985,The Care Bears Movie,Comédie
1985,Friday the 13th: A New Beginning,Horreur
1985,Friday the 13th: A New Beginning,Mystère
1985,Friday the 13th: A New Beginning,Thriller
1985,The Black Cauldron,Animation
1985,The Black Cauldron,Action
1985,The Black Cauldron,Aventure
1985,Porky's Revenge,Comédie
1985,Code of Silence,Action
1985,Code of Silence,Policier
1985,Code of Silence,Drame
1985,Volunteers,Aventure
1985,Volunteers,Comédie
1985,Young Sherlock Holmes,Aventure
1985,Young Sherlock Holmes,Fantaisie
1985,Young Sherlock Holmes,Mystère
1985,House,Comédie
1985,House,Fantaisie
1985,House,Horreur
1985,Year of the Dragon,Action
1985,Year of the Dragon,Policier
1985,Year of the Dragon,Drame
1985,Ladyhawke,Aventure
1985,Ladyhawke,Comédie
1985,Ladyhawke,Drame
1985,The Sure Thing,Comédie
1985,The Sure Thing,Drame
1985,The Sure Thing,Romance
1985,Invasion U.S.A.,Action
1985,Invasion U.S.A.,Thriller
1985,To Live and Die in L.A.,Action
1985,To Live and Die in L.A.,Policier
1985,To Live and Die in L.A.,Drame
1985,The Falcon and the Snowman,Biographie
1985,The Falcon and the Snowman,Policier
1985,The Falcon and the Snowman,Drame
1985,Kiss of the Spider Woman,Drame
1985,Death Wish 3,Action
1985,Death Wish 3,Policier
1985,Death Wish 3,Drame
1986,Top Gun,Action
1986,Top Gun,Drame
1986,Platoon,Drame
1986,Platoon,Guerre
1986,The Karate Kid Part II,Action
1986,The Karate Kid Part II,Famille
1986,The Karate Kid Part II,Romance
1986,Star Trek IV: The Voyage Home,Aventure
1986,Star Trek IV: The Voyage Home,Comédie
1986,Star Trek IV: The Voyage Home,Science-fiction
1986,Back to School,Comédie
1986,Back to School,Romance
1986,Back to School,Sport
1986,Aliens,Action
1986,Aliens,Aventure
1986,Aliens,Science-fiction
1986,The Golden Child,Action
1986,The Golden Child,Aventure
1986,The Golden Child,Comédie
1986,Ruthless People,Comédie
1986,Ruthless People,Policier
1986,Ferris Bueller's Day Off,Comédie
1986,Down and Out in Beverly Hills,Comédie
1986,The Color of Money,Drame
1986,The Color of Money,Sport
1986,Stand by Me,Aventure
1986,Stand by Me,Drame
1986,Legal Eagles,Comédie
1986,Legal Eagles,Policier
1986,Legal Eagles,Romance
1986,Cobra,Action
1986,Cobra,Policier
1986,Cobra,Thriller
1986,An American Tail,Animation
1986,An American Tail,Aventure
1986,An American Tail,Comédie
1986,Police Academy 3: Back in Training,Comédie
1986,Heartbreak Ridge,Drame
1986,Heartbreak Ridge,Guerre
1986,Peggy Sue Got Married,Comédie
1986,Peggy Sue Got Married,Drame
1986,Peggy Sue Got Married,Fantaisie
1986,Poltergeist II: The Other Side,Horreur
1986,Short Circuit,Comédie
1986,Short Circuit,Famille
1986,Short Circuit,Science-fiction
1986,Pretty in Pink,Comédie
1986,Pretty in Pink,Drame
1986,Pretty in Pink,Romance
1986,The Fly,Drame
1986,The Fly,Horreur
1986,The Fly,Science-fiction
1986,Hannah and Her Sisters,Comédie
1986,Hannah and Her Sisters,Drame
1986,¡Three Amigos!,Comédie
1986,¡Three Amigos!,Western
1986,Little Shop of Horrors,Comédie
1986,Little Shop of Horrors,Horreur
1986,Little Shop of Horrors,Comédie musicale
1986,About Last Night...,Comédie
1986,About Last Night...,Drame
1986,About Last Night...,Romance
1986,The Great Mouse Detective,Animation
1986,The Great Mouse Detective,Aventure
1986,The Great Mouse Detective,Famille
1986,Running Scared,Action
1986,Running Scared,Comédie
1986,Running Scared,Policier
1986,The Money Pit,Comédie
1986,Gung Ho,Comédie
1986,Gung Ho,Drame
1986,Nothing in Common,Comédie
1986,Nothing in Common,Drame
1986,Nothing in Common,Romance
1986,Children of a Lesser God,Drame
1986,Children of a Lesser God,Romance
1986,Hoosiers,Drame
1986,Hoosiers,Sport
1986,Soul Man,Comédie
1986,Soul Man,Romance
1986,Wildcats,Comédie
1986,Wildcats,Sport
1986,Jumpin' Jack Flash,Comédie
1986,Jumpin' Jack Flash,Romance
1986,Jumpin' Jack Flash,Thriller
1986,Heartburn,Comédie
1986,Heartburn,Drame
1986,The Morning After,Policier
1986,The Morning After,Mystère
1986,The Morning After,Romance
1986,Iron Eagle,Action
1986,Iron Eagle,Thriller
1986,Iron Eagle,Guerre
1986,Crimes of the Heart,Comédie
1986,Crimes of the Heart,Drame
1986,Tough Guys,Comédie
1986,Tough Guys,Policier
1986,F/X,Action
1986,F/X,Thriller
1986,Friday the 13th Part VI: Jason Lives,Horreur
1986,Friday the 13th Part VI: Jason Lives,Thriller
1986,Flight of the Navigator,Aventure
1986,Flight of the Navigator,Comédie
1986,Flight of the Navigator,Famille
1986,"Jo Jo Dancer, Your Life Is Calling",Biographie
1986,"Jo Jo Dancer, Your Life Is Calling",Comédie
1986,"Jo Jo Dancer, Your Life Is Calling",Drame
1986,The Delta Force,Action
1986,The Delta Force,Aventure
1986,The Delta Force,Drame
1986,The Big Easy,Comédie
1986,The Big Easy,Policier
1986,The Big Easy,Drame
1986,Howard the Duck,Action
1986,Howard the Duck,Aventure
1986,Howard the Duck,Comédie
1986,Raw Deal,Action
1986,Raw Deal,Policier
1986,Raw Deal,Thriller
1986,Armed and Dangerous,Action
1986,Armed and Dangerous,Comédie
1986,Armed and Dangerous,Policier
1987,Three Men and a Baby,Comédie
1987,Three Men and a Baby,Drame
1987,Three Men and a Baby,Famille
1987,Fatal Attraction,Drame
1987,Fatal Attraction,Thriller
1987,Beverly Hills Cop II,Action
1987,Beverly Hills Cop II,Comédie
1987,Beverly Hills Cop II,Policier
1987,"Good Morning, Vietnam",Biographie
1987,"Good Morning, Vietnam",Comédie
1987,"Good Morning, Vietnam",Drame
1987,Moonstruck,Comédie
1987,Moonstruck,Drame
1987,Moonstruck,Romance
1987,The Untouchables,Policier
1987,The Untouchables,Drame
1987,The Untouchables,Thriller
1987,The Secret of My Success,Comédie
1987,The Secret of My Success,Romance
1987,Stakeout,Action
1987,Stakeout,Comédie
1987,Stakeout,Policier
1987,Lethal Weapon,Action
1987,Lethal Weapon,Policier
1987,Lethal Weapon,Thriller
1987,The Witches of Eastwick,Comédie
1987,The Witches of Eastwick,Fantaisie
1987,The Witches of Eastwick,Horreur
1987,Predator,Action
1987,Predator,Aventure
1987,Predator,Science-fiction
1987,Throw Momma from the Train,Comédie
1987,Throw Momma from the Train,Policier
1987,Throw Momma from the Train,Thriller
1987,Dragnet,Comédie
1987,Dragnet,Policier
1987,La Bamba,Biographie
1987,La Bamba,Drame
1987,La Bamba,Musique
1987,RoboCop,Action
1987,RoboCop,Policier
1987,RoboCop,Science-fiction
1987,Outrageous Fortune,Comédie
1987,Broadcast News,Comédie
1987,Broadcast News,Drame
1987,Broadcast News,Romance
1987,"Planes, Trains & Automobiles",Comédie
1987,"Planes, Trains & Automobiles",Drame
1987,Full Metal Jacket,Drame
1987,Full Metal Jacket,Guerre
1987,A Nightmare on Elm Street 3: Dream Warriors,Fantaisie
1987,A Nightmare on Elm Street 3: Dream Warriors,Horreur
1987,Wall Street,Policier
1987,Wall Street,Drame
1987,Mannequin,Comédie
1987,Mannequin,Fantaisie
1987,Mannequin,Romance
1987,Roxanne,Comédie
1987,Roxanne,Romance
1987,Blind Date,Comédie
1987,Blind Date,Romance
1987,The Running Man,Action
1987,The Running Man,Science-fiction
1987,The Running Man,Thriller
1987,Spaceballs,Aventure
1987,Spaceballs,Comédie
1987,Spaceballs,Science-fiction
1987,Summer School,Comédie
1987,Summer School,Romance
1987,No Way Out,Action
1987,No Way Out,Policier
1987,No Way Out,Drame
1987,Like Father Like Son,Comédie
1987,Like Father Like Son,Fantaisie
1987,Adventures in Babysitting,Aventure
1987,Adventures in Babysitting,Comédie
1987,Adventures in Babysitting,Policier
1987,*batteries not included,Comédie
1987,*batteries not included,Famille
1987,*batteries not included,Fantaisie
1987,The Lost Boys,Comédie
1987,The Lost Boys,Horreur
1987,Can't Buy Me Love,Comédie
1987,Can't Buy Me Love,Drame
1987,Can't Buy Me Love,Romance
1987,Nuts,Drame
1987,Nuts,Thriller
1987,The Princess Bride,Aventure
1987,The Princess Bride,Famille
1987,The Princess Bride,Fantaisie
1987,Revenge of the Nerds II: Nerds in Paradise,Comédie
1987,Harry and the Hendersons,Comédie
1987,Harry and the Hendersons,Famille
1987,Harry and the Hendersons,Fantaisie
1987,Police Academy 4: Citizens on Patrol,Comédie
1987,Police Academy 4: Citizens on Patrol,Policier
1987,Overboard,Comédie
1987,Overboard,Romance
1987,Baby Boom,Comédie
1987,Baby Boom,Drame
1987,Baby Boom,Romance
1987,Innerspace,Action
1987,Innerspace,Aventure
1987,Innerspace,Comédie
1987,Tin Men,Comédie
1987,Tin Men,Drame
1987,Black Widow,Policier
1987,Black Widow,Drame
1987,Black Widow,Thriller
1987,Ernest Goes to Camp,Comédie
1987,Ernest Goes to Camp,Famille
1987,Raising Arizona,Comédie
1987,Raising Arizona,Policier
1987,Benji the Hunted,Aventure
1987,Benji the Hunted,Famille
1987,Empire of the Sun,Action
1987,Empire of the Sun,Drame
1987,Empire of the Sun,Histoire
1987,Jaws: The Revenge,Aventure
1987,Jaws: The Revenge,Horreur
1987,Jaws: The Revenge,Thriller
1987,Hello Again,Comédie
1987,Hello Again,Drame
1987,Hello Again,Fantaisie
1987,Critical Condition,Comédie
1988,Rain Man,Drame
1988,Who Framed Roger Rabbit,Animation
1988,Who Framed Roger Rabbit,Aventure
1988,Who Framed Roger Rabbit,Comédie
1988,Coming to America,Comédie
1988,Coming to America,Romance
1988,Big,Comédie
1988,Big,Drame
1988,Big,Fantaisie
1988,Twins,Comédie
1988,Twins,Policier
1988,Die Hard,Action
1988,Die Hard,Thriller
1988,The Naked Gun: From the Files of Police Squad!,Comédie
1988,The Naked Gun: From the Files of Police Squad!,Policier
1988,Cocktail,Comédie
1988,Cocktail,Drame
1988,Cocktail,Romance
1988,Oliver & Company,Animation
1988,Oliver & Company,Aventure
1988,Oliver & Company,Comédie
1988,Beetlejuice,Comédie
1988,Beetlejuice,Fantaisie
1988,Working Girl,Comédie
1988,Working Girl,Drame
1988,Working Girl,Romance
1988,A Fish Called Wanda,Comédie
1988,A Fish Called Wanda,Policier
1988,Scrooged,Comédie
1988,Scrooged,Drame
1988,Scrooged,Fantaisie
1988,Willow,Action
1988,Willow,Aventure
1988,Willow,Drame
1988,Beaches,Comédie
1988,Beaches,Drame
1988,Beaches,Musique
1988,Rambo III,Action
1988,Rambo III,Aventure
1988,Bull Durham,Comédie
1988,Bull Durham,Romance
1988,Bull Durham,Sport
1988,A Nightmare on Elm Street 4: The Dream Master,Horreur
1988,The Land Before Time,Animation
1988,The Land Before Time,Aventure
1988,The Land Before Time,Drame
1988,Colors,Action
1988,Colors,Policier
1988,Colors,Drame
1988,Young Guns,Action
1988,Young Guns,Western
1988,Biloxi Blues,Comédie
1988,Biloxi Blues,Drame
1988,Dirty Rotten Scoundrels,Comédie
1988,Dirty Rotten Scoundrels,Policier
1988,The Great Outdoors,Comédie
1988,Tequila Sunrise,Policier
1988,Tequila Sunrise,Drame
1988,Tequila Sunrise,Romance
1988,Big Business,Comédie
1988,Midnight Run,Action
1988,Midnight Run,Comédie
1988,Midnight Run,Policier
1988,The Dead Pool,Action
1988,The Dead Pool,Policier
1988,The Dead Pool,Mystère
1988,Red Heat,Action
1988,Red Heat,Comédie
1988,Red Heat,Policier
1988,Dangerous Liaisons,Drame
1988,Dangerous Liaisons,Romance
1988,Mississippi Burning,Policier
1988,Mississippi Burning,Drame
1988,Mississippi Burning,Histoire
1988,Child's Play,Horreur
1988,Child's Play,Thriller
1988,The Accidental Tourist,Drame
1988,The Accidental Tourist,Romance
1988,The Accused,Policier
1988,The Accused,Drame
1988,The Bear,Aventure
1988,The Bear,Famille
1988,The Bear,Drame
1988,Shoot to Kill,Action
1988,Shoot to Kill,Aventure
1988,Shoot to Kill,Policier
1988,Ernest Saves Christmas,Comédie
1988,Ernest Saves Christmas,Famille
1988,Ernest Saves Christmas,Fantaisie
1988,Betrayed,Policier
1988,Betrayed,Drame
1988,Betrayed,Thriller
1988,Funny Farm,Comédie
1988,Funny Farm,Drame
1988,Alien Nation,Action
1988,Alien Nation,Science-fiction
1988,Gorillas in the Mist,Biographie
1988,Gorillas in the Mist,Drame
1988,License to Drive,Comédie
1988,Short Circuit 2,Comédie
1988,Short Circuit 2,Drame
1988,Short Circuit 2,Famille
1988,Married to the Mob,Comédie
1988,Married to the Mob,Policier
1988,Married to the Mob,Romance
1988,Punchline,Comédie
1988,Punchline,Drame
1988,Punchline,Romance
1988,Action Jackson,Action
1988,Action Jackson,Comédie
1988,Action Jackson,Policier
1988,The Presidio,Action
1988,The Presidio,Policier
1988,The Presidio,Mystère
1988,Tucker: The Man and His Dream,Biographie
1988,Tucker: The Man and His Dream,Drame
1988,The Serpent and the Rainbow,Fantaisie
1988,The Serpent and the Rainbow,Horreur
1988,Friday the 13th Part VII: The New Blood,Horreur
1988,Friday the 13th Part VII: The New Blood,Thriller
1989,Batman,Action
1989,Batman,Aventure
1989,Indiana Jones and the Last Crusade,Action
1989,Indiana Jones and the Last Crusade,Aventure
1989,Lethal Weapon 2,Action
1989,Lethal Weapon 2,Policier
1989,Lethal Weapon 2,Thriller
1989,Look Who's Talking,Comédie
1989,"Honey, I Shrunk the Kids",Aventure
1989,"Honey, I Shrunk the Kids",Comédie
1989,"Honey, I Shrunk the Kids",Famille
1989,Back to the Future Part II,Aventure
1989,Back to the Future Part II,Comédie
1989,Back to the Future Part II,Science-fiction
1989,Ghostbusters II,Action
1989,Ghostbusters II,Comédie
1989,Ghostbusters II,Fantaisie
1989,The Little Mermaid,Animation
1989,The Little Mermaid,Famille
1989,The Little Mermaid,Fantaisie
1989,Driving Miss Daisy,Drame
1989,Parenthood,Comédie
1989,Parenthood,Drame
1989,Dead Poets Society,Comédie
1989,Dead Poets Society,Drame
1989,When Harry Met Sally...,Comédie
1989,When Harry Met Sally...,Drame
1989,When Harry Met Sally...,Romance
1989,The War of the Roses,Comédie
1989,The War of the Roses,Romance
1989,Steel Magnolias,Comédie
1989,Steel Magnolias,Drame
1989,Steel Magnolias,Romance
1989,National Lampoon's Christmas Vacation,Comédie
1989,Turner & Hooch,Comédie
1989,Turner & Hooch,Policier
1989,Turner & Hooch,Drame
1989,Born on the Fourth of July,Biographie
1989,Born on the Fourth of July,Drame
1989,Born on the Fourth of July,Guerre
1989,Uncle Buck,Comédie
1989,Field of Dreams,Drame
1989,Field of Dreams,Famille
1989,Field of Dreams,Fantaisie
1989,Tango & Cash,Action
1989,Tango & Cash,Comédie
1989,Tango & Cash,Policier
1989,Harlem Nights,Comédie
1989,Harlem Nights,Policier
1989,Harlem Nights,Drame
1989,Sea of Love,Policier
1989,Sea of Love,Drame
1989,Sea of Love,Mystère
1989,Pet Sematary,Horreur
1989,Pet Sematary,Thriller
1989,The Abyss,Aventure
1989,The Abyss,Drame
1989,The Abyss,Mystère
1989,Star Trek V: The Final Frontier,Action
1989,Star Trek V: The Final Frontier,Aventure
1989,Star Trek V: The Final Frontier,Fantaisie
1989,Major League,Comédie
1989,Major League,Sport
1989,"See No Evil, Hear No Evil",Comédie
1989,"See No Evil, Hear No Evil",Policier
1989,Black Rain,Action
1989,Black Rain,Policier
1989,Black Rain,Thriller
1989,Always,Fantaisie
1989,Always,Romance
1989,K-9,Action
1989,K-9,Comédie
1989,K-9,Policier
1989,Three Fugitives,Action
1989,Three Fugitives,Comédie
1989,Bill & Ted's Excellent Adventure,Aventure
1989,Bill & Ted's Excellent Adventure,Comédie
1989,Bill & Ted's Excellent Adventure,Musique
1989,The Karate Kid Part III,Action
1989,The Karate Kid Part III,Drame
1989,The Karate Kid Part III,Famille
1989,The 'Burbs,Comédie
1989,The 'Burbs,Mystère
1989,The 'Burbs,Thriller
1989,Fletch Lives,Comédie
1989,Fletch Lives,Policier
1989,Fletch Lives,Mystère
1989,Licence to Kill,Action
1989,Licence to Kill,Aventure
1989,Licence to Kill,Thriller
1989,Lean on Me,Drame
1989,Weekend at Bernie's,Aventure
1989,Weekend at Bernie's,Comédie
1989,Weekend at Bernie's,Policier
1989,Road House,Action
1989,Road House,Thriller
1989,The Dream Team,Comédie
1989,The Dream Team,Policier
1989,The Dream Team,Thriller
1989,Do the Right Thing,Comédie
1989,Do the Right Thing,Drame
1989,All Dogs Go to Heaven,Animation
1989,All Dogs Go to Heaven,Comédie
1989,All Dogs Go to Heaven,Drame
1989,Glory,Biographie
1989,Glory,Drame
1989,Glory,Histoire
1989,"Sex, Lies, and Videotape",Drame
1989,A Nightmare on Elm Street 5: The Dream Child,Fantaisie
1989,A Nightmare on Elm Street 5: The Dream Child,Horreur
1989,Lock Up,Action
1989,Lock Up,Policier
1989,Lock Up,Drame
1989,Cousins,Comédie
1989,Cousins,Romance
1989,Say Anything...,Comédie
1989,Say Anything...,Drame
1989,Say Anything...,Romance
1989,An Innocent Man,Action
1989,An Innocent Man,Policier
1989,An Innocent Man,Drame
1989,The Fly II,Horreur
1989,The Fly II,Science-fiction
1990,Home Alone,Comédie
1990,Home Alone,Famille
1990,Ghost,Drame
1990,Ghost,Fantaisie
1990,Ghost,Romance
1990,Dances with Wolves,Aventure
1990,Dances with Wolves,Drame
1990,Dances with Wolves,Western
1990,Pretty Woman,Comédie
1990,Pretty Woman,Romance
1990,Teenage Mutant Ninja Turtles,Action
1990,Teenage Mutant Ninja Turtles,Aventure
1990,Teenage Mutant Ninja Turtles,Comédie
1990,The Hunt for Red October,Action
1990,The Hunt for Red October,Aventure
1990,The Hunt for Red October,Thriller
1990,Total Recall,Action
1990,Total Recall,Science-fiction
1990,Total Recall,Thriller
1990,Die Hard 2,Action
1990,Die Hard 2,Thriller
1990,Dick Tracy,Action
1990,Dick Tracy,Comédie
1990,Dick Tracy,Policier
1990,Kindergarten Cop,Comédie
1990,Kindergarten Cop,Policier
1990,Back to the Future Part III,Aventure
1990,Back to the Future Part III,Comédie
1990,Back to the Future Part III,Science-fiction
1990,Presumed Innocent,Mystère
1990,Presumed Innocent,Thriller
1990,Days of Thunder,Action
1990,Days of Thunder,Drame
1990,Days of Thunder,Sport
1990,Another 48 Hrs.,Action
1990,Another 48 Hrs.,Comédie
1990,Another 48 Hrs.,Policier
1990,Three Men and a Little Lady,Comédie
1990,Three Men and a Little Lady,Drame
1990,Three Men and a Little Lady,Famille
1990,Bird on a Wire,Action
1990,Bird on a Wire,Comédie
1990,The Godfather: Part III,Policier
1990,The Godfather: Part III,Drame
1990,Flatliners,Drame
1990,Flatliners,Horreur
1990,Flatliners,Science-fiction
1990,Misery,Drame
1990,Misery,Thriller
1990,Edward Scissorhands,Drame
1990,Edward Scissorhands,Fantaisie
1990,Edward Scissorhands,Romance
1990,Problem Child,Comédie
1990,Problem Child,Famille
1990,Arachnophobia,Comédie
1990,Arachnophobia,Fantaisie
1990,Arachnophobia,Horreur
1990,Awakenings,Biographie
1990,Awakenings,Drame
1990,Look Who's Talking Too,Comédie
1990,Look Who's Talking Too,Famille
1990,Look Who's Talking Too,Romance
1990,Hard to Kill,Action
1990,Hard to Kill,Policier
1990,Hard to Kill,Drame
1990,Goodfellas,Biographie
1990,Goodfellas,Policier
1990,Goodfellas,Drame
1990,Marked for Death,Action
1990,Marked for Death,Aventure
1990,Marked for Death,Policier
1990,RoboCop 2,Action
1990,RoboCop 2,Policier
1990,RoboCop 2,Science-fiction
1990,Young Guns II,Action
1990,Young Guns II,Western
1990,Gremlins 2: The New Batch,Comédie
1990,Gremlins 2: The New Batch,Fantaisie
1990,Gremlins 2: The New Batch,Horreur
1990,Rocky V,Drame
1990,Rocky V,Sport
1990,Joe Versus the Volcano,Comédie
1990,Joe Versus the Volcano,Romance
1990,Postcards from the Edge,Comédie
1990,Postcards from the Edge,Drame
1990,Mermaids,Comédie
1990,Mermaids,Drame
1990,Mermaids,Romance
1990,Darkman,Action
1990,Darkman,Science-fiction
1990,Darkman,Thriller
1990,Air America,Action
1990,Air America,Comédie
1990,Air America,Guerre
1990,Predator 2,Action
1990,Predator 2,Horreur
1990,Predator 2,Science-fiction
1990,Green Card,Comédie
1990,Green Card,Drame
1990,Green Card,Romance
1990,Pacific Heights,Thriller
1990,Child's Play 2,Horreur
1990,Child's Play 2,Thriller
1990,The Rescuers Down Under,Animation
1990,The Rescuers Down Under,Aventure
1990,The Rescuers Down Under,Policier
1990,Internal Affairs,Policier
1990,Internal Affairs,Drame
1990,Internal Affairs,Thriller
1990,Cadillac Man,Comédie
1990,Cadillac Man,Policier
1990,Memphis Belle,Action
1990,Memphis Belle,Drame
1990,Memphis Belle,Guerre
1990,House Party,Comédie
1990,House Party,Musique
1990,House Party,Romance
1990,Jacob's Ladder,Drame
1990,Jacob's Ladder,Horreur
1990,Jacob's Ladder,Mystère
1990,The Exorcist III,Drame
1990,The Exorcist III,Horreur
1990,The Exorcist III,Mystère
1990,Navy Seals,Action
1990,Navy Seals,Aventure
1990,Navy Seals,Thriller
1990,Ernest Goes to Jail,Comédie
1990,Ernest Goes to Jail,Policier
1990,Ernest Goes to Jail,Famille
1990,Ghost Dad,Comédie
1990,Ghost Dad,Famille
1990,Ghost Dad,Fantaisie
1991,Beauty and the Beast,Animation
1991,Beauty and the Beast,Famille
1991,Beauty and the Beast,Fantaisie
1991,Terminator 2: Judgment Day,Action
1991,Terminator 2: Judgment Day,Science-fiction
1991,Robin Hood: Prince of Thieves,Action
1991,Robin Hood: Prince of Thieves,Aventure
1991,Robin Hood: Prince of Thieves,Drame
1991,The Silence of the Lambs,Policier
1991,The Silence of the Lambs,Drame
1991,The Silence of the Lambs,Thriller
1991,City Slickers,Comédie
1991,Hook,Aventure
1991,Hook,Comédie
1991,Hook,Famille
1991,The Addams Family,Comédie
1991,The Addams Family,Fantaisie
1991,Sleeping with the Enemy,Drame
1991,Sleeping with the Enemy,Thriller
1991,Father of the Bride,Comédie
1991,Father of the Bride,Famille
1991,Father of the Bride,Romance
1991,The Naked Gun 2½: The Smell of Fear,Comédie
1991,The Naked Gun 2½: The Smell of Fear,Policier
1991,Fried Green Tomatoes,Drame
1991,Cape Fear,Policier
1991,Cape Fear,Thriller
1991,Teenage Mutant Ninja Turtles II: The Secret of the Ooze,Action
1991,Teenage Mutant Ninja Turtles II: The Secret of the Ooze,Aventure
1991,Teenage Mutant Ninja Turtles II: The Secret of the Ooze,Comédie
1991,Backdraft,Policier
1991,Backdraft,Drame
1991,Backdraft,Mystère
1991,Star Trek VI: The Undiscovered Country,Action
1991,Star Trek VI: The Undiscovered Country,Aventure
1991,Star Trek VI: The Undiscovered Country,Science-fiction
1991,The Prince of Tides,Drame
1991,The Prince of Tides,Romance
1991,JFK,Drame
1991,JFK,Histoire
1991,JFK,Thriller
1991,Hot Shots!,Action
1991,Hot Shots!,Comédie
1991,What About Bob?,Comédie
1991,My Girl,Comédie
1991,My Girl,Drame
1991,My Girl,Famille
1991,The Last Boy Scout,Action
1991,The Last Boy Scout,Comédie
1991,The Last Boy Scout,Policier
1991,Boyz n the Hood,Policier
1991,Boyz n the Hood,Drame
1991,Doc Hollywood,Comédie
1991,Doc Hollywood,Drame
1991,Doc Hollywood,Romance
1991,Bugsy,Biographie
1991,Bugsy,Policier
1991,Bugsy,Drame
1991,New Jack City,Action
1991,New Jack City,Policier
1991,New Jack City,Drame
1991,The Rocketeer,Action
1991,The Rocketeer,Aventure
1991,The Rocketeer,Famille
1991,Thelma & Louise,Aventure
1991,Thelma & Louise,Policier
1991,Thelma & Louise,Drame
1991,Drop Dead Fred,Comédie
1991,Drop Dead Fred,Drame
1991,Drop Dead Fred,Fantaisie
1991,Point Break,Action
1991,Point Break,Policier
1991,Point Break,Thriller
1991,Regarding Henry,Drame
1991,Regarding Henry,Romance
1991,The Fisher King,Comédie
1991,The Fisher King,Drame
1991,The Fisher King,Fantaisie
1991,Out for Justice,Action
1991,Out for Justice,Policier
1991,Out for Justice,Drame
1991,The Doctor,Drame
1991,Bill & Ted's Bogus Journey,Aventure
1991,Bill & Ted's Bogus Journey,Comédie
1991,Bill & Ted's Bogus Journey,Fantaisie
1991,Dead Again,Policier
1991,Dead Again,Drame
1991,Dead Again,Mystère
1991,Soapdish,Comédie
1991,Soapdish,Romance
1991,The Doors,Biographie
1991,The Doors,Drame
1991,The Doors,Musique
1991,Freddy's Dead: The Final Nightmare,Fantaisie
1991,Freddy's Dead: The Final Nightmare,Horreur
1991,White Fang,Aventure
1991,White Fang,Drame
1991,King Ralph,Comédie
1991,King Ralph,Romance
1991,Curly Sue,Comédie
1991,Curly Sue,Drame
1991,Curly Sue,Famille
1991,Dying Young,Drame
1991,Dying Young,Romance
1991,Grand Canyon,Policier
1991,Grand Canyon,Drame
1991,Jungle Fever,Drame
1991,Jungle Fever,Romance
1991,Double Impact,Action
1991,Double Impact,Policier
1991,L.A. Story,Comédie
1991,L.A. Story,Drame
1991,L.A. Story,Fantaisie
1991,Deceived,Policier
1991,Deceived,Drame
1991,Deceived,Mystère
1991,Necessary Roughness,Comédie
1991,Necessary Roughness,Sport
1991,The Hard Way,Action
1991,The Hard Way,Comédie
1991,The Hard Way,Policier
1991,Other People's Money,Comédie
1991,Other People's Money,Drame
1991,Other People's Money,Romance
1992,Aladdin,Animation
1992,Aladdin,Aventure
1992,Aladdin,Comédie
1992,Home Alone 2: Lost in New York,Aventure
1992,Home Alone 2: Lost in New York,Comédie
1992,Home Alone 2: Lost in New York,Policier
1992,Batman Returns,Action
1992,Batman Returns,Policier
1992,Batman Returns,Fantaisie
1992,Lethal Weapon 3,Action
1992,Lethal Weapon 3,Policier
1992,Lethal Weapon 3,Thriller
1992,A Few Good Men,Drame
1992,A Few Good Men,Thriller
1992,Sister Act,Comédie
1992,Sister Act,Policier
1992,Sister Act,Famille
1992,The Bodyguard,Action
1992,The Bodyguard,Drame
1992,The Bodyguard,Musique
1992,Wayne's World,Comédie
1992,Wayne's World,Musique
1992,Basic Instinct,Drame
1992,Basic Instinct,Mystère
1992,Basic Instinct,Thriller
1992,A League of Their Own,Comédie
1992,A League of Their Own,Drame
1992,A League of Their Own,Famille
1992,Unforgiven,Drame
1992,Unforgiven,Western
1992,The Hand That Rocks the Cradle,Drame
1992,The Hand That Rocks the Cradle,Thriller
1992,Under Siege,Action
1992,Under Siege,Thriller
1992,Patriot Games,Action
1992,Patriot Games,Thriller
1992,Dracula,Horreur
1992,White Men Can't Jump,Comédie
1992,White Men Can't Jump,Drame
1992,White Men Can't Jump,Sport
1992,The Last of the Mohicans,Action
1992,The Last of the Mohicans,Aventure
1992,The Last of the Mohicans,Drame
1992,Boomerang,Comédie
1992,Boomerang,Drame
1992,Boomerang,Romance
1992,Scent of a Woman,Drame
1992,The Crying Game,Policier
1992,The Crying Game,Drame
1992,The Crying Game,Romance
1992,Far and Away,Aventure
1992,Far and Away,Drame
1992,Far and Away,Romance
1992,"Honey, I Blew Up the Kid",Aventure
1992,"Honey, I Blew Up the Kid",Comédie
1992,"Honey, I Blew Up the Kid",Famille
1992,HouseSitter,Comédie
1992,HouseSitter,Romance
1992,Death Becomes Her,Comédie
1992,Death Becomes Her,Fantaisie
1992,Death Becomes Her,Horreur
1992,Unlawful Entry,Policier
1992,Unlawful Entry,Drame
1992,Unlawful Entry,Thriller
1992,Beethoven,Comédie
1992,Beethoven,Drame
1992,Beethoven,Famille
1992,Forever Young,Drame
1992,Forever Young,Romance
1992,Forever Young,Science-fiction
1992,Alien³,Action
1992,Alien³,Horreur
1992,Alien³,Science-fiction
1992,My Cousin Vinny,Comédie
1992,My Cousin Vinny,Policier
1992,Sneakers,Comédie
1992,Sneakers,Policier
1992,Sneakers,Drame
1992,The Mighty Ducks,Comédie
1992,The Mighty Ducks,Drame
1992,The Mighty Ducks,Famille
1992,Malcolm X,Biographie
1992,Malcolm X,Drame
1992,Malcolm X,Histoire
1992,Single White Female,Drame
1992,Single White Female,Thriller
1992,The Distinguished Gentleman,Comédie
1992,The Distinguished Gentleman,Policier
1992,Medicine Man,Aventure
1992,Medicine Man,Drame
1992,Medicine Man,Romance
1992,Passenger 57,Action
1992,Passenger 57,Policier
1992,Passenger 57,Thriller
1992,A River Runs Through It,Drame
1992,Encino Man,Comédie
1992,Mo' Money,Action
1992,Mo' Money,Comédie
1992,Mo' Money,Policier
1992,Universal Soldier,Action
1992,Universal Soldier,Science-fiction
1992,Honeymoon in Vegas,Comédie
1992,Honeymoon in Vegas,Romance
1992,Honeymoon in Vegas,Thriller
1992,The Lawnmower Man,Horreur
1992,The Lawnmower Man,Science-fiction
1992,Sleepwalkers,Horreur
1992,3 Ninjas,Action
1992,3 Ninjas,Comédie
1992,3 Ninjas,Famille
1992,Final Analysis,Drame
1992,Final Analysis,Thriller
1992,Stop! Or My Mom Will Shoot,Action
1992,Stop! Or My Mom Will Shoot,Comédie
1992,Stop! Or My Mom Will Shoot,Romance
1992,The Muppet Christmas Carol,Comédie
1992,The Muppet Christmas Carol,Drame
1992,The Muppet Christmas Carol,Famille
1992,Howards End,Drame
1992,Howards End,Romance
1992,Candyman,Horreur
1992,Candyman,Thriller
1992,The Cutting Edge,Comédie
1992,The Cutting Edge,Drame
1992,The Cutting Edge,Romance
1993,Jurassic Park,Action
1993,Jurassic Park,Aventure
1993,Jurassic Park,Science-fiction
1993,Mrs. Doubtfire,Comédie
1993,Mrs. Doubtfire,Drame
1993,Mrs. Doubtfire,Famille
1993,The Fugitive,Action
1993,The Fugitive,Policier
1993,The Fugitive,Drame
1993,The Firm,Drame
1993,The Firm,Mystère
1993,The Firm,Thriller
1993,Sleepless in Seattle,Comédie
1993,Sleepless in Seattle,Drame
1993,Sleepless in Seattle,Romance
1993,Indecent Proposal,Drame
1993,Indecent Proposal,Romance
1993,In the Line of Fire,Action
1993,In the Line of Fire,Policier
1993,In the Line of Fire,Drame
1993,The Pelican Brief,Policier
1993,The Pelican Brief,Drame
1993,The Pelican Brief,Mystère
1993,Schindler's List,Biographie
1993,Schindler's List,Drame
1993,Schindler's List,Histoire
1993,Cliffhanger,Action
1993,Cliffhanger,Aventure
1993,Cliffhanger,Thriller
1993,Free Willy,Aventure
1993,Free Willy,Drame
1993,Free Willy,Famille
1993,Philadelphia,Drame
1993,The Nightmare Before Christmas,Animation
1993,The Nightmare Before Christmas,Famille
1993,The Nightmare Before Christmas,Fantaisie
1993,Groundhog Day,Comédie
1993,Groundhog Day,Fantaisie
1993,Groundhog Day,Romance
1993,Grumpy Old Men,Comédie
1993,Grumpy Old Men,Drame
1993,Grumpy Old Men,Romance
1993,Cool Runnings,Aventure
1993,Cool Runnings,Comédie
1993,Cool Runnings,Famille
1993,Dave,Comédie
1993,Dave,Romance
1993,Rising Sun,Action
1993,Rising Sun,Policier
1993,Rising Sun,Drame
1993,Demolition Man,Action
1993,Demolition Man,Science-fiction
1993,Demolition Man,Thriller
1993,Sister Act 2: Back in the Habit,Comédie
1993,Sister Act 2: Back in the Habit,Famille
1993,Sister Act 2: Back in the Habit,Musique
1993,Tombstone,Action
1993,Tombstone,Biographie
1993,Tombstone,Drame
1993,The Three Musketeers,Action
1993,The Three Musketeers,Aventure
1993,The Three Musketeers,Comédie
1993,Rookie of the Year,Comédie
1993,Rookie of the Year,Famille
1993,Rookie of the Year,Fantaisie
1993,Beethoven's 2nd,Comédie
1993,Beethoven's 2nd,Famille
1993,Beethoven's 2nd,Romance
1993,Dennis the Menace,Comédie
1993,Dennis the Menace,Famille
1993,Sommersby,Drame
1993,Sommersby,Mystère
1993,Sommersby,Romance
1993,Last Action Hero,Action
1993,Last Action Hero,Aventure
1993,Last Action Hero,Comédie
1993,Addams Family Values,Comédie
1993,Addams Family Values,Fantaisie
1993,Wayne's World 2,Comédie
1993,Wayne's World 2,Musique
1993,Malice,Policier
1993,Malice,Mystère
1993,Malice,Thriller
1993,Made in America,Comédie
1993,The Good Son,Drame
1993,The Good Son,Thriller
1993,The Beverly Hillbillies,Comédie
1993,The Beverly Hillbillies,Famille
1993,Teenage Mutant Ninja Turtles III,Action
1993,Teenage Mutant Ninja Turtles III,Aventure
1993,Teenage Mutant Ninja Turtles III,Comédie
1993,Homeward Bound: The Incredible Journey,Aventure
1993,Homeward Bound: The Incredible Journey,Comédie
1993,Homeward Bound: The Incredible Journey,Drame
1993,Falling Down,Policier
1993,Falling Down,Drame
1993,Falling Down,Thriller
1993,Hocus Pocus,Comédie
1993,Hocus Pocus,Famille
1993,Hocus Pocus,Fantaisie
1993,What's Love Got to Do with It,Biographie
1993,What's Love Got to Do with It,Drame
1993,What's Love Got to Do with It,Musique
1993,Hot Shots! Part Deux,Action
1993,Hot Shots! Part Deux,Comédie
1993,Carlito's Way,Policier
1993,Carlito's Way,Drame
1993,Carlito's Way,Thriller
1993,Alive,Aventure
1993,Alive,Biographie
1993,Alive,Drame
1993,Son in Law,Comédie
1993,Son in Law,Drame
1993,Son in Law,Romance
1993,Sliver,Drame
1993,Sliver,Thriller
1993,Robin Hood: Men in Tights,Aventure
1993,Robin Hood: Men in Tights,Comédie
1993,Robin Hood: Men in Tights,Comédie musicale
1993,Dragon: The Bruce Lee Story,Action
1993,Dragon: The Bruce Lee Story,Biographie
1993,Dragon: The Bruce Lee Story,Drame
1993,The Joy Luck Club,Drame
1993,Hard Target,Action
1993,Hard Target,Aventure
1993,Hard Target,Drame
1993,The Sandlot,Comédie
1993,The Sandlot,Drame
1993,The Sandlot,Famille
1993,The Age of Innocence,Drame
1993,The Age of Innocence,Romance
1993,Cop & ½,Comédie
1993,Cop & ½,Policier
1993,Cop & ½,Famille
1994,The Lion King,Animation
1994,The Lion King,Aventure
1994,The Lion King,Drame
1994,Forrest Gump,Drame
1994,Forrest Gump,Romance
1994,True Lies,Action
1994,True Lies,Comédie
1994,True Lies,Thriller
1994,The Santa Clause,Comédie
1994,The Santa Clause,Drame
1994,The Santa Clause,Famille
1994,The Flintstones,Comédie
1994,The Flintstones,Famille
1994,The Flintstones,Fantaisie
1994,Dumb and Dumber,Comédie
1994,Clear and Present Danger,Action
1994,Clear and Present Danger,Policier
1994,Clear and Present Danger,Drame
1994,Speed,Action
1994,Speed,Aventure
1994,Speed,Thriller
1994,The Mask,Action
1994,The Mask,Comédie
1994,The Mask,Policier
1994,Pulp Fiction,Policier
1994,Pulp Fiction,Drame
1994,Interview with the Vampire: The Vampire Chronicles,Drame
1994,Interview with the Vampire: The Vampire Chronicles,Horreur
1994,Maverick,Action
1994,Maverick,Aventure
1994,Maverick,Comédie
1994,The Client,Policier
1994,The Client,Drame
1994,The Client,Mystère
1994,Disclosure,Drame
1994,Disclosure,Thriller
1994,Star Trek: Generations,Action
1994,Star Trek: Generations,Aventure
1994,Star Trek: Generations,Mystère
1994,Ace Ventura: Pet Detective,Comédie
1994,Stargate,Action
1994,Stargate,Aventure
1994,Stargate,Science-fiction
1994,Legends of the Fall,Drame
1994,Legends of the Fall,Romance
1994,Legends of the Fall,Guerre
1994,Wolf,Drame
1994,Wolf,Horreur
1994,Wolf,Romance
1994,The Specialist,Action
1994,The Specialist,Drame
1994,The Specialist,Thriller
1994,The Little Rascals,Comédie
1994,The Little Rascals,Famille
1994,The Little Rascals,Romance
1994,Naked Gun 33 1/3: The Final Insult,Comédie
1994,Naked Gun 33 1/3: The Final Insult,Policier
1994,The Crow,Action
1994,The Crow,Drame
1994,The Crow,Fantaisie
1994,Natural Born Killers,Action
1994,Natural Born Killers,Policier
1994,Natural Born Killers,Drame
1994,Angels in the Outfield,Comédie
1994,Angels in the Outfield,Famille
1994,Angels in the Outfield,Fantaisie
1994,Little Women,Drame
1994,Little Women,Famille
1994,Little Women,Romance
1994,When a Man Loves a Woman,Drame
1994,When a Man Loves a Woman,Romance
1994,The River Wild,Aventure
1994,The River Wild,Policier
1994,The River Wild,Thriller
1994,D2: The Mighty Ducks,Comédie
1994,D2: The Mighty Ducks,Drame
1994,D2: The Mighty Ducks,Famille
1994,Timecop,Action
1994,Timecop,Policier
1994,Timecop,Science-fiction
1994,The Jungle Book,Aventure
1994,The Jungle Book,Famille
1994,The Jungle Book,Romance
1994,City Slickers II: The Legend of Curly's Gold,Comédie
1994,Beverly Hills Cop III,Action
1994,Beverly Hills Cop III,Comédie
1994,Beverly Hills Cop III,Policier
1994,Nobody's Fool,Comédie
1994,Nobody's Fool,Drame
1994,The Paper,Comédie
1994,The Paper,Drame
1994,On Deadly Ground,Action
1994,On Deadly Ground,Aventure
1994,On Deadly Ground,Thriller
1994,Ri¢hie Ri¢h,Comédie
1994,Ri¢hie Ri¢h,Famille
1994,It Could Happen to You,Comédie
1994,It Could Happen to You,Drame
1994,It Could Happen to You,Romance
1994,Junior,Comédie
1994,Junior,Romance
1994,Junior,Science-fiction
1994,Nell,Drame
1994,Street Fighter,Action
1994,Street Fighter,Aventure
1994,Street Fighter,Comédie
1994,The Shadow,Action
1994,The Shadow,Aventure
1994,The Shadow,Policier
1994,I Love Trouble,Action
1994,I Love Trouble,Comédie
1994,I Love Trouble,Romance
1994,Major League II,Comédie
1994,Major League II,Sport
1994,Blank Check,Comédie
1994,Blank Check,Policier
1994,Blank Check,Famille
1994,Blown Away,Action
1994,Blown Away,Policier
1994,Blown Away,Drame
1994,A Low Down Dirty Shame,Action
1994,A Low Down Dirty Shame,Comédie
1994,A Low Down Dirty Shame,Policier
1994,In the Army Now,Comédie
1994,In the Army Now,Guerre
1994,Drop Zone,Action
1994,Drop Zone,Aventure
1994,Drop Zone,Thriller
1994,The Shawshank Redemption,Drame
1995,Toy Story,Animation
1995,Toy Story,Aventure
1995,Toy Story,Comédie
1995,Batman Forever,Action
1995,Batman Forever,Aventure
1995,Batman Forever,Fantaisie
1995,Apollo 13,Aventure
1995,Apollo 13,Drame
1995,Apollo 13,Histoire
1995,Pocahontas,Animation
1995,Pocahontas,Aventure
1995,Pocahontas,Drame
1995,Ace Ventura: When Nature Calls,Aventure
1995,Ace Ventura: When Nature Calls,Comédie
1995,Ace Ventura: When Nature Calls,Policier
1995,GoldenEye,Action
1995,GoldenEye,Aventure
1995,GoldenEye,Thriller
1995,Jumanji,Aventure
1995,Jumanji,Comédie
1995,Jumanji,Famille
1995,Casper,Comédie
1995,Casper,Famille
1995,Casper,Fantaisie
1995,Se7en,Policier
1995,Se7en,Drame
1995,Se7en,Mystère
1995,Die Hard with a Vengeance,Action
1995,Die Hard with a Vengeance,Aventure
1995,Die Hard with a Vengeance,Thriller
1995,Crimson Tide,Action
1995,Crimson Tide,Drame
1995,Crimson Tide,Thriller
1995,Waterworld,Action
1995,Waterworld,Aventure
1995,Waterworld,Science-fiction
1995,Dangerous Minds,Biographie
1995,Dangerous Minds,Drame
1995,Mr. Holland's Opus,Drame
1995,Mr. Holland's Opus,Musique
1995,While You Were Sleeping,Comédie
1995,While You Were Sleeping,Drame
1995,While You Were Sleeping,Romance
1995,Congo,Action
1995,Congo,Aventure
1995,Congo,Mystère
1995,Father of the Bride Part II,Comédie
1995,Father of the Bride Part II,Famille
1995,Father of the Bride Part II,Romance
1995,Braveheart,Biographie
1995,Braveheart,Drame
1995,Braveheart,Histoire
1995,Get Shorty,Comédie
1995,Get Shorty,Policier
1995,Get Shorty,Thriller
1995,The Bridges of Madison County,Drame
1995,The Bridges of Madison County,Romance
1995,Mortal Kombat,Action
1995,Mortal Kombat,Aventure
1995,Mortal Kombat,Fantaisie
1995,Grumpier Old Men,Comédie
1995,Grumpier Old Men,Romance
1995,Nine Months,Comédie
1995,Nine Months,Romance
1995,Outbreak,Action
1995,Outbreak,Drame
1995,Outbreak,Thriller
1995,Heat,Policier
1995,Heat,Drame
1995,Heat,Thriller
1995,Waiting to Exhale,Comédie
1995,Waiting to Exhale,Drame
1995,Waiting to Exhale,Romance
1995,Babe,Comédie
1995,Babe,Drame
1995,Babe,Famille
1995,Bad Boys,Action
1995,Bad Boys,Comédie
1995,Bad Boys,Policier
1995,The American President,Comédie
1995,The American President,Drame
1995,The American President,Romance
1995,Species,Action
1995,Species,Horreur
1995,Species,Science-fiction
1995,12 Monkeys,Mystère
1995,12 Monkeys,Science-fiction
1995,12 Monkeys,Thriller
1995,Clueless,Comédie
1995,Clueless,Romance
1995,Sabrina,Comédie
1995,Sabrina,Drame
1995,Sabrina,Romance
1995,Something to Talk About,Comédie
1995,Something to Talk About,Drame
1995,Something to Talk About,Romance
1995,The Net,Action
1995,The Net,Policier
1995,The Net,Drame
1995,Under Siege 2: Dark Territory,Action
1995,Under Siege 2: Dark Territory,Thriller
1995,A Walk in the Clouds,Drame
1995,A Walk in the Clouds,Romance
1995,The Brady Bunch Movie,Comédie
1995,Sense and Sensibility,Drame
1995,Sense and Sensibility,Romance
1995,Casino,Policier
1995,Casino,Drame
1995,Man of the House,Comédie
1995,Man of the House,Famille
1995,Dead Man Walking,Policier
1995,Dead Man Walking,Drame
1995,French Kiss,Comédie
1995,French Kiss,Drame
1995,French Kiss,Romance
1995,Higher Learning,Policier
1995,Higher Learning,Drame
1995,Higher Learning,Romance
1995,Mighty Morphin Power Rangers: The Movie,Action
1995,Mighty Morphin Power Rangers: The Movie,Aventure
1995,Mighty Morphin Power Rangers: The Movie,Famille
1995,First Knight,Action
1995,First Knight,Aventure
1995,First Knight,Drame
1995,Just Cause,Action
1995,Just Cause,Policier
1995,Just Cause,Drame
1995,"To Wong Foo Thanks for Everything, Julie Newmar",Comédie
1995,"To Wong Foo Thanks for Everything, Julie Newmar",Drame
1995,The Indian in the Cupboard,Drame
1995,The Indian in the Cupboard,Famille
1995,The Indian in the Cupboard,Fantaisie
1995,A Goofy Movie,Animation
1995,A Goofy Movie,Aventure
1995,A Goofy Movie,Comédie
1996,Independence Day,Action
1996,Independence Day,Aventure
1996,Independence Day,Science-fiction
1996,Twister,Action
1996,Twister,Aventure
1996,Twister,Thriller
1996,Mission: Impossible,Action
1996,Mission: Impossible,Aventure
1996,Mission: Impossible,Thriller
1996,Jerry Maguire,Comédie
1996,Jerry Maguire,Drame
1996,Jerry Maguire,Romance
1996,Ransom,Action
1996,Ransom,Policier
1996,Ransom,Thriller
1996,101 Dalmatians,Aventure
1996,101 Dalmatians,Comédie
1996,101 Dalmatians,Policier
1996,The Rock,Action
1996,The Rock,Aventure
1996,The Rock,Thriller
1996,The Nutty Professor,Comédie
1996,The Nutty Professor,Romance
1996,The Nutty Professor,Science-fiction
1996,The Birdcage,Comédie
1996,A Time to Kill,Policier
1996,A Time to Kill,Drame
1996,A Time to Kill,Thriller
1996,The First Wives Club,Comédie
1996,Phenomenon,Drame
1996,Phenomenon,Fantaisie
1996,Phenomenon,Romance
1996,Scream,Horreur
1996,Scream,Mystère
1996,Eraser,Action
1996,Eraser,Drame
1996,Eraser,Thriller
1996,The Hunchback of Notre Dame,Animation
1996,The Hunchback of Notre Dame,Drame
1996,The Hunchback of Notre Dame,Famille
1996,Michael,Comédie
1996,Michael,Drame
1996,Michael,Fantaisie
1996,Star Trek: First Contact,Action
1996,Star Trek: First Contact,Aventure
1996,Star Trek: First Contact,Drame
1996,Space Jam,Animation
1996,Space Jam,Aventure
1996,Space Jam,Comédie
1996,The English Patient,Drame
1996,The English Patient,Romance
1996,The English Patient,Guerre
1996,Broken Arrow,Action
1996,Broken Arrow,Aventure
1996,Broken Arrow,Thriller
1996,Beavis and Butt-Head Do America,Animation
1996,Beavis and Butt-Head Do America,Aventure
1996,Beavis and Butt-Head Do America,Comédie
1996,Jingle All the Way,Comédie
1996,Jingle All the Way,Famille
1996,The Cable Guy,Comédie
1996,The Cable Guy,Drame
1996,The Cable Guy,Thriller
1996,Courage Under Fire,Action
1996,Courage Under Fire,Drame
1996,Courage Under Fire,Mystère
1996,Jack,Comédie
1996,Jack,Drame
1996,Jack,Fantaisie
1996,Executive Decision,Action
1996,Executive Decision,Aventure
1996,Executive Decision,Thriller
1996,Primal Fear,Policier
1996,Primal Fear,Drame
1996,Primal Fear,Mystère
1996,Tin Cup,Comédie
1996,Tin Cup,Drame
1996,Tin Cup,Romance
1996,DragonHeart,Action
1996,DragonHeart,Aventure
1996,DragonHeart,Fantaisie
1996,Up Close & Personal,Drame
1996,Up Close & Personal,Romance
1996,Evita,Biographie
1996,Evita,Drame
1996,Evita,Histoire
1996,Homeward Bound II: Lost in San Francisco,Aventure
1996,Homeward Bound II: Lost in San Francisco,Comédie
1996,Homeward Bound II: Lost in San Francisco,Famille
1996,Sleepers,Policier
1996,Sleepers,Drame
1996,Sleepers,Thriller
1996,The Preacher's Wife,Comédie
1996,The Preacher's Wife,Drame
1996,The Preacher's Wife,Fantaisie
1996,Romeo + Juliet,Drame
1996,Romeo + Juliet,Romance
1996,One Fine Day,Comédie
1996,One Fine Day,Drame
1996,One Fine Day,Romance
1996,The Mirror Has Two Faces,Comédie
1996,The Mirror Has Two Faces,Drame
1996,The Mirror Has Two Faces,Romance
1996,Happy Gilmore,Comédie
1996,Happy Gilmore,Sport
1996,The Ghost and the Darkness,Aventure
1996,The Ghost and the Darkness,Drame
1996,The Ghost and the Darkness,Thriller
1996,Mars Attacks!,Comédie
1996,Mars Attacks!,Science-fiction
1996,Set It Off,Action
1996,Set It Off,Policier
1996,Set It Off,Drame
1996,A Thin Line Between Love and Hate,Comédie
1996,A Thin Line Between Love and Hate,Policier
1996,A Thin Line Between Love and Hate,Drame
1996,The Truth About Cats & Dogs,Comédie
1996,The Truth About Cats & Dogs,Romance
1996,Muppet Treasure Island,Action
1996,Muppet Treasure Island,Aventure
1996,Muppet Treasure Island,Comédie
1996,The Long Kiss Goodnight,Action
1996,The Long Kiss Goodnight,Policier
1996,The Long Kiss Goodnight,Drame
1996,Striptease,Comédie
1996,Striptease,Policier
1996,Striptease,Drame
1996,Matilda,Comédie
1996,Matilda,Famille
1996,Matilda,Fantaisie
1996,Daylight,Action
1996,Daylight,Aventure
1996,Daylight,Drame
1996,Black Sheep,Comédie
1996,Eddie,Comédie
1996,Eddie,Sport
1997,Titanic,Drame
1997,Titanic,Romance
1997,Men in Black,Action
1997,Men in Black,Aventure
1997,Men in Black,Comédie
1997,The Lost World: Jurassic Park,Action
1997,The Lost World: Jurassic Park,Aventure
1997,The Lost World: Jurassic Park,Science-fiction
1997,Liar Liar,Comédie
1997,Liar Liar,Fantaisie
1997,Air Force One,Action
1997,Air Force One,Drame
1997,Air Force One,Thriller
1997,As Good as It Gets,Comédie
1997,As Good as It Gets,Drame
1997,As Good as It Gets,Romance
1997,Good Will Hunting,Drame
1997,Good Will Hunting,Romance
1997,My Best Friend's Wedding,Comédie
1997,My Best Friend's Wedding,Drame
1997,My Best Friend's Wedding,Romance
1997,Tomorrow Never Dies,Action
1997,Tomorrow Never Dies,Aventure
1997,Tomorrow Never Dies,Thriller
1997,Face/Off,Action
1997,Face/Off,Policier
1997,Face/Off,Science-fiction
1997,Batman & Robin,Action
1997,Batman & Robin,Science-fiction
1997,George of the Jungle,Action
1997,George of the Jungle,Aventure
1997,George of the Jungle,Comédie
1997,Scream 2,Horreur
1997,Scream 2,Mystère
1997,Con Air,Action
1997,Con Air,Policier
1997,Con Air,Thriller
1997,Contact,Drame
1997,Contact,Mystère
1997,Contact,Science-fiction
1997,Hercules,Animation
1997,Hercules,Aventure
1997,Hercules,Comédie
1997,Flubber,Comédie
1997,Flubber,Famille
1997,Flubber,Science-fiction
1997,Conspiracy Theory,Action
1997,Conspiracy Theory,Mystère
1997,Conspiracy Theory,Thriller
1997,I Know What You Did Last Summer,Horreur
1997,I Know What You Did Last Summer,Mystère
1997,Dante's Peak,Action
1997,Dante's Peak,Aventure
1997,Dante's Peak,Thriller
1997,Anaconda,Action
1997,Anaconda,Aventure
1997,Anaconda,Horreur
1997,L.A. Confidential,Policier
1997,L.A. Confidential,Drame
1997,L.A. Confidential,Mystère
1997,In & Out,Comédie
1997,In & Out,Romance
1997,The Fifth Element,Action
1997,The Fifth Element,Aventure
1997,The Fifth Element,Science-fiction
1997,Mousehunt,Comédie
1997,The Saint,Action
1997,The Saint,Aventure
1997,The Saint,Romance
1997,The Devil's Advocate,Drame
1997,The Devil's Advocate,Mystère
1997,The Devil's Advocate,Thriller
1997,Kiss the Girls,Policier
1997,Kiss the Girls,Drame
1997,Kiss the Girls,Mystère
1997,Jungle 2 Jungle,Comédie
1997,Jungle 2 Jungle,Famille
1997,Anastasia,Animation
1997,Anastasia,Aventure
1997,Anastasia,Drame
1997,Spawn,Action
1997,Spawn,Drame
1997,Spawn,Horreur
1997,The Jackal,Action
1997,The Jackal,Policier
1997,The Jackal,Drame
1997,Starship Troopers,Action
1997,Starship Troopers,Aventure
1997,Starship Troopers,Science-fiction
1997,Austin Powers: International Man of Mystery,Aventure
1997,Austin Powers: International Man of Mystery,Comédie
1997,Breakdown,Policier
1997,Breakdown,Drame
1997,Breakdown,Mystère
1997,Absolute Power,Action
1997,Absolute Power,Policier
1997,Absolute Power,Drame
1997,Volcano,Action
1997,Volcano,Drame
1997,Volcano,Science-fiction
1997,Speed 2: Cruise Control,Action
1997,Speed 2: Cruise Control,Aventure
1997,Speed 2: Cruise Control,Policier
1997,The Game,Drame
1997,The Game,Mystère
1997,The Game,Thriller
1997,G.I. Jane,Action
1997,G.I. Jane,Drame
1997,G.I. Jane,Guerre
1997,Alien: Resurrection,Action
1997,Alien: Resurrection,Horreur
1997,Alien: Resurrection,Science-fiction
1997,The Full Monty,Comédie
1997,The Full Monty,Drame
1997,The Rainmaker,Policier
1997,The Rainmaker,Drame
1997,The Rainmaker,Thriller
1997,Bean,Aventure
1997,Bean,Comédie
1997,Bean,Famille
1997,Cop Land,Policier
1997,Cop Land,Drame
1997,Cop Land,Thriller
1997,Nothing to Lose,Action
1997,Nothing to Lose,Aventure
1997,Nothing to Lose,Comédie
1997,Amistad,Drame
1997,Amistad,Histoire
1997,Soul Food,Comédie
1997,Soul Food,Drame
1997,Wag the Dog,Comédie
1997,Wag the Dog,Drame
1997,The Devil's Own,Action
1997,The Devil's Own,Policier
1997,The Devil's Own,Drame
1998,Saving Private Ryan,Drame
1998,Saving Private Ryan,Guerre
1998,Armageddon,Action
1998,Armageddon,Aventure
1998,Armageddon,Science-fiction
1998,There's Something About Mary,Comédie
1998,There's Something About Mary,Romance
1998,A Bug's Life,Animation
1998,A Bug's Life,Aventure
1998,A Bug's Life,Comédie
1998,The Waterboy,Comédie
1998,The Waterboy,Sport
1998,Doctor Dolittle,Comédie
1998,Doctor Dolittle,Famille
1998,Doctor Dolittle,Fantaisie
1998,Rush Hour,Action
1998,Rush Hour,Comédie
1998,Rush Hour,Policier
1998,Deep Impact,Action
1998,Deep Impact,Drame
1998,Deep Impact,Romance
1998,Godzilla,Action
1998,Godzilla,Science-fiction
1998,Godzilla,Thriller
1998,Patch Adams,Biographie
1998,Patch Adams,Comédie
1998,Patch Adams,Drame
1998,Lethal Weapon 4,Action
1998,Lethal Weapon 4,Policier
1998,Lethal Weapon 4,Thriller
1998,The Truman Show,Comédie
1998,The Truman Show,Drame
1998,The Truman Show,Science-fiction
1998,Mulan,Animation
1998,Mulan,Aventure
1998,Mulan,Famille
1998,You've Got Mail,Comédie
1998,You've Got Mail,Drame
1998,You've Got Mail,Romance
1998,Enemy of the State,Action
1998,Enemy of the State,Thriller
1998,The Prince of Egypt,Animation
1998,The Prince of Egypt,Aventure
1998,The Prince of Egypt,Drame
1998,The Rugrats Movie,Animation
1998,The Rugrats Movie,Aventure
1998,The Rugrats Movie,Comédie
1998,Shakespeare in Love,Comédie
1998,Shakespeare in Love,Drame
1998,Shakespeare in Love,Histoire
1998,The Mask of Zorro,Action
1998,The Mask of Zorro,Aventure
1998,The Mask of Zorro,Comédie
1998,Stepmom,Comédie
1998,Stepmom,Drame
1998,Antz,Animation
1998,Antz,Aventure
1998,Antz,Comédie
1998,The X Files,Drame
1998,The X Files,Mystère
1998,The X Files,Science-fiction
1998,The Wedding Singer,Comédie
1998,The Wedding Singer,Musique
1998,The Wedding Singer,Romance
1998,City of Angels,Drame
1998,City of Angels,Fantaisie
1998,City of Angels,Romance
1998,The Horse Whisperer,Drame
1998,The Horse Whisperer,Romance
1998,The Horse Whisperer,Western
1998,Six Days Seven Nights,Action
1998,Six Days Seven Nights,Aventure
1998,Six Days Seven Nights,Comédie
1998,Star Trek: Insurrection,Action
1998,Star Trek: Insurrection,Aventure
1998,Star Trek: Insurrection,Science-fiction
1998,Blade,Action
1998,Blade,Horreur
1998,Blade,Science-fiction
1998,Lost in Space,Action
1998,Lost in Space,Aventure
1998,Lost in Space,Famille
1998,A Perfect Murder,Policier
1998,A Perfect Murder,Drame
1998,A Perfect Murder,Thriller
1998,The Parent Trap,Aventure
1998,The Parent Trap,Comédie
1998,The Parent Trap,Drame
1998,Ever After: A Cinderella Story,Comédie
1998,Ever After: A Cinderella Story,Drame
1998,Ever After: A Cinderella Story,Romance
1998,Hope Floats,Drame
1998,Hope Floats,Romance
1998,U.S. Marshals,Action
1998,U.S. Marshals,Policier
1998,U.S. Marshals,Thriller
1998,The Man in the Iron Mask,Action
1998,The Man in the Iron Mask,Aventure
1998,The Man in the Iron Mask,Drame
1998,A Civil Action,Drame
1998,Snake Eyes,Policier
1998,Snake Eyes,Mystère
1998,Snake Eyes,Thriller
1998,What Dreams May Come,Drame
1998,What Dreams May Come,Fantaisie
1998,What Dreams May Come,Romance
1998,Halloween H20: 20 Years Later,Horreur
1998,Halloween H20: 20 Years Later,Thriller
1998,Small Soldiers,Action
1998,Small Soldiers,Aventure
1998,Small Soldiers,Comédie
1998,T-Rex: Back to the Cretaceous,Aventure
1998,T-Rex: Back to the Cretaceous,Famille
1998,T-Rex: Back to the Cretaceous,Fantaisie
1998,Mighty Joe Young,Action
1998,Mighty Joe Young,Aventure
1998,Mighty Joe Young,Famille
1998,Practical Magic,Comédie
1998,Practical Magic,Drame
1998,Practical Magic,Fantaisie
1998,Meet Joe Black,Drame
1998,Meet Joe Black,Fantaisie
1998,Meet Joe Black,Romance
1998,The Negotiator,Action
1998,The Negotiator,Policier
1998,The Negotiator,Drame
1998,Ronin,Action
1998,Ronin,Policier
1998,Ronin,Thriller
1998,The Siege,Action
1998,The Siege,Thriller
1998,Pleasantville,Comédie
1998,Pleasantville,Drame
1998,Pleasantville,Fantaisie
1998,The Faculty,Horreur
1998,The Faculty,Science-fiction
1998,I Still Know What You Did Last Summer,Horreur
1998,I Still Know What You Did Last Summer,Mystère
1999,Star Wars: Episode I - The Phantom Menace,Action
1999,Star Wars: Episode I - The Phantom Menace,Aventure
1999,Star Wars: Episode I - The Phantom Menace,Fantaisie
1999,The Sixth Sense,Drame
1999,The Sixth Sense,Mystère
1999,The Sixth Sense,Thriller
1999,Toy Story 2,Animation
1999,Toy Story 2,Aventure
1999,Toy Story 2,Comédie
1999,Austin Powers: The Spy Who Shagged Me,Action
1999,Austin Powers: The Spy Who Shagged Me,Aventure
1999,Austin Powers: The Spy Who Shagged Me,Comédie
1999,The Matrix,Action
1999,The Matrix,Science-fiction
1999,Tarzan,Animation
1999,Tarzan,Aventure
1999,Tarzan,Famille
1999,Big Daddy,Comédie
1999,Big Daddy,Drame
1999,The Mummy,Action
1999,The Mummy,Aventure
1999,The Mummy,Fantaisie
1999,Runaway Bride,Comédie
1999,Runaway Bride,Romance
1999,The Blair Witch Project,Horreur
1999,The Blair Witch Project,Mystère
1999,Stuart Little,Aventure
1999,Stuart Little,Comédie
1999,Stuart Little,Famille
1999,The Green Mile,Policier
1999,The Green Mile,Drame
1999,The Green Mile,Fantaisie
1999,American Beauty,Drame
1999,The World Is Not Enough,Action
1999,The World Is Not Enough,Aventure
1999,The World Is Not Enough,Thriller
1999,Double Jeopardy,Policier
1999,Double Jeopardy,Drame
1999,Double Jeopardy,Mystère
1999,Notting Hill,Comédie
1999,Notting Hill,Drame
1999,Notting Hill,Romance
1999,Wild Wild West,Action
1999,Wild Wild West,Comédie
1999,Wild Wild West,Science-fiction
1999,Analyze This,Comédie
1999,Analyze This,Policier
1999,The General's Daughter,Policier
1999,The General's Daughter,Drame
1999,The General's Daughter,Mystère
1999,American Pie,Comédie
1999,Sleepy Hollow,Fantaisie
1999,Sleepy Hollow,Horreur
1999,Sleepy Hollow,Mystère
1999,Inspector Gadget,Action
1999,Inspector Gadget,Aventure
1999,Inspector Gadget,Comédie
1999,The Haunting,Fantaisie
1999,The Haunting,Horreur
1999,The Haunting,Mystère
1999,Entrapment,Action
1999,Entrapment,Policier
1999,Entrapment,Romance
1999,Payback,Action
1999,Payback,Policier
1999,Payback,Drame
1999,The Talented Mr. Ripley,Policier
1999,The Talented Mr. Ripley,Drame
1999,The Talented Mr. Ripley,Thriller
1999,Any Given Sunday,Drame
1999,Any Given Sunday,Sport
1999,Deep Blue Sea,Action
1999,Deep Blue Sea,Aventure
1999,Deep Blue Sea,Science-fiction
1999,Galaxy Quest,Aventure
1999,Galaxy Quest,Comédie
1999,Galaxy Quest,Science-fiction
1999,The Thomas Crown Affair,Policier
1999,The Thomas Crown Affair,Romance
1999,The Thomas Crown Affair,Thriller
1999,Blue Streak,Action
1999,Blue Streak,Comédie
1999,Blue Streak,Policier
1999,End of Days,Action
1999,End of Days,Fantaisie
1999,End of Days,Horreur
1999,The Bone Collector,Policier
1999,The Bone Collector,Drame
1999,The Bone Collector,Mystère
1999,Bowfinger,Comédie
1999,Deuce Bigalow: Male Gigolo,Comédie
1999,Deuce Bigalow: Male Gigolo,Romance
1999,Life,Comédie
1999,Life,Policier
1999,Life,Drame
1999,She's All That,Comédie
1999,She's All That,Romance
1999,Fantasia 2000,Animation
1999,Fantasia 2000,Comédie
1999,Fantasia 2000,Famille
1999,Three Kings,Action
1999,Three Kings,Aventure
1999,Three Kings,Comédie
1999,Bicentennial Man,Comédie
1999,Bicentennial Man,Drame
1999,Bicentennial Man,Science-fiction
1999,The Cider House Rules,Drame
1999,The Cider House Rules,Romance
1999,Eyes Wide Shut,Drame
1999,Eyes Wide Shut,Mystère
1999,Eyes Wide Shut,Thriller
1999,Never Been Kissed,Comédie
1999,Never Been Kissed,Drame
1999,Never Been Kissed,Romance
1999,Forces of Nature,Comédie
1999,Forces of Nature,Romance
1999,Varsity Blues,Comédie
1999,Varsity Blues,Drame
1999,Varsity Blues,Romance
1999,Message in a Bottle,Drame
1999,Message in a Bottle,Romance
1999,"South Park: Bigger, Longer & Uncut",Animation
1999,"South Park: Bigger, Longer & Uncut",Comédie
1999,"South Park: Bigger, Longer & Uncut",Fantaisie
1999,The Hurricane,Biographie
1999,The Hurricane,Drame
1999,The Hurricane,Sport
1999,Stigmata,Horreur
1999,House on Haunted Hill,Horreur
1999,House on Haunted Hill,Mystère
1999,House on Haunted Hill,Thriller
2000,How the Grinch Stole Christmas,Comédie
2000,How the Grinch Stole Christmas,Famille
2000,How the Grinch Stole Christmas,Fantaisie
2000,Cast Away,Aventure
2000,Cast Away,Drame
2000,Cast Away,Romance
2000,Mission: Impossible II,Action
2000,Mission: Impossible II,Aventure
2000,Mission: Impossible II,Thriller
2000,Gladiator,Action
2000,Gladiator,Aventure
2000,Gladiator,Drame
2000,What Women Want,Comédie
2000,What Women Want,Fantaisie
2000,What Women Want,Romance
2000,The Perfect Storm,Action
2000,The Perfect Storm,Aventure
2000,The Perfect Storm,Drame
2000,Meet the Parents,Comédie
2000,Meet the Parents,Romance
2000,X-Men,Action
2000,X-Men,Aventure
2000,X-Men,Science-fiction
2000,Scary Movie,Comédie
2000,What Lies Beneath,Drame
2000,What Lies Beneath,Fantaisie
2000,What Lies Beneath,Horreur
2000,Dinosaur,Animation
2000,Dinosaur,Aventure
2000,Dinosaur,Famille
2000,"Crouching Tiger, Hidden Dragon",Action
2000,"Crouching Tiger, Hidden Dragon",Aventure
2000,"Crouching Tiger, Hidden Dragon",Fantaisie
2000,Erin Brockovich,Biographie
2000,Erin Brockovich,Drame
2000,Charlie's Angels,Action
2000,Charlie's Angels,Aventure
2000,Charlie's Angels,Comédie
2000,Traffic,Policier
2000,Traffic,Drame
2000,Traffic,Thriller
2000,Nutty Professor II: The Klumps,Comédie
2000,Nutty Professor II: The Klumps,Romance
2000,Nutty Professor II: The Klumps,Science-fiction
2000,Big Momma's House,Action
2000,Big Momma's House,Comédie
2000,Big Momma's House,Policier
2000,Remember the Titans,Biographie
2000,Remember the Titans,Drame
2000,Remember the Titans,Sport
2000,The Patriot,Action
2000,The Patriot,Drame
2000,The Patriot,Histoire
2000,Chicken Run,Animation
2000,Chicken Run,Aventure
2000,Chicken Run,Comédie
2000,Miss Congeniality,Action
2000,Miss Congeniality,Comédie
2000,Miss Congeniality,Policier
2000,Gone in 60 Seconds,Action
2000,Gone in 60 Seconds,Policier
2000,Gone in 60 Seconds,Thriller
2000,Unbreakable,Drame
2000,Unbreakable,Mystère
2000,Unbreakable,Science-fiction
2000,"Me, Myself & Irene",Comédie
2000,Space Cowboys,Action
2000,Space Cowboys,Aventure
2000,Space Cowboys,Thriller
2000,The Emperor's New Groove,Animation
2000,The Emperor's New Groove,Aventure
2000,The Emperor's New Groove,Comédie
2000,Scream 3,Horreur
2000,Scream 3,Mystère
2000,U-571,Action
2000,U-571,Guerre
2000,Rugrats in Paris: The Movie,Animation
2000,Rugrats in Paris: The Movie,Aventure
2000,Rugrats in Paris: The Movie,Comédie
2000,The Family Man,Comédie
2000,The Family Man,Drame
2000,The Family Man,Fantaisie
2000,Hollow Man,Action
2000,Hollow Man,Horreur
2000,Hollow Man,Science-fiction
2000,Chocolat,Drame
2000,Chocolat,Romance
2000,Shaft,Action
2000,Shaft,Policier
2000,Shaft,Thriller
2000,The Kid,Comédie
2000,The Kid,Famille
2000,The Kid,Fantaisie
2000,Vertical Limit,Action
2000,Vertical Limit,Aventure
2000,Vertical Limit,Drame
2000,Road Trip,Comédie
2000,Bring It On,Comédie
2000,Bring It On,Romance
2000,Bring It On,Sport
2000,102 Dalmatians,Aventure
2000,102 Dalmatians,Comédie
2000,102 Dalmatians,Famille
2000,Finding Forrester,Drame
2000,Rules of Engagement,Drame
2000,Rules of Engagement,Thriller
2000,Rules of Engagement,Guerre
2000,The Cell,Horreur
2000,The Cell,Science-fiction
2000,The Cell,Thriller
2000,Mission to Mars,Aventure
2000,Mission to Mars,Science-fiction
2000,Mission to Mars,Thriller
2000,Coyote Ugly,Comédie
2000,Coyote Ugly,Drame
2000,Coyote Ugly,Musique
2000,Snow Day,Aventure
2000,Snow Day,Comédie
2000,Snow Day,Famille
2000,Next Friday,Comédie
2000,The Whole Nine Yards,Comédie
2000,The Whole Nine Yards,Policier
2000,Shanghai Noon,Action
2000,Shanghai Noon,Aventure
2000,Shanghai Noon,Comédie
2000,Romeo Must Die,Action
2000,Romeo Must Die,Policier
2000,Romeo Must Die,Thriller
2000,Final Destination,Horreur
2000,Final Destination,Thriller
2000,The Road to El Dorado,Animation
2000,The Road to El Dorado,Aventure
2000,The Road to El Dorado,Comédie
2001,Harry Potter and the Sorcerer's Stone,Aventure
2001,Harry Potter and the Sorcerer's Stone,Famille
2001,Harry Potter and the Sorcerer's Stone,Fantaisie
2001,The Lord of the Rings: The Fellowship of the Ring,Action
2001,The Lord of the Rings: The Fellowship of the Ring,Aventure
2001,The Lord of the Rings: The Fellowship of the Ring,Drame
2001,"Monsters, Inc.",Animation
2001,"Monsters, Inc.",Aventure
2001,"Monsters, Inc.",Comédie
2001,Shrek,Animation
2001,Shrek,Aventure
2001,Shrek,Comédie
2001,Rush Hour 2,Action
2001,Rush Hour 2,Comédie
2001,Rush Hour 2,Policier
2001,The Mummy Returns,Action
2001,The Mummy Returns,Aventure
2001,The Mummy Returns,Fantaisie
2001,Pearl Harbor,Action
2001,Pearl Harbor,Drame
2001,Pearl Harbor,Histoire
2001,Ocean's Eleven,Policier
2001,Ocean's Eleven,Thriller
2001,Jurassic Park III,Action
2001,Jurassic Park III,Aventure
2001,Jurassic Park III,Science-fiction
2001,Planet of the Apes,Action
2001,Planet of the Apes,Aventure
2001,Planet of the Apes,Science-fiction
2001,A Beautiful Mind,Biographie
2001,A Beautiful Mind,Drame
2001,Hannibal,Policier
2001,Hannibal,Drame
2001,Hannibal,Thriller
2001,American Pie 2,Comédie
2001,The Fast and the Furious,Action
2001,The Fast and the Furious,Policier
2001,The Fast and the Furious,Thriller
2001,Lara Croft: Tomb Raider,Action
2001,Lara Croft: Tomb Raider,Aventure
2001,Lara Croft: Tomb Raider,Fantaisie
2001,Dr. Dolittle 2,Comédie
2001,Dr. Dolittle 2,Famille
2001,Dr. Dolittle 2,Fantaisie
2001,Spy Kids,Action
2001,Spy Kids,Aventure
2001,Spy Kids,Comédie
2001,Black Hawk Down,Drame
2001,Black Hawk Down,Histoire
2001,Black Hawk Down,Guerre
2001,The Princess Diaries,Comédie
2001,The Princess Diaries,Famille
2001,The Princess Diaries,Romance
2001,Vanilla Sky,Fantaisie
2001,Vanilla Sky,Mystère
2001,Vanilla Sky,Romance
2001,The Others,Horreur
2001,The Others,Mystère
2001,The Others,Thriller
2001,Legally Blonde,Comédie
2001,Legally Blonde,Romance
2001,America's Sweethearts,Comédie
2001,America's Sweethearts,Romance
2001,Cats & Dogs,Action
2001,Cats & Dogs,Comédie
2001,Cats & Dogs,Famille
2001,Save the Last Dance,Drame
2001,Save the Last Dance,Musique
2001,Save the Last Dance,Romance
2001,Atlantis: The Lost Empire,Animation
2001,Atlantis: The Lost Empire,Action
2001,Atlantis: The Lost Empire,Aventure
2001,Jimmy Neutron: Boy Genius,Animation
2001,Jimmy Neutron: Boy Genius,Action
2001,Jimmy Neutron: Boy Genius,Aventure
2001,A.I. Artificial Intelligence,Drame
2001,A.I. Artificial Intelligence,Science-fiction
2001,Training Day,Policier
2001,Training Day,Drame
2001,Training Day,Thriller
2001,Along Came a Spider,Drame
2001,Along Came a Spider,Thriller
2001,Bridget Jones's Diary,Comédie
2001,Bridget Jones's Diary,Drame
2001,Bridget Jones's Diary,Romance
2001,Scary Movie 2,Comédie
2001,The Score,Policier
2001,The Score,Drame
2001,The Score,Thriller
2001,Shallow Hal,Comédie
2001,Shallow Hal,Drame
2001,Shallow Hal,Fantaisie
2001,Swordfish,Action
2001,Swordfish,Policier
2001,Swordfish,Thriller
2001,The Mexican,Aventure
2001,The Mexican,Comédie
2001,The Mexican,Policier
2001,Down to Earth,Comédie
2001,Down to Earth,Fantaisie
2001,The Wedding Planner,Comédie
2001,The Wedding Planner,Romance
2001,Behind Enemy Lines,Action
2001,Behind Enemy Lines,Drame
2001,Behind Enemy Lines,Thriller
2001,Ali,Biographie
2001,Ali,Drame
2001,Ali,Sport
2001,The Animal,Comédie
2001,The Animal,Science-fiction
2001,Moulin Rouge!,Drame
2001,Moulin Rouge!,Comédie musicale
2001,Moulin Rouge!,Romance
2001,Rat Race,Aventure
2001,Rat Race,Comédie
2001,A Knight's Tale,Action
2001,A Knight's Tale,Aventure
2001,A Knight's Tale,Romance
2001,Don't Say a Word,Drame
2001,Don't Say a Word,Mystère
2001,Don't Say a Word,Thriller
2001,Blow,Biographie
2001,Blow,Policier
2001,Blow,Drame
2001,The Royal Tenenbaums,Comédie
2001,The Royal Tenenbaums,Drame
2001,Exit Wounds,Action
2001,Exit Wounds,Policier
2001,Exit Wounds,Thriller
2001,Enemy at the Gates,Drame
2001,Enemy at the Gates,Histoire
2001,Enemy at the Gates,Guerre
2001,K-PAX,Drame
2001,K-PAX,Science-fiction
2002,Spider-Man,Action
2002,Spider-Man,Aventure
2002,Spider-Man,Science-fiction
2002,The Lord of the Rings: The Two Towers,Aventure
2002,The Lord of the Rings: The Two Towers,Drame
2002,The Lord of the Rings: The Two Towers,Fantaisie
2002,Star Wars: Episode II - Attack of the Clones,Action
2002,Star Wars: Episode II - Attack of the Clones,Aventure
2002,Star Wars: Episode II - Attack of the Clones,Fantaisie
2002,Harry Potter and the Chamber of Secrets,Aventure
2002,Harry Potter and the Chamber of Secrets,Famille
2002,Harry Potter and the Chamber of Secrets,Fantaisie
2002,My Big Fat Greek Wedding,Comédie
2002,My Big Fat Greek Wedding,Drame
2002,My Big Fat Greek Wedding,Romance
2002,Signs,Drame
2002,Signs,Mystère
2002,Signs,Science-fiction
2002,Austin Powers in Goldmember,Action
2002,Austin Powers in Goldmember,Aventure
2002,Austin Powers in Goldmember,Comédie
2002,Men in Black II,Action
2002,Men in Black II,Aventure
2002,Men in Black II,Comédie
2002,Ice Age,Animation
2002,Ice Age,Aventure
2002,Ice Age,Comédie
2002,Chicago,Comédie
2002,Chicago,Policier
2002,Chicago,Comédie musicale
2002,Catch Me If You Can,Biographie
2002,Catch Me If You Can,Policier
2002,Catch Me If You Can,Drame
2002,Die Another Day,Action
2002,Die Another Day,Aventure
2002,Die Another Day,Thriller
2002,Scooby-Doo,Aventure
2002,Scooby-Doo,Comédie
2002,Scooby-Doo,Famille
2002,Lilo & Stitch,Animation
2002,Lilo & Stitch,Aventure
2002,Lilo & Stitch,Comédie
2002,xXx,Action
2002,xXx,Aventure
2002,xXx,Thriller
2002,The Santa Clause 2,Comédie
2002,The Santa Clause 2,Famille
2002,The Santa Clause 2,Fantaisie
2002,Minority Report,Action
2002,Minority Report,Policier
2002,Minority Report,Mystère
2002,The Ring,Horreur
2002,The Ring,Mystère
2002,Sweet Home Alabama,Comédie
2002,Sweet Home Alabama,Romance
2002,Mr. Deeds,Comédie
2002,Mr. Deeds,Romance
2002,The Bourne Identity,Action
2002,The Bourne Identity,Mystère
2002,The Bourne Identity,Thriller
2002,The Sum of All Fears,Action
2002,The Sum of All Fears,Drame
2002,The Sum of All Fears,Thriller
2002,8 Mile,Drame
2002,8 Mile,Musique
2002,Road to Perdition,Policier
2002,Road to Perdition,Drame
2002,Road to Perdition,Thriller
2002,Panic Room,Policier
2002,Panic Room,Drame
2002,Panic Room,Thriller
2002,Maid in Manhattan,Comédie
2002,Maid in Manhattan,Drame
2002,Maid in Manhattan,Romance
2002,Two Weeks Notice,Comédie
2002,Two Weeks Notice,Romance
2002,Red Dragon,Policier
2002,Red Dragon,Drame
2002,Red Dragon,Thriller
2002,The Scorpion King,Action
2002,The Scorpion King,Aventure
2002,The Scorpion King,Fantaisie
2002,Spy Kids 2: Island of Lost Dreams,Action
2002,Spy Kids 2: Island of Lost Dreams,Aventure
2002,Spy Kids 2: Island of Lost Dreams,Comédie
2002,Blade II,Action
2002,Blade II,Horreur
2002,Blade II,Science-fiction
2002,Snow Dogs,Aventure
2002,Snow Dogs,Comédie
2002,Snow Dogs,Famille
2002,We Were Soldiers,Action
2002,We Were Soldiers,Drame
2002,We Were Soldiers,Histoire
2002,Gangs of New York,Policier
2002,Gangs of New York,Drame
2002,Barbershop,Comédie
2002,Barbershop,Drame
2002,The Rookie,Drame
2002,The Rookie,Famille
2002,The Rookie,Sport
2002,Spirit: Stallion of the Cimarron,Animation
2002,Spirit: Stallion of the Cimarron,Aventure
2002,Spirit: Stallion of the Cimarron,Drame
2002,John Q,Policier
2002,John Q,Drame
2002,John Q,Thriller
2002,Divine Secrets of the Ya-Ya Sisterhood,Drame
2002,Insomnia,Drame
2002,Insomnia,Mystère
2002,Insomnia,Thriller
2002,Changing Lanes,Drame
2002,Changing Lanes,Thriller
2002,About Schmidt,Comédie
2002,About Schmidt,Drame
2002,Stuart Little 2,Animation
2002,Stuart Little 2,Aventure
2002,Stuart Little 2,Comédie
2002,The Time Machine,Action
2002,The Time Machine,Aventure
2002,The Time Machine,Science-fiction
2002,Drumline,Comédie
2002,Drumline,Drame
2002,Drumline,Romance
2002,The Count of Monte Cristo,Action
2002,The Count of Monte Cristo,Aventure
2002,The Count of Monte Cristo,Drame
2002,Unfaithful,Drame
2002,Unfaithful,Romance
2002,Unfaithful,Thriller
2002,Like Mike,Comédie
2002,Like Mike,Famille
2002,Like Mike,Fantaisie
2002,The Tuxedo,Action
2002,The Tuxedo,Comédie
2002,The Tuxedo,Science-fiction
2002,Peter Pan 2: Return to Never Land,Animation
2002,Peter Pan 2: Return to Never Land,Aventure
2002,Peter Pan 2: Return to Never Land,Famille
2003,Finding Nemo,Animation
2003,Finding Nemo,Aventure
2003,Finding Nemo,Comédie
2003,The Lord of the Rings: The Return of the King,Aventure
2003,The Lord of the Rings: The Return of the King,Drame
2003,The Lord of the Rings: The Return of the King,Fantaisie
2003,Pirates of the Caribbean: The Curse of the Black Pearl,Action
2003,Pirates of the Caribbean: The Curse of the Black Pearl,Aventure
2003,Pirates of the Caribbean: The Curse of the Black Pearl,Fantaisie
2003,The Matrix Reloaded,Action
2003,The Matrix Reloaded,Science-fiction
2003,Bruce Almighty,Comédie
2003,Bruce Almighty,Drame
2003,Bruce Almighty,Fantaisie
2003,X2: X-Men United,Action
2003,X2: X-Men United,Science-fiction
2003,X2: X-Men United,Thriller
2003,Elf,Comédie
2003,Elf,Famille
2003,Elf,Fantaisie
2003,Terminator 3: Rise of the Machines,Action
2003,Terminator 3: Rise of the Machines,Science-fiction
2003,The Matrix Revolutions,Action
2003,The Matrix Revolutions,Science-fiction
2003,Cheaper by the Dozen,Comédie
2003,Cheaper by the Dozen,Famille
2003,Bad Boys II,Action
2003,Bad Boys II,Comédie
2003,Bad Boys II,Policier
2003,Anger Management,Comédie
2003,Bringing Down the House,Comédie
2003,Hulk,Action
2003,Hulk,Science-fiction
2003,2 Fast 2 Furious,Action
2003,2 Fast 2 Furious,Policier
2003,2 Fast 2 Furious,Thriller
2003,Something's Gotta Give,Comédie
2003,Something's Gotta Give,Drame
2003,Something's Gotta Give,Romance
2003,Seabiscuit,Drame
2003,Seabiscuit,Histoire
2003,Seabiscuit,Sport
2003,S.W.A.T.,Action
2003,S.W.A.T.,Aventure
2003,S.W.A.T.,Policier
2003,Spy Kids 3-D: Game Over,Action
2003,Spy Kids 3-D: Game Over,Aventure
2003,Spy Kids 3-D: Game Over,Comédie
2003,The Last Samurai,Action
2003,The Last Samurai,Drame
2003,The Last Samurai,Guerre
2003,Freaky Friday,Comédie
2003,Freaky Friday,Famille
2003,Freaky Friday,Fantaisie
2003,Scary Movie 3,Comédie
2003,The Italian Job,Action
2003,The Italian Job,Policier
2003,The Italian Job,Thriller
2003,How to Lose a Guy in 10 Days,Comédie
2003,How to Lose a Guy in 10 Days,Romance
2003,American Wedding,Comédie
2003,Daddy Day Care,Comédie
2003,Daddy Day Care,Famille
2003,Daredevil,Action
2003,Daredevil,Policier
2003,The Cat in the Hat,Aventure
2003,The Cat in the Hat,Comédie
2003,The Cat in the Hat,Famille
2003,Charlie's Angels: Full Throttle,Action
2003,Charlie's Angels: Full Throttle,Aventure
2003,Charlie's Angels: Full Throttle,Comédie
2003,Cold Mountain,Aventure
2003,Cold Mountain,Drame
2003,Cold Mountain,Histoire
2003,Master and Commander: The Far Side of the World,Action
2003,Master and Commander: The Far Side of the World,Aventure
2003,Master and Commander: The Far Side of the World,Drame
2003,"Legally Blonde 2: Red, White & Blonde",Comédie
2003,Mystic River,Policier
2003,Mystic River,Drame
2003,Mystic River,Mystère
2003,Brother Bear,Animation
2003,Brother Bear,Aventure
2003,Brother Bear,Comédie
2003,Freddy vs. Jason,Action
2003,Freddy vs. Jason,Horreur
2003,School of Rock,Comédie
2003,School of Rock,Musique
2003,The Texas Chainsaw Massacre,Horreur
2003,The Haunted Mansion,Comédie
2003,The Haunted Mansion,Famille
2003,The Haunted Mansion,Fantaisie
2003,Old School,Comédie
2003,Kill Bill: Vol. 1,Action
2003,Kill Bill: Vol. 1,Policier
2003,Kill Bill: Vol. 1,Thriller
2003,Holes,Aventure
2003,Holes,Comédie
2003,Holes,Drame
2003,Kangaroo Jack,Action
2003,Kangaroo Jack,Aventure
2003,Kangaroo Jack,Comédie
2003,The League of Extraordinary Gentlemen,Action
2003,The League of Extraordinary Gentlemen,Aventure
2003,The League of Extraordinary Gentlemen,Fantaisie
2003,Big Fish,Aventure
2003,Big Fish,Drame
2003,Big Fish,Fantaisie
2003,Lara Croft Tomb Raider: The Cradle of Life,Action
2003,Lara Croft Tomb Raider: The Cradle of Life,Aventure
2003,Lara Croft Tomb Raider: The Cradle of Life,Fantaisie
2003,Mona Lisa Smile,Drame
2003,Shanghai Knights,Action
2003,Shanghai Knights,Aventure
2003,Shanghai Knights,Comédie
2003,Bad Santa,Comédie
2003,Bad Santa,Policier
2003,Bad Santa,Drame
2003,Love Actually,Comédie
2003,Love Actually,Drame
2003,Love Actually,Romance
2003,Gothika,Horreur
2003,Gothika,Mystère
2003,Gothika,Thriller
2004,Shrek 2,Animation
2004,Shrek 2,Aventure
2004,Shrek 2,Comédie
2004,Spider-Man 2,Action
2004,Spider-Man 2,Aventure
2004,Spider-Man 2,Science-fiction
2004,The Passion of the Christ,Drame
2004,Meet the Fockers,Comédie
2004,Meet the Fockers,Romance
2004,The Incredibles,Animation
2004,The Incredibles,Action
2004,The Incredibles,Aventure
2004,Harry Potter and the Prisoner of Azkaban,Aventure
2004,Harry Potter and the Prisoner of Azkaban,Famille
2004,Harry Potter and the Prisoner of Azkaban,Fantaisie
2004,The Day After Tomorrow,Action
2004,The Day After Tomorrow,Aventure
2004,The Day After Tomorrow,Science-fiction
2004,The Polar Express,Animation
2004,The Polar Express,Aventure
2004,The Polar Express,Comédie
2004,The Bourne Supremacy,Action
2004,The Bourne Supremacy,Mystère
2004,The Bourne Supremacy,Thriller
2004,National Treasure,Action
2004,National Treasure,Aventure
2004,National Treasure,Mystère
2004,Shark Tale,Animation
2004,Shark Tale,Aventure
2004,Shark Tale,Comédie
2004,"I, Robot",Action
2004,"I, Robot",Drame
2004,"I, Robot",Science-fiction
2004,Troy,Drame
2004,Troy,Histoire
2004,Ocean's Twelve,Policier
2004,Ocean's Twelve,Thriller
2004,50 First Dates,Comédie
2004,50 First Dates,Drame
2004,50 First Dates,Romance
2004,Van Helsing,Action
2004,Van Helsing,Aventure
2004,Van Helsing,Fantaisie
2004,Lemony Snicket's A Series of Unfortunate Events,Aventure
2004,Lemony Snicket's A Series of Unfortunate Events,Comédie
2004,Lemony Snicket's A Series of Unfortunate Events,Famille
2004,Dodgeball: A True Underdog Story,Comédie
2004,Dodgeball: A True Underdog Story,Sport
2004,The Village,Drame
2004,The Village,Mystère
2004,The Village,Thriller
2004,The Grudge,Horreur
2004,The Grudge,Mystère
2004,The Grudge,Thriller
2004,The Aviator,Biographie
2004,The Aviator,Drame
2004,Collateral,Policier
2004,Collateral,Drame
2004,Collateral,Thriller
2004,Million Dollar Baby,Drame
2004,Million Dollar Baby,Sport
2004,The Princess Diaries 2: Royal Engagement,Comédie
2004,The Princess Diaries 2: Royal Engagement,Famille
2004,The Princess Diaries 2: Royal Engagement,Romance
2004,Starsky & Hutch,Comédie
2004,Starsky & Hutch,Policier
2004,Along Came Polly,Comédie
2004,Along Came Polly,Romance
2004,Mean Girls,Comédie
2004,The SpongeBob SquarePants Movie,Animation
2004,The SpongeBob SquarePants Movie,Aventure
2004,The SpongeBob SquarePants Movie,Comédie
2004,Anchorman: The Legend of Ron Burgundy,Comédie
2004,Scooby-Doo 2: Monsters Unleashed,Aventure
2004,Scooby-Doo 2: Monsters Unleashed,Comédie
2004,Scooby-Doo 2: Monsters Unleashed,Famille
2004,The Notebook,Drame
2004,The Notebook,Romance
2004,Alien vs. Predator,Action
2004,Alien vs. Predator,Aventure
2004,Alien vs. Predator,Horreur
2004,Man on Fire,Action
2004,Man on Fire,Policier
2004,Man on Fire,Drame
2004,The Terminal,Comédie
2004,The Terminal,Drame
2004,The Terminal,Romance
2004,Garfield,Animation
2004,Garfield,Comédie
2004,Garfield,Famille
2004,Ray,Biographie
2004,Ray,Drame
2004,Ray,Musique
2004,Ladder 49,Action
2004,Ladder 49,Drame
2004,Ladder 49,Thriller
2004,Christmas with the Kranks,Comédie
2004,Christmas with the Kranks,Famille
2004,Sideways,Comédie
2004,Sideways,Drame
2004,Sideways,Romance
2004,White Chicks,Comédie
2004,White Chicks,Policier
2004,Hidalgo,Action
2004,Hidalgo,Aventure
2004,Hidalgo,Biographie
2004,The Forgotten,Drame
2004,The Forgotten,Mystère
2004,The Forgotten,Science-fiction
2004,Kill Bill: Vol. 2,Action
2004,Kill Bill: Vol. 2,Policier
2004,Kill Bill: Vol. 2,Thriller
2004,The Manchurian Candidate,Drame
2004,The Manchurian Candidate,Mystère
2004,The Manchurian Candidate,Science-fiction
2004,Barbershop 2: Back in Business,Comédie
2004,Barbershop 2: Back in Business,Drame
2004,Miracle,Biographie
2004,Miracle,Drame
2004,Miracle,Histoire
2004,Friday Night Lights,Action
2004,Friday Night Lights,Drame
2004,Friday Night Lights,Sport
2004,Hellboy,Action
2004,Hellboy,Fantaisie
2004,Hellboy,Horreur
2004,The Stepford Wives,Comédie
2004,The Stepford Wives,Horreur
2004,The Stepford Wives,Science-fiction
2004,Dawn of the Dead,Action
2004,Dawn of the Dead,Horreur
2005,Star Wars: Episode III - Revenge of the Sith,Action
2005,Star Wars: Episode III - Revenge of the Sith,Aventure
2005,Star Wars: Episode III - Revenge of the Sith,Fantaisie
2005,"The Chronicles of Narnia: The Lion, the Witch and the Wardrobe",Aventure
2005,"The Chronicles of Narnia: The Lion, the Witch and the Wardrobe",Famille
2005,"The Chronicles of Narnia: The Lion, the Witch and the Wardrobe",Fantaisie
2005,Harry Potter and the Goblet of Fire,Aventure
2005,Harry Potter and the Goblet of Fire,Famille
2005,Harry Potter and the Goblet of Fire,Fantaisie
2005,War of the Worlds,Aventure
2005,War of the Worlds,Science-fiction
2005,War of the Worlds,Thriller
2005,King Kong,Action
2005,King Kong,Aventure
2005,King Kong,Drame
2005,Wedding Crashers,Comédie
2005,Wedding Crashers,Romance
2005,Batman Begins,Action
2005,Batman Begins,Aventure
2005,Charlie and the Chocolate Factory,Aventure
2005,Charlie and the Chocolate Factory,Comédie
2005,Charlie and the Chocolate Factory,Famille
2005,Madagascar,Animation
2005,Madagascar,Aventure
2005,Madagascar,Comédie
2005,Mr. & Mrs. Smith,Action
2005,Mr. & Mrs. Smith,Comédie
2005,Mr. & Mrs. Smith,Policier
2005,Hitch,Comédie
2005,Hitch,Romance
2005,The Longest Yard,Comédie
2005,The Longest Yard,Policier
2005,The Longest Yard,Sport
2005,Fantastic Four,Action
2005,Fantastic Four,Aventure
2005,Fantastic Four,Famille
2005,Chicken Little,Animation
2005,Chicken Little,Aventure
2005,Chicken Little,Comédie
2005,Robots,Animation
2005,Robots,Aventure
2005,Robots,Comédie
2005,Walk the Line,Biographie
2005,Walk the Line,Drame
2005,Walk the Line,Musique
2005,The Pacifier,Action
2005,The Pacifier,Comédie
2005,The Pacifier,Drame
2005,Fun with Dick and Jane,Comédie
2005,Fun with Dick and Jane,Policier
2005,The 40-Year-Old Virgin,Comédie
2005,The 40-Year-Old Virgin,Romance
2005,Flightplan,Drame
2005,Flightplan,Mystère
2005,Flightplan,Thriller
2005,Saw II,Horreur
2005,Saw II,Mystère
2005,Brokeback Mountain,Drame
2005,Brokeback Mountain,Romance
2005,Monster-in-Law,Comédie
2005,Monster-in-Law,Romance
2005,Are We There Yet?,Aventure
2005,Are We There Yet?,Comédie
2005,Are We There Yet?,Famille
2005,Cheaper by the Dozen 2,Aventure
2005,Cheaper by the Dozen 2,Comédie
2005,Cheaper by the Dozen 2,Famille
2005,The Dukes of Hazzard,Comédie
2005,The Ring Two,Horreur
2005,The Ring Two,Mystère
2005,Constantine,Action
2005,Constantine,Fantaisie
2005,Constantine,Horreur
2005,The Exorcism of Emily Rose,Drame
2005,The Exorcism of Emily Rose,Horreur
2005,The Exorcism of Emily Rose,Thriller
2005,Four Brothers,Action
2005,Four Brothers,Policier
2005,Four Brothers,Drame
2005,Sin City,Policier
2005,Sin City,Thriller
2005,The Interpreter,Policier
2005,The Interpreter,Mystère
2005,The Interpreter,Thriller
2005,V for Vendetta,Action
2005,V for Vendetta,Drame
2005,V for Vendetta,Science-fiction
2005,Guess Who,Comédie
2005,Guess Who,Romance
2005,Sahara,Action
2005,Sahara,Aventure
2005,Sahara,Comédie
2005,Coach Carter,Biographie
2005,Coach Carter,Drame
2005,Coach Carter,Sport
2005,Herbie Fully Loaded,Aventure
2005,Herbie Fully Loaded,Comédie
2005,Herbie Fully Loaded,Famille
2005,The Amityville Horror,Horreur
2005,Sky High,Aventure
2005,Sky High,Comédie
2005,Sky High,Famille
2005,Jarhead,Action
2005,Jarhead,Biographie
2005,Jarhead,Drame
2005,Bewitched,Comédie
2005,Bewitched,Fantaisie
2005,Bewitched,Romance
2005,Cinderella Man,Biographie
2005,Cinderella Man,Drame
2005,Cinderella Man,Histoire
2005,The Family Stone,Comédie
2005,The Family Stone,Drame
2005,The Family Stone,Romance
2005,Red Eye,Action
2005,Red Eye,Mystère
2005,Red Eye,Thriller
2005,Memoirs of a Geisha,Drame
2005,Memoirs of a Geisha,Romance
2005,White Noise,Drame
2005,White Noise,Horreur
2005,White Noise,Mystère
2005,Wallace & Gromit: The Curse of the Were-Rabbit,Animation
2005,Wallace & Gromit: The Curse of the Were-Rabbit,Aventure
2005,Wallace & Gromit: The Curse of the Were-Rabbit,Comédie
2005,Be Cool,Comédie
2005,Be Cool,Policier
2005,Be Cool,Drame
2005,"Yours, Mine & Ours",Comédie
2005,"Yours, Mine & Ours",Famille
2005,"Yours, Mine & Ours",Fantaisie
2005,Corpse Bride,Animation
2005,Corpse Bride,Drame
2005,Corpse Bride,Famille
2006,Pirates of the Caribbean: Dead Man's Chest,Action
2006,Pirates of the Caribbean: Dead Man's Chest,Aventure
2006,Pirates of the Caribbean: Dead Man's Chest,Fantaisie
2006,Night at the Museum,Aventure
2006,Night at the Museum,Comédie
2006,Night at the Museum,Famille
2006,Cars,Animation
2006,Cars,Comédie
2006,Cars,Famille
2006,X-Men: The Last Stand,Action
2006,X-Men: The Last Stand,Science-fiction
2006,The Da Vinci Code,Action
2006,The Da Vinci Code,Mystère
2006,The Da Vinci Code,Thriller
2006,300,Action
2006,300,Drame
2006,Superman Returns,Action
2006,Superman Returns,Science-fiction
2006,Happy Feet,Animation
2006,Happy Feet,Aventure
2006,Happy Feet,Comédie
2006,Ice Age: The Meltdown,Animation
2006,Ice Age: The Meltdown,Aventure
2006,Ice Age: The Meltdown,Comédie
2006,Casino Royale,Action
2006,Casino Royale,Aventure
2006,Casino Royale,Thriller
2006,The Pursuit of Happyness,Biographie
2006,The Pursuit of Happyness,Drame
2006,Over the Hedge,Animation
2006,Over the Hedge,Aventure
2006,Over the Hedge,Comédie
2006,Talladega Nights: The Ballad of Ricky Bobby,Comédie
2006,Talladega Nights: The Ballad of Ricky Bobby,Sport
2006,Click,Comédie
2006,Click,Drame
2006,Click,Fantaisie
2006,Mission: Impossible III,Action
2006,Mission: Impossible III,Aventure
2006,Mission: Impossible III,Thriller
2006,The Departed,Policier
2006,The Departed,Drame
2006,The Departed,Thriller
2006,Borat: Cultural Learnings of America for Make Benefit Glorious Nation of Kazakhstan,Comédie
2006,The Devil Wears Prada,Comédie
2006,The Devil Wears Prada,Drame
2006,The Break-Up,Comédie
2006,The Break-Up,Drame
2006,The Break-Up,Romance
2006,Dreamgirls,Drame
2006,Dreamgirls,Musique
2006,Dreamgirls,Comédie musicale
2006,Scary Movie 4,Comédie
2006,Failure to Launch,Comédie
2006,Failure to Launch,Romance
2006,Inside Man,Policier
2006,Inside Man,Drame
2006,Inside Man,Mystère
2006,Open Season,Animation
2006,Open Season,Aventure
2006,Open Season,Comédie
2006,The Santa Clause 3: The Escape Clause,Aventure
2006,The Santa Clause 3: The Escape Clause,Comédie
2006,The Santa Clause 3: The Escape Clause,Famille
2006,Charlotte's Web,Comédie
2006,Charlotte's Web,Famille
2006,Charlotte's Web,Fantaisie
2006,The Pink Panther,Aventure
2006,The Pink Panther,Comédie
2006,The Pink Panther,Policier
2006,Eight Below,Aventure
2006,Eight Below,Drame
2006,Eight Below,Famille
2006,Saw III,Horreur
2006,Saw III,Mystère
2006,Saw III,Thriller
2006,Nacho Libre,Comédie
2006,Nacho Libre,Famille
2006,Nacho Libre,Sport
2006,"You, Me and Dupree",Comédie
2006,"You, Me and Dupree",Romance
2006,Eragon,Action
2006,Eragon,Aventure
2006,Eragon,Famille
2006,Monster House,Animation
2006,Monster House,Aventure
2006,Monster House,Comédie
2006,Barnyard,Animation
2006,Barnyard,Aventure
2006,Barnyard,Comédie
2006,RV,Aventure
2006,RV,Comédie
2006,RV,Famille
2006,World Trade Center,Drame
2006,World Trade Center,Histoire
2006,World Trade Center,Thriller
2006,Rocky Balboa,Action
2006,Rocky Balboa,Drame
2006,Rocky Balboa,Sport
2006,Big Momma's House 2,Comédie
2006,Big Momma's House 2,Policier
2006,Step Up,Policier
2006,Step Up,Drame
2006,Step Up,Musique
2006,Flushed Away,Animation
2006,Flushed Away,Aventure
2006,Flushed Away,Comédie
2006,Deja Vu,Action
2006,Deja Vu,Policier
2006,Deja Vu,Science-fiction
2006,Miami Vice,Action
2006,Miami Vice,Policier
2006,Miami Vice,Thriller
2006,Madea's Family Reunion,Comédie
2006,Madea's Family Reunion,Drame
2006,Madea's Family Reunion,Romance
2006,The Holiday,Comédie
2006,The Holiday,Romance
2006,The Fast and the Furious: Tokyo Drift,Action
2006,The Fast and the Furious: Tokyo Drift,Policier
2006,The Fast and the Furious: Tokyo Drift,Thriller
2006,Underworld: Evolution,Action
2006,Underworld: Evolution,Fantaisie
2006,Underworld: Evolution,Science-fiction
2006,The Shaggy Dog,Comédie
2006,The Shaggy Dog,Famille
2006,The Shaggy Dog,Fantaisie
2006,Poseidon,Action
2006,Poseidon,Aventure
2006,Poseidon,Drame
2006,The Good Shepherd,Drame
2006,The Good Shepherd,Histoire
2006,The Good Shepherd,Thriller
2006,Little Miss Sunshine,Comédie
2006,Little Miss Sunshine,Drame
2007,Spider-Man 3,Action
2007,Spider-Man 3,Science-fiction
2007,Shrek the Third,Animation
2007,Shrek the Third,Aventure
2007,Shrek the Third,Comédie
2007,Transformers,Action
2007,Transformers,Aventure
2007,Transformers,Science-fiction
2007,Pirates of the Caribbean: At World's End,Action
2007,Pirates of the Caribbean: At World's End,Aventure
2007,Pirates of the Caribbean: At World's End,Fantaisie
2007,Harry Potter and the Order of the Phoenix,Action
2007,Harry Potter and the Order of the Phoenix,Aventure
2007,Harry Potter and the Order of the Phoenix,Famille
2007,I Am Legend,Aventure
2007,I Am Legend,Drame
2007,I Am Legend,Science-fiction
2007,The Bourne Ultimatum,Action
2007,The Bourne Ultimatum,Mystère
2007,The Bourne Ultimatum,Thriller
2007,National Treasure: Book of Secrets,Action
2007,National Treasure: Book of Secrets,Aventure
2007,National Treasure: Book of Secrets,Mystère
2007,Alvin and the Chipmunks,Animation
2007,Alvin and the Chipmunks,Comédie
2007,Alvin and the Chipmunks,Famille
2007,Ratatouille,Animation
2007,Ratatouille,Aventure
2007,Ratatouille,Comédie
2007,The Simpsons Movie,Animation
2007,The Simpsons Movie,Aventure
2007,The Simpsons Movie,Comédie
2007,Wild Hogs,Action
2007,Wild Hogs,Aventure
2007,Wild Hogs,Comédie
2007,Knocked Up,Comédie
2007,Knocked Up,Romance
2007,Juno,Comédie
2007,Juno,Drame
2007,Rush Hour 3,Action
2007,Rush Hour 3,Comédie
2007,Rush Hour 3,Policier
2007,Live Free or Die Hard,Action
2007,Live Free or Die Hard,Thriller
2007,Fantastic Four: Rise of the Silver Surfer,Action
2007,Fantastic Four: Rise of the Silver Surfer,Aventure
2007,Fantastic Four: Rise of the Silver Surfer,Famille
2007,American Gangster,Biographie
2007,American Gangster,Policier
2007,American Gangster,Drame
2007,Enchanted,Animation
2007,Enchanted,Comédie
2007,Enchanted,Famille
2007,Bee Movie,Animation
2007,Bee Movie,Aventure
2007,Bee Movie,Comédie
2007,Superbad,Comédie
2007,I Now Pronounce You Chuck & Larry,Comédie
2007,I Now Pronounce You Chuck & Larry,Romance
2007,Hairspray,Comédie
2007,Hairspray,Drame
2007,Hairspray,Comédie musicale
2007,Blades of Glory,Comédie
2007,Blades of Glory,Sport
2007,Ocean's Thirteen,Action
2007,Ocean's Thirteen,Policier
2007,Ocean's Thirteen,Thriller
2007,Ghost Rider,Action
2007,Ghost Rider,Fantaisie
2007,Ghost Rider,Thriller
2007,Paranormal Activity,Horreur
2007,Paranormal Activity,Mystère
2007,Paranormal Activity,Thriller
2007,Evan Almighty,Comédie
2007,Evan Almighty,Famille
2007,Evan Almighty,Fantaisie
2007,Meet the Robinsons,Animation
2007,Meet the Robinsons,Aventure
2007,Meet the Robinsons,Comédie
2007,Norbit,Comédie
2007,Norbit,Romance
2007,The Bucket List,Comédie
2007,The Bucket List,Drame
2007,The Game Plan,Comédie
2007,The Game Plan,Famille
2007,The Game Plan,Sport
2007,Bridge to Terabithia,Drame
2007,Bridge to Terabithia,Famille
2007,Bridge to Terabithia,Fantaisie
2007,Beowulf,Animation
2007,Beowulf,Action
2007,Beowulf,Aventure
2007,Disturbia,Policier
2007,Disturbia,Drame
2007,Disturbia,Mystère
2007,No Country for Old Men,Policier
2007,No Country for Old Men,Drame
2007,No Country for Old Men,Thriller
2007,Fred Claus,Comédie
2007,Fred Claus,Famille
2007,Fred Claus,Fantaisie
2007,1408,Fantaisie
2007,1408,Horreur
2007,1408,Mystère
2007,The Golden Compass,Aventure
2007,The Golden Compass,Famille
2007,The Golden Compass,Fantaisie
2007,Charlie Wilson's War,Biographie
2007,Charlie Wilson's War,Comédie
2007,Charlie Wilson's War,Drame
2007,Saw IV,Horreur
2007,Saw IV,Mystère
2007,Saw IV,Thriller
2007,Stomp the Yard,Drame
2007,Stomp the Yard,Musique
2007,Stomp the Yard,Romance
2007,Surf's Up,Animation
2007,Surf's Up,Comédie
2007,Surf's Up,Famille
2007,Halloween,Horreur
2007,Why Did I Get Married?,Comédie
2007,Why Did I Get Married?,Drame
2007,TMNT,Animation
2007,TMNT,Action
2007,TMNT,Aventure
2007,P.S. I Love You,Comédie
2007,P.S. I Love You,Drame
2007,P.S. I Love You,Romance
2007,3:10 to Yuma,Action
2007,3:10 to Yuma,Policier
2007,3:10 to Yuma,Drame
2007,Sweeney Todd: The Demon Barber of Fleet Street,Drame
2007,Sweeney Todd: The Demon Barber of Fleet Street,Comédie musicale
2007,Sweeney Todd: The Demon Barber of Fleet Street,Thriller
2007,Atonement,Drame
2007,Atonement,Mystère
2007,Atonement,Romance
2008,The Dark Knight,Action
2008,The Dark Knight,Policier
2008,The Dark Knight,Drame
2008,Iron Man,Action
2008,Iron Man,Aventure
2008,Iron Man,Science-fiction
2008,Indiana Jones and the Kingdom of the Crystal Skull,Action
2008,Indiana Jones and the Kingdom of the Crystal Skull,Aventure
2008,Hancock,Action
2008,Hancock,Fantaisie
2008,WALL·E,Animation
2008,WALL·E,Aventure
2008,WALL·E,Famille
2008,Kung Fu Panda,Animation
2008,Kung Fu Panda,Action
2008,Kung Fu Panda,Aventure
2008,Twilight,Drame
2008,Twilight,Fantaisie
2008,Twilight,Romance
2008,Madagascar: Escape 2 Africa,Animation
2008,Madagascar: Escape 2 Africa,Aventure
2008,Madagascar: Escape 2 Africa,Comédie
2008,Quantum of Solace,Action
2008,Quantum of Solace,Aventure
2008,Quantum of Solace,Thriller
2008,Horton Hears a Who!,Animation
2008,Horton Hears a Who!,Aventure
2008,Horton Hears a Who!,Comédie
2008,Sex and the City,Comédie
2008,Sex and the City,Drame
2008,Sex and the City,Romance
2008,Gran Torino,Drame
2008,Taken,Action
2008,Taken,Thriller
2008,Mamma Mia!,Comédie
2008,Mamma Mia!,Comédie musicale
2008,Mamma Mia!,Romance
2008,Marley & Me,Comédie
2008,Marley & Me,Drame
2008,Marley & Me,Famille
2008,The Chronicles of Narnia: Prince Caspian,Action
2008,The Chronicles of Narnia: Prince Caspian,Aventure
2008,The Chronicles of Narnia: Prince Caspian,Famille
2008,The Incredible Hulk,Action
2008,The Incredible Hulk,Aventure
2008,The Incredible Hulk,Science-fiction
2008,Wanted,Action
2008,Wanted,Policier
2008,Wanted,Fantaisie
2008,Get Smart,Action
2008,Get Smart,Aventure
2008,Get Smart,Comédie
2008,The Curious Case of Benjamin Button,Drame
2008,The Curious Case of Benjamin Button,Fantaisie
2008,The Curious Case of Benjamin Button,Romance
2008,Four Christmases,Comédie
2008,Four Christmases,Drame
2008,Four Christmases,Romance
2008,Bolt,Animation
2008,Bolt,Aventure
2008,Bolt,Comédie
2008,Tropic Thunder,Action
2008,Tropic Thunder,Comédie
2008,Tropic Thunder,Guerre
2008,Bedtime Stories,Comédie
2008,Bedtime Stories,Famille
2008,Bedtime Stories,Fantaisie
2008,The Mummy: Tomb of the Dragon Emperor,Action
2008,The Mummy: Tomb of the Dragon Emperor,Fantaisie
2008,The Mummy: Tomb of the Dragon Emperor,Horreur
2008,Journey to the Center of the Earth,Action
2008,Journey to the Center of the Earth,Aventure
2008,Journey to the Center of the Earth,Famille
2008,Eagle Eye,Action
2008,Eagle Eye,Mystère
2008,Eagle Eye,Thriller
2008,Step Brothers,Comédie
2008,You Don't Mess with the Zohan,Comédie
2008,Yes Man,Comédie
2008,Yes Man,Romance
2008,"10,000 BC",Action
2008,"10,000 BC",Aventure
2008,"10,000 BC",Drame
2008,Beverly Hills Chihuahua,Aventure
2008,Beverly Hills Chihuahua,Comédie
2008,Beverly Hills Chihuahua,Drame
2008,High School Musical 3,Comédie
2008,High School Musical 3,Drame
2008,High School Musical 3,Famille
2008,Pineapple Express,Action
2008,Pineapple Express,Comédie
2008,Pineapple Express,Policier
2008,Valkyrie,Drame
2008,Valkyrie,Histoire
2008,Valkyrie,Thriller
2008,21,Policier
2008,21,Drame
2008,21,Histoire
2008,What Happens in Vegas,Comédie
2008,What Happens in Vegas,Romance
2008,Jumper,Action
2008,Jumper,Aventure
2008,Jumper,Science-fiction
2008,Cloverfield,Horreur
2008,Cloverfield,Science-fiction
2008,Cloverfield,Thriller
2008,The Day the Earth Stood Still,Drame
2008,The Day the Earth Stood Still,Science-fiction
2008,The Day the Earth Stood Still,Thriller
2008,27 Dresses,Comédie
2008,27 Dresses,Romance
2008,Hellboy II: The Golden Army,Action
2008,Hellboy II: The Golden Army,Aventure
2008,Hellboy II: The Golden Army,Fantaisie
2008,Vantage Point,Action
2008,Vantage Point,Policier
2008,Vantage Point,Drame
2008,The Spiderwick Chronicles,Action
2008,The Spiderwick Chronicles,Aventure
2008,The Spiderwick Chronicles,Drame
2008,Fool's Gold,Action
2008,Fool's Gold,Aventure
2008,Fool's Gold,Comédie
2008,Seven Pounds,Drame
2008,Role Models,Comédie
2008,The Happening,Drame
2008,The Happening,Mystère
2008,The Happening,Science-fiction
2008,Forgetting Sarah Marshall,Comédie
2008,Forgetting Sarah Marshall,Drame
2008,Forgetting Sarah Marshall,Romance
2008,Burn After Reading,Comédie
2008,Burn After Reading,Policier
2008,Burn After Reading,Drame
2009,Avatar,Action
2009,Avatar,Aventure
2009,Avatar,Fantaisie
2009,Transformers: Revenge of the Fallen,Action
2009,Transformers: Revenge of the Fallen,Aventure
2009,Transformers: Revenge of the Fallen,Science-fiction
2009,Harry Potter and the Half-Blood Prince,Action
2009,Harry Potter and the Half-Blood Prince,Aventure
2009,Harry Potter and the Half-Blood Prince,Famille
2009,The Twilight Saga: New Moon,Aventure
2009,The Twilight Saga: New Moon,Drame
2009,The Twilight Saga: New Moon,Fantaisie
2009,Up,Animation
2009,Up,Aventure
2009,Up,Comédie
2009,The Hangover,Comédie
2009,Star Trek,Action
2009,Star Trek,Aventure
2009,Star Trek,Science-fiction
2009,The Blind Side,Biographie
2009,The Blind Side,Drame
2009,The Blind Side,Sport
2009,Alvin and the Chipmunks: The Squeakquel,Animation
2009,Alvin and the Chipmunks: The Squeakquel,Comédie
2009,Alvin and the Chipmunks: The Squeakquel,Famille
2009,Sherlock Holmes,Action
2009,Sherlock Holmes,Aventure
2009,Sherlock Holmes,Policier
2009,Monsters vs. Aliens,Animation
2009,Monsters vs. Aliens,Action
2009,Monsters vs. Aliens,Comédie
2009,Ice Age: Dawn of the Dinosaurs,Animation
2009,Ice Age: Dawn of the Dinosaurs,Aventure
2009,Ice Age: Dawn of the Dinosaurs,Comédie
2009,X-Men Origins: Wolverine,Action
2009,X-Men Origins: Wolverine,Aventure
2009,X-Men Origins: Wolverine,Science-fiction
2009,Night at the Museum: Battle of the Smithsonian,Aventure
2009,Night at the Museum: Battle of the Smithsonian,Comédie
2009,Night at the Museum: Battle of the Smithsonian,Famille
2009,2012,Action
2009,2012,Aventure
2009,2012,Science-fiction
2009,The Proposal,Comédie
2009,The Proposal,Drame
2009,The Proposal,Romance
2009,Fast & Furious,Action
2009,Fast & Furious,Thriller
2009,G.I. Joe: The Rise of Cobra,Action
2009,G.I. Joe: The Rise of Cobra,Aventure
2009,G.I. Joe: The Rise of Cobra,Science-fiction
2009,A Christmas Carol,Animation
2009,A Christmas Carol,Drame
2009,A Christmas Carol,Famille
2009,Angels & Demons,Action
2009,Angels & Demons,Mystère
2009,Angels & Demons,Thriller
2009,Terminator Salvation,Action
2009,Terminator Salvation,Science-fiction
2009,Cloudy with a Chance of Meatballs,Animation
2009,Cloudy with a Chance of Meatballs,Aventure
2009,Cloudy with a Chance of Meatballs,Comédie
2009,Inglourious Basterds,Aventure
2009,Inglourious Basterds,Drame
2009,Inglourious Basterds,Guerre
2009,G-Force,Animation
2009,G-Force,Action
2009,G-Force,Aventure
2009,District 9,Action
2009,District 9,Science-fiction
2009,District 9,Thriller
2009,It's Complicated,Comédie
2009,It's Complicated,Drame
2009,It's Complicated,Romance
2009,Couples Retreat,Comédie
2009,Watchmen,Action
2009,Watchmen,Drame
2009,Watchmen,Mystère
2009,The Princess and the Frog,Animation
2009,The Princess and the Frog,Aventure
2009,The Princess and the Frog,Comédie
2009,Public Enemies,Biographie
2009,Public Enemies,Policier
2009,Public Enemies,Drame
2009,Julie & Julia,Biographie
2009,Julie & Julia,Drame
2009,Julie & Julia,Romance
2009,He's Just Not That Into You,Comédie
2009,He's Just Not That Into You,Drame
2009,He's Just Not That Into You,Romance
2009,Madea Goes to Jail,Comédie
2009,Madea Goes to Jail,Policier
2009,Madea Goes to Jail,Drame
2009,The Ugly Truth,Comédie
2009,The Ugly Truth,Romance
2009,Up in the Air,Comédie
2009,Up in the Air,Drame
2009,Up in the Air,Romance
2009,Knowing,Action
2009,Knowing,Drame
2009,Knowing,Mystère
2009,Hannah Montana: The Movie,Comédie
2009,Hannah Montana: The Movie,Drame
2009,Hannah Montana: The Movie,Famille
2009,Where the Wild Things Are,Aventure
2009,Where the Wild Things Are,Drame
2009,Where the Wild Things Are,Famille
2009,Zombieland,Aventure
2009,Zombieland,Comédie
2009,Zombieland,Horreur
2009,Coraline,Animation
2009,Coraline,Drame
2009,Coraline,Famille
2009,Law Abiding Citizen,Action
2009,Law Abiding Citizen,Policier
2009,Law Abiding Citizen,Drame
2009,Hotel for Dogs,Comédie
2009,Hotel for Dogs,Famille
2009,"I Love You, Man",Comédie
2009,"I Love You, Man",Romance
2009,Obsessed,Drame
2009,Obsessed,Romance
2009,Obsessed,Thriller
2009,Race to Witch Mountain,Action
2009,Race to Witch Mountain,Aventure
2009,Race to Witch Mountain,Famille
2009,The Final Destination,Horreur
2009,The Final Destination,Thriller
2009,The Taking of Pelham 123,Action
2009,The Taking of Pelham 123,Policier
2009,The Taking of Pelham 123,Thriller
2009,Friday the 13th,Horreur
2009,Friday the 13th,Mystère
2009,Friday the 13th,Thriller
2009,17 Again,Comédie
2009,17 Again,Drame
2009,17 Again,Fantaisie
2009,The Time Traveler's Wife,Drame
2009,The Time Traveler's Wife,Fantaisie
2009,The Time Traveler's Wife,Romance
2010,Toy Story 3,Animation
2010,Toy Story 3,Aventure
2010,Toy Story 3,Comédie
2010,Alice in Wonderland,Aventure
2010,Alice in Wonderland,Famille
2010,Alice in Wonderland,Fantaisie
2010,Iron Man 2,Action
2010,Iron Man 2,Aventure
2010,Iron Man 2,Science-fiction
2010,The Twilight Saga: Eclipse,Action
2010,The Twilight Saga: Eclipse,Drame
2010,The Twilight Saga: Eclipse,Fantaisie
2010,Harry Potter and the Deathly Hallows: Part 1,Aventure
2010,Harry Potter and the Deathly Hallows: Part 1,Famille
2010,Harry Potter and the Deathly Hallows: Part 1,Fantaisie
2010,Inception,Action
2010,Inception,Aventure
2010,Inception,Science-fiction
2010,Despicable Me,Animation
2010,Despicable Me,Comédie
2010,Despicable Me,Famille
2010,Shrek Forever After,Animation
2010,Shrek Forever After,Aventure
2010,Shrek Forever After,Comédie
2010,How to Train Your Dragon,Animation
2010,How to Train Your Dragon,Action
2010,How to Train Your Dragon,Aventure
2010,Tangled,Animation
2010,Tangled,Aventure
2010,Tangled,Comédie
2010,The Karate Kid,Action
2010,The Karate Kid,Drame
2010,The Karate Kid,Famille
2010,TRON: Legacy,Action
2010,TRON: Legacy,Aventure
2010,TRON: Legacy,Science-fiction
2010,True Grit,Drame
2010,True Grit,Western
2010,Clash of the Titans,Action
2010,Clash of the Titans,Aventure
2010,Clash of the Titans,Fantaisie
2010,Grown Ups,Comédie
2010,Megamind,Animation
2010,Megamind,Action
2010,Megamind,Comédie
2010,Little Fockers,Comédie
2010,Little Fockers,Romance
2010,The King's Speech,Biographie
2010,The King's Speech,Drame
2010,The King's Speech,Histoire
2010,The Last Airbender,Action
2010,The Last Airbender,Aventure
2010,The Last Airbender,Famille
2010,Shutter Island,Mystère
2010,Shutter Island,Thriller
2010,The Other Guys,Action
2010,The Other Guys,Comédie
2010,The Other Guys,Policier
2010,Salt,Action
2010,Salt,Mystère
2010,Salt,Thriller
2010,Valentine's Day,Comédie
2010,Valentine's Day,Romance
2010,Black Swan,Drame
2010,Black Swan,Thriller
2010,Robin Hood,Action
2010,Robin Hood,Drame
2010,Robin Hood,Histoire
2010,The Chronicles of Narnia: The Voyage of the Dawn Treader,Aventure
2010,The Chronicles of Narnia: The Voyage of the Dawn Treader,Famille
2010,The Chronicles of Narnia: The Voyage of the Dawn Treader,Fantaisie
2010,The Expendables,Action
2010,The Expendables,Aventure
2010,The Expendables,Thriller
2010,Due Date,Comédie
2010,Due Date,Drame
2010,Yogi Bear,Animation
2010,Yogi Bear,Aventure
2010,Yogi Bear,Comédie
2010,Date Night,Comédie
2010,Date Night,Policier
2010,Date Night,Romance
2010,The Social Network,Biographie
2010,The Social Network,Drame
2010,Sex and the City 2,Comédie
2010,Sex and the City 2,Drame
2010,Sex and the City 2,Romance
2010,The Book of Eli,Action
2010,The Book of Eli,Aventure
2010,The Book of Eli,Drame
2010,The Fighter,Biographie
2010,The Fighter,Drame
2010,The Fighter,Sport
2010,The Town,Policier
2010,The Town,Drame
2010,The Town,Thriller
2010,Prince of Persia: The Sands of Time,Action
2010,Prince of Persia: The Sands of Time,Fantaisie
2010,RED,Action
2010,RED,Comédie
2010,RED,Policier
2010,Percy Jackson & the Olympians: The Lightning Thief,Aventure
2010,Percy Jackson & the Olympians: The Lightning Thief,Famille
2010,Percy Jackson & the Olympians: The Lightning Thief,Fantaisie
2010,Paranormal Activity 2,Horreur
2010,Unstoppable,Action
2010,Unstoppable,Thriller
2010,Eat Pray Love,Drame
2010,Eat Pray Love,Romance
2010,Dear John,Drame
2010,Dear John,Romance
2010,Dear John,Guerre
2010,The A-Team,Action
2010,The A-Team,Aventure
2010,The A-Team,Thriller
2010,Knight and Day,Action
2010,Knight and Day,Aventure
2010,Knight and Day,Comédie
2010,Dinner for Schmucks,Comédie
2010,The Tourist,Action
2010,The Tourist,Aventure
2010,The Tourist,Policier
2010,The Bounty Hunter,Action
2010,The Bounty Hunter,Comédie
2010,The Bounty Hunter,Romance
2010,Diary of a Wimpy Kid,Comédie
2010,Diary of a Wimpy Kid,Drame
2010,Diary of a Wimpy Kid,Famille
2010,The Sorcerer's Apprentice,Action
2010,The Sorcerer's Apprentice,Aventure
2010,The Sorcerer's Apprentice,Famille
2010,A Nightmare on Elm Street,Policier
2010,A Nightmare on Elm Street,Drame
2010,A Nightmare on Elm Street,Horreur
2011,Harry Potter and the Deathly Hallows: Part 2,Aventure
2011,Harry Potter and the Deathly Hallows: Part 2,Drame
2011,Harry Potter and the Deathly Hallows: Part 2,Fantaisie
2011,Transformers: Dark of the Moon,Action
2011,Transformers: Dark of the Moon,Aventure
2011,Transformers: Dark of the Moon,Science-fiction
2011,The Twilight Saga: Breaking Dawn - Part 1,Action
2011,The Twilight Saga: Breaking Dawn - Part 1,Aventure
2011,The Twilight Saga: Breaking Dawn - Part 1,Drame
2011,The Hangover Part II,Comédie
2011,Pirates of the Caribbean: On Stranger Tides,Action
2011,Pirates of the Caribbean: On Stranger Tides,Aventure
2011,Pirates of the Caribbean: On Stranger Tides,Fantaisie
2011,Fast Five,Action
2011,Fast Five,Aventure
2011,Fast Five,Thriller
2011,Mission: Impossible - Ghost Protocol,Action
2011,Mission: Impossible - Ghost Protocol,Aventure
2011,Mission: Impossible - Ghost Protocol,Thriller
2011,Cars 2,Animation
2011,Cars 2,Aventure
2011,Cars 2,Comédie
2011,Sherlock Holmes: A Game of Shadows,Action
2011,Sherlock Holmes: A Game of Shadows,Aventure
2011,Sherlock Holmes: A Game of Shadows,Policier
2011,Thor,Action
2011,Thor,Aventure
2011,Thor,Fantaisie
2011,Rise of the Planet of the Apes,Action
2011,Rise of the Planet of the Apes,Drame
2011,Rise of the Planet of the Apes,Science-fiction
2011,Captain America: The First Avenger,Action
2011,Captain America: The First Avenger,Aventure
2011,Captain America: The First Avenger,Science-fiction
2011,The Help,Drame
2011,Bridesmaids,Comédie
2011,Bridesmaids,Romance
2011,Kung Fu Panda 2,Animation
2011,Kung Fu Panda 2,Action
2011,Kung Fu Panda 2,Aventure
2011,Puss in Boots,Animation
2011,Puss in Boots,Aventure
2011,Puss in Boots,Comédie
2011,X: First Class,Action
2011,X: First Class,Aventure
2011,X: First Class,Science-fiction
2011,Rio,Animation
2011,Rio,Aventure
2011,Rio,Comédie
2011,The Smurfs,Animation
2011,The Smurfs,Aventure
2011,The Smurfs,Comédie
2011,Alvin and the Chipmunks: Chipwrecked,Animation
2011,Alvin and the Chipmunks: Chipwrecked,Aventure
2011,Alvin and the Chipmunks: Chipwrecked,Comédie
2011,Super 8,Action
2011,Super 8,Mystère
2011,Super 8,Science-fiction
2011,Rango,Animation
2011,Rango,Aventure
2011,Rango,Comédie
2011,Horrible Bosses,Comédie
2011,Horrible Bosses,Policier
2011,Green Lantern,Action
2011,Green Lantern,Aventure
2011,Green Lantern,Science-fiction
2011,Hop,Animation
2011,Hop,Aventure
2011,Hop,Comédie
2011,Paranormal Activity 3,Horreur
2011,Paranormal Activity 3,Mystère
2011,Paranormal Activity 3,Thriller
2011,Just Go with It,Comédie
2011,Just Go with It,Romance
2011,The Girl with the Dragon Tattoo,Policier
2011,The Girl with the Dragon Tattoo,Drame
2011,The Girl with the Dragon Tattoo,Mystère
2011,Bad Teacher,Comédie
2011,Bad Teacher,Romance
2011,Cowboys & Aliens,Action
2011,Cowboys & Aliens,Science-fiction
2011,Cowboys & Aliens,Thriller
2011,Gnomeo & Juliet,Animation
2011,Gnomeo & Juliet,Aventure
2011,Gnomeo & Juliet,Comédie
2011,The Green Hornet,Action
2011,The Green Hornet,Comédie
2011,The Muppets,Aventure
2011,The Muppets,Comédie
2011,The Muppets,Famille
2011,Real Steel,Action
2011,Real Steel,Drame
2011,Real Steel,Famille
2011,"Crazy, Stupid, Love.",Comédie
2011,"Crazy, Stupid, Love.",Drame
2011,"Crazy, Stupid, Love.",Romance
2011,Battle Los Angeles,Action
2011,Battle Los Angeles,Science-fiction
2011,Immortals,Action
2011,Immortals,Drame
2011,Immortals,Fantaisie
2011,The Descendants,Comédie
2011,The Descendants,Drame
2011,Zookeeper,Comédie
2011,Zookeeper,Famille
2011,Zookeeper,Fantaisie
2011,War Horse,Action
2011,War Horse,Aventure
2011,War Horse,Drame
2011,Limitless,Science-fiction
2011,Limitless,Thriller
2011,Tower Heist,Action
2011,Tower Heist,Comédie
2011,Tower Heist,Policier
2011,The Adventures of Tintin,Animation
2011,The Adventures of Tintin,Action
2011,The Adventures of Tintin,Aventure
2011,Contagion,Action
2011,Contagion,Drame
2011,Contagion,Science-fiction
2011,We Bought a Zoo,Comédie
2011,We Bought a Zoo,Drame
2011,We Bought a Zoo,Famille
2011,Moneyball,Biographie
2011,Moneyball,Drame
2011,Moneyball,Sport
2011,Jack and Jill,Comédie
2011,Hugo,Drame
2011,Hugo,Famille
2011,Hugo,Fantaisie
2011,Dolphin Tale,Drame
2011,Dolphin Tale,Famille
2011,No Strings Attached,Comédie
2011,No Strings Attached,Romance
2012,The Avengers,Action
2012,The Avengers,Aventure
2012,The Avengers,Science-fiction
2012,The Dark Knight Rises,Action
2012,The Dark Knight Rises,Aventure
2012,The Hunger Games,Action
2012,The Hunger Games,Aventure
2012,The Hunger Games,Science-fiction
2012,Skyfall,Action
2012,Skyfall,Aventure
2012,Skyfall,Thriller
2012,The Hobbit: An Unexpected Journey,Aventure
2012,The Hobbit: An Unexpected Journey,Famille
2012,The Hobbit: An Unexpected Journey,Fantaisie
2012,The Twilight Saga: Breaking Dawn - Part 2,Aventure
2012,The Twilight Saga: Breaking Dawn - Part 2,Drame
2012,The Twilight Saga: Breaking Dawn - Part 2,Fantaisie
2012,The Amazing Spider-Man,Action
2012,The Amazing Spider-Man,Science-fiction
2012,Brave,Animation
2012,Brave,Aventure
2012,Brave,Comédie
2012,Ted,Comédie
2012,Madagascar 3: Europe's Most Wanted,Animation
2012,Madagascar 3: Europe's Most Wanted,Aventure
2012,Madagascar 3: Europe's Most Wanted,Comédie
2012,The Lorax,Animation
2012,The Lorax,Aventure
2012,The Lorax,Comédie
2012,Wreck-It Ralph,Animation
2012,Wreck-It Ralph,Aventure
2012,Wreck-It Ralph,Comédie
2012,Lincoln,Biographie
2012,Lincoln,Drame
2012,Lincoln,Histoire
2012,Men in Black 3,Action
2012,Men in Black 3,Aventure
2012,Men in Black 3,Comédie
2012,Django Unchained,Drame
2012,Django Unchained,Western
2012,Ice Age: Continental Drift,Animation
2012,Ice Age: Continental Drift,Aventure
2012,Ice Age: Continental Drift,Comédie
2012,Snow White and the Huntsman,Action
2012,Snow White and the Huntsman,Aventure
2012,Snow White and the Huntsman,Drame
2012,Les Misérables,Drame
2012,Les Misérables,Histoire
2012,Les Misérables,Comédie musicale
2012,Hotel Transylvania,Animation
2012,Hotel Transylvania,Comédie
2012,Hotel Transylvania,Famille
2012,Taken 2,Action
2012,Taken 2,Thriller
2012,21 Jump Street,Action
2012,21 Jump Street,Comédie
2012,21 Jump Street,Policier
2012,Argo,Biographie
2012,Argo,Drame
2012,Argo,Thriller
2012,Silver Linings Playbook,Comédie
2012,Silver Linings Playbook,Drame
2012,Silver Linings Playbook,Romance
2012,Prometheus,Aventure
2012,Prometheus,Mystère
2012,Prometheus,Science-fiction
2012,Safe House,Action
2012,Safe House,Thriller
2012,The Vow,Drame
2012,The Vow,Romance
2012,Life of Pi,Aventure
2012,Life of Pi,Drame
2012,Life of Pi,Fantaisie
2012,Magic Mike,Comédie
2012,Magic Mike,Drame
2012,The Bourne Legacy,Action
2012,The Bourne Legacy,Aventure
2012,The Bourne Legacy,Thriller
2012,Journey 2: The Mysterious Island,Action
2012,Journey 2: The Mysterious Island,Aventure
2012,Journey 2: The Mysterious Island,Comédie
2012,Rise of the Guardians,Animation
2012,Rise of the Guardians,Action
2012,Rise of the Guardians,Aventure
2012,Zero Dark Thirty,Drame
2012,Zero Dark Thirty,Thriller
2012,Flight,Drame
2012,Flight,Thriller
2012,Think Like a Man,Comédie
2012,Think Like a Man,Romance
2012,The Campaign,Comédie
2012,The Expendables 2,Action
2012,The Expendables 2,Aventure
2012,The Expendables 2,Thriller
2012,Wrath of the Titans,Action
2012,Wrath of the Titans,Aventure
2012,Wrath of the Titans,Fantaisie
2012,Jack Reacher,Action
2012,Jack Reacher,Policier
2012,Jack Reacher,Thriller
2012,Dark Shadows,Comédie
2012,Dark Shadows,Fantaisie
2012,Dark Shadows,Horreur
2012,Parental Guidance,Comédie
2012,Parental Guidance,Famille
2012,John Carter,Action
2012,John Carter,Aventure
2012,John Carter,Science-fiction
2012,Act of Valor,Action
2012,Act of Valor,Aventure
2012,Act of Valor,Drame
2012,This Is 40,Comédie
2012,This Is 40,Romance
2012,Contraband,Action
2012,Contraband,Policier
2012,Contraband,Drame
2012,Looper,Action
2012,Looper,Policier
2012,Looper,Drame
2012,Madea's Witness Protection,Comédie
2012,Madea's Witness Protection,Policier
2012,Madea's Witness Protection,Drame
2012,Battleship,Action
2012,Battleship,Aventure
2012,Battleship,Science-fiction
2012,Pitch Perfect,Comédie
2012,Pitch Perfect,Musique
2012,Pitch Perfect,Romance
2012,Mirror Mirror,Aventure
2012,Mirror Mirror,Comédie
2012,Mirror Mirror,Drame
2012,Chronicle,Drame
2012,Chronicle,Science-fiction
2012,Chronicle,Thriller
2013,The Hunger Games: Catching Fire,Action
2013,The Hunger Games: Catching Fire,Aventure
2013,The Hunger Games: Catching Fire,Science-fiction
2013,Iron Man Three,Action
2013,Iron Man Three,Aventure
2013,Iron Man Three,Science-fiction
2013,Frozen,Animation
2013,Frozen,Aventure
2013,Frozen,Comédie
2013,Despicable Me 2,Animation
2013,Despicable Me 2,Aventure
2013,Despicable Me 2,Comédie
2013,Man of Steel,Action
2013,Man of Steel,Aventure
2013,Man of Steel,Science-fiction
2013,Gravity,Drame
2013,Gravity,Science-fiction
2013,Gravity,Thriller
2013,Monsters University,Animation
2013,Monsters University,Aventure
2013,Monsters University,Comédie
2013,The Hobbit: The Desolation of Smaug,Aventure
2013,The Hobbit: The Desolation of Smaug,Fantaisie
2013,Furious 6,Action
2013,Furious 6,Aventure
2013,Furious 6,Thriller
2013,Oz the Great and Powerful,Aventure
2013,Oz the Great and Powerful,Famille
2013,Oz the Great and Powerful,Fantaisie
2013,Star Trek Into Darkness,Action
2013,Star Trek Into Darkness,Aventure
2013,Star Trek Into Darkness,Science-fiction
2013,Thor: The Dark World,Action
2013,Thor: The Dark World,Aventure
2013,Thor: The Dark World,Fantaisie
2013,World War Z,Action
2013,World War Z,Aventure
2013,World War Z,Horreur
2013,The Croods,Animation
2013,The Croods,Action
2013,The Croods,Aventure
2013,The Heat,Action
2013,The Heat,Comédie
2013,The Heat,Policier
2013,We're the Millers,Comédie
2013,We're the Millers,Policier
2013,American Hustle,Policier
2013,American Hustle,Drame
2013,The Great Gatsby,Drame
2013,The Great Gatsby,Romance
2013,The Conjuring,Horreur
2013,The Conjuring,Mystère
2013,The Conjuring,Thriller
2013,Identity Thief,Comédie
2013,Identity Thief,Policier
2013,Identity Thief,Drame
2013,Grown Ups 2,Comédie
2013,The Wolverine,Action
2013,The Wolverine,Aventure
2013,The Wolverine,Science-fiction
2013,Anchorman 2: The Legend Continues,Comédie
2013,Lone Survivor,Action
2013,Lone Survivor,Biographie
2013,Lone Survivor,Drame
2013,G.I. Joe: Retaliation,Action
2013,G.I. Joe: Retaliation,Aventure
2013,G.I. Joe: Retaliation,Science-fiction
2013,Cloudy with a Chance of Meatballs 2,Animation
2013,Cloudy with a Chance of Meatballs 2,Aventure
2013,Cloudy with a Chance of Meatballs 2,Comédie
2013,Now You See Me,Policier
2013,Now You See Me,Mystère
2013,Now You See Me,Thriller
2013,The Wolf of Wall Street,Biographie
2013,The Wolf of Wall Street,Policier
2013,The Wolf of Wall Street,Drame
2013,The Butler,Biographie
2013,The Butler,Drame
2013,The Hangover Part III,Comédie
2013,Epic,Animation
2013,Epic,Aventure
2013,Epic,Famille
2013,Captain Phillips,Biographie
2013,Captain Phillips,Policier
2013,Captain Phillips,Drame
2013,Bad Grandpa,Comédie
2013,Pacific Rim,Action
2013,Pacific Rim,Aventure
2013,Pacific Rim,Science-fiction
2013,This Is the End,Comédie
2013,Olympus Has Fallen,Action
2013,Olympus Has Fallen,Thriller
2013,42,Biographie
2013,42,Drame
2013,42,Sport
2013,Elysium,Action
2013,Elysium,Drame
2013,Elysium,Science-fiction
2013,Planes,Animation
2013,Planes,Aventure
2013,Planes,Comédie
2013,The Lone Ranger,Action
2013,The Lone Ranger,Aventure
2013,The Lone Ranger,Comédie
2013,Oblivion,Action
2013,Oblivion,Aventure
2013,Oblivion,Science-fiction
2013,Insidious: Chapter 2,Horreur
2013,Insidious: Chapter 2,Mystère
2013,Insidious: Chapter 2,Thriller
2013,Saving Mr. Banks,Biographie
2013,Saving Mr. Banks,Comédie
2013,Saving Mr. Banks,Drame
2013,Turbo,Animation
2013,Turbo,Aventure
2013,Turbo,Comédie
2013,2 Guns,Action
2013,2 Guns,Comédie
2013,2 Guns,Thriller
2013,White House Down,Action
2013,White House Down,Drame
2013,White House Down,Thriller
2013,Safe Haven,Drame
2013,Safe Haven,Romance
2013,Safe Haven,Thriller
2013,The Smurfs 2,Animation
2013,The Smurfs 2,Aventure
2013,The Smurfs 2,Comédie
2013,The Best Man Holiday,Comédie
2013,The Best Man Holiday,Drame
2013,Percy Jackson: Sea of Monsters,Aventure
2013,Percy Jackson: Sea of Monsters,Famille
2013,Percy Jackson: Sea of Monsters,Fantaisie
2014,American Sniper,Action
2014,American Sniper,Biographie
2014,American Sniper,Drame
2014,The Hunger Games: Mockingjay - Part 1,Action
2014,The Hunger Games: Mockingjay - Part 1,Aventure
2014,The Hunger Games: Mockingjay - Part 1,Science-fiction
2014,Guardians of the Galaxy,Action
2014,Guardians of the Galaxy,Aventure
2014,Guardians of the Galaxy,Comédie
2014,Captain America: The Winter Soldier,Action
2014,Captain America: The Winter Soldier,Aventure
2014,Captain America: The Winter Soldier,Science-fiction
2014,The Lego Movie,Animation
2014,The Lego Movie,Action
2014,The Lego Movie,Aventure
2014,The Hobbit: The Battle of the Five Armies,Aventure
2014,The Hobbit: The Battle of the Five Armies,Fantaisie
2014,Transformers: Age of Extinction,Action
2014,Transformers: Age of Extinction,Aventure
2014,Transformers: Age of Extinction,Science-fiction
2014,Maleficent,Action
2014,Maleficent,Aventure
2014,Maleficent,Famille
2014,X-Men: Days of Future Past,Action
2014,X-Men: Days of Future Past,Aventure
2014,X-Men: Days of Future Past,Science-fiction
2014,Big Hero 6,Animation
2014,Big Hero 6,Action
2014,Big Hero 6,Aventure
2014,Dawn of the Planet of the Apes,Action
2014,Dawn of the Planet of the Apes,Aventure
2014,Dawn of the Planet of the Apes,Drame
2014,The Amazing Spider-Man 2,Action
2014,The Amazing Spider-Man 2,Aventure
2014,The Amazing Spider-Man 2,Science-fiction
2014,Godzilla,Action
2014,Godzilla,Aventure
2014,Godzilla,Science-fiction
2014,22 Jump Street,Action
2014,22 Jump Street,Comédie
2014,22 Jump Street,Policier
2014,Teenage Mutant Ninja Turtles,Action
2014,Teenage Mutant Ninja Turtles,Aventure
2014,Teenage Mutant Ninja Turtles,Comédie
2014,Interstellar,Aventure
2014,Interstellar,Drame
2014,Interstellar,Science-fiction
2014,How to Train Your Dragon 2,Animation
2014,How to Train Your Dragon 2,Action
2014,How to Train Your Dragon 2,Aventure
2014,Gone Girl,Drame
2014,Gone Girl,Mystère
2014,Gone Girl,Thriller
2014,Divergent,Action
2014,Divergent,Aventure
2014,Divergent,Mystère
2014,Neighbors,Comédie
2014,Ride Along,Action
2014,Ride Along,Comédie
2014,Ride Along,Policier
2014,Rio 2,Animation
2014,Rio 2,Aventure
2014,Rio 2,Comédie
2014,Kingsman: The Secret Service,Action
2014,Kingsman: The Secret Service,Aventure
2014,Kingsman: The Secret Service,Comédie
2014,Into the Woods,Aventure
2014,Into the Woods,Comédie
2014,Into the Woods,Drame
2014,Lucy,Action
2014,Lucy,Science-fiction
2014,Lucy,Thriller
2014,The Fault in Our Stars,Drame
2014,The Fault in Our Stars,Romance
2014,Unbroken,Biographie
2014,Unbroken,Drame
2014,Unbroken,Sport
2014,Night at the Museum: Secret of the Tomb,Aventure
2014,Night at the Museum: Secret of the Tomb,Comédie
2014,Night at the Museum: Secret of the Tomb,Famille
2014,Mr. Peabody & Sherman,Animation
2014,Mr. Peabody & Sherman,Aventure
2014,Mr. Peabody & Sherman,Comédie
2014,300: Rise of an Empire,Action
2014,300: Rise of an Empire,Drame
2014,The Maze Runner,Action
2014,The Maze Runner,Mystère
2014,The Maze Runner,Science-fiction
2014,The Equalizer,Action
2014,The Equalizer,Policier
2014,The Equalizer,Thriller
2014,Noah,Action
2014,Noah,Aventure
2014,Noah,Drame
2014,Edge of Tomorrow,Action
2014,Edge of Tomorrow,Science-fiction
2014,Non-Stop,Action
2014,Non-Stop,Mystère
2014,Non-Stop,Thriller
2014,Heaven Is for Real,Biographie
2014,Heaven Is for Real,Drame
2014,Heaven Is for Real,Famille
2014,The Imitation Game,Biographie
2014,The Imitation Game,Drame
2014,The Imitation Game,Thriller
2014,Taken 3,Action
2014,Taken 3,Thriller
2014,Dumb and Dumber To,Comédie
2014,Annie,Comédie
2014,Annie,Drame
2014,Annie,Famille
2014,Fury,Action
2014,Fury,Drame
2014,Fury,Guerre
2014,Tammy,Comédie
2014,Tammy,Romance
2014,Annabelle,Horreur
2014,Annabelle,Mystère
2014,Annabelle,Thriller
2014,The Other Woman,Comédie
2014,The Other Woman,Romance
2014,Penguins of Madagascar,Animation
2014,Penguins of Madagascar,Aventure
2014,Penguins of Madagascar,Comédie
2014,Let's Be Cops,Action
2014,Let's Be Cops,Comédie
2014,Let's Be Cops,Policier
2014,The Monuments Men,Comédie
2014,The Monuments Men,Drame
2014,The Monuments Men,Histoire
2014,Paddington,Aventure
2014,Paddington,Comédie
2014,Paddington,Famille
2014,Hercules,Action
2014,Hercules,Aventure
2014,Hercules,Fantaisie
2014,The Purge: Anarchy,Action
2014,The Purge: Anarchy,Horreur
2014,The Purge: Anarchy,Science-fiction
2015,Star Wars: Episode VII - The Force Awakens,Action
2015,Star Wars: Episode VII - The Force Awakens,Aventure
2015,Star Wars: Episode VII - The Force Awakens,Science-fiction
2015,Jurassic World,Action
2015,Jurassic World,Aventure
2015,Jurassic World,Science-fiction
2015,Avengers: Age of Ultron,Action
2015,Avengers: Age of Ultron,Aventure
2015,Avengers: Age of Ultron,Science-fiction
2015,Inside Out,Animation
2015,Inside Out,Aventure
2015,Inside Out,Comédie
2015,Furious 7,Action
2015,Furious 7,Aventure
2015,Furious 7,Thriller
2015,Minions,Animation
2015,Minions,Aventure
2015,Minions,Comédie
2015,The Hunger Games: Mockingjay - Part 2,Action
2015,The Hunger Games: Mockingjay - Part 2,Aventure
2015,The Hunger Games: Mockingjay - Part 2,Science-fiction
2015,The Martian,Aventure
2015,The Martian,Drame
2015,The Martian,Science-fiction
2015,Cinderella,Drame
2015,Cinderella,Famille
2015,Cinderella,Fantaisie
2015,Spectre,Action
2015,Spectre,Aventure
2015,Spectre,Thriller
2015,Mission: Impossible - Rogue Nation,Action
2015,Mission: Impossible - Rogue Nation,Aventure
2015,Mission: Impossible - Rogue Nation,Thriller
2015,Pitch Perfect 2,Comédie
2015,Pitch Perfect 2,Musique
2015,The Revenant,Action
2015,The Revenant,Aventure
2015,The Revenant,Biographie
2015,Ant-Man,Action
2015,Ant-Man,Aventure
2015,Ant-Man,Comédie
2015,Home,Animation
2015,Home,Aventure
2015,Home,Comédie
2015,Hotel Transylvania 2,Animation
2015,Hotel Transylvania 2,Comédie
2015,Hotel Transylvania 2,Famille
2015,Fifty Shades of Grey,Drame
2015,Fifty Shades of Grey,Romance
2015,Fifty Shades of Grey,Thriller
2015,The SpongeBob Movie: Sponge Out of Water,Animation
2015,The SpongeBob Movie: Sponge Out of Water,Aventure
2015,The SpongeBob Movie: Sponge Out of Water,Comédie
2015,Straight Outta Compton,Biographie
2015,Straight Outta Compton,Drame
2015,Straight Outta Compton,Histoire
2015,San Andreas,Action
2015,San Andreas,Aventure
2015,San Andreas,Drame
2015,Mad Max: Fury Road,Action
2015,Mad Max: Fury Road,Aventure
2015,Mad Max: Fury Road,Science-fiction
2015,Daddy's Home,Comédie
2015,Daddy's Home,Famille
2015,Insurgent,Action
2015,Insurgent,Aventure
2015,Insurgent,Science-fiction
2015,The Peanuts Movie,Animation
2015,The Peanuts Movie,Aventure
2015,The Peanuts Movie,Comédie
2015,The Good Dinosaur,Animation
2015,The Good Dinosaur,Aventure
2015,The Good Dinosaur,Comédie
2015,Spy,Action
2015,Spy,Comédie
2015,Spy,Policier
2015,Trainwreck,Comédie
2015,Trainwreck,Drame
2015,Trainwreck,Romance
2015,Creed,Drame
2015,Creed,Sport
2015,Tomorrowland,Action
2015,Tomorrowland,Aventure
2015,Tomorrowland,Famille
2015,Get Hard,Comédie
2015,Get Hard,Policier
2015,Terminator Genisys,Action
2015,Terminator Genisys,Aventure
2015,Terminator Genisys,Science-fiction
2015,Sisters,Comédie
2015,Alvin and the Chipmunks: The Road Chip,Animation
2015,Alvin and the Chipmunks: The Road Chip,Aventure
2015,Alvin and the Chipmunks: The Road Chip,Comédie
2015,Maze Runner: The Scorch Trials,Action
2015,Maze Runner: The Scorch Trials,Aventure
2015,Maze Runner: The Scorch Trials,Science-fiction
2015,Ted 2,Comédie
2015,Goosebumps,Aventure
2015,Goosebumps,Comédie
2015,Goosebumps,Famille
2015,Pixels,Action
2015,Pixels,Comédie
2015,Pixels,Science-fiction
2015,The Intern,Comédie
2015,The Intern,Drame
2015,Bridge of Spies,Drame
2015,Bridge of Spies,Histoire
2015,Bridge of Spies,Thriller
2015,Paul Blart: Mall Cop 2,Action
2015,Paul Blart: Mall Cop 2,Comédie
2015,Paul Blart: Mall Cop 2,Policier
2015,The Big Short,Biographie
2015,The Big Short,Comédie
2015,The Big Short,Drame
2015,War Room,Drame
2015,Magic Mike XXL,Comédie
2015,Magic Mike XXL,Drame
2015,Magic Mike XXL,Musique
2015,The Visit,Horreur
2015,The Visit,Mystère
2015,The Visit,Thriller
2015,The Wedding Ringer,Comédie
2015,Black Mass,Biographie
2015,Black Mass,Policier
2015,Black Mass,Drame
2015,Vacation,Aventure
2015,Vacation,Comédie
2015,The Perfect Guy,Policier
2015,The Perfect Guy,Drame
2015,The Perfect Guy,Horreur
2015,Joy,Drame
2015,Fantastic Four,Action
2015,Fantastic Four,Aventure
2015,Fantastic Four,Drame
2016,Rogue One: A Star Wars Story,Action
2016,Rogue One: A Star Wars Story,Aventure
2016,Rogue One: A Star Wars Story,Science-fiction
2016,Finding Dory,Animation
2016,Finding Dory,Aventure
2016,Finding Dory,Comédie
2016,Captain America: Civil War,Action
2016,Captain America: Civil War,Aventure
2016,Captain America: Civil War,Science-fiction
2016,The Secret Life of Pets,Animation
2016,The Secret Life of Pets,Aventure
2016,The Secret Life of Pets,Comédie
2016,The Jungle Book,Aventure
2016,The Jungle Book,Drame
2016,The Jungle Book,Famille
2016,Deadpool,Action
2016,Deadpool,Aventure
2016,Deadpool,Comédie
2016,Zootopia,Animation
2016,Zootopia,Aventure
2016,Zootopia,Comédie
2016,Batman v Superman: Dawn of Justice,Action
2016,Batman v Superman: Dawn of Justice,Aventure
2016,Batman v Superman: Dawn of Justice,Science-fiction
2016,Suicide Squad,Action
2016,Suicide Squad,Aventure
2016,Suicide Squad,Fantaisie
2016,Sing,Animation
2016,Sing,Comédie
2016,Sing,Famille
2016,Moana,Animation
2016,Moana,Aventure
2016,Moana,Comédie
2016,Fantastic Beasts and Where to Find Them,Aventure
2016,Fantastic Beasts and Where to Find Them,Famille
2016,Fantastic Beasts and Where to Find Them,Fantaisie
2016,Doctor Strange,Action
2016,Doctor Strange,Aventure
2016,Doctor Strange,Fantaisie
2016,Hidden Figures,Biographie
2016,Hidden Figures,Drame
2016,Hidden Figures,Histoire
2016,Jason Bourne,Action
2016,Jason Bourne,Thriller
2016,Star Trek Beyond,Action
2016,Star Trek Beyond,Aventure
2016,Star Trek Beyond,Science-fiction
2016,X-Men: Apocalypse,Action
2016,X-Men: Apocalypse,Aventure
2016,X-Men: Apocalypse,Science-fiction
2016,Trolls,Animation
2016,Trolls,Aventure
2016,Trolls,Comédie
2016,La La Land,Comédie
2016,La La Land,Drame
2016,La La Land,Musique
2016,Kung Fu Panda 3,Animation
2016,Kung Fu Panda 3,Action
2016,Kung Fu Panda 3,Aventure
2016,Split,Horreur
2016,Split,Thriller
2016,Ghostbusters,Action
2016,Ghostbusters,Comédie
2016,Ghostbusters,Fantaisie
2016,Central Intelligence,Action
2016,Central Intelligence,Comédie
2016,Central Intelligence,Policier
2016,The Legend of Tarzan,Action
2016,The Legend of Tarzan,Aventure
2016,The Legend of Tarzan,Drame
2016,Sully,Biographie
2016,Sully,Drame
2016,Bad Moms,Comédie
2016,Angry Birds,Animation
2016,Angry Birds,Action
2016,Angry Birds,Aventure
2016,Independence Day: Resurgence,Action
2016,Independence Day: Resurgence,Aventure
2016,Independence Day: Resurgence,Science-fiction
2016,The Conjuring 2,Horreur
2016,The Conjuring 2,Mystère
2016,The Conjuring 2,Thriller
2016,Arrival,Drame
2016,Arrival,Mystère
2016,Arrival,Science-fiction
2016,Passengers,Drame
2016,Passengers,Romance
2016,Passengers,Science-fiction
2016,Sausage Party,Animation
2016,Sausage Party,Aventure
2016,Sausage Party,Comédie
2016,The Magnificent Seven,Action
2016,The Magnificent Seven,Aventure
2016,The Magnificent Seven,Western
2016,Ride Along 2,Action
2016,Ride Along 2,Comédie
2016,Ride Along 2,Policier
2016,Don't Breathe,Policier
2016,Don't Breathe,Horreur
2016,Don't Breathe,Thriller
2016,Miss Peregrine's Home for Peculiar Children,Aventure
2016,Miss Peregrine's Home for Peculiar Children,Drame
2016,Miss Peregrine's Home for Peculiar Children,Fantaisie
2016,The Accountant,Action
2016,The Accountant,Policier
2016,The Accountant,Drame
2016,Teenage Mutant Ninja Turtles: Out of the Shadows,Action
2016,Teenage Mutant Ninja Turtles: Out of the Shadows,Aventure
2016,Teenage Mutant Ninja Turtles: Out of the Shadows,Comédie
2016,The Purge: Election Year,Action
2016,The Purge: Election Year,Horreur
2016,The Purge: Election Year,Science-fiction
2016,Alice Through the Looking Glass,Aventure
2016,Alice Through the Looking Glass,Famille
2016,Alice Through the Looking Glass,Fantaisie
2016,Pete's Dragon,Action
2016,Pete's Dragon,Aventure
2016,Pete's Dragon,Comédie
2016,The Girl on the Train,Policier
2016,The Girl on the Train,Drame
2016,The Girl on the Train,Mystère
2016,Tyler Perry's Boo! A Madea Halloween,Comédie
2016,Tyler Perry's Boo! A Madea Halloween,Drame
2016,Tyler Perry's Boo! A Madea Halloween,Horreur
2016,Storks,Animation
2016,Storks,Aventure
2016,Storks,Comédie
2016,10 Cloverfield Lane,Drame
2016,10 Cloverfield Lane,Horreur
2016,10 Cloverfield Lane,Mystère
2016,Lights Out,Drame
2016,Lights Out,Horreur
2016,Lights Out,Mystère
2016,Hacksaw Ridge,Biographie
2016,Hacksaw Ridge,Drame
2016,Hacksaw Ridge,Histoire
2016,Allegiant,Action
2016,Allegiant,Aventure
2016,Allegiant,Mystère
2016,Now You See Me 2,Action
2016,Now You See Me 2,Aventure
2016,Now You See Me 2,Comédie
2016,Ice Age: Collision Course,Animation
2016,Ice Age: Collision Course,Aventure
2016,Ice Age: Collision Course,Comédie
2017,Star Wars: Episode VIII - The Last Jedi,Action
2017,Star Wars: Episode VIII - The Last Jedi,Aventure
2017,Star Wars: Episode VIII - The Last Jedi,Fantaisie
2017,Beauty and the Beast,Famille
2017,Beauty and the Beast,Fantaisie
2017,Beauty and the Beast,Comédie musicale
2017,Wonder Woman,Action
2017,Wonder Woman,Aventure
2017,Wonder Woman,Fantaisie
2017,Jumanji: Welcome to the Jungle,Action
2017,Jumanji: Welcome to the Jungle,Aventure
2017,Jumanji: Welcome to the Jungle,Comédie
2017,Guardians of the Galaxy Vol. 2,Action
2017,Guardians of the Galaxy Vol. 2,Aventure
2017,Guardians of the Galaxy Vol. 2,Comédie
2017,Spider-Man: Homecoming,Action
2017,Spider-Man: Homecoming,Aventure
2017,Spider-Man: Homecoming,Science-fiction
2017,It,Horreur
2017,Thor: Ragnarok,Action
2017,Thor: Ragnarok,Aventure
2017,Thor: Ragnarok,Comédie
2017,Despicable Me 3,Animation
2017,Despicable Me 3,Aventure
2017,Despicable Me 3,Comédie
2017,Justice League,Action
2017,Justice League,Aventure
2017,Justice League,Fantaisie
2017,Logan,Action
2017,Logan,Drame
2017,Logan,Science-fiction
2017,The Fate of the Furious,Action
2017,The Fate of the Furious,Aventure
2017,The Fate of the Furious,Thriller
2017,Coco,Animation
2017,Coco,Aventure
2017,Coco,Famille
2017,Dunkirk,Action
2017,Dunkirk,Drame
2017,Dunkirk,Histoire
2017,Get Out,Horreur
2017,Get Out,Mystère
2017,Get Out,Thriller
2017,The Lego Batman Movie,Animation
2017,The Lego Batman Movie,Action
2017,The Lego Batman Movie,Comédie
2017,The Boss Baby,Animation
2017,The Boss Baby,Aventure
2017,The Boss Baby,Comédie
2017,The Greatest Showman,Biographie
2017,The Greatest Showman,Drame
2017,The Greatest Showman,Comédie musicale
2017,Pirates of the Caribbean: Dead Men Tell No Tales,Action
2017,Pirates of the Caribbean: Dead Men Tell No Tales,Aventure
2017,Pirates of the Caribbean: Dead Men Tell No Tales,Fantaisie
2017,Kong: Skull Island,Action
2017,Kong: Skull Island,Aventure
2017,Kong: Skull Island,Fantaisie
2017,Cars 3,Animation
2017,Cars 3,Aventure
2017,Cars 3,Comédie
2017,War for the Planet of the Apes,Action
2017,War for the Planet of the Apes,Aventure
2017,War for the Planet of the Apes,Drame
2017,Wonder,Drame
2017,Wonder,Famille
2017,Transformers: The Last Knight,Action
2017,Transformers: The Last Knight,Aventure
2017,Transformers: The Last Knight,Science-fiction
2017,Girls Trip,Aventure
2017,Girls Trip,Comédie
2017,Girls Trip,Drame
2017,Fifty Shades Darker,Drame
2017,Fifty Shades Darker,Romance
2017,The Upside,Comédie
2017,The Upside,Drame
2017,Baby Driver,Action
2017,Baby Driver,Policier
2017,Baby Driver,Drame
2017,Pitch Perfect 3,Comédie
2017,Pitch Perfect 3,Musique
2017,Daddy's Home 2,Comédie
2017,Murder on the Orient Express,Policier
2017,Murder on the Orient Express,Drame
2017,Murder on the Orient Express,Mystère
2017,Annabelle: Creation,Horreur
2017,Annabelle: Creation,Mystère
2017,Annabelle: Creation,Thriller
2017,Kingsman: The Golden Circle,Action
2017,Kingsman: The Golden Circle,Aventure
2017,Kingsman: The Golden Circle,Comédie
2017,Blade Runner 2049,Action
2017,Blade Runner 2049,Drame
2017,Blade Runner 2049,Mystère
2017,John Wick: Chapter 2,Action
2017,John Wick: Chapter 2,Policier
2017,John Wick: Chapter 2,Thriller
2017,The Emoji Movie,Animation
2017,The Emoji Movie,Aventure
2017,The Emoji Movie,Comédie
2017,Power Rangers,Action
2017,Power Rangers,Aventure
2017,Power Rangers,Science-fiction
2017,Ferdinand,Animation
2017,Ferdinand,Aventure
2017,Ferdinand,Comédie
2017,The Post,Biographie
2017,The Post,Drame
2017,The Post,Histoire
2017,The Mummy,Action
2017,The Mummy,Aventure
2017,The Mummy,Fantaisie
2017,The Hitman's Bodyguard,Action
2017,The Hitman's Bodyguard,Comédie
2017,The Hitman's Bodyguard,Thriller
2017,Alien: Covenant,Horreur
2017,Alien: Covenant,Science-fiction
2017,Alien: Covenant,Thriller
2017,Captain Underpants: The First Epic Movie,Animation
2017,Captain Underpants: The First Epic Movie,Action
2017,Captain Underpants: The First Epic Movie,Comédie
2017,A Bad Moms Christmas,Comédie
2017,A Dog's Purpose,Aventure
2017,A Dog's Purpose,Comédie
2017,A Dog's Purpose,Drame
2017,The Shape of Water,Aventure
2017,The Shape of Water,Drame
2017,The Shape of Water,Fantaisie
2017,The Lego Ninjago Movie,Animation
2017,The Lego Ninjago Movie,Action
2017,The Lego Ninjago Movie,Aventure
2017,Baywatch,Action
2017,Baywatch,Comédie
2017,Baywatch,Policier
2017,The Shack,Drame
2017,The Shack,Fantaisie
2017,Darkest Hour,Biographie
2017,Darkest Hour,Drame
2017,Darkest Hour,Histoire
2018,Black Panther,Action
2018,Black Panther,Aventure
2018,Black Panther,Science-fiction
2018,Avengers: Infinity War,Action
2018,Avengers: Infinity War,Aventure
2018,Avengers: Infinity War,Science-fiction
2018,Incredibles 2,Animation
2018,Incredibles 2,Action
2018,Incredibles 2,Aventure
2018,Jurassic World: Fallen Kingdom,Action
2018,Jurassic World: Fallen Kingdom,Aventure
2018,Jurassic World: Fallen Kingdom,Science-fiction
2018,Aquaman,Action
2018,Aquaman,Aventure
2018,Aquaman,Fantaisie
2018,Deadpool 2,Action
2018,Deadpool 2,Aventure
2018,Deadpool 2,Comédie
2018,Dr. Seuss' The Grinch,Animation
2018,Dr. Seuss' The Grinch,Famille
2018,Dr. Seuss' The Grinch,Fantaisie
2018,Mission: Impossible - Fallout,Action
2018,Mission: Impossible - Fallout,Aventure
2018,Mission: Impossible - Fallout,Thriller
2018,Ant-Man and the Wasp,Action
2018,Ant-Man and the Wasp,Aventure
2018,Ant-Man and the Wasp,Comédie
2018,Bohemian Rhapsody,Biographie
2018,Bohemian Rhapsody,Drame
2018,Bohemian Rhapsody,Musique
2018,A Star Is Born,Drame
2018,A Star Is Born,Musique
2018,A Star Is Born,Romance
2018,Solo: A Star Wars Story,Action
2018,Solo: A Star Wars Story,Aventure
2018,Solo: A Star Wars Story,Science-fiction
2018,Venom,Action
2018,Venom,Science-fiction
2018,Venom,Thriller
2018,Ralph Breaks the Internet,Animation
2018,Ralph Breaks the Internet,Aventure
2018,Ralph Breaks the Internet,Comédie
2018,Spider-Man: Into the Spider-Verse,Animation
2018,Spider-Man: Into the Spider-Verse,Action
2018,Spider-Man: Into the Spider-Verse,Aventure
2018,A Quiet Place,Drame
2018,A Quiet Place,Horreur
2018,A Quiet Place,Science-fiction
2018,Crazy Rich Asians,Comédie
2018,Crazy Rich Asians,Drame
2018,Crazy Rich Asians,Romance
2018,Mary Poppins Returns,Comédie
2018,Mary Poppins Returns,Famille
2018,Mary Poppins Returns,Fantaisie
2018,Hotel Transylvania 3: Summer Vacation,Animation
2018,Hotel Transylvania 3: Summer Vacation,Aventure
2018,Hotel Transylvania 3: Summer Vacation,Comédie
2018,Fantastic Beasts: The Crimes of Grindelwald,Aventure
2018,Fantastic Beasts: The Crimes of Grindelwald,Famille
2018,Fantastic Beasts: The Crimes of Grindelwald,Fantaisie
2018,Halloween,Horreur
2018,Halloween,Thriller
2018,The Meg,Action
2018,The Meg,Horreur
2018,The Meg,Science-fiction
2018,Ocean's 8,Action
2018,Ocean's 8,Comédie
2018,Ocean's 8,Policier
2018,Ready Player One,Action
2018,Ready Player One,Aventure
2018,Ready Player One,Science-fiction
2018,Bumblebee,Action
2018,Bumblebee,Aventure
2018,Bumblebee,Science-fiction
2018,Mamma Mia! Here We Go Again,Comédie
2018,Mamma Mia! Here We Go Again,Comédie musicale
2018,Mamma Mia! Here We Go Again,Romance
2018,The Nun,Horreur
2018,The Nun,Mystère
2018,The Nun,Thriller
2018,Creed II,Drame
2018,Creed II,Sport
2018,Peter Rabbit,Aventure
2018,Peter Rabbit,Comédie
2018,Peter Rabbit,Famille
2018,The Mule,Policier
2018,The Mule,Drame
2018,The Mule,Thriller
2018,The Equalizer 2,Action
2018,The Equalizer 2,Policier
2018,The Equalizer 2,Thriller
2018,Rampage,Action
2018,Rampage,Aventure
2018,Rampage,Science-fiction
2018,A Wrinkle in Time,Aventure
2018,A Wrinkle in Time,Famille
2018,A Wrinkle in Time,Fantaisie
2018,Fifty Shades Freed,Drame
2018,Fifty Shades Freed,Romance
2018,Fifty Shades Freed,Thriller
2018,Christopher Robin,Aventure
2018,Christopher Robin,Comédie
2018,Christopher Robin,Drame
2018,Green Book,Biographie
2018,Green Book,Comédie
2018,Green Book,Drame
2018,I Can Only Imagine,Biographie
2018,I Can Only Imagine,Drame
2018,I Can Only Imagine,Famille
2018,Smallfoot,Animation
2018,Smallfoot,Aventure
2018,Smallfoot,Comédie
2018,Night School,Comédie
2018,The First Purge,Action
2018,The First Purge,Horreur
2018,The First Purge,Science-fiction
2018,Game Night,Action
2018,Game Night,Comédie
2018,Game Night,Policier
2018,Book Club,Comédie
2018,Book Club,Drame
2018,Book Club,Romance
2018,The House with a Clock in Its Walls,Comédie
2018,The House with a Clock in Its Walls,Famille
2018,The House with a Clock in Its Walls,Fantaisie
2018,Skyscraper,Action
2018,Skyscraper,Aventure
2018,Skyscraper,Thriller
2018,Insidious: The Last Key,Horreur
2018,Insidious: The Last Key,Mystère
2018,Insidious: The Last Key,Thriller
2018,Instant Family,Comédie
2018,Instant Family,Drame
2018,Pacific Rim: Uprising,Action
2018,Pacific Rim: Uprising,Aventure
2018,Pacific Rim: Uprising,Science-fiction
2018,Blockers,Comédie
2018,Tomb Raider,Action
2018,Tomb Raider,Aventure
2018,Tomb Raider,Fantaisie
2018,Maze Runner: The Death Cure,Action
2018,Maze Runner: The Death Cure,Aventure
2018,Maze Runner: The Death Cure,Science-fiction
2019,Avengers: Endgame,Action
2019,Avengers: Endgame,Aventure
2019,Avengers: Endgame,Drame
2019,The Lion King,Animation
2019,The Lion King,Aventure
2019,The Lion King,Drame
2019,Toy Story 4,Animation
2019,Toy Story 4,Aventure
2019,Toy Story 4,Comédie
2019,Captain Marvel,Action
2019,Captain Marvel,Aventure
2019,Captain Marvel,Science-fiction
2019,Spider-Man: Far from Home,Action
2019,Spider-Man: Far from Home,Aventure
2019,Spider-Man: Far from Home,Science-fiction
2019,Aladdin,Aventure
2019,Aladdin,Famille
2019,Aladdin,Fantaisie
2019,It Chapter Two,Drame
2019,It Chapter Two,Fantaisie
2019,It Chapter Two,Horreur
2019,Joker,Policier
2019,Joker,Drame
2019,Joker,Thriller
2019,Us,Horreur
2019,Us,Mystère
2019,Us,Thriller
2019,John Wick: Chapter 3 - Parabellum,Action
2019,John Wick: Chapter 3 - Parabellum,Policier
2019,John Wick: Chapter 3 - Parabellum,Thriller
2019,Fast & Furious Presents: Hobbs & Shaw,Action
2019,Fast & Furious Presents: Hobbs & Shaw,Aventure
2019,How to Train Your Dragon: The Hidden World,Animation
2019,How to Train Your Dragon: The Hidden World,Action
2019,How to Train Your Dragon: The Hidden World,Aventure
2019,The Secret Life of Pets 2,Animation
2019,The Secret Life of Pets 2,Aventure
2019,The Secret Life of Pets 2,Comédie
2019,Pokémon Detective Pikachu,Action
2019,Pokémon Detective Pikachu,Aventure
2019,Pokémon Detective Pikachu,Comédie
2019,Shazam!,Action
2019,Shazam!,Aventure
2019,Shazam!,Comédie
2019,Once Upon a Time... in Hollywood,Comédie
2019,Once Upon a Time... in Hollywood,Drame
2019,Dumbo,Aventure
2019,Dumbo,Famille
2019,Dumbo,Fantaisie
2019,Glass,Drame
2019,Glass,Science-fiction
2019,Glass,Thriller
2019,Godzilla: King of the Monsters,Action
2019,Godzilla: King of the Monsters,Aventure
2019,Godzilla: King of the Monsters,Fantaisie
2019,The Lego Movie 2: The Second Part,Animation
2019,The Lego Movie 2: The Second Part,Action
2019,The Lego Movie 2: The Second Part,Aventure
2019,Rocketman,Biographie
2019,Rocketman,Drame
2019,Rocketman,Musique
2019,Alita: Battle Angel,Action
2019,Alita: Battle Angel,Aventure
2019,Alita: Battle Angel,Science-fiction
2019,Hustlers,Comédie
2019,Hustlers,Policier
2019,Hustlers,Drame
2019,Men in Black: International,Action
2019,Men in Black: International,Aventure
2019,Men in Black: International,Comédie
2019,Annabelle Comes Home,Horreur
2019,Annabelle Comes Home,Mystère
2019,Annabelle Comes Home,Thriller
2019,Tyler Perry's A Madea Family Funeral,Comédie
2019,Good Boys,Aventure
2019,Good Boys,Comédie
2019,Angel Has Fallen,Action
2019,Angel Has Fallen,Thriller
2019,X-Men: Dark Phoenix,Action
2019,X-Men: Dark Phoenix,Aventure
2019,X-Men: Dark Phoenix,Science-fiction
2019,Scary Stories to Tell in the Dark,Aventure
2019,Scary Stories to Tell in the Dark,Horreur
2019,Scary Stories to Tell in the Dark,Mystère
2019,Escape Room,Action
2019,Escape Room,Aventure
2019,Escape Room,Horreur
2019,Dora and the Lost City of Gold,Aventure
2019,Dora and the Lost City of Gold,Famille
2019,The Curse of La Llorona,Horreur
2019,The Curse of La Llorona,Mystère
2019,The Curse of La Llorona,Thriller
2019,Pet Sematary,Horreur
2019,Pet Sematary,Mystère
2019,Pet Sematary,Thriller
2019,What Men Want,Comédie
2019,What Men Want,Fantaisie
2019,What Men Want,Romance
2019,Isn't It Romantic,Comédie
2019,Isn't It Romantic,Fantaisie
2019,Isn't It Romantic,Romance
2019,Five Feet Apart,Drame
2019,Five Feet Apart,Romance
2019,Ma,Horreur
2019,Ma,Mystère
2019,Ma,Thriller
2019,Wonder Park,Animation
2019,Wonder Park,Aventure
2019,Wonder Park,Comédie
2019,A Dog's Way Home,Aventure
2019,A Dog's Way Home,Drame
2019,A Dog's Way Home,Famille
2019,Breakthrough,Biographie
2019,Breakthrough,Drame
2019,Little,Comédie
2019,Little,Fantaisie
2019,Little,Romance
2019,Crawl,Drame
2019,Crawl,Horreur
2019,Crawl,Thriller
2019,The Angry Birds Movie 2,Animation
2019,The Angry Birds Movie 2,Aventure
2019,The Angry Birds Movie 2,Comédie
2019,Maleficent: Mistress of Evil,Aventure
2019,Maleficent: Mistress of Evil,Famille
2019,Maleficent: Mistress of Evil,Fantaisie
2019,The Intruder,Drame
2019,The Intruder,Horreur
2019,The Intruder,Mystère
2019,The Hustle,Comédie
2019,The Hustle,Policier
2019,Ad Astra,Aventure
2019,Ad Astra,Drame
2019,Ad Astra,Mystère
2019,Cold Pursuit,Action
2019,Cold Pursuit,Policier
2019,Cold Pursuit,Drame
2019,Downton Abbey,Drame
2019,Downton Abbey,Romance
1970,Fools,Drame
1970,The Losers,Action
1970,The Losers,Drame
1970,The Losers,Thriller
1970,The Honeymoon Killers,Policier
1970,The Honeymoon Killers,Drame
1970,The Honeymoon Killers,Romance
1970,The Dunwich Horror,Horreur
1970,I Love My Wife,Comédie
1970,Promise at Dawn,Drame
1970,The Angel Levine,Drame
1970,Which Way to the Front?,Comédie
1970,Which Way to the Front?,Guerre
1970,Female Animal,Drame
1970,"Tell Me That You Love Me, Junie Moon",Comédie
1970,"Tell Me That You Love Me, Junie Moon",Drame
1970,"Tell Me That You Love Me, Junie Moon",Romance
1970,Lovers and Other Strangers,Comédie
1970,No Blade of Grass,Drame
1970,No Blade of Grass,Science-fiction
1970,Brewster McCloud,Comédie
1970,Brewster McCloud,Fantaisie
1970,Husbands,Comédie
1970,Husbands,Drame
1970,Too Late the Hero,Action
1970,Too Late the Hero,Drame
1970,Too Late the Hero,Guerre
1970,Something for Everyone,Comédie
1970,Something for Everyone,Policier
1970,Something for Everyone,Drame
1970,Pufnstuf,Aventure
1970,Pufnstuf,Comédie
1970,Pufnstuf,Famille
1970,The Hawaiians,Drame
1970,Equinox,Action
1970,Equinox,Aventure
1970,Equinox,Horreur
1970,Move,Comédie
1970,Move,Fantaisie
1970,The Christine Jorgensen Story,Biographie
1970,The Christine Jorgensen Story,Drame
1970,The Christine Jorgensen Story,Romance
1970,The Kremlin Letter,Policier
1970,The Kremlin Letter,Drame
1970,The Kremlin Letter,Thriller
1970,Alex in Wonderland,Comédie
1970,Alex in Wonderland,Drame
1970,The People Next Door,Drame
1970,The Molly Maguires,Drame
1970,The Molly Maguires,Histoire
1970,"Count Yorga, Vampire",Drame
1970,"Count Yorga, Vampire",Fantaisie
1970,"Count Yorga, Vampire",Horreur
1970,Kama Sutra '71,Drame
1970,Kama Sutra '71,Romance
1970,The Lady in the Car with Glasses and a Gun,Drame
1970,Barquero,Western
1970,The Cheyenne Social Club,Comédie
1970,The Cheyenne Social Club,Romance
1970,The Cheyenne Social Club,Western
1970,Up in the Cellar,Comédie
1970,Up in the Cellar,Romance
1970,How Do I Love Thee?,Comédie
1970,How Do I Love Thee?,Drame
1970,Angel Unchained,Action
1970,Angel Unchained,Thriller
1970,Angel Unchained,Drame
1970,Wanda,Policier
1970,Wanda,Drame
1970,Multiple Maniacs,Comédie
1970,Multiple Maniacs,Policier
1970,Multiple Maniacs,Horreur
1970,The Low Price of Fame,Drame
1970,It's My Job,Comédie
1970,Massacre,Action
1970,Can Your Daughter Come Out Tonight?,Comédie
1970,A Voyage to Arcturus,Fantaisie
1970,Hard Knocks,Drame
1970,Billy Boy,Drame
1970,Billy Boy,Romance
1970,She Couldn't Say No,Drame
1970,The Caper,Policier
1970,Scent of Love,Fantaisie
1971,The Blue Hour,Drame
1971,The Groupies,Drame
1971,The Killers,Action
1971,Beautiful People,Drame
1971,The Player,Drame
1971,Flame in the Wind,Drame
1971,Flame in the Wind,Histoire
1971,The Sun Ship Game,Sport
1971,Keep Them Happy at Home,Drame
1971,Executive Wives,Drame
1971,"Mothers, Fathers and Lovers",Drame
1971,The Slaughter,Policier
1971,The Slaughter,Horreur
1971,Speeding Up Time,Action
1971,Speeding Up Time,Drame
1971,A Weekend with Strangers,Drame
1971,Josie's Castle,Drame
1971,Tell It Like It Is,Comédie
1971,Pink Garter Gang,Policier
1971,Pink Garter Gang,Drame
1971,Prostitution Pornography USA,Drame
1971,The Last Generation,Science-fiction
1971,Ride the Hot Wind,Action
1971,Ride the Hot Wind,Drame
1971,If Footmen Tire You What Will Horses Do?,Drame
1971,If Footmen Tire You What Will Horses Do?,Horreur
1971,The Wild Season,Action
1971,The Wild Season,Policier
1971,The Wild Season,Drame
1971,The Egyptians Are Coming,Comédie
1971,Fatehine sahra,Action
1971,Fatehine sahra,Drame
1971,Fatehine sahra,Thriller
1971,Teenage Tease,Comédie
1971,How's Your Love Life?,Drame
1971,7254,Drame
1971,Rain for a Dusty Summer,Drame
1971,Rain for a Dusty Summer,Western
1971,Outlaw Riders,Action
1971,Outlaw Riders,Drame
1971,The Hawaiian Split,Action
1971,The Hawaiian Split,Policier
1971,The Hawaiian Split,Drame
1971,The Secretary,Comédie
1971,The Secretary,Drame
1971,Mother Knows Best,Comédie
1971,Mother Knows Best,Drame
1971,Mississippi Summer,Drame
1972,Gold,Comédie
1972,Spook!,Comédie
1972,Belinda,Drame
1972,Lapin 360,Thriller
1972,Original: Do Not Project,Comédie
1972,Code of the Rangers,Western
1972,The Gospel According to Most People,Drame
1972,Drag Racer,Action
1972,Drag Racer,Drame
1972,Six-Hundred & Sixty Six,Drame
1972,Six-Hundred & Sixty Six,Science-fiction
1972,In Pursuit of Treasure,Drame
1972,In Pursuit of Treasure,Western
1972,Love Minus One,Drame
1972,The Young Rounders,Western
1972,Jazz Is Our Religion,Musique
1972,Another Nice Mess,Comédie
1972,Voices of Desire,Horreur
1972,To Hell You Preach,Drame
1972,To Hell You Preach,Western
1972,The Sexpert,Comédie
1972,The Marshal of Windy Hollow,Western
1972,On the Lam,Policier
1972,Left Hand of Gemini,Science-fiction
1972,Aggie,Drame
1972,White Rat,Policier
1972,Wrong Way,Policier
1972,Wrong Way,Drame
1972,Wrong Way,Thriller
1972,The Aries Computer,Science-fiction
1972,Curse of the Moon Child,Horreur
1972,Please Stand By,Comédie
1972,Please Stand By,Drame
1972,November Children,Action
1972,November Children,Drame
1972,Sins of Rachel,Drame
1972,Sins of Rachel,Mystère
1972,Pilgrimage,Drame
1972,Prison Girls,Policier
1972,Prison Girls,Drame
1972,The Only Way Home,Drame
1972,Let Charlie Do It,Animation
1972,Country Love,Drame
1972,Country Love,Romance
1972,Elevator Girls in Bondage,Comédie
1973,Dame Oyaji,Comédie
1973,Valley of Blood,Horreur
1973,The blind owl,Drame
1973,The Night of the Cat,Thriller
1973,"As Above, So Below",Drame
1973,Conflict,Drame
1973,Keys,Comédie
1973,"Blood, Black and White",Policier
1973,"Blood, Black and White",Drame
1973,John Keats: His Life and Death,Biographie
1973,John Keats: His Life and Death,Drame
1973,John Keats: His Life and Death,Famille
1973,Preacherman Meets Widderwoman,Comédie
1973,Loops,Drame
1973,"Welcome Home, Johnny",Policier
1973,"Welcome Home, Johnny",Drame
1973,Horowitz in Dublin,Policier
1973,"20,000 Leagues Under the Sea",Animation
1973,"20,000 Leagues Under the Sea",Famille
1973,And When She Was Bad...,Drame
1973,California Country,Comédie musicale
1973,California Country,Western
1973,Why,Drame
1973,Why,Sport
1973,Running with the Devil,Action
1973,Running with the Devil,Drame
1973,Shot,Action
1973,Treasure Island,Animation
1973,Treasure Island,Aventure
1973,Treasure Island,Comédie
1973,Salty,Famille
1973,Salty,Comédie
1973,Salty,Drame
1973,Psyched by the 4D Witch (A Tale of Demonology),Horreur
1973,Vice Squad Women,Policier
1973,The Playmates,Comédie
1973,Nymph,Drame
1973,The Roommates,Policier
1973,The Roommates,Drame
1973,The Roommates,Thriller
1973,Country Blue,Aventure
1973,Country Blue,Policier
1973,Country Blue,Drame
1973,Frankie and Johnnie... Were Lovers,Comédie
1973,Frankie and Johnnie... Were Lovers,Drame
1973,Miss Leslie's Dolls,Policier
1973,Miss Leslie's Dolls,Drame
1973,Miss Leslie's Dolls,Horreur
1973,The P.O.W.,Drame
1973,The Dirty Dolls,Policier
1973,The Dirty Dolls,Drame
1973,Malatesta's Carnival of Blood,Horreur
1973,General Massacre,Drame
1973,General Massacre,Guerre
1973,Together for Days,Drame
1973,Howzer,Drame
1973,Starbird and Sweet William,Western
1973,Starbird and Sweet William,Aventure
1974,A Pocket Filled with Dreams,Drame
1974,Last Free Ride,Comédie
1974,Last Free Ride,Histoire
1974,Last Free Ride,Musique
1974,Goodnight Jackie,Comédie
1974,The Green Hornet,Action
1974,The Green Hornet,Policier
1974,The Green Hornet,Science-fiction
1974,To Be a Rose,Drame
1974,Injun fender,Drame
1974,The Three Stooges Follies,Comédie
1974,The Three Stooges Follies,Comédie musicale
1974,Inferno in Paradise,Aventure
1974,Inferno in Paradise,Romance
1974,Inferno in Paradise,Thriller
1974,Slick Silver,Comédie
1974,Home Grown,Comédie
1974,Promise of Love,Drame
1974,Promise of Love,Romance
1974,A Time for Love,Drame
1974,A Time for Love,Romance
1974,Pigeon,Drame
1974,Pigeon,Comédie
1974,The Brass Ring,Action
1974,Blood on the Mountain,Aventure
1974,Blood on the Mountain,Thriller
1974,Blood on the Mountain,Drame
1974,Tears of Happiness,Comédie musicale
1974,Tears of Happiness,Drame
1974,Oliver Twist,Animation
1974,Oliver Twist,Famille
1974,The Text of Light,Mystère
1974,Snapshots,Drame
1974,Snapshots,Fantaisie
1974,Reflections from a Brass Bed,Drame
1974,Upkeep,Animation
1974,Super Spook,Comédie
1974,Super Spook,Policier
1974,Birthday Bird,Drame
1974,Willy & Scratch,Policier
1974,Willy & Scratch,Drame
1974,Willy & Scratch,Western
1974,The Kid and the Killers,Aventure
1974,The Kid and the Killers,Western
1974,The Four of Us,Romance
1974,The Deathhead Virgin,Drame
1974,The Deathhead Virgin,Horreur
1974,Bible!,Fantaisie
1974,Bible!,Histoire
1974,Bible!,Romance
1974,The Photographer,Drame
1974,The Photographer,Horreur
1974,The Photographer,Thriller
1974,Five Angry Women,Drame
1974,Tough,Drame
1974,Tough,Famille
1974,Mean Mother,Action
1974,Mean Mother,Drame
1974,The Clamdigger's Daughter,Drame
1974,The Black Connection,Action
1974,The Black Connection,Drame
1974,Confessor,Drame
1974,Treasure of Tayopa,Aventure
1974,Teenager,Drame
1974,Teenager,Action
1975,Death Brings Roses,Action
1975,Jackpot,Policier
1975,Alias Big Cherry,Biographie
1975,Alias Big Cherry,Policier
1975,Somebody Moved My Mountain,Drame
1975,Paesano: A Voice in the Night,Romance
1975,The World Through the Eyes of Children,Comédie musicale
1975,Emilio and His Magical Bull,Animation
1975,Charlie Rich: The Silver Fox in Concert,Musique
1975,Prelude to Happiness,Romance
1975,The Hitman,Thriller
1975,Ballad of the Bleeding Heart,Aventure
1975,Sasqua,Horreur
1975,The Noah,Drame
1975,The Noah,Fantaisie
1975,The Noah,Science-fiction
1975,Two Tons of Turquoise to Taos Tonight,Comédie
1975,Sensual Encounters,Drame
1975,The Grizzly & the Treasure,Drame
1975,The Grizzly & the Treasure,Famille
1975,The Grizzly & the Treasure,Western
1975,That Girl from Boston,Drame
1975,A Woman for All Men,Drame
1975,Fortress in the Sun,Action
1975,Fortress in the Sun,Aventure
1975,Fortress in the Sun,Drame
1975,Mysto the Great,Drame
1975,The Drought,Drame
1975,Wapper,Horreur
1975,Trucker's Woman,Action
1975,Trucker's Woman,Drame
1975,Little Boy Blue,Drame
1975,Little Boy Blue,Famille
1975,Saturday Night at the Baths,Comédie
1975,Saturday Night at the Baths,Drame
1975,Violated!,Policier
1975,Violated!,Drame
1975,Pick-up,Drame
1975,Tubby the Tuba,Animation
1975,Tubby the Tuba,Famille
1975,Tubby the Tuba,Comédie musicale
1975,The Blazer Girls,Comédie
1975,The Devil's Cleavage,Drame
1975,Pistole,Western
1975,Lost on Paradise Island,Action
1975,Lost on Paradise Island,Aventure
1975,Lost on Paradise Island,Comédie
1975,Keep Off My Grass!,Comédie
1975,God's Bloody Acre,Drame
1975,God's Bloody Acre,Horreur
1975,The Night They Robbed Big Bertha's,Comédie
1975,Teenage Seductress,Drame
1975,Have a Nice Weekend,Horreur
1975,The Wrong Damn Film,Comédie
1975,Walt Disney's Cartoon Carousel,Animation
1975,Walt Disney's Cartoon Carousel,Famille
1975,Donald Duck's Frantic Antic,Animation
1975,Donald Duck's Frantic Antic,Famille
1975,Rime of the Ancient Mariner,Aventure
1975,Rime of the Ancient Mariner,Drame
1976,Step Over the Edge,Drame
1976,The Tomato That Ate Cleveland,Comédie
1976,Main Street Eagle,Drame
1976,Westside Special Olympics (WSO) Games,Sport
1976,Bad Barbara,Comédie
1976,Family Focus,Drame
1976,The Miracle Goes On,Drame
1976,The Miracle Goes On,Famille
1976,The Miracle Goes On,Romance
1976,The Erotic Cartoon Festival,Animation
1976,The Erotic Cartoon Festival,Comédie
1976,Southern Double Cross,Comédie
1976,Redneck Miller,Action
1976,C.B. Hustlers,Comédie
1976,The Captive: The Longest Drive 2,Western
1976,Elmer,Drame
1976,Elmer,Famille
1976,The Wackiest Wagon Train in the West,Western
1976,The Wackiest Wagon Train in the West,Comédie
1976,Crypt of Dark Secrets,Policier
1976,Crypt of Dark Secrets,Horreur
1976,Misty,Drame
1976,The Grim Reaper,Drame
1976,The Grim Reaper,Horreur
1976,Dark Sunday,Action
1976,Dark Sunday,Thriller
1976,Emma,Drame
1976,The Day the Earth Got Stoned,Comédie
1976,Blood Voyage,Policier
1976,Blood Voyage,Thriller
1976,Blood Voyage,Horreur
1976,Uncle Tom's Cabin,Drame
1976,Racing Colors,Sport
1976,Nomadic Lives,Drame
1976,A Stranger in My Forest,Drame
1976,A Stranger in My Forest,Famille
1976,Panama Red,Action
1976,Panama Red,Drame
1976,The Last Affair,Drame
1976,Angry Joe Bass,Action
1976,King Kung Fu,Action
1976,King Kung Fu,Comédie
1976,Employment Discrimination: The Troubleshooters,Drame
1976,Doc Hooker's Bunch,Western
1976,Doc Hooker's Bunch,Comédie
1976,Everybody Rides the Carousel,Animation
1976,Heyzeus,Animation
1976,Donald Duck's Fun Festival,Animation
1976,Donald Duck's Fun Festival,Famille
1976,Kill Alex Kill,Policier
1976,Kill Alex Kill,Drame
1976,Kill Alex Kill,Guerre
1977,Running Free,Action
1977,Sacred Ground,Histoire
1977,Sailing All Seas,Aventure
1977,The Believer's Heaven,Fantaisie
1977,Godzilla,Science-fiction
1977,Amor chicano es para siempre,Drame
1977,The Solid Gold Show,Comédie
1977,You'll Never Miss It,Comédie
1977,Rocket to Mars,Science-fiction
1977,"Circus, Lions, Tigers and Melissas Too",Famille
1977,Makin' It in Hollywood,Drame
1977,Female Fever,Drame
1977,Natas es Satan,Policier
1977,Natas es Satan,Drame
1977,Natas es Satan,Thriller
1977,Boogievision,Comédie
1977,Sur Faces,Drame
1977,A Secret Space,Drame
1977,.357 Magnum,Action
1977,.357 Magnum,Drame
1977,Death Bed: The Bed That Eats,Horreur
1977,Cody,Drame
1977,Cody,Famille
1977,Canon Cheong-jin gongjak,Action
1977,Canon Cheong-jin gongjak,Guerre
1977,A Tale of Two Critters,Aventure
1977,A Tale of Two Critters,Famille
1977,Summerdog,Comédie
1977,Summerdog,Famille
1977,Sheffey,Biographie
1977,Sheffey,Drame
1977,Sheffey,Romance
1977,The Great Gundown,Western
1977,2076 Olympiad,Comédie
1977,2076 Olympiad,Science-fiction
1977,The Feud,Western
1977,Off the Wall,Comédie
1977,Off the Wall,Drame
1977,Fantastic Animation Festival,Animation
1977,Fantastic Animation Festival,Famille
1977,Cop Killers,Action
1977,Cop Killers,Drame
1977,Disco 9000,Policier
1977,Alex Joseph and His Wives,Drame
1977,Donald Duck's Summer Magic,Animation
1977,Donald Duck's Summer Magic,Famille
1977,Foes,Science-fiction
1977,Another Son of Sam,Policier
1977,Another Son of Sam,Horreur
1977,Another Son of Sam,Thriller
1977,Passing Through,Drame
1978,Northern Lights,Drame
1978,Northern Lights,Histoire
1978,Son Rah!,Comédie
1978,The Adventures of Pinocchio,Animation
1978,The Adventures of Pinocchio,Famille
1978,The Adventures of Pinocchio,Fantaisie
1978,Borcca Morcca,Fantaisie
1978,Bruges-La-Morte,Horreur
1978,Bruges-La-Morte,Romance
1978,The Magnificent Hustle,Action
1978,The Adventures of the Jensen Boys,Comédie
1978,Gas City,Drame
1978,The Family and Other Living Things,Famille
1978,Kidnapped,Drame
1978,Senior Year,Drame
1978,Knocking at Heaven's Door,Comédie
1978,Nite Song,Drame
1978,Mother,Drame
1978,The Fox Affair,Action
1978,Suddenly the Light,Drame
1978,Mountain Lady,Aventure
1978,Mountain Lady,Drame
1978,Krisi and the Legend of Mt. Shasta,Aventure
1978,Krisi and the Legend of Mt. Shasta,Famille
1978,Wendigo,Aventure
1978,Wendigo,Horreur
1978,Wendigo,Thriller
1978,Self Portrait in Brains,Horreur
1978,The Prize,Famille
1978,Rome '78,Drame
1978,Rome '78,Histoire
1978,Final Reward,Drame
1978,Moby Dick,Drame
1978,Bully: An Adventure with Teddy Roosevelt,Biographie
1978,Bully: An Adventure with Teddy Roosevelt,Drame
1978,Legend of the Northwest,Action
1978,Legend of the Northwest,Aventure
1978,Legend of the Northwest,Famille
1978,Beartooth,Aventure
1978,Beartooth,Western
1978,Pilgrim's Progress,Aventure
1978,The Adventures of Jody Shanan,Famille
1978,"Hey, Abbott!",Comédie
1978,Monique,Thriller
1978,Curse of Kilimanjaro,Aventure
1978,Acting Out,Drame
1978,Billy Boy,Action
1978,Billy Boy,Sport
1978,The Alaska Wilderness Adventure,Drame
1978,The Alaska Wilderness Adventure,Famille
1978,The Alaska Wilderness Adventure,Aventure
1978,"Dirt, Ground, Earth and Land",Drame
1978,A Tasteful Romance,Romance
1978,The Force on Thunder Mountain,Drame
1978,The Force on Thunder Mountain,Science-fiction
1978,Montezuma's Lost Gold,Western
1978,Mickey Mouse Jubilee Show,Animation
1978,Mickey Mouse Jubilee Show,Famille
1978,Surfer Girls,Comédie
1979,The Wanderers,Drame
1979,Time of the Eagle,Action
1979,Time of the Eagle,Horreur
1979,Time of the Eagle,Thriller
1979,The Spy Who Did It Better,Comédie
1979,Red Italy,Drame
1979,The Adventures of Sinbad,Animation
1979,That's Life,Comédie
1979,Punk Rock,Drame
1979,Do It in the Dirt,Action
1979,Son of Frankenstein,Horreur
1979,Disco Sexpot,Musique
1979,Close Shave,Comédie
1979,The House Without Steps,Drame
1979,Tweet's Ladies of Pasadena,Comédie
1979,Hero Commandos,Guerre
1979,A Christmas Carol,Comédie musicale
1979,2 Catch 2,Aventure
1979,Minus Zero,Thriller
1979,My Brother's Keeper,Famille
1979,Butterflies in Heat,Drame
1979,"Run, Tecato, Run",Drame
1979,The Swap,Policier
1979,The Swap,Drame
1979,The Paradise Trail,Drame
1979,The Paradise Trail,Western
1979,House of Seven Belles,Drame
1979,The Wild West,Western
1979,Squezze Play,Action
1979,Squezze Play,Comédie
1979,The Deadly Art of Survival,Action
1979,The Deadly Art of Survival,Drame
1979,Hey! There's Naked Bodies on My TV!,Comédie
1979,Flux Concert,Musique
1979,Flux Concert,Comédie musicale
1979,39 Stripes,Drame
1979,Satan War,Horreur
1979,Mabel Mercer: A Singer's Singer,Musique
1979,Bobby Short at the Cafe Carlyle,Musique
1979,The Legend of Black Thunder Mountain,Aventure
1979,Savage Water,Aventure
1979,Savage Water,Horreur
1979,Christiana,Aventure
1979,Christiana,Fantaisie
1979,Bitter Heritage,Policier
1979,Bitter Heritage,Drame
1979,Bitter Heritage,Mystère
1979,Streets of Hong Kong,Drame
1979,Streets of Hong Kong,Policier
1979,Scoring,Comédie
1979,Robin,Drame
1979,A Matter of Love,Drame
1979,A Great Ride,Drame
1979,Evidence of Power,Policier
1979,Evidence of Power,Drame
1980,The Hollywood Knights,Comédie
1980,Serial,Comédie
1980,Somewhere in Time,Drame
1980,Somewhere in Time,Fantaisie
1980,Somewhere in Time,Romance
1980,Fatso,Comédie
1980,Fatso,Drame
1980,Fatso,Romance
1980,The Stunt Man,Action
1980,The Stunt Man,Comédie
1980,The Stunt Man,Drame
1980,Where the Buffalo Roam,Biographie
1980,Where the Buffalo Roam,Comédie
1980,The Gong Show Movie,Comédie
1980,Motel Hell,Comédie
1980,Motel Hell,Horreur
1980,Motel Hell,Thriller
1980,Little Miss Marker,Comédie
1980,Little Miss Marker,Drame
1980,Little Miss Marker,Romance
1980,Oh Heavenly Dog,Comédie
1980,Oh Heavenly Dog,Policier
1980,Oh Heavenly Dog,Fantaisie
1980,Hangar 18,Action
1980,Hangar 18,Biographie
1980,Hangar 18,Science-fiction
1980,The Watcher in the Woods,Famille
1980,The Watcher in the Woods,Horreur
1980,The Watcher in the Woods,Mystère
1980,The Boogey Man,Horreur
1980,Willie & Phil,Comédie
1980,Willie & Phil,Drame
1980,Willie & Phil,Romance
1980,Melvin and Howard,Comédie
1980,Melvin and Howard,Drame
1980,Roadie,Comédie
1980,Roadie,Musique
1980,Resurrection,Drame
1980,Resurrection,Fantaisie
1980,Heaven's Gate,Aventure
1980,Heaven's Gate,Drame
1980,Heaven's Gate,Western
1980,Loving Couples,Comédie
1980,Gilda Live,Comédie
1980,Windows,Drame
1980,Windows,Thriller
1980,Just Tell Me What You Want,Comédie
1980,Just Tell Me What You Want,Romance
1980,"Bon Voyage, Charlie Brown (and Don't Come Back!!)",Animation
1980,"Bon Voyage, Charlie Brown (and Don't Come Back!!)",Aventure
1980,"Bon Voyage, Charlie Brown (and Don't Come Back!!)",Comédie
1980,In God We Trust (or Gimme That Prime Time Religion),Comédie
1980,Can't Stop the Music,Biographie
1980,Can't Stop the Music,Comédie
1980,Can't Stop the Music,Comédie musicale
1980,When Time Ran Out...,Action
1980,When Time Ran Out...,Aventure
1980,When Time Ran Out...,Drame
1980,Why Would I Lie?,Comédie
1980,Why Would I Lie?,Drame
1980,"Those Lips, Those Eyes",Comédie
1980,"Those Lips, Those Eyes",Romance
1980,Fame,Drame
1980,Fame,Musique
1980,Fame,Comédie musicale
1980,Tricks of the Trade,Comédie
1980,The Problem of Patty Melt,Mystère
1980,Secret of Bigfoot,Science-fiction
1980,The Phantom Wolf,Histoire
1980,Arch of Triumph,Drame
1980,Thomas Hearns vs. Pipino Cuevas,Sport
1980,Hito Hata: Raise the Banner,Drame
1980,A Celtic Trilogy,Drame
1980,Voluptuous Graduates,Comédie
1980,Legacy of the Stars,Drame
1980,Heaven's Heroes,Action
1980,Heaven's Heroes,Drame
1980,The Case of the Missing Consciousness,Comédie
1980,The Case of the Missing Consciousness,Science-fiction
1980,Sudzall Does It All!,Comédie
1980,Sudzall Does It All!,Drame
1980,The Long Island Four,Drame
1980,Shadows of the Mind,Horreur
1980,Shadows of the Mind,Thriller
1980,Goldrunner,Action
1980,Goldrunner,Policier
1980,Goldrunner,Drame
1980,Conflict and Resolution,Drame
1980,Whitcomb's War,Comédie
1980,Whitcomb's War,Fantaisie
1981,The Postman Always Rings Twice,Policier
1981,The Postman Always Rings Twice,Drame
1981,The Postman Always Rings Twice,Romance
1981,Comin' at Ya!,Western
1981,Back Roads,Aventure
1981,Back Roads,Comédie
1981,Back Roads,Romance
1981,Thief,Action
1981,Thief,Policier
1981,Thief,Drame
1981,Zorro: The Gay Blade,Action
1981,Zorro: The Gay Blade,Aventure
1981,Zorro: The Gay Blade,Comédie
1981,Victory,Drame
1981,Victory,Sport
1981,Victory,Guerre
1981,Rollover,Drame
1981,Rollover,Mystère
1981,Rollover,Romance
1981,Wolfen,Horreur
1981,Wolfen,Thriller
1981,True Confessions,Policier
1981,True Confessions,Drame
1981,Carbon Copy,Comédie
1981,Carbon Copy,Drame
1981,Pennies from Heaven,Drame
1981,Pennies from Heaven,Comédie musicale
1981,Pennies from Heaven,Romance
1981,Deadly Blessing,Horreur
1981,Whose Life Is It Anyway?,Drame
1981,Prince of the City,Policier
1981,Prince of the City,Drame
1981,The Funhouse,Horreur
1981,An Eye for an Eye,Action
1981,An Eye for an Eye,Aventure
1981,An Eye for an Eye,Policier
1981,Buddy Buddy,Comédie
1981,Eyewitness,Policier
1981,Eyewitness,Drame
1981,Eyewitness,Mystère
1981,American Pop,Animation
1981,American Pop,Drame
1981,American Pop,Histoire
1981,My Dinner with Andre,Biographie
1981,My Dinner with Andre,Comédie
1981,My Dinner with Andre,Drame
1981,Inchon,Drame
1981,Inchon,Histoire
1981,Inchon,Guerre
1981,Student Bodies,Comédie
1981,Student Bodies,Horreur
1981,Student Bodies,Mystère
1981,Southern Comfort,Action
1981,Southern Comfort,Thriller
1981,All Night Long,Comédie
1981,All Night Long,Drame
1981,All Night Long,Romance
1981,The Pursuit of D.B. Cooper,Aventure
1981,The Pursuit of D.B. Cooper,Policier
1981,The Pursuit of D.B. Cooper,Thriller
1981,Looker,Drame
1981,Looker,Science-fiction
1981,Looker,Thriller
1981,Zoot Suit,Drame
1981,Zoot Suit,Comédie musicale
1981,Modern Romance,Comédie
1981,Modern Romance,Romance
1981,The Hand,Drame
1981,The Hand,Horreur
1981,The Hand,Thriller
1981,The Evil Dead,Horreur
1981,Heartbeeps,Comédie
1981,Heartbeeps,Science-fiction
1981,This Is Elvis,Biographie
1981,This Is Elvis,Musique
1981,Sphinx,Aventure
1981,Sphinx,Mystère
1981,Sphinx,Thriller
1981,Honky Tonk Freeway,Action
1981,Honky Tonk Freeway,Comédie
1981,Raggedy Man,Drame
1981,King of the Mountain,Drame
1981,Cutter's Way,Policier
1981,Cutter's Way,Drame
1981,Cutter's Way,Mystère
1981,Night School,Horreur
1981,Night School,Mystère
1981,Night School,Thriller
1981,Eyes of a Stranger,Horreur
1981,Eyes of a Stranger,Thriller
1981,Longshot,Comédie
1981,Longshot,Drame
1981,Longshot,Sport
1981,Scream,Horreur
1981,Scream,Mystère
1981,One from the Heart,Drame
1981,One from the Heart,Comédie musicale
1981,One from the Heart,Romance
1981,Cattle Annie and Little Britches,Drame
1981,Cattle Annie and Little Britches,Western
1981,Dead & Buried,Horreur
1981,Dead & Buried,Mystère
1981,Oklahoma Bound,Comédie
1981,Greatest American Hero spoof,Action
1981,The Summerset Sisters,Horreur
1981,Night City Angels,Comédie
1981,Fait Accompli,Drame
1982,The Seduction,Thriller
1982,Silent Rage,Action
1982,Silent Rage,Policier
1982,Silent Rage,Horreur
1982,The Year of Living Dangerously,Drame
1982,The Year of Living Dangerously,Romance
1982,The Year of Living Dangerously,Guerre
1982,The Secret of NIMH,Animation
1982,The Secret of NIMH,Aventure
1982,The Secret of NIMH,Drame
1982,Class Reunion,Comédie
1982,Class Reunion,Horreur
1982,Hanky Panky,Action
1982,Hanky Panky,Comédie
1982,Hanky Panky,Policier
1982,Shoot the Moon,Drame
1982,A Midsummer Night's Sex Comedy,Comédie
1982,Trail of the Pink Panther,Comédie
1982,Trail of the Pink Panther,Policier
1982,Trail of the Pink Panther,Mystère
1982,Night Crossing,Drame
1982,Night Crossing,Famille
1982,Night Crossing,Histoire
1982,The Beast Within,Horreur
1982,Tex,Drame
1982,Parasite,Horreur
1982,Parasite,Science-fiction
1982,Cat People,Fantaisie
1982,Cat People,Horreur
1982,Cat People,Thriller
1982,I Ought to Be in Pictures,Comédie
1982,I Ought to Be in Pictures,Drame
1982,Six Weeks,Drame
1982,Forced Vengeance,Action
1982,Forced Vengeance,Aventure
1982,Forced Vengeance,Policier
1982,The Last Unicorn,Animation
1982,The Last Unicorn,Aventure
1982,The Last Unicorn,Drame
1982,The Soldier,Action
1982,The Soldier,Aventure
1982,The Soldier,Thriller
1982,The Border,Policier
1982,The Border,Drame
1982,The Border,Western
1982,Partners,Comédie
1982,Partners,Policier
1982,The State of Things,Drame
1982,Still of the Night,Policier
1982,Still of the Night,Drame
1982,Still of the Night,Mystère
1982,The Last American Virgin,Comédie
1982,The Last American Virgin,Drame
1982,The Last American Virgin,Romance
1982,Megaforce,Action
1982,Megaforce,Science-fiction
1982,Personal Best,Drame
1982,Personal Best,Sport
1982,Cannery Row,Comédie
1982,Cannery Row,Drame
1982,Cannery Row,Romance
1982,Heidi's Song,Animation
1982,Heidi's Song,Famille
1982,Heidi's Song,Comédie musicale
1982,Tempest,Comédie
1982,Tempest,Drame
1982,Tempest,Fantaisie
1982,Frances,Biographie
1982,Frances,Drame
1982,Frances,Romance
1982,Summer Lovers,Comédie
1982,Summer Lovers,Drame
1982,Summer Lovers,Romance
1982,Honkytonk Man,Comédie
1982,Honkytonk Man,Drame
1982,Honkytonk Man,Musique
1982,Jekyll and Hyde... Together Again,Science-fiction
1982,Jekyll and Hyde... Together Again,Comédie
1982,Jekyll and Hyde... Together Again,Musique
1982,The Challenge,Action
1982,The Challenge,Drame
1982,Wrong Is Right,Comédie
1982,Wrong Is Right,Drame
1982,Wrong Is Right,Thriller
1982,Fighting Back,Action
1982,Fighting Back,Policier
1982,Fighting Back,Drame
1982,Penitentiary II,Policier
1982,Penitentiary II,Drame
1982,Penitentiary II,Sport
1982,Homework,Comédie
1982,Homework,Drame
1982,Jinxed!,Comédie
1982,The King of Comedy,Comédie
1982,The King of Comedy,Policier
1982,The King of Comedy,Drame
1982,A Little Sex,Comédie
1982,A Little Sex,Romance
1982,"Yes, Giorgio",Comédie
1982,"Yes, Giorgio",Comédie musicale
1982,Pieces,Horreur
1982,Pieces,Mystère
1982,Pieces,Thriller
1982,Barbarosa,Western
1982,"I, the Jury",Policier
1982,"I, the Jury",Drame
1982,"I, the Jury",Mystère
1982,Endangered Species,Drame
1982,Endangered Species,Mystère
1982,Endangered Species,Thriller
1982,The House on Sorority Row,Horreur
1982,The House on Sorority Row,Mystère
1982,The House on Sorority Row,Thriller
1982,The Personals,Comédie
1982,The Personals,Drame
1982,The Personals,Romance
1982,Lookin' to Get Out,Comédie
1982,"Come Back to the 5 & Dime Jimmy Dean, Jimmy Dean",Comédie
1982,"Come Back to the 5 & Dime Jimmy Dean, Jimmy Dean",Drame
1983,The Man Who Loved Women,Comédie
1983,The Man Who Loved Women,Drame
1983,The Man Who Loved Women,Romance
1983,Hercules,Aventure
1983,Hercules,Fantaisie
1983,Doctor Detroit,Comédie
1983,Deal of the Century,Comédie
1983,Deal of the Century,Policier
1983,Revenge of the Ninja,Action
1983,Revenge of the Ninja,Policier
1983,Revenge of the Ninja,Drame
1983,Lovesick,Comédie
1983,Lovesick,Fantaisie
1983,Lovesick,Romance
1983,The Man with Two Brains,Comédie
1983,The Man with Two Brains,Romance
1983,The Man with Two Brains,Science-fiction
1983,The Black Stallion Returns,Aventure
1983,The Black Stallion Returns,Famille
1983,Bad Boys,Policier
1983,Bad Boys,Drame
1983,Bad Boys,Thriller
1983,Brainstorm,Science-fiction
1983,Brainstorm,Thriller
1983,Tender Mercies,Drame
1983,Tender Mercies,Musique
1983,Something Wicked This Way Comes,Fantaisie
1983,Something Wicked This Way Comes,Mystère
1983,Something Wicked This Way Comes,Thriller
1983,10 to Midnight,Policier
1983,10 to Midnight,Drame
1983,10 to Midnight,Thriller
1983,Romantic Comedy,Comédie
1983,Nightmares,Horreur
1983,Nightmares,Science-fiction
1983,The Golden Seal,Drame
1983,The Osterman Weekend,Action
1983,The Osterman Weekend,Drame
1983,The Osterman Weekend,Thriller
1983,Star 80,Biographie
1983,Star 80,Drame
1983,The Sting II,Comédie
1983,The Sting II,Policier
1983,Amityville 3-D,Horreur
1983,Chained Heat,Action
1983,Chained Heat,Policier
1983,Chained Heat,Drame
1983,Under Fire,Drame
1983,Under Fire,Guerre
1983,Smokey and the Bandit Part 3,Comédie
1983,Smokey and the Bandit Part 3,Policier
1983,A Night in Heaven,Drame
1983,A Night in Heaven,Romance
1983,The Star Chamber,Policier
1983,The Star Chamber,Drame
1983,The Star Chamber,Mystère
1983,Metalstorm: The Destruction of Jared-Syn,Action
1983,Metalstorm: The Destruction of Jared-Syn,Aventure
1983,Metalstorm: The Destruction of Jared-Syn,Romance
1983,Love Letters,Drame
1983,Love Letters,Romance
1983,Eddie and the Cruisers,Drame
1983,Eddie and the Cruisers,Musique
1983,Eddie and the Cruisers,Mystère
1983,Curse of the Pink Panther,Comédie
1983,Curse of the Pink Panther,Policier
1983,Curse of the Pink Panther,Mystère
1983,Mortuary,Horreur
1983,Trenchcoat,Comédie
1983,Trenchcoat,Mystère
1983,Trenchcoat,Thriller
1983,Rumble Fish,Policier
1983,Rumble Fish,Drame
1983,Rumble Fish,Romance
1983,The Man Who Wasn't There,Action
1983,The Man Who Wasn't There,Aventure
1983,The Man Who Wasn't There,Comédie
1983,Table for Five,Drame
1983,Table for Five,Romance
1983,"Man, Woman and Child",Drame
1983,Testament,Drame
1983,Nate and Hayes,Action
1983,Nate and Hayes,Aventure
1983,Nate and Hayes,Comédie
1983,Baby It's You,Comédie
1983,Baby It's You,Drame
1983,Baby It's You,Romance
1983,Exposed,Drame
1983,Exposed,Musique
1983,Deadly Force,Action
1983,Deadly Force,Policier
1983,Deadly Force,Drame
1983,Get Crazy,Comédie
1983,Get Crazy,Musique
1983,Lianna,Drame
1983,Lianna,Romance
1983,Sahara,Aventure
1983,Sahara,Drame
1983,Strange Invaders,Horreur
1983,Strange Invaders,Mystère
1983,Strange Invaders,Science-fiction
1983,Eddie Macon's Run,Action
1983,Eddie Macon's Run,Aventure
1983,Eddie Macon's Run,Policier
1983,Losin' It,Comédie
1983,Losin' It,Drame
1983,The Lonely Lady,Drame
1983,Of Unknown Origin,Horreur
1983,Of Unknown Origin,Thriller
1983,Getting It On,Comédie
1983,Fire and Ice,Animation
1983,Fire and Ice,Fantaisie
1983,Fire and Ice,Aventure
1984,Unfaithfully Yours,Comédie
1984,Unfaithfully Yours,Musique
1984,Unfaithfully Yours,Romance
1984,Best Defense,Comédie
1984,Best Defense,Guerre
1984,Blame It on Rio,Comédie
1984,Blame It on Rio,Romance
1984,Lassiter,Action
1984,Lassiter,Policier
1984,Lassiter,Drame
1984,Angel,Action
1984,Angel,Policier
1984,Angel,Thriller
1984,Beat Street,Drame
1984,Beat Street,Musique
1984,Breakin' 2: Electric Boogaloo,Comédie
1984,Breakin' 2: Electric Boogaloo,Drame
1984,Breakin' 2: Electric Boogaloo,Comédie musicale
1984,Firestarter,Action
1984,Firestarter,Horreur
1984,Firestarter,Science-fiction
1984,The Adventures of Pinocchio,Animation
1984,The Adventures of Pinocchio,Famille
1984,Children of the Corn,Horreur
1984,Children of the Corn,Thriller
1984,Night of the Comet,Comédie
1984,Night of the Comet,Horreur
1984,Night of the Comet,Science-fiction
1984,The Ice Pirates,Action
1984,The Ice Pirates,Aventure
1984,The Ice Pirates,Comédie
1984,Tank,Action
1984,Tank,Comédie
1984,Tank,Drame
1984,Supergirl,Action
1984,Supergirl,Aventure
1984,Supergirl,Fantaisie
1984,The Evil That Men Do,Action
1984,The Evil That Men Do,Drame
1984,The Evil That Men Do,Thriller
1984,Irreconcilable Differences,Comédie
1984,Irreconcilable Differences,Drame
1984,Irreconcilable Differences,Romance
1984,Up the Creek,Comédie
1984,The River,Drame
1984,Dreamscape,Action
1984,Dreamscape,Aventure
1984,Dreamscape,Horreur
1984,The Wild Life,Comédie
1984,The Wild Life,Drame
1984,Broadway Danny Rose,Comédie
1984,Falling in Love,Drame
1984,Falling in Love,Romance
1984,Where the Boys Are,Comédie
1984,Thief of Hearts,Drame
1984,Thief of Hearts,Thriller
1984,Thief of Hearts,Policier
1984,Cloak & Dagger,Action
1984,Cloak & Dagger,Aventure
1984,Cloak & Dagger,Policier
1984,Country,Drame
1984,Bolero,Comédie
1984,Bolero,Drame
1984,Bolero,Romance
1984,Body Double,Policier
1984,Body Double,Drame
1984,Body Double,Mystère
1984,The Bounty,Aventure
1984,The Bounty,Drame
1984,The Bounty,Histoire
1984,Reckless,Comédie
1984,Reckless,Drame
1984,Reckless,Romance
1984,The Philadelphia Experiment,Aventure
1984,The Philadelphia Experiment,Drame
1984,The Philadelphia Experiment,Romance
1984,Streets of Fire,Action
1984,Streets of Fire,Policier
1984,Streets of Fire,Drame
1984,Just the Way You Are,Comédie
1984,Just the Way You Are,Musique
1984,Just the Way You Are,Romance
1984,The Little Drummer Girl,Thriller
1984,Ninja III: The Domination,Action
1984,Ninja III: The Domination,Fantaisie
1984,Ninja III: The Domination,Thriller
1984,Iceman,Drame
1984,Iceman,Science-fiction
1984,Hardbodies,Comédie
1984,Runaway,Action
1984,Runaway,Policier
1984,Runaway,Science-fiction
1984,Swing Shift,Drame
1984,Swing Shift,Romance
1984,Swing Shift,Guerre
1984,The Razor's Edge,Drame
1984,The Razor's Edge,Romance
1984,The Razor's Edge,Guerre
1984,The Adventures of Buckaroo Banzai Across the 8th Dimension,Aventure
1984,The Adventures of Buckaroo Banzai Across the 8th Dimension,Comédie
1984,The Adventures of Buckaroo Banzai Across the 8th Dimension,Romance
1984,Firstborn,Drame
1984,Firstborn,Thriller
1984,The Pope of Greenwich Village,Action
1984,The Pope of Greenwich Village,Comédie
1984,The Pope of Greenwich Village,Policier
1984,Racing with the Moon,Comédie
1984,Racing with the Moon,Drame
1984,Racing with the Moon,Romance
1984,Sheena,Aventure
1984,Sheena,Fantaisie
1984,The Lonely Guy,Comédie
1984,The Lonely Guy,Romance
1984,Meatballs Part II,Comédie
1984,Once Upon a Time in America,Policier
1984,Once Upon a Time in America,Drame
1984,The Hotel New Hampshire,Comédie
1984,The Hotel New Hampshire,Drame
1984,American Dreamer,Comédie
1984,American Dreamer,Policier
1984,American Dreamer,Romance
1985,Legend,Aventure
1985,Legend,Fantaisie
1985,Legend,Romance
1985,King Solomon's Mines,Action
1985,King Solomon's Mines,Aventure
1985,King Solomon's Mines,Comédie
1985,Baby: Secret of the Lost Legend,Famille
1985,Baby: Secret of the Lost Legend,Aventure
1985,Baby: Secret of the Lost Legend,Science-fiction
1985,Clue,Comédie
1985,Clue,Policier
1985,Clue,Mystère
1985,The Return of the Living Dead,Comédie
1985,The Return of the Living Dead,Horreur
1985,The Return of the Living Dead,Science-fiction
1985,A Chorus Line,Drame
1985,A Chorus Line,Musique
1985,A Chorus Line,Comédie musicale
1985,Tomboy,Comédie
1985,One Magic Christmas,Famille
1985,One Magic Christmas,Fantaisie
1985,Cat's Eye,Comédie
1985,Cat's Eye,Horreur
1985,Cat's Eye,Thriller
1985,Real Genius,Comédie
1985,Real Genius,Romance
1985,Real Genius,Science-fiction
1985,Perfect,Drame
1985,Perfect,Romance
1985,Vision Quest,Drame
1985,Vision Quest,Romance
1985,Vision Quest,Sport
1985,Compromising Positions,Comédie
1985,Compromising Positions,Drame
1985,Compromising Positions,Mystère
1985,Lifeforce,Action
1985,Lifeforce,Horreur
1985,Lifeforce,Mystère
1985,Just One of the Guys,Comédie
1985,Just One of the Guys,Romance
1985,Krush Groove,Comédie
1985,Krush Groove,Drame
1985,Krush Groove,Musique
1985,Gotcha!,Action
1985,Gotcha!,Comédie
1985,Gotcha!,Mystère
1985,Missing in Action 2: The Beginning,Action
1985,Missing in Action 2: The Beginning,Drame
1985,Missing in Action 2: The Beginning,Thriller
1985,The Purple Rose of Cairo,Comédie
1985,The Purple Rose of Cairo,Fantaisie
1985,The Purple Rose of Cairo,Romance
1985,Moving Violations,Comédie
1985,After Hours,Comédie
1985,After Hours,Policier
1985,After Hours,Drame
1985,American Ninja,Action
1985,American Ninja,Aventure
1985,American Ninja,Romance
1985,Better Off Dead...,Comédie
1985,Better Off Dead...,Romance
1985,Lost in America,Comédie
1985,Once Bitten,Comédie
1985,Once Bitten,Fantaisie
1985,Once Bitten,Horreur
1985,Brazil,Drame
1985,Brazil,Science-fiction
1985,Explorers,Aventure
1985,Explorers,Comédie
1985,Explorers,Famille
1985,Tuff Turf,Action
1985,Tuff Turf,Comédie
1985,Tuff Turf,Drame
1985,Sweet Dreams,Biographie
1985,Sweet Dreams,Drame
1985,Sweet Dreams,Musique
1985,Mischief,Comédie
1985,Mischief,Romance
1985,That Was Then... This Is Now,Policier
1985,That Was Then... This Is Now,Drame
1985,Secret Admirer,Comédie
1985,Secret Admirer,Romance
1985,The Man with One Red Shoe,Comédie
1985,The Man with One Red Shoe,Thriller
1985,Stick,Action
1985,Stick,Policier
1985,Stick,Drame
1985,Twice in a Lifetime,Drame
1985,Twice in a Lifetime,Romance
1985,Runaway Train,Action
1985,Runaway Train,Aventure
1985,Runaway Train,Drame
1985,D.A.R.Y.L.,Famille
1985,D.A.R.Y.L.,Science-fiction
1985,The Secret of the Sword,Animation
1985,The Secret of the Sword,Action
1985,The Secret of the Sword,Aventure
1985,Into the Night,Comédie
1985,Into the Night,Policier
1985,Into the Night,Drame
1985,The Trip to Bountiful,Drame
1985,Transylvania 6-5000,Comédie
1985,Transylvania 6-5000,Fantaisie
1985,Transylvania 6-5000,Horreur
1985,Red Sonja,Action
1985,Red Sonja,Aventure
1985,Red Sonja,Fantaisie
1985,Here Come the Littles,Animation
1985,Here Come the Littles,Aventure
1985,Here Come the Littles,Famille
1985,Girls Just Want to Have Fun,Comédie
1985,Girls Just Want to Have Fun,Musique
1985,Girls Just Want to Have Fun,Romance
1985,Plenty,Drame
1985,Rustlers' Rhapsody,Comédie
1985,Rustlers' Rhapsody,Western
1985,Heaven Help Us,Comédie
1985,Heaven Help Us,Drame
1985,Heaven Help Us,Romance
1985,Day of the Dead,Horreur
1985,Day of the Dead,Thriller
1985,Gymkata,Action
1985,Gymkata,Thriller
1985,Avenging Angel,Action
1985,Avenging Angel,Policier
1985,Avenging Angel,Thriller
1986,Youngblood,Drame
1986,Youngblood,Romance
1986,Youngblood,Sport
1986,Psycho III,Horreur
1986,Psycho III,Mystère
1986,Psycho III,Thriller
1986,The Mosquito Coast,Aventure
1986,The Mosquito Coast,Drame
1986,The Mosquito Coast,Thriller
1986,Sweet Liberty,Comédie
1986,One Crazy Summer,Comédie
1986,One Crazy Summer,Romance
1986,Extremities,Drame
1986,Extremities,Thriller
1986,Critters,Comédie
1986,Critters,Horreur
1986,Critters,Science-fiction
1986,April Fool's Day,Horreur
1986,April Fool's Day,Mystère
1986,Labyrinth,Aventure
1986,Labyrinth,Famille
1986,Labyrinth,Fantaisie
1986,Club Paradise,Comédie
1986,No Mercy,Policier
1986,No Mercy,Drame
1986,No Mercy,Romance
1986,Brighton Beach Memoirs,Comédie
1986,Firewalker,Action
1986,Firewalker,Aventure
1986,Firewalker,Comédie
1986,Big Trouble in Little China,Action
1986,Big Trouble in Little China,Aventure
1986,Big Trouble in Little China,Comédie
1986,Under the Cherry Moon,Comédie
1986,Under the Cherry Moon,Drame
1986,Under the Cherry Moon,Musique
1986,Murphy's Law,Action
1986,Murphy's Law,Policier
1986,Murphy's Law,Drame
1986,SpaceCamp,Aventure
1986,SpaceCamp,Famille
1986,SpaceCamp,Science-fiction
1986,Deadly Friend,Drame
1986,Deadly Friend,Horreur
1986,Deadly Friend,Science-fiction
1986,Manhunter,Policier
1986,Manhunter,Horreur
1986,Manhunter,Mystère
1986,Blue Velvet,Drame
1986,Blue Velvet,Mystère
1986,Blue Velvet,Thriller
1986,Care Bears Movie II: A New Generation,Animation
1986,Care Bears Movie II: A New Generation,Aventure
1986,Care Bears Movie II: A New Generation,Comédie
1986,Wise Guys,Comédie
1986,Wise Guys,Policier
1986,Something Wild,Comédie
1986,Something Wild,Policier
1986,Something Wild,Romance
1986,Lucas,Comédie
1986,Lucas,Drame
1986,Lucas,Romance
1986,Haunted Honeymoon,Comédie
1986,The Texas Chainsaw Massacre 2,Comédie
1986,The Texas Chainsaw Massacre 2,Horreur
1986,The Best of Times,Comédie
1986,The Best of Times,Drame
1986,The Best of Times,Sport
1986,Quicksilver,Policier
1986,Quicksilver,Drame
1986,Quicksilver,Thriller
1986,Wanted: Dead or Alive,Action
1986,Wanted: Dead or Alive,Policier
1986,Wanted: Dead or Alive,Drame
1986,Maximum Overdrive,Action
1986,Maximum Overdrive,Comédie
1986,Maximum Overdrive,Horreur
1986,Witchboard,Horreur
1986,Witchboard,Mystère
1986,Witchboard,Thriller
1986,The Boy Who Could Fly,Drame
1986,The Boy Who Could Fly,Fantaisie
1986,The Boy Who Could Fly,Romance
1986,She's Gotta Have It,Comédie
1986,She's Gotta Have It,Romance
1986,Blue City,Action
1986,Blue City,Policier
1986,Blue City,Drame
1986,Trick or Treat,Comédie
1986,Trick or Treat,Horreur
1986,Trick or Treat,Musique
1986,9½ Weeks,Drame
1986,9½ Weeks,Romance
1986,Black Moon Rising,Action
1986,Black Moon Rising,Policier
1986,Black Moon Rising,Thriller
1986,Just Between Friends,Drame
1986,A Fine Mess,Action
1986,A Fine Mess,Comédie
1986,A Fine Mess,Policier
1986,My Little Pony: The Movie,Animation
1986,My Little Pony: The Movie,Famille
1986,My Little Pony: The Movie,Fantaisie
1986,The Transformers: The Movie,Animation
1986,The Transformers: The Movie,Action
1986,The Transformers: The Movie,Aventure
1986,The Hitcher,Action
1986,The Hitcher,Thriller
1986,Crossroads,Drame
1986,Crossroads,Musique
1986,Crossroads,Mystère
1986,Wisdom,Policier
1986,Wisdom,Drame
1986,Troll,Comédie
1986,Troll,Fantaisie
1986,Troll,Horreur
1986,52 Pick-Up,Policier
1986,52 Pick-Up,Drame
1986,52 Pick-Up,Thriller
1986,Out of Bounds,Action
1986,Out of Bounds,Policier
1986,Out of Bounds,Drame
1986,Vamp,Comédie
1986,Vamp,Fantaisie
1986,Vamp,Horreur
1986,Invaders from Mars,Horreur
1986,Invaders from Mars,Science-fiction
1986,Band of the Hand,Action
1986,Band of the Hand,Policier
1986,Band of the Hand,Drame
1987,The Principal,Action
1987,The Principal,Policier
1987,The Principal,Drame
1987,Suspect,Policier
1987,Suspect,Drame
1987,Suspect,Thriller
1987,The Believers,Policier
1987,The Believers,Drame
1987,The Believers,Horreur
1987,Some Kind of Wonderful,Drame
1987,Some Kind of Wonderful,Romance
1987,Project X,Comédie
1987,Project X,Drame
1987,Project X,Science-fiction
1987,Born in East L.A.,Comédie
1987,Masters of the Universe,Action
1987,Masters of the Universe,Aventure
1987,Masters of the Universe,Fantaisie
1987,Angel Heart,Horreur
1987,Angel Heart,Mystère
1987,Angel Heart,Thriller
1987,Burglar,Comédie
1987,Burglar,Policier
1987,Over the Top,Action
1987,Over the Top,Drame
1987,Over the Top,Sport
1987,Superman IV: The Quest for Peace,Action
1987,Superman IV: The Quest for Peace,Aventure
1987,Superman IV: The Quest for Peace,Famille
1987,Flowers in the Attic,Drame
1987,Flowers in the Attic,Mystère
1987,Flowers in the Attic,Thriller
1987,Radio Days,Comédie
1987,Ishtar,Action
1987,Ishtar,Aventure
1987,Ishtar,Comédie
1987,Prince of Darkness,Horreur
1987,Creepshow 2,Comédie
1987,Creepshow 2,Fantaisie
1987,Creepshow 2,Horreur
1987,Hamburger Hill,Action
1987,Hamburger Hill,Drame
1987,Hamburger Hill,Thriller
1987,The Pick-up Artist,Comédie
1987,The Pick-up Artist,Policier
1987,The Pick-up Artist,Drame
1987,Back to the Beach,Comédie
1987,Back to the Beach,Comédie musicale
1987,The Bedroom Window,Policier
1987,The Bedroom Window,Mystère
1987,The Bedroom Window,Thriller
1987,Less Than Zero,Policier
1987,Less Than Zero,Drame
1987,Fatal Beauty,Action
1987,Fatal Beauty,Comédie
1987,Fatal Beauty,Policier
1987,Extreme Prejudice,Action
1987,Extreme Prejudice,Policier
1987,Extreme Prejudice,Drame
1987,Light of Day,Drame
1987,Light of Day,Musique
1987,Disorderlies,Comédie
1987,Someone to Watch Over Me,Policier
1987,Someone to Watch Over Me,Drame
1987,Someone to Watch Over Me,Romance
1987,Hope and Glory,Comédie
1987,Hope and Glory,Drame
1987,Hope and Glory,Romance
1987,Maid to Order,Fantaisie
1987,Maid to Order,Comédie
1987,The Hidden,Horreur
1987,The Hidden,Science-fiction
1987,The Hidden,Thriller
1987,From the Hip,Comédie
1987,From the Hip,Policier
1987,From the Hip,Drame
1987,Teen Wolf Too,Comédie
1987,Teen Wolf Too,Fantaisie
1987,House II: The Second Story,Comédie
1987,House II: The Second Story,Fantaisie
1987,House II: The Second Story,Horreur
1987,Ironweed,Drame
1987,Who's That Girl,Comédie
1987,Who's That Girl,Musique
1987,Who's That Girl,Romance
1987,Hiding Out,Comédie
1987,Hiding Out,Drame
1987,Hiding Out,Romance
1987,Death Wish 4: The Crackdown,Action
1987,Death Wish 4: The Crackdown,Policier
1987,Death Wish 4: The Crackdown,Drame
1987,The Chipmunk Adventure,Animation
1987,The Chipmunk Adventure,Aventure
1987,The Chipmunk Adventure,Comédie
1987,Assassination,Action
1987,Assassination,Drame
1987,Assassination,Thriller
1987,Evil Dead II,Comédie
1987,Evil Dead II,Horreur
1987,Surrender,Comédie
1987,Nadine,Comédie
1987,Nadine,Mystère
1987,Nadine,Romance
1987,The Sicilian,Action
1987,The Sicilian,Policier
1987,The Sicilian,Drame
1987,Gardens of Stone,Drame
1987,Gardens of Stone,Romance
1987,Gardens of Stone,Guerre
1987,Hollywood Shuffle,Comédie
1987,Leonard Part 6,Action
1987,Leonard Part 6,Comédie
1987,Leonard Part 6,Science-fiction
1987,Made in Heaven,Comédie
1987,Made in Heaven,Fantaisie
1987,Made in Heaven,Romance
1987,Death Before Dishonor,Action
1987,Death Before Dishonor,Drame
1987,Best Seller,Action
1987,Best Seller,Policier
1987,Best Seller,Drame
1987,Hot Pursuit,Comédie
1987,American Ninja 2: The Confrontation,Action
1987,American Ninja 2: The Confrontation,Drame
1988,Cocoon: The Return,Aventure
1988,Cocoon: The Return,Comédie
1988,Cocoon: The Return,Mystère
1988,The Seventh Sign,Drame
1988,The Seventh Sign,Fantaisie
1988,The Seventh Sign,Horreur
1988,Above the Law,Action
1988,Above the Law,Policier
1988,Above the Law,Drame
1988,Halloween 4: The Return of Michael Myers,Horreur
1988,Halloween 4: The Return of Michael Myers,Thriller
1988,Frantic,Policier
1988,Frantic,Drame
1988,Frantic,Mystère
1988,Johnny Be Good,Comédie
1988,Johnny Be Good,Sport
1988,For Keeps?,Comédie
1988,For Keeps?,Drame
1988,For Keeps?,Romance
1988,Crossing Delancey,Comédie
1988,Crossing Delancey,Romance
1988,"Bright Lights, Big City",Drame
1988,She's Having a Baby,Comédie
1988,She's Having a Baby,Drame
1988,She's Having a Baby,Romance
1988,Masquerade,Drame
1988,Masquerade,Romance
1988,Masquerade,Thriller
1988,Killer Klowns from Outer Space,Comédie
1988,Killer Klowns from Outer Space,Horreur
1988,Killer Klowns from Outer Space,Science-fiction
1988,Big Top Pee-wee,Aventure
1988,Big Top Pee-wee,Comédie
1988,Big Top Pee-wee,Romance
1988,Arthur 2: On the Rocks,Comédie
1988,Arthur 2: On the Rocks,Romance
1988,School Daze,Comédie
1988,School Daze,Drame
1988,School Daze,Comédie musicale
1988,Poltergeist III,Horreur
1988,Poltergeist III,Thriller
1988,Stand and Deliver,Biographie
1988,Stand and Deliver,Drame
1988,My Stepmother Is an Alien,Comédie
1988,My Stepmother Is an Alien,Science-fiction
1988,The Milagro Beanfield War,Comédie
1988,The Milagro Beanfield War,Drame
1988,The Milagro Beanfield War,Fantaisie
1988,Vice Versa,Comédie
1988,Vice Versa,Fantaisie
1988,I'm Gonna Git You Sucka,Action
1988,I'm Gonna Git You Sucka,Comédie
1988,I'm Gonna Git You Sucka,Policier
1988,They Live,Action
1988,They Live,Horreur
1988,They Live,Science-fiction
1988,Mystic Pizza,Comédie
1988,Mystic Pizza,Drame
1988,Mystic Pizza,Romance
1988,D.O.A.,Mystère
1988,D.O.A.,Thriller
1988,Everybody's All-American,Drame
1988,Everybody's All-American,Romance
1988,Everybody's All-American,Sport
1988,Casual Sex?,Comédie
1988,Bloodsport,Action
1988,Bloodsport,Biographie
1988,Bloodsport,Drame
1988,Caddyshack II,Comédie
1988,Caddyshack II,Sport
1988,Moon Over Parador,Comédie
1988,Moon Over Parador,Romance
1988,The Couch Trip,Comédie
1988,Moving,Comédie
1988,Shakedown,Action
1988,Shakedown,Policier
1988,Shakedown,Drame
1988,The Unbearable Lightness of Being,Drame
1988,The Unbearable Lightness of Being,Romance
1988,Criminal Law,Policier
1988,Criminal Law,Drame
1988,Criminal Law,Thriller
1988,Bad Dreams,Horreur
1988,Bad Dreams,Thriller
1988,You Can't Hurry Love,Comédie
1988,You Can't Hurry Love,Romance
1988,Return of the Living Dead II,Comédie
1988,Return of the Living Dead II,Horreur
1988,Return of the Living Dead II,Science-fiction
1988,Switching Channels,Comédie
1988,Switching Channels,Policier
1988,Salsa,Musique
1988,Salsa,Romance
1988,Clean and Sober,Drame
1988,High Spirits,Comédie
1988,High Spirits,Fantaisie
1988,Satisfaction,Comédie
1988,Satisfaction,Musique
1988,Satisfaction,Romance
1988,The Blob,Horreur
1988,The Blob,Science-fiction
1988,The Blob,Thriller
1988,A New Life,Comédie
1988,The Last Temptation of Christ,Drame
1988,Stealing Home,Drame
1988,Stealing Home,Romance
1988,Stealing Home,Sport
1988,Phantasm II,Action
1988,Phantasm II,Fantaisie
1988,Phantasm II,Horreur
1988,Off Limits,Action
1988,Off Limits,Drame
1988,Off Limits,Thriller
1988,Hairspray,Comédie
1988,Hairspray,Drame
1988,Hairspray,Famille
1988,Fresh Horses,Drame
1989,Dad,Comédie
1989,Dad,Drame
1989,Skin Deep,Comédie
1989,Skin Deep,Drame
1989,Skin Deep,Romance
1989,Blaze,Biographie
1989,Blaze,Drame
1989,Her Alibi,Comédie
1989,Her Alibi,Policier
1989,Her Alibi,Mystère
1989,Casualties of War,Policier
1989,Casualties of War,Drame
1989,Casualties of War,Guerre
1989,Prancer,Drame
1989,Prancer,Famille
1989,Prancer,Fantaisie
1989,Crimes and Misdemeanors,Comédie
1989,Crimes and Misdemeanors,Drame
1989,The Fabulous Baker Boys,Comédie
1989,The Fabulous Baker Boys,Drame
1989,The Fabulous Baker Boys,Musique
1989,Shocker,Comédie
1989,Shocker,Horreur
1989,Shocker,Thriller
1989,Chances Are,Comédie
1989,Chances Are,Fantaisie
1989,Chances Are,Romance
1989,No Holds Barred,Action
1989,No Holds Barred,Sport
1989,Next of Kin,Action
1989,Next of Kin,Policier
1989,Next of Kin,Thriller
1989,Leviathan,Aventure
1989,Leviathan,Horreur
1989,Leviathan,Mystère
1989,She-Devil,Comédie
1989,Kickboxer,Action
1989,Kickboxer,Sport
1989,Kickboxer,Thriller
1989,Friday the 13th Part VIII: Jason Takes Manhattan,Aventure
1989,Friday the 13th Part VIII: Jason Takes Manhattan,Horreur
1989,Friday the 13th Part VIII: Jason Takes Manhattan,Thriller
1989,The Wizard,Aventure
1989,The Wizard,Comédie
1989,The Wizard,Drame
1989,Great Balls of Fire!,Biographie
1989,Great Balls of Fire!,Drame
1989,Great Balls of Fire!,Musique
1989,Family Business,Policier
1989,Family Business,Drame
1989,Pink Cadillac,Action
1989,Pink Cadillac,Comédie
1989,Pink Cadillac,Policier
1989,She's Out of Control,Comédie
1989,Halloween 5: The Revenge of Michael Myers,Horreur
1989,Halloween 5: The Revenge of Michael Myers,Thriller
1989,Gross Anatomy,Drame
1989,Police Academy 6: City Under Siege,Comédie
1989,Police Academy 6: City Under Siege,Policier
1989,Wild Orchid,Drame
1989,Wild Orchid,Romance
1989,Who's Harry Crumb?,Comédie
1989,Who's Harry Crumb?,Mystère
1989,New York Stories,Comédie
1989,New York Stories,Drame
1989,New York Stories,Romance
1989,The Package,Action
1989,The Package,Policier
1989,The Package,Drame
1989,We're No Angels,Comédie
1989,We're No Angels,Policier
1989,Cyborg,Action
1989,Cyborg,Science-fiction
1989,Cyborg,Thriller
1989,Tap,Comédie
1989,Tap,Drame
1989,Tap,Musique
1989,Warlock,Action
1989,Warlock,Fantaisie
1989,Warlock,Horreur
1989,Renegades,Action
1989,Renegades,Policier
1989,Renegades,Drame
1989,True Believer,Policier
1989,True Believer,Drame
1989,Troop Beverly Hills,Aventure
1989,Troop Beverly Hills,Comédie
1989,Cheetah,Aventure
1989,Cheetah,Drame
1989,Cheetah,Famille
1989,DeepStar Six,Action
1989,DeepStar Six,Horreur
1989,DeepStar Six,Science-fiction
1989,Dead Bang,Action
1989,Dead Bang,Policier
1989,Dead Bang,Drame
1989,"Enemies, A Love Story",Comédie
1989,"Enemies, A Love Story",Drame
1989,"Enemies, A Love Story",Romance
1989,Disorganized Crime,Action
1989,Disorganized Crime,Comédie
1989,Disorganized Crime,Policier
1989,Johnny Handsome,Policier
1989,Johnny Handsome,Drame
1989,Johnny Handsome,Thriller
1989,Relentless,Policier
1989,Relentless,Thriller
1989,Shag,Comédie
1989,Shag,Drame
1989,Shag,Romance
1989,Shirley Valentine,Comédie
1989,Shirley Valentine,Drame
1989,Shirley Valentine,Romance
1989,Music Box,Policier
1989,Music Box,Drame
1989,Music Box,Thriller
1989,UHF,Comédie
1989,UHF,Drame
1989,Immediate Family,Drame
1989,Millennium,Drame
1989,Millennium,Science-fiction
1989,Millennium,Thriller
1989,Dream a Little Dream,Comédie
1989,Dream a Little Dream,Drame
1989,Dream a Little Dream,Romance
1989,Second Sight,Comédie
1989,Second Sight,Mystère
1989,Second Sight,Science-fiction
1990,Lionheart,Action
1990,Lionheart,Policier
1990,Lionheart,Drame
1990,My Blue Heaven,Comédie
1990,My Blue Heaven,Policier
1990,The Russia House,Drame
1990,The Russia House,Romance
1990,The Russia House,Thriller
1990,The First Power,Policier
1990,The First Power,Horreur
1990,The First Power,Thriller
1990,The Rookie,Action
1990,The Rookie,Policier
1990,The Rookie,Drame
1990,The Freshman,Comédie
1990,The Freshman,Policier
1990,The Adventures of Ford Fairlane,Action
1990,The Adventures of Ford Fairlane,Aventure
1990,The Adventures of Ford Fairlane,Comédie
1990,Quigley Down Under,Action
1990,Quigley Down Under,Aventure
1990,Quigley Down Under,Drame
1990,Madhouse,Comédie
1990,Hamlet,Drame
1990,Stella,Drame
1990,Stella,Romance
1990,Taking Care of Business,Comédie
1990,Betsy's Wedding,Comédie
1990,Betsy's Wedding,Romance
1990,DuckTales the Movie: Treasure of the Lost Lamp,Animation
1990,DuckTales the Movie: Treasure of the Lost Lamp,Aventure
1990,DuckTales the Movie: Treasure of the Lost Lamp,Comédie
1990,Sibling Rivalry,Comédie
1990,White Palace,Drame
1990,White Palace,Romance
1990,The Guardian,Drame
1990,The Guardian,Horreur
1990,The Guardian,Mystère
1990,Death Warrant,Action
1990,Death Warrant,Policier
1990,Death Warrant,Mystère
1990,Tremors,Comédie
1990,Tremors,Horreur
1990,Tales from the Darkside: The Movie,Comédie
1990,Tales from the Darkside: The Movie,Fantaisie
1990,Tales from the Darkside: The Movie,Horreur
1990,Men at Work,Action
1990,Men at Work,Comédie
1990,Men at Work,Policier
1990,I Love You to Death,Comédie
1990,I Love You to Death,Policier
1990,Mo' Better Blues,Drame
1990,Mo' Better Blues,Musique
1990,Mo' Better Blues,Romance
1990,Avalon,Drame
1990,The Bonfire of the Vanities,Comédie
1990,The Bonfire of the Vanities,Drame
1990,The Bonfire of the Vanities,Romance
1990,Revenge,Action
1990,Revenge,Policier
1990,Revenge,Drame
1990,Reversal of Fortune,Biographie
1990,Reversal of Fortune,Drame
1990,Reversal of Fortune,Mystère
1990,Mr. Destiny,Comédie
1990,Mr. Destiny,Fantaisie
1990,Mr. Destiny,Romance
1990,Spaced Invaders,Aventure
1990,Spaced Invaders,Comédie
1990,Spaced Invaders,Science-fiction
1990,Quick Change,Comédie
1990,Quick Change,Policier
1990,Fire Birds,Action
1990,Fire Birds,Aventure
1990,Wild at Heart,Comédie
1990,Wild at Heart,Policier
1990,Wild at Heart,Drame
1990,Lord of the Flies,Aventure
1990,Lord of the Flies,Drame
1990,Lord of the Flies,Thriller
1990,The Grifters,Policier
1990,The Grifters,Drame
1990,The Grifters,Thriller
1990,Crazy People,Comédie
1990,Crazy People,Drame
1990,Bad Influence,Drame
1990,Bad Influence,Thriller
1990,Graveyard Shift,Horreur
1990,Henry & June,Biographie
1990,Henry & June,Drame
1990,Pump Up the Volume,Comédie
1990,Pump Up the Volume,Drame
1990,Pump Up the Volume,Musique
1990,Opportunity Knocks,Comédie
1990,Q & A,Policier
1990,Q & A,Drame
1990,Q & A,Thriller
1990,Jetsons: The Movie,Animation
1990,Jetsons: The Movie,Comédie
1990,Jetsons: The Movie,Famille
1990,Narrow Margin,Action
1990,Narrow Margin,Policier
1990,Narrow Margin,Thriller
1990,The Witches,Aventure
1990,The Witches,Comédie
1990,The Witches,Famille
1990,The Two Jakes,Policier
1990,The Two Jakes,Drame
1990,The Two Jakes,Mystère
1990,Miami Blues,Comédie
1990,Miami Blues,Policier
1990,Miami Blues,Drame
1990,Havana,Drame
1990,Havana,Romance
1990,Havana,Guerre
1990,Nightbreed,Action
1990,Nightbreed,Fantaisie
1990,Nightbreed,Horreur
1990,Ski Patrol,Action
1990,Ski Patrol,Comédie
1990,Cry-Baby,Comédie
1990,Cry-Baby,Comédie musicale
1991,Don't Tell Mom the Babysitter's Dead,Comédie
1991,Problem Child 2,Comédie
1991,Problem Child 2,Famille
1991,Little Man Tate,Drame
1991,Class Action,Drame
1991,Class Action,Thriller
1991,The People Under the Stairs,Comédie
1991,The People Under the Stairs,Horreur
1991,The People Under the Stairs,Mystère
1991,Oscar,Comédie
1991,Oscar,Policier
1991,Frankie and Johnny,Comédie
1991,Frankie and Johnny,Drame
1991,Frankie and Johnny,Romance
1991,Pure Luck,Comédie
1991,Pure Luck,Policier
1991,Pure Luck,Mystère
1991,An American Tail: Fievel Goes West,Animation
1991,An American Tail: Fievel Goes West,Aventure
1991,An American Tail: Fievel Goes West,Famille
1991,Only the Lonely,Comédie
1991,Only the Lonely,Romance
1991,Ricochet,Action
1991,Ricochet,Policier
1991,Ricochet,Drame
1991,F/X2,Action
1991,F/X2,Thriller
1991,Mobsters,Policier
1991,Mobsters,Drame
1991,House Party 2,Comédie
1991,House Party 2,Drame
1991,House Party 2,Musique
1991,Mortal Thoughts,Mystère
1991,Mortal Thoughts,Thriller
1991,Paradise,Drame
1991,For the Boys,Comédie
1991,For the Boys,Drame
1991,For the Boys,Musique
1991,Hudson Hawk,Action
1991,Hudson Hawk,Aventure
1991,Hudson Hawk,Comédie
1991,Defending Your Life,Comédie
1991,Defending Your Life,Drame
1991,Defending Your Life,Fantaisie
1991,Billy Bathgate,Policier
1991,Billy Bathgate,Drame
1991,Billy Bathgate,Thriller
1991,Switch,Comédie
1991,Switch,Fantaisie
1991,A Kiss Before Dying,Policier
1991,A Kiss Before Dying,Drame
1991,A Kiss Before Dying,Mystère
1991,Toy Soldiers,Action
1991,Toy Soldiers,Drame
1991,Toy Soldiers,Thriller
1991,Child's Play 3,Horreur
1991,Child's Play 3,Thriller
1991,The Commitments,Comédie
1991,The Commitments,Drame
1991,The Commitments,Musique
1991,Once Around,Comédie
1991,Once Around,Drame
1991,Once Around,Romance
1991,All I Want for Christmas,Comédie
1991,All I Want for Christmas,Famille
1991,All I Want for Christmas,Romance
1991,Not Without My Daughter,Drame
1991,Not Without My Daughter,Thriller
1991,Flight of the Intruder,Action
1991,Flight of the Intruder,Drame
1991,Flight of the Intruder,Thriller
1991,Ernest Scared Stupid,Comédie
1991,Ernest Scared Stupid,Famille
1991,Ernest Scared Stupid,Fantaisie
1991,The Perfect Weapon,Action
1991,The Perfect Weapon,Policier
1991,The Perfect Weapon,Drame
1991,The Marrying Man,Comédie
1991,The Marrying Man,Musique
1991,The Marrying Man,Romance
1991,Rock-A-Doodle,Animation
1991,Rock-A-Doodle,Aventure
1991,Rock-A-Doodle,Comédie
1991,Shattered,Policier
1991,Shattered,Drame
1991,Shattered,Mystère
1991,Career Opportunities,Comédie
1991,Career Opportunities,Romance
1991,One Good Cop,Action
1991,One Good Cop,Policier
1991,One Good Cop,Drame
1991,V.I. Warshawski,Action
1991,V.I. Warshawski,Comédie
1991,V.I. Warshawski,Policier
1991,The Super,Comédie
1991,A Rage in Harlem,Comédie
1991,A Rage in Harlem,Policier
1991,"He Said, She Said",Comédie
1991,"He Said, She Said",Drame
1991,"He Said, She Said",Romance
1991,The Butcher's Wife,Comédie
1991,The Butcher's Wife,Fantaisie
1991,The Butcher's Wife,Romance
1991,Scenes from a Mall,Comédie
1991,Guilty by Suspicion,Drame
1991,Stone Cold,Action
1991,Stone Cold,Policier
1991,Stone Cold,Drame
1991,Body Parts,Horreur
1991,Body Parts,Thriller
1991,Late for Dinner,Drame
1991,Late for Dinner,Science-fiction
1991,The Five Heartbeats,Drame
1991,The Five Heartbeats,Musique
1991,Bingo,Aventure
1991,Bingo,Comédie
1991,Bingo,Famille
1991,Nothing But Trouble,Comédie
1991,Black Robe,Drame
1991,Black Robe,Histoire
1991,Black Robe,Guerre
1992,FernGully: The Last Rainforest,Animation
1992,FernGully: The Last Rainforest,Aventure
1992,FernGully: The Last Rainforest,Famille
1992,Hoffa,Biographie
1992,Hoffa,Policier
1992,Hoffa,Drame
1992,Leap of Faith,Comédie
1992,Leap of Faith,Drame
1992,Leap of Faith,Romance
1992,Thunderheart,Policier
1992,Thunderheart,Mystère
1992,Thunderheart,Thriller
1992,Captain Ron,Aventure
1992,Captain Ron,Comédie
1992,Shining Through,Drame
1992,Shining Through,Romance
1992,Shining Through,Thriller
1992,The Player,Comédie
1992,The Player,Policier
1992,The Player,Drame
1992,Consenting Adults,Policier
1992,Consenting Adults,Drame
1992,Consenting Adults,Mystère
1992,Toys,Aventure
1992,Toys,Comédie
1992,Toys,Drame
1992,Raising Cain,Policier
1992,Raising Cain,Drame
1992,Raising Cain,Horreur
1992,Straight Talk,Comédie
1992,Straight Talk,Drame
1992,Straight Talk,Romance
1992,Kuffs,Action
1992,Kuffs,Comédie
1992,Kuffs,Policier
1992,Mr. Baseball,Comédie
1992,Mr. Baseball,Romance
1992,Mr. Baseball,Sport
1992,Juice,Action
1992,Juice,Policier
1992,Juice,Drame
1992,Prelude to a Kiss,Comédie
1992,Prelude to a Kiss,Fantaisie
1992,Prelude to a Kiss,Romance
1992,Hero,Comédie
1992,Hero,Drame
1992,Hero,Romance
1992,Singles,Comédie
1992,Singles,Drame
1992,Singles,Romance
1992,Used People,Comédie
1992,Used People,Drame
1992,Used People,Romance
1992,The Babe,Biographie
1992,The Babe,Drame
1992,The Babe,Sport
1992,Sidekicks,Action
1992,Sidekicks,Aventure
1992,Sidekicks,Comédie
1992,Freejack,Action
1992,Freejack,Policier
1992,Freejack,Science-fiction
1992,Pet Sematary II,Fantaisie
1992,Pet Sematary II,Horreur
1992,Deep Cover,Action
1992,Deep Cover,Policier
1992,Deep Cover,Thriller
1992,Buffy the Vampire Slayer,Action
1992,Buffy the Vampire Slayer,Comédie
1992,Buffy the Vampire Slayer,Fantaisie
1992,Pure Country,Drame
1992,Pure Country,Musique
1992,Pure Country,Romance
1992,Ladybugs,Comédie
1992,Ladybugs,Sport
1992,School Ties,Drame
1992,Memoirs of an Invisible Man,Comédie
1992,Memoirs of an Invisible Man,Romance
1992,Memoirs of an Invisible Man,Science-fiction
1992,Rapid Fire,Action
1992,Rapid Fire,Policier
1992,Rapid Fire,Drame
1992,Cool World,Animation
1992,Cool World,Comédie
1992,Cool World,Fantaisie
1992,Trespass,Action
1992,Trespass,Thriller
1992,Mr. Saturday Night,Comédie
1992,Mr. Saturday Night,Drame
1992,Body of Evidence,Drame
1992,Body of Evidence,Thriller
1992,Class Act,Comédie
1992,American Me,Biographie
1992,American Me,Policier
1992,American Me,Drame
1992,Hellraiser III: Hell on Earth,Horreur
1992,A Stranger Among Us,Policier
1992,A Stranger Among Us,Drame
1992,A Stranger Among Us,Romance
1992,Army of Darkness,Comédie
1992,Army of Darkness,Horreur
1992,Jennifer 8,Policier
1992,Jennifer 8,Drame
1992,Jennifer 8,Mystère
1992,Whispers in the Dark,Drame
1992,Whispers in the Dark,Mystère
1992,Whispers in the Dark,Thriller
1992,Stay Tuned,Aventure
1992,Stay Tuned,Comédie
1992,Stay Tuned,Fantaisie
1992,Glengarry Glen Ross,Policier
1992,Glengarry Glen Ross,Drame
1992,Glengarry Glen Ross,Mystère
1992,Husbands and Wives,Comédie
1992,Husbands and Wives,Drame
1992,Husbands and Wives,Romance
1992,Chaplin,Biographie
1992,Chaplin,Comédie
1992,Chaplin,Drame
1992,Gladiator,Action
1992,Gladiator,Drame
1992,Gladiator,Sport
1992,White Sands,Action
1992,White Sands,Policier
1992,White Sands,Drame
1992,Once Upon a Crime...,Comédie
1992,Once Upon a Crime...,Policier
1992,Once Upon a Crime...,Mystère
1992,Bébé's Kids,Animation
1992,Bébé's Kids,Comédie
1992,Bébé's Kids,Fantaisie
1992,Dr. Giggles,Comédie
1992,Dr. Giggles,Drame
1992,Dr. Giggles,Horreur
1992,Christopher Columbus: The Discovery,Aventure
1992,Christopher Columbus: The Discovery,Biographie
1992,Christopher Columbus: The Discovery,Drame
1993,The Secret Garden,Drame
1993,The Secret Garden,Famille
1993,The Secret Garden,Fantaisie
1993,A Perfect World,Policier
1993,A Perfect World,Drame
1993,A Perfect World,Thriller
1993,Point of No Return,Action
1993,Point of No Return,Policier
1993,Point of No Return,Drame
1993,Loaded Weapon 1,Action
1993,Loaded Weapon 1,Comédie
1993,Loaded Weapon 1,Policier
1993,Menace II Society,Policier
1993,Menace II Society,Drame
1993,Menace II Society,Thriller
1993,Poetic Justice,Drame
1993,Poetic Justice,Romance
1993,My Life,Drame
1993,The Man Without a Face,Drame
1993,The Adventures of Huck Finn,Aventure
1993,The Adventures of Huck Finn,Comédie
1993,The Adventures of Huck Finn,Drame
1993,Striking Distance,Action
1993,Striking Distance,Policier
1993,Striking Distance,Mystère
1993,Benny & Joon,Comédie
1993,Benny & Joon,Drame
1993,Benny & Joon,Romance
1993,The Program,Action
1993,The Program,Drame
1993,The Program,Romance
1993,The Remains of the Day,Drame
1993,The Remains of the Day,Romance
1993,Guilty as Sin,Policier
1993,Guilty as Sin,Drame
1993,Guilty as Sin,Thriller
1993,Rudy,Biographie
1993,Rudy,Drame
1993,Rudy,Sport
1993,Much Ado About Nothing,Comédie
1993,Much Ado About Nothing,Drame
1993,Much Ado About Nothing,Romance
1993,Nowhere to Run,Action
1993,Nowhere to Run,Drame
1993,Nowhere to Run,Romance
1993,Coneheads,Comédie
1993,Coneheads,Science-fiction
1993,Super Mario Bros.,Aventure
1993,Super Mario Bros.,Comédie
1993,Super Mario Bros.,Famille
1993,Another Stakeout,Comédie
1993,Another Stakeout,Policier
1993,Fire in the Sky,Biographie
1993,Fire in the Sky,Drame
1993,Fire in the Sky,Fantaisie
1993,Sniper,Action
1993,Sniper,Thriller
1993,Sniper,Guerre
1993,Untamed Heart,Comédie
1993,Untamed Heart,Drame
1993,Untamed Heart,Romance
1993,Geronimo: An American Legend,Drame
1993,Geronimo: An American Legend,Histoire
1993,Geronimo: An American Legend,Western
1993,Posse,Western
1993,Sugar Hill,Policier
1993,Sugar Hill,Drame
1993,Sugar Hill,Thriller
1993,CB4,Comédie
1993,CB4,Musique
1993,Born Yesterday,Comédie
1993,Born Yesterday,Romance
1993,A Bronx Tale,Policier
1993,A Bronx Tale,Drame
1993,A Bronx Tale,Romance
1993,Blink,Policier
1993,Blink,Drame
1993,Blink,Mystère
1993,Heart and Souls,Comédie
1993,Heart and Souls,Drame
1993,Heart and Souls,Fantaisie
1993,Jason Goes to Hell: The Final Friday,Fantaisie
1993,Jason Goes to Hell: The Final Friday,Horreur
1993,Jason Goes to Hell: The Final Friday,Thriller
1993,Needful Things,Policier
1993,Needful Things,Drame
1993,Needful Things,Fantaisie
1993,Indian Summer,Comédie
1993,Indian Summer,Drame
1993,Indian Summer,Romance
1993,The Vanishing,Drame
1993,The Vanishing,Horreur
1993,The Vanishing,Mystère
1993,The Crush,Drame
1993,The Crush,Thriller
1993,Man's Best Friend,Comédie
1993,Man's Best Friend,Horreur
1993,Man's Best Friend,Science-fiction
1993,A Far Off Place,Aventure
1993,A Far Off Place,Drame
1993,A Far Off Place,Famille
1993,Weekend at Bernie's II,Aventure
1993,Weekend at Bernie's II,Comédie
1993,Weekend at Bernie's II,Fantaisie
1993,Life with Mikey,Comédie
1993,Life with Mikey,Famille
1993,Undercover Blues,Comédie
1993,Undercover Blues,Policier
1993,True Romance,Policier
1993,True Romance,Drame
1993,True Romance,Romance
1993,Judgment Night,Action
1993,Judgment Night,Policier
1993,Judgment Night,Drame
1993,So I Married an Axe Murderer,Comédie
1993,So I Married an Axe Murderer,Romance
1993,Who's the Man?,Comédie
1993,Who's the Man?,Drame
1993,Who's the Man?,Mystère
1993,Manhattan Murder Mystery,Comédie
1993,Manhattan Murder Mystery,Mystère
1993,Mad Dog and Glory,Comédie
1993,Mad Dog and Glory,Policier
1993,Mad Dog and Glory,Drame
1993,For Love or Money,Comédie
1993,For Love or Money,Drame
1993,For Love or Money,Romance
1993,Gettysburg,Drame
1993,Gettysburg,Histoire
1993,Gettysburg,Guerre
1993,RoboCop 3,Action
1993,RoboCop 3,Policier
1993,RoboCop 3,Science-fiction
1994,Guarding Tess,Comédie
1994,Guarding Tess,Drame
1994,I.Q.,Comédie
1994,I.Q.,Romance
1994,My Father the Hero,Comédie
1994,My Father the Hero,Romance
1994,Wyatt Earp,Aventure
1994,Wyatt Earp,Biographie
1994,Wyatt Earp,Policier
1994,Quiz Show,Biographie
1994,Quiz Show,Drame
1994,Quiz Show,Histoire
1994,Renaissance Man,Comédie
1994,Renaissance Man,Drame
1994,Blue Chips,Drame
1994,Blue Chips,Sport
1994,Don Juan DeMarco,Comédie
1994,Don Juan DeMarco,Drame
1994,Don Juan DeMarco,Romance
1994,Frankenstein,Drame
1994,Frankenstein,Horreur
1994,Frankenstein,Romance
1994,The Air Up There,Comédie
1994,The Air Up There,Famille
1994,The Air Up There,Sport
1994,Iron Will,Aventure
1994,Iron Will,Famille
1994,Reality Bites,Comédie
1994,Reality Bites,Drame
1994,Reality Bites,Romance
1994,Intersection,Drame
1994,Intersection,Romance
1994,Jason's Lyric,Policier
1994,Jason's Lyric,Drame
1994,Jason's Lyric,Romance
1994,Speechless,Comédie
1994,Speechless,Romance
1994,The Cowboy Way,Action
1994,The Cowboy Way,Comédie
1994,The Cowboy Way,Policier
1994,"Corrina, Corrina",Comédie
1994,"Corrina, Corrina",Drame
1994,"Corrina, Corrina",Romance
1994,With Honors,Comédie
1994,With Honors,Drame
1994,Only You,Comédie
1994,Only You,Romance
1994,Color of Night,Mystère
1994,Color of Night,Romance
1994,Color of Night,Thriller
1994,8 Seconds,Biographie
1994,8 Seconds,Drame
1994,8 Seconds,Sport
1994,Little Giants,Comédie
1994,Little Giants,Famille
1994,Little Giants,Sport
1994,House Party 3,Comédie
1994,House Party 3,Musique
1994,House Party 3,Romance
1994,Getting Even with Dad,Comédie
1994,Getting Even with Dad,Policier
1994,Getting Even with Dad,Famille
1994,Love Affair,Comédie
1994,Love Affair,Drame
1994,Love Affair,Romance
1994,Milk Money,Comédie
1994,Milk Money,Romance
1994,Wes Craven's New Nightmare,Fantaisie
1994,Wes Craven's New Nightmare,Horreur
1994,Wes Craven's New Nightmare,Mystère
1994,My Girl 2,Comédie
1994,My Girl 2,Drame
1994,My Girl 2,Famille
1994,Miracle on 34th Street,Famille
1994,Miracle on 34th Street,Fantaisie
1994,Lightning Jack,Comédie
1994,Lightning Jack,Western
1994,Andre,Aventure
1994,Andre,Drame
1994,Andre,Famille
1994,Baby's Day Out,Aventure
1994,Baby's Day Out,Comédie
1994,Baby's Day Out,Policier
1994,The War,Drame
1994,Terminal Velocity,Action
1994,Terminal Velocity,Mystère
1994,Terminal Velocity,Romance
1994,Monkey Trouble,Aventure
1994,Monkey Trouble,Comédie
1994,Monkey Trouble,Policier
1994,The Getaway,Action
1994,The Getaway,Aventure
1994,The Getaway,Policier
1994,Above the Rim,Policier
1994,Above the Rim,Drame
1994,Above the Rim,Sport
1994,No Escape,Action
1994,No Escape,Drame
1994,No Escape,Science-fiction
1994,Bad Girls,Action
1994,Bad Girls,Aventure
1994,Bad Girls,Romance
1994,Threesome,Comédie
1994,Threesome,Drame
1994,Threesome,Romance
1994,The Pagemaster,Animation
1994,The Pagemaster,Aventure
1994,The Pagemaster,Comédie
1994,Crooklyn,Comédie
1994,Crooklyn,Drame
1994,Bullets Over Broadway,Comédie
1994,Bullets Over Broadway,Policier
1994,Greedy,Comédie
1994,Little Big League,Comédie
1994,Little Big League,Famille
1994,Little Big League,Sport
1994,3 Ninjas Kick Back,Action
1994,3 Ninjas Kick Back,Comédie
1994,3 Ninjas Kick Back,Famille
1994,The Ref,Comédie
1994,The Ref,Policier
1994,The Ref,Drame
1994,Cops and Robbersons,Comédie
1994,Cops and Robbersons,Policier
1994,Cops and Robbersons,Thriller
1994,Thumbelina,Animation
1994,Thumbelina,Famille
1994,Thumbelina,Fantaisie
1994,Ready to Wear,Comédie
1994,Ready to Wear,Drame
1995,Money Train,Action
1995,Money Train,Comédie
1995,Money Train,Policier
1995,Judge Dredd,Action
1995,Judge Dredd,Policier
1995,Judge Dredd,Science-fiction
1995,Forget Paris,Comédie
1995,Forget Paris,Romance
1995,Tommy Boy,Aventure
1995,Tommy Boy,Comédie
1995,Copycat,Drame
1995,Copycat,Mystère
1995,Copycat,Thriller
1995,Leaving Las Vegas,Drame
1995,Leaving Las Vegas,Romance
1995,Powder,Drame
1995,Powder,Fantaisie
1995,Powder,Mystère
1995,Assassins,Action
1995,Assassins,Policier
1995,Assassins,Thriller
1995,Free Willy 2: The Adventure Home,Aventure
1995,Free Willy 2: The Adventure Home,Drame
1995,Free Willy 2: The Adventure Home,Famille
1995,Major Payne,Aventure
1995,Major Payne,Comédie
1995,Major Payne,Famille
1995,Friday,Comédie
1995,Friday,Drame
1995,Now and Then,Comédie
1995,Now and Then,Drame
1995,Now and Then,Romance
1995,Houseguest,Comédie
1995,Desperado,Action
1995,Desperado,Thriller
1995,Billy Madison,Comédie
1995,Operation Dumbo Drop,Action
1995,Operation Dumbo Drop,Aventure
1995,Operation Dumbo Drop,Comédie
1995,Dolores Claiborne,Policier
1995,Dolores Claiborne,Drame
1995,Dolores Claiborne,Mystère
1995,Dead Presidents,Action
1995,Dead Presidents,Policier
1995,Dead Presidents,Drame
1995,Virtuosity,Action
1995,Virtuosity,Policier
1995,Virtuosity,Science-fiction
1995,Tom and Huck,Aventure
1995,Tom and Huck,Comédie
1995,Tom and Huck,Drame
1995,How to Make an American Quilt,Comédie
1995,How to Make an American Quilt,Drame
1995,How to Make an American Quilt,Romance
1995,Boys on the Side,Comédie
1995,Boys on the Side,Drame
1995,Circle of Friends,Drame
1995,Circle of Friends,Romance
1995,The Usual Suspects,Policier
1995,The Usual Suspects,Mystère
1995,The Usual Suspects,Thriller
1995,To Die For,Comédie
1995,To Die For,Policier
1995,To Die For,Drame
1995,Tales from the Crypt: Demon Knight,Action
1995,Tales from the Crypt: Demon Knight,Fantaisie
1995,Tales from the Crypt: Demon Knight,Horreur
1995,Sudden Death,Action
1995,Sudden Death,Policier
1995,Sudden Death,Thriller
1995,Showgirls,Drame
1995,Vampire in Brooklyn,Comédie
1995,Vampire in Brooklyn,Fantaisie
1995,Vampire in Brooklyn,Horreur
1995,It Takes Two,Comédie
1995,It Takes Two,Famille
1995,It Takes Two,Romance
1995,Johnny Mnemonic,Action
1995,Johnny Mnemonic,Drame
1995,Johnny Mnemonic,Science-fiction
1995,The Quick and the Dead,Action
1995,The Quick and the Dead,Romance
1995,The Quick and the Dead,Thriller
1995,The Big Green,Comédie
1995,The Big Green,Famille
1995,The Big Green,Sport
1995,Heavyweights,Comédie
1995,Heavyweights,Drame
1995,Heavyweights,Famille
1995,Home for the Holidays,Comédie
1995,Home for the Holidays,Drame
1995,Home for the Holidays,Romance
1995,Murder in the First,Drame
1995,Murder in the First,Thriller
1995,Jury Duty,Comédie
1995,The Prophecy,Action
1995,The Prophecy,Policier
1995,The Prophecy,Drame
1995,Devil in a Blue Dress,Policier
1995,Devil in a Blue Dress,Drame
1995,Devil in a Blue Dress,Mystère
1995,Across the Sea of Time,Aventure
1995,Across the Sea of Time,Drame
1995,Across the Sea of Time,Famille
1995,Mad Love,Drame
1995,Mad Love,Romance
1995,Halloween: The Curse of Michael Myers,Horreur
1995,Halloween: The Curse of Michael Myers,Thriller
1995,Wings of Courage,Aventure
1995,Wings of Courage,Romance
1995,Kiss of Death,Action
1995,Kiss of Death,Policier
1995,Kiss of Death,Thriller
1995,Candyman: Farewell to the Flesh,Horreur
1995,Candyman: Farewell to the Flesh,Thriller
1995,Nixon,Biographie
1995,Nixon,Drame
1995,Nixon,Histoire
1995,A Kid in King Arthur's Court,Aventure
1995,A Kid in King Arthur's Court,Comédie
1995,A Kid in King Arthur's Court,Famille
1995,Lord of Illusions,Horreur
1995,Lord of Illusions,Mystère
1995,Lord of Illusions,Thriller
1995,Clockers,Policier
1995,Clockers,Drame
1995,Clockers,Mystère
1995,Hideaway,Fantaisie
1995,Hideaway,Horreur
1995,Hideaway,Thriller
1996,Sgt. Bilko,Comédie
1996,Spy Hard,Action
1996,Spy Hard,Comédie
1996,James and the Giant Peach,Animation
1996,James and the Giant Peach,Aventure
1996,James and the Giant Peach,Famille
1996,The Island of Dr. Moreau,Horreur
1996,The Island of Dr. Moreau,Science-fiction
1996,The Island of Dr. Moreau,Thriller
1996,Eye for an Eye,Policier
1996,Eye for an Eye,Drame
1996,Eye for an Eye,Thriller
1996,Bio-Dome,Comédie
1996,Harriet the Spy,Comédie
1996,Harriet the Spy,Drame
1996,Harriet the Spy,Famille
1996,First Kid,Famille
1996,First Kid,Comédie
1996,That Thing You Do!,Comédie
1996,That Thing You Do!,Drame
1996,That Thing You Do!,Musique
1996,Down Periscope,Comédie
1996,From Dusk Till Dawn,Action
1996,From Dusk Till Dawn,Policier
1996,From Dusk Till Dawn,Horreur
1996,Escape from L.A.,Action
1996,Escape from L.A.,Aventure
1996,Escape from L.A.,Science-fiction
1996,Kingpin,Comédie
1996,Kingpin,Sport
1996,The Craft,Drame
1996,The Craft,Fantaisie
1996,The Craft,Horreur
1996,Fargo,Policier
1996,Fargo,Drame
1996,Fargo,Thriller
1996,Fly Away Home,Aventure
1996,Fly Away Home,Drame
1996,Fly Away Home,Famille
1996,Sling Blade,Drame
1996,D3: The Mighty Ducks,Action
1996,D3: The Mighty Ducks,Comédie
1996,D3: The Mighty Ducks,Drame
1996,The Juror,Policier
1996,The Juror,Drame
1996,The Juror,Thriller
1996,My Fellow Americans,Aventure
1996,My Fellow Americans,Comédie
1996,Emma,Comédie
1996,Emma,Drame
1996,Emma,Romance
1996,The Quest,Action
1996,The Quest,Aventure
1996,The Quest,Drame
1996,A Very Brady Sequel,Comédie
1996,Bulletproof,Action
1996,Bulletproof,Comédie
1996,Bulletproof,Policier
1996,High School High,Comédie
1996,High School High,Policier
1996,High School High,Romance
1996,Fear,Drame
1996,Fear,Thriller
1996,Chain Reaction,Action
1996,Chain Reaction,Drame
1996,Chain Reaction,Science-fiction
1996,City Hall,Drame
1996,City Hall,Thriller
1996,The People vs. Larry Flynt,Biographie
1996,The People vs. Larry Flynt,Drame
1996,Don't Be a Menace to South Central While Drinking Your Juice in the Hood,Comédie
1996,Don't Be a Menace to South Central While Drinking Your Juice in the Hood,Policier
1996,Multiplicity,Comédie
1996,Multiplicity,Romance
1996,Multiplicity,Science-fiction
1996,The Glimmer Man,Action
1996,The Glimmer Man,Comédie
1996,The Glimmer Man,Policier
1996,Flipper,Aventure
1996,Flipper,Famille
1996,Mother,Comédie
1996,Mother,Drame
1996,Bed of Roses,Drame
1996,Bed of Roses,Romance
1996,Kazaam,Comédie
1996,Kazaam,Famille
1996,Kazaam,Fantaisie
1996,The Fan,Action
1996,The Fan,Drame
1996,The Fan,Sport
1996,The Crow: City of Angels,Action
1996,The Crow: City of Angels,Policier
1996,The Crow: City of Angels,Fantaisie
1996,Last Man Standing,Action
1996,Last Man Standing,Policier
1996,Last Man Standing,Drame
1996,Extreme Measures,Policier
1996,Extreme Measures,Drame
1996,Extreme Measures,Mystère
1996,The Phantom,Action
1996,The Phantom,Aventure
1996,The Phantom,Comédie
1996,Diabolique,Drame
1996,Diabolique,Horreur
1996,Diabolique,Mystère
1996,Fled,Action
1996,Fled,Aventure
1996,Fled,Policier
1996,The Frighteners,Comédie
1996,The Frighteners,Fantaisie
1996,The Frighteners,Horreur
1996,Hellraiser: Bloodline,Horreur
1996,Hellraiser: Bloodline,Science-fiction
1996,Thinner,Fantaisie
1996,Thinner,Horreur
1996,The Adventures of Pinocchio,Aventure
1996,The Adventures of Pinocchio,Drame
1996,The Adventures of Pinocchio,Famille
1996,Flirting with Disaster,Comédie
1996,The Substitute,Action
1996,The Substitute,Policier
1996,The Substitute,Drame
1996,The Chamber,Policier
1996,The Chamber,Drame
1996,The Chamber,Thriller
1997,Donnie Brasco,Biographie
1997,Donnie Brasco,Policier
1997,Donnie Brasco,Drame
1997,The Peacemaker,Action
1997,The Peacemaker,Thriller
1997,Private Parts,Biographie
1997,Private Parts,Comédie
1997,Private Parts,Drame
1997,Money Talks,Action
1997,Money Talks,Comédie
1997,Money Talks,Policier
1997,Jackie Brown,Policier
1997,Jackie Brown,Drame
1997,Jackie Brown,Thriller
1997,Seven Years in Tibet,Aventure
1997,Seven Years in Tibet,Biographie
1997,Seven Years in Tibet,Drame
1997,Vegas Vacation,Comédie
1997,Mortal Kombat: Annihilation,Action
1997,Mortal Kombat: Annihilation,Aventure
1997,Mortal Kombat: Annihilation,Fantaisie
1997,Selena,Biographie
1997,Selena,Drame
1997,Selena,Musique
1997,Addicted to Love,Comédie
1997,Addicted to Love,Romance
1997,The Relic,Horreur
1997,The Relic,Mystère
1997,The Relic,Science-fiction
1997,Metro,Action
1997,Metro,Comédie
1997,Metro,Policier
1997,For Richer or Poorer,Comédie
1997,Beverly Hills Ninja,Action
1997,Beverly Hills Ninja,Comédie
1997,Picture Perfect,Comédie
1997,Picture Perfect,Drame
1997,Picture Perfect,Romance
1997,Home Alone 3,Comédie
1997,Home Alone 3,Policier
1997,Home Alone 3,Famille
1997,Fools Rush In,Comédie
1997,Fools Rush In,Drame
1997,Fools Rush In,Romance
1997,Romy and Michele's High School Reunion,Comédie
1997,Fathers' Day,Comédie
1997,Fathers' Day,Romance
1997,Grosse Pointe Blank,Action
1997,Grosse Pointe Blank,Comédie
1997,Grosse Pointe Blank,Policier
1997,Out to Sea,Comédie
1997,Out to Sea,Romance
1997,The Edge,Action
1997,The Edge,Aventure
1997,The Edge,Drame
1997,Event Horizon,Horreur
1997,Event Horizon,Science-fiction
1997,Event Horizon,Thriller
1997,An American Werewolf in Paris,Comédie
1997,An American Werewolf in Paris,Fantaisie
1997,An American Werewolf in Paris,Horreur
1997,Boogie Nights,Drame
1997,Murder at 1600,Action
1997,Murder at 1600,Policier
1997,Murder at 1600,Drame
1997,Mimic,Horreur
1997,Mimic,Science-fiction
1997,Midnight in the Garden of Good and Evil,Policier
1997,Midnight in the Garden of Good and Evil,Drame
1997,Midnight in the Garden of Good and Evil,Mystère
1997,Air Bud,Comédie
1997,Air Bud,Drame
1997,Air Bud,Famille
1997,Good Burger,Comédie
1997,Good Burger,Famille
1997,Hoodlum,Policier
1997,Hoodlum,Drame
1997,Red Corner,Policier
1997,Red Corner,Drame
1997,Red Corner,Thriller
1997,The Borrowers,Aventure
1997,The Borrowers,Comédie
1997,The Borrowers,Famille
1997,Mr. Magoo,Aventure
1997,Mr. Magoo,Comédie
1997,Mr. Magoo,Famille
1997,The Apostle,Drame
1997,Booty Call,Comédie
1997,Booty Call,Romance
1997,Gone Fishin',Comédie
1997,Gone Fishin',Policier
1997,That Darn Cat,Action
1997,That Darn Cat,Comédie
1997,That Darn Cat,Policier
1997,The Postman,Action
1997,The Postman,Aventure
1997,The Postman,Drame
1997,That Old Feeling,Comédie
1997,That Old Feeling,Romance
1997,Fire Down Below,Action
1997,Fire Down Below,Drame
1997,Fire Down Below,Thriller
1997,Wishmaster,Fantaisie
1997,Wishmaster,Horreur
1997,RocketMan,Comédie
1997,RocketMan,Famille
1997,RocketMan,Science-fiction
1997,Eve's Bayou,Drame
1997,The Sixth Man,Comédie
1997,The Sixth Man,Drame
1997,The Sixth Man,Fantaisie
1997,Excess Baggage,Action
1997,Excess Baggage,Comédie
1997,Excess Baggage,Policier
1997,How to Be a Player,Comédie
1997,The Man Who Knew Too Little,Comédie
1997,The Man Who Knew Too Little,Policier
1997,The Man Who Knew Too Little,Drame
1997,The Wings of the Dove,Drame
1997,The Wings of the Dove,Romance
1997,Trial and Error,Comédie
1997,Trial and Error,Romance
1998,Primary Colors,Comédie
1998,Primary Colors,Drame
1998,Urban Legend,Horreur
1998,Urban Legend,Mystère
1998,Urban Legend,Thriller
1998,How Stella Got Her Groove Back,Comédie
1998,How Stella Got Her Groove Back,Drame
1998,How Stella Got Her Groove Back,Romance
1998,Out of Sight,Comédie
1998,Out of Sight,Policier
1998,Out of Sight,Drame
1998,Sphere,Action
1998,Sphere,Mystère
1998,Sphere,Science-fiction
1998,The Thin Red Line,Drame
1998,The Thin Red Line,Guerre
1998,Jack Frost,Comédie
1998,Jack Frost,Drame
1998,Jack Frost,Famille
1998,Mercury Rising,Action
1998,Mercury Rising,Policier
1998,Mercury Rising,Drame
1998,Bride of Chucky,Comédie
1998,Bride of Chucky,Horreur
1998,A Night at the Roxbury,Comédie
1998,A Night at the Roxbury,Musique
1998,A Night at the Roxbury,Romance
1998,Madeline,Comédie
1998,Madeline,Famille
1998,Wild Things,Policier
1998,Wild Things,Drame
1998,Wild Things,Mystère
1998,The Object of My Affection,Comédie
1998,The Object of My Affection,Drame
1998,The Object of My Affection,Romance
1998,The Big Hit,Action
1998,The Big Hit,Comédie
1998,The Big Hit,Policier
1998,Paulie,Aventure
1998,Paulie,Comédie
1998,Paulie,Drame
1998,Bulworth,Comédie
1998,Bulworth,Drame
1998,Bulworth,Romance
1998,Great Expectations,Drame
1998,Great Expectations,Romance
1998,Can't Hardly Wait,Comédie
1998,Can't Hardly Wait,Romance
1998,Fallen,Action
1998,Fallen,Policier
1998,Fallen,Drame
1998,Waking Ned Devine,Comédie
1998,The Avengers,Action
1998,The Avengers,Aventure
1998,The Avengers,Science-fiction
1998,One True Thing,Drame
1998,The Players Club,Comédie
1998,The Players Club,Drame
1998,Rounders,Policier
1998,Rounders,Drame
1998,Beloved,Drame
1998,Beloved,Histoire
1998,Beloved,Horreur
1998,Quest for Camelot,Animation
1998,Quest for Camelot,Aventure
1998,Quest for Camelot,Comédie
1998,He Got Game,Drame
1998,He Got Game,Sport
1998,Psycho,Horreur
1998,Psycho,Mystère
1998,Psycho,Thriller
1998,Vampires,Action
1998,Vampires,Horreur
1998,Vampires,Thriller
1998,Mafia!,Comédie
1998,Mafia!,Policier
1998,Hard Rain,Action
1998,Hard Rain,Policier
1998,Hard Rain,Drame
1998,Species II,Action
1998,Species II,Horreur
1998,Species II,Science-fiction
1998,The Replacement Killers,Action
1998,The Replacement Killers,Policier
1998,The Replacement Killers,Thriller
1998,The Odd Couple II,Aventure
1998,The Odd Couple II,Comédie
1998,Simon Birch,Comédie
1998,Simon Birch,Drame
1998,Simon Birch,Famille
1998,The Big Lebowski,Comédie
1998,The Big Lebowski,Policier
1998,The Big Lebowski,Sport
1998,Disturbing Behavior,Horreur
1998,Disturbing Behavior,Mystère
1998,Disturbing Behavior,Science-fiction
1998,Half Baked,Comédie
1998,Half Baked,Policier
1998,Rushmore,Comédie
1998,Rushmore,Drame
1998,54,Drame
1998,54,Musique
1998,A Simple Plan,Policier
1998,A Simple Plan,Drame
1998,A Simple Plan,Thriller
1998,Dance with Me,Drame
1998,Dance with Me,Musique
1998,Dance with Me,Romance
1998,Dead Man on Campus,Comédie
1998,Twilight,Policier
1998,Twilight,Drame
1998,Twilight,Mystère
1998,Soldier,Action
1998,Soldier,Drame
1998,Soldier,Science-fiction
1998,Dark City,Mystère
1998,Dark City,Science-fiction
1998,Dark City,Thriller
1998,Les Misérables,Policier
1998,Les Misérables,Drame
1998,Les Misérables,Histoire
1998,Blues Brothers 2000,Action
1998,Blues Brothers 2000,Comédie
1998,Blues Brothers 2000,Policier
1998,Desperate Measures,Action
1998,Desperate Measures,Policier
1998,Desperate Measures,Drame
1998,Hush,Drame
1998,Hush,Thriller
1999,Anna and the King,Drame
1999,Anna and the King,Histoire
1999,Anna and the King,Romance
1999,Cruel Intentions,Drame
1999,Cruel Intentions,Romance
1999,10 Things I Hate About You,Comédie
1999,10 Things I Hate About You,Drame
1999,10 Things I Hate About You,Romance
1999,Fight Club,Drame
1999,My Favorite Martian,Comédie
1999,My Favorite Martian,Famille
1999,My Favorite Martian,Science-fiction
1999,8MM,Mystère
1999,8MM,Thriller
1999,For Love of the Game,Drame
1999,For Love of the Game,Romance
1999,For Love of the Game,Sport
1999,Man on the Moon,Biographie
1999,Man on the Moon,Comédie
1999,Man on the Moon,Drame
1999,The Best Man,Comédie
1999,The Best Man,Drame
1999,The Best Man,Romance
1999,Instinct,Drame
1999,Instinct,Thriller
1999,Mickey Blue Eyes,Comédie
1999,Mickey Blue Eyes,Policier
1999,Mickey Blue Eyes,Romance
1999,The 13th Warrior,Action
1999,The 13th Warrior,Aventure
1999,The 13th Warrior,Histoire
1999,October Sky,Biographie
1999,October Sky,Drame
1999,October Sky,Famille
1999,Lake Placid,Action
1999,Lake Placid,Comédie
1999,Lake Placid,Horreur
1999,Random Hearts,Drame
1999,Random Hearts,Mystère
1999,Random Hearts,Romance
1999,Dogma,Aventure
1999,Dogma,Comédie
1999,Dogma,Drame
1999,Superstar,Comédie
1999,Superstar,Romance
1999,Mystery Men,Action
1999,Mystery Men,Comédie
1999,Mystery Men,Fantaisie
1999,The Insider,Biographie
1999,The Insider,Drame
1999,The Insider,Thriller
1999,"Girl, Interrupted",Biographie
1999,"Girl, Interrupted",Drame
1999,The Out-of-Towners,Comédie
1999,The Other Sister,Comédie
1999,The Other Sister,Drame
1999,The Other Sister,Romance
1999,Baby Geniuses,Comédie
1999,Baby Geniuses,Policier
1999,Baby Geniuses,Famille
1999,The Story of Us,Comédie
1999,The Story of Us,Drame
1999,The Story of Us,Romance
1999,Blast from the Past,Comédie
1999,Blast from the Past,Drame
1999,Blast from the Past,Romance
1999,The Wood,Comédie
1999,The Wood,Drame
1999,The Wood,Romance
1999,Arlington Road,Policier
1999,Arlington Road,Drame
1999,Arlington Road,Thriller
1999,The Iron Giant,Animation
1999,The Iron Giant,Action
1999,The Iron Giant,Aventure
1999,Being John Malkovich,Comédie
1999,Being John Malkovich,Drame
1999,Being John Malkovich,Fantaisie
1999,Magnolia,Drame
1999,At First Sight,Drame
1999,At First Sight,Romance
1999,Edtv,Comédie
1999,Edtv,Drame
1999,The Bachelor,Comédie
1999,The Bachelor,Romance
1999,Stir of Echoes,Horreur
1999,Stir of Echoes,Mystère
1999,Stir of Echoes,Thriller
1999,Doug's 1st Movie,Animation
1999,Doug's 1st Movie,Aventure
1999,Doug's 1st Movie,Comédie
1999,Summer of Sam,Policier
1999,Summer of Sam,Drame
1999,Summer of Sam,Romance
1999,The Ninth Gate,Mystère
1999,The Ninth Gate,Thriller
1999,Anywhere But Here,Comédie
1999,Anywhere But Here,Drame
1999,An Ideal Husband,Comédie
1999,An Ideal Husband,Romance
1999,Drive Me Crazy,Comédie
1999,Drive Me Crazy,Drame
1999,Drive Me Crazy,Romance
1999,The Rage: Carrie 2,Horreur
1999,The Rage: Carrie 2,Science-fiction
1999,The Rage: Carrie 2,Thriller
1999,Go,Comédie
1999,Go,Policier
1999,Bringing Out the Dead,Drame
1999,Bringing Out the Dead,Thriller
1999,True Crime,Policier
1999,True Crime,Drame
1999,True Crime,Mystère
1999,Muppets from Space,Aventure
1999,Muppets from Space,Comédie
1999,Muppets from Space,Famille
1999,A Midsummer Night's Dream,Comédie
1999,A Midsummer Night's Dream,Fantaisie
1999,A Midsummer Night's Dream,Romance
1999,The Thirteenth Floor,Mystère
1999,The Thirteenth Floor,Science-fiction
1999,The Thirteenth Floor,Thriller
1999,The Corruptor,Action
1999,The Corruptor,Policier
1999,The Corruptor,Drame
1999,Election,Comédie
1999,Election,Drame
1999,Election,Romance
1999,Music of the Heart,Drame
1999,Music of the Heart,Musique
2000,Men of Honor,Biographie
2000,Men of Honor,Drame
2000,"Dude, Where's My Car?",Comédie
2000,"Dude, Where's My Car?",Mystère
2000,"Dude, Where's My Car?",Science-fiction
2000,The Tigger Movie,Animation
2000,The Tigger Movie,Comédie
2000,The Tigger Movie,Drame
2000,"O Brother, Where Art Thou?",Aventure
2000,"O Brother, Where Art Thou?",Comédie
2000,"O Brother, Where Art Thou?",Policier
2000,Frequency,Policier
2000,Frequency,Drame
2000,Frequency,Mystère
2000,The Replacements,Comédie
2000,The Replacements,Sport
2000,The Beach,Aventure
2000,The Beach,Drame
2000,The Beach,Romance
2000,Little Nicky,Comédie
2000,Little Nicky,Fantaisie
2000,Pitch Black,Horreur
2000,Pitch Black,Science-fiction
2000,Bedazzled,Comédie
2000,Bedazzled,Fantaisie
2000,Autumn in New York,Drame
2000,Autumn in New York,Romance
2000,28 Days,Comédie
2000,28 Days,Drame
2000,Keeping the Faith,Comédie
2000,Keeping the Faith,Drame
2000,Keeping the Faith,Romance
2000,Bounce,Drame
2000,Bounce,Romance
2000,Hanging Up,Comédie
2000,Hanging Up,Drame
2000,The Flintstones in Viva Rock Vegas,Comédie
2000,The Flintstones in Viva Rock Vegas,Famille
2000,The Flintstones in Viva Rock Vegas,Romance
2000,The Skulls,Action
2000,The Skulls,Policier
2000,The Skulls,Drame
2000,The 6th Day,Action
2000,The 6th Day,Mystère
2000,The 6th Day,Science-fiction
2000,Thirteen Days,Drame
2000,Thirteen Days,Histoire
2000,Thirteen Days,Thriller
2000,My Dog Skip,Comédie
2000,My Dog Skip,Drame
2000,My Dog Skip,Famille
2000,Where the Heart Is,Comédie
2000,Where the Heart Is,Drame
2000,Where the Heart Is,Romance
2000,Pay It Forward,Drame
2000,Dracula 2000,Action
2000,Dracula 2000,Fantaisie
2000,Dracula 2000,Horreur
2000,Return to Me,Comédie
2000,Return to Me,Drame
2000,Return to Me,Romance
2000,Proof of Life,Action
2000,Proof of Life,Drame
2000,Proof of Life,Thriller
2000,Almost Famous,Aventure
2000,Almost Famous,Comédie
2000,Almost Famous,Drame
2000,The Legend of Bagger Vance,Drame
2000,The Legend of Bagger Vance,Fantaisie
2000,The Legend of Bagger Vance,Sport
2000,Snatch,Comédie
2000,Snatch,Policier
2000,The Art of War,Action
2000,The Art of War,Aventure
2000,The Art of War,Policier
2000,Bless the Child,Policier
2000,Bless the Child,Drame
2000,Bless the Child,Horreur
2000,The Watcher,Policier
2000,The Watcher,Drame
2000,The Watcher,Mystère
2000,Love & Basketball,Drame
2000,Love & Basketball,Romance
2000,Love & Basketball,Sport
2000,High Fidelity,Comédie
2000,High Fidelity,Drame
2000,High Fidelity,Musique
2000,Book of Shadows: Blair Witch 2,Aventure
2000,Book of Shadows: Blair Witch 2,Fantaisie
2000,Book of Shadows: Blair Witch 2,Horreur
2000,The Adventures of Rocky & Bullwinkle,Animation
2000,The Adventures of Rocky & Bullwinkle,Aventure
2000,The Adventures of Rocky & Bullwinkle,Comédie
2000,Memento,Mystère
2000,Memento,Thriller
2000,Nurse Betty,Comédie
2000,Nurse Betty,Policier
2000,Nurse Betty,Drame
2000,Reindeer Games,Action
2000,Reindeer Games,Aventure
2000,Reindeer Games,Policier
2000,Titan A.E.,Animation
2000,Titan A.E.,Action
2000,Titan A.E.,Aventure
2000,Battlefield Earth,Action
2000,Battlefield Earth,Aventure
2000,Battlefield Earth,Science-fiction
2000,Urban Legends: Final Cut,Horreur
2000,Urban Legends: Final Cut,Mystère
2000,Urban Legends: Final Cut,Thriller
2000,Boys and Girls,Comédie
2000,Boys and Girls,Drame
2000,Boys and Girls,Romance
2000,Down to You,Comédie
2000,Down to You,Drame
2000,Down to You,Romance
2000,Wonder Boys,Comédie
2000,Wonder Boys,Drame
2000,Best in Show,Comédie
2000,The Contender,Drame
2000,The Contender,Thriller
2000,Red Planet,Action
2000,Red Planet,Science-fiction
2000,Red Planet,Thriller
2000,Center Stage,Drame
2000,Center Stage,Musique
2000,Center Stage,Romance
2000,Small Time Crooks,Comédie
2000,Small Time Crooks,Policier
2000,Boiler Room,Policier
2000,Boiler Room,Drame
2000,Boiler Room,Thriller
2001,Serendipity,Comédie
2001,Serendipity,Romance
2001,Kate & Leopold,Comédie
2001,Kate & Leopold,Fantaisie
2001,Kate & Leopold,Romance
2001,Domestic Disturbance,Policier
2001,Domestic Disturbance,Mystère
2001,Domestic Disturbance,Thriller
2001,Zoolander,Comédie
2001,The One,Action
2001,The One,Science-fiction
2001,The One,Thriller
2001,Thir13en Ghosts,Horreur
2001,Thir13en Ghosts,Thriller
2001,Bandits,Comédie
2001,Bandits,Policier
2001,Bandits,Drame
2001,Gosford Park,Comédie
2001,Gosford Park,Drame
2001,Gosford Park,Mystère
2001,Heartbreakers,Comédie
2001,Heartbreakers,Policier
2001,Heartbreakers,Romance
2001,I Am Sam,Drame
2001,Hardball,Drame
2001,Hardball,Sport
2001,Evolution,Comédie
2001,Evolution,Science-fiction
2001,Not Another Teen Movie,Comédie
2001,Jeepers Creepers,Horreur
2001,Jeepers Creepers,Mystère
2001,Kiss of the Dragon,Action
2001,Kiss of the Dragon,Policier
2001,Kiss of the Dragon,Drame
2001,Recess: School's Out,Animation
2001,Recess: School's Out,Comédie
2001,Recess: School's Out,Famille
2001,In the Bedroom,Policier
2001,In the Bedroom,Drame
2001,Black Knight,Aventure
2001,Black Knight,Comédie
2001,Black Knight,Fantaisie
2001,See Spot Run,Action
2001,See Spot Run,Comédie
2001,See Spot Run,Policier
2001,Driven,Action
2001,Driven,Drame
2001,Driven,Sport
2001,Final Fantasy: The Spirits Within,Animation
2001,Final Fantasy: The Spirits Within,Action
2001,Final Fantasy: The Spirits Within,Aventure
2001,What's the Worst That Could Happen?,Comédie
2001,What's the Worst That Could Happen?,Policier
2001,From Hell,Horreur
2001,From Hell,Mystère
2001,From Hell,Thriller
2001,Monster's Ball,Drame
2001,Monster's Ball,Romance
2001,How High,Comédie
2001,How High,Fantaisie
2001,Riding in Cars with Boys,Biographie
2001,Riding in Cars with Boys,Comédie
2001,Riding in Cars with Boys,Drame
2001,Jay and Silent Bob Strike Back,Comédie
2001,Baby Boy,Policier
2001,Baby Boy,Drame
2001,Baby Boy,Romance
2001,The Majestic,Drame
2001,The Majestic,Romance
2001,The Brothers,Comédie
2001,The Brothers,Drame
2001,Someone Like You,Comédie
2001,Someone Like You,Romance
2001,Joe Dirt,Aventure
2001,Joe Dirt,Comédie
2001,Joe Dirt,Drame
2001,The Musketeer,Action
2001,The Musketeer,Aventure
2001,The Musketeer,Romance
2001,Crocodile Dundee in Los Angeles,Action
2001,Crocodile Dundee in Los Angeles,Aventure
2001,Crocodile Dundee in Los Angeles,Comédie
2001,Captain Corelli's Mandolin,Drame
2001,Captain Corelli's Mandolin,Musique
2001,Captain Corelli's Mandolin,Romance
2001,Sweet November,Drame
2001,Sweet November,Romance
2001,15 Minutes,Action
2001,15 Minutes,Policier
2001,15 Minutes,Drame
2001,Hearts in Atlantis,Drame
2001,Hearts in Atlantis,Mystère
2001,Angel Eyes,Drame
2001,Angel Eyes,Romance
2001,Corky Romano,Comédie
2001,Corky Romano,Policier
2001,Kingdom Come,Comédie
2001,Kingdom Come,Drame
2001,Kingdom Come,Famille
2001,Joe Somebody,Comédie
2001,Joe Somebody,Drame
2001,Two Can Play That Game,Comédie
2001,Two Can Play That Game,Romance
2001,Joy Ride,Mystère
2001,Joy Ride,Thriller
2001,Valentine,Horreur
2001,Valentine,Mystère
2001,Valentine,Thriller
2001,The Pledge,Policier
2001,The Pledge,Drame
2001,The Pledge,Mystère
2001,Summer Catch,Comédie
2001,Summer Catch,Drame
2001,Summer Catch,Romance
2001,Saving Silverman,Comédie
2001,Saving Silverman,Policier
2001,Saving Silverman,Romance
2001,Super Troopers,Comédie
2001,Super Troopers,Policier
2001,Super Troopers,Mystère
2001,The Last Castle,Action
2001,The Last Castle,Drame
2001,The Last Castle,Thriller
2002,Big Fat Liar,Aventure
2002,Big Fat Liar,Comédie
2002,Big Fat Liar,Famille
2002,Phone Booth,Policier
2002,Phone Booth,Thriller
2002,Star Trek: Nemesis,Action
2002,Star Trek: Nemesis,Aventure
2002,Star Trek: Nemesis,Science-fiction
2002,Reign of Fire,Action
2002,Reign of Fire,Aventure
2002,Reign of Fire,Fantaisie
2002,The Hours,Drame
2002,The Hours,Romance
2002,High Crimes,Policier
2002,High Crimes,Drame
2002,High Crimes,Mystère
2002,About a Boy,Comédie
2002,About a Boy,Drame
2002,About a Boy,Romance
2002,A Walk to Remember,Drame
2002,A Walk to Remember,Romance
2002,Orange County,Comédie
2002,Orange County,Drame
2002,Windtalkers,Action
2002,Windtalkers,Drame
2002,Windtalkers,Guerre
2002,Blue Crush,Drame
2002,Blue Crush,Romance
2002,Blue Crush,Sport
2002,The Master of Disguise,Aventure
2002,The Master of Disguise,Comédie
2002,The Master of Disguise,Famille
2002,Resident Evil,Action
2002,Resident Evil,Horreur
2002,Resident Evil,Science-fiction
2002,The Wild Thornberrys Movie,Animation
2002,The Wild Thornberrys Movie,Aventure
2002,The Wild Thornberrys Movie,Comédie
2002,Collateral Damage,Action
2002,Collateral Damage,Drame
2002,Collateral Damage,Thriller
2002,Enough,Policier
2002,Enough,Drame
2002,Enough,Thriller
2002,Undercover Brother,Action
2002,Undercover Brother,Comédie
2002,Treasure Planet,Animation
2002,Treasure Planet,Aventure
2002,Treasure Planet,Famille
2002,Showtime,Action
2002,Showtime,Comédie
2002,Showtime,Policier
2002,40 Days and 40 Nights,Comédie
2002,40 Days and 40 Nights,Romance
2002,Crossroads,Comédie
2002,Crossroads,Drame
2002,Crossroads,Romance
2002,Clockstoppers,Action
2002,Clockstoppers,Aventure
2002,Clockstoppers,Comédie
2002,The Mothman Prophecies,Drame
2002,The Mothman Prophecies,Horreur
2002,The Mothman Prophecies,Mystère
2002,K-19: The Widowmaker,Drame
2002,K-19: The Widowmaker,Histoire
2002,K-19: The Widowmaker,Thriller
2002,The Hot Chick,Comédie
2002,The Hot Chick,Fantaisie
2002,I Spy,Action
2002,I Spy,Aventure
2002,I Spy,Comédie
2002,Friday After Next,Comédie
2002,Friday After Next,Drame
2002,Bend It Like Beckham,Comédie
2002,Bend It Like Beckham,Drame
2002,Bend It Like Beckham,Romance
2002,Analyze That,Comédie
2002,Analyze That,Policier
2002,Murder by Numbers,Policier
2002,Murder by Numbers,Mystère
2002,Murder by Numbers,Thriller
2002,One Hour Photo,Drame
2002,One Hour Photo,Thriller
2002,Halloween: Resurrection,Horreur
2002,Halloween: Resurrection,Thriller
2002,Queen of the Damned,Drame
2002,Queen of the Damned,Fantaisie
2002,Queen of the Damned,Horreur
2002,The Banger Sisters,Comédie
2002,The Banger Sisters,Drame
2002,Bad Company,Action
2002,Bad Company,Aventure
2002,Bad Company,Comédie
2002,Ghost Ship,Horreur
2002,Dragonfly,Drame
2002,Dragonfly,Fantaisie
2002,Dragonfly,Mystère
2002,The New Guy,Comédie
2002,Swimfan,Drame
2002,Swimfan,Thriller
2002,The Crocodile Hunter: Collision Course,Action
2002,The Crocodile Hunter: Collision Course,Aventure
2002,The Crocodile Hunter: Collision Course,Comédie
2002,Brown Sugar,Romance
2002,Brown Sugar,Comédie
2002,Brown Sugar,Drame
2002,Blood Work,Action
2002,Blood Work,Policier
2002,Blood Work,Drame
2002,Frida,Biographie
2002,Frida,Drame
2002,Frida,Romance
2002,Jonah: A VeggieTales Movie,Animation
2002,Jonah: A VeggieTales Movie,Aventure
2002,Jonah: A VeggieTales Movie,Comédie
2002,All About the Benjamins,Action
2002,All About the Benjamins,Comédie
2002,All About the Benjamins,Policier
2002,The Transporter,Action
2002,The Transporter,Policier
2002,The Transporter,Thriller
2002,The Sweetest Thing,Comédie
2002,The Sweetest Thing,Romance
2002,Eight Crazy Nights,Animation
2002,Eight Crazy Nights,Comédie
2002,Eight Crazy Nights,Comédie musicale
2002,City by the Sea,Policier
2002,City by the Sea,Drame
2002,City by the Sea,Mystère
2002,Adaptation.,Comédie
2002,Adaptation.,Drame
2003,Open Range,Action
2003,Open Range,Drame
2003,Open Range,Romance
2003,Once Upon a Time in Mexico,Action
2003,Once Upon a Time in Mexico,Policier
2003,Once Upon a Time in Mexico,Thriller
2003,Just Married,Comédie
2003,Just Married,Romance
2003,Paycheck,Action
2003,Paycheck,Mystère
2003,Paycheck,Science-fiction
2003,The Recruit,Action
2003,The Recruit,Thriller
2003,Radio,Biographie
2003,Radio,Drame
2003,Radio,Sport
2003,Identity,Mystère
2003,Identity,Thriller
2003,Underworld,Action
2003,Underworld,Fantaisie
2003,Underworld,Thriller
2003,Runaway Jury,Policier
2003,Runaway Jury,Drame
2003,Runaway Jury,Thriller
2003,Peter Pan,Aventure
2003,Peter Pan,Famille
2003,Peter Pan,Fantaisie
2003,The Jungle Book 2,Animation
2003,The Jungle Book 2,Aventure
2003,The Jungle Book 2,Famille
2003,Agent Cody Banks,Action
2003,Agent Cody Banks,Aventure
2003,Agent Cody Banks,Comédie
2003,The Rundown,Action
2003,The Rundown,Aventure
2003,The Rundown,Comédie
2003,Final Destination 2,Horreur
2003,Final Destination 2,Thriller
2003,Lost in Translation,Drame
2003,Lost in Translation,Romance
2003,Tears of the Sun,Action
2003,Tears of the Sun,Drame
2003,Tears of the Sun,Thriller
2003,Under the Tuscan Sun,Comédie
2003,Under the Tuscan Sun,Drame
2003,Under the Tuscan Sun,Romance
2003,The Lizzie McGuire Movie,Aventure
2003,The Lizzie McGuire Movie,Comédie
2003,The Lizzie McGuire Movie,Famille
2003,Secondhand Lions,Comédie
2003,Secondhand Lions,Drame
2003,Secondhand Lions,Famille
2003,Out of Time,Policier
2003,Out of Time,Drame
2003,Out of Time,Mystère
2003,Rugrats Go Wild,Animation
2003,Rugrats Go Wild,Aventure
2003,Rugrats Go Wild,Comédie
2003,Head of State,Comédie
2003,Good Boy,Comédie
2003,Good Boy,Drame
2003,Good Boy,Famille
2003,Uptown Girls,Comédie
2003,Uptown Girls,Drame
2003,Uptown Girls,Romance
2003,Matchstick Men,Comédie
2003,Matchstick Men,Policier
2003,Matchstick Men,Drame
2003,What a Girl Wants,Comédie
2003,What a Girl Wants,Drame
2003,What a Girl Wants,Famille
2003,National Security,Action
2003,National Security,Comédie
2003,National Security,Policier
2003,Jeepers Creepers 2,Horreur
2003,Intolerable Cruelty,Comédie
2003,Intolerable Cruelty,Policier
2003,Intolerable Cruelty,Romance
2003,Cradle 2 the Grave,Action
2003,Cradle 2 the Grave,Policier
2003,Cradle 2 the Grave,Drame
2003,Monster,Biographie
2003,Monster,Policier
2003,Monster,Drame
2003,Malibu's Most Wanted,Comédie
2003,Malibu's Most Wanted,Policier
2003,The Hunted,Action
2003,The Hunted,Policier
2003,The Hunted,Drame
2003,Stuck on You,Comédie
2003,Dreamcatcher,Drame
2003,Dreamcatcher,Horreur
2003,Dreamcatcher,Science-fiction
2003,Darkness Falls,Fantaisie
2003,Darkness Falls,Horreur
2003,Darkness Falls,Mystère
2003,The Core,Action
2003,The Core,Aventure
2003,The Core,Science-fiction
2003,Calendar Girls,Comédie
2003,Calendar Girls,Drame
2003,Open Water,Aventure
2003,Open Water,Drame
2003,Open Water,Horreur
2003,Honey,Drame
2003,Honey,Musique
2003,Honey,Romance
2003,The Fighting Temptations,Comédie
2003,The Fighting Temptations,Drame
2003,The Fighting Temptations,Musique
2003,Hollywood Homicide,Action
2003,Hollywood Homicide,Comédie
2003,Hollywood Homicide,Policier
2003,Johnny English,Action
2003,Johnny English,Aventure
2003,Johnny English,Comédie
2003,The Missing,Aventure
2003,The Missing,Thriller
2003,The Missing,Western
2003,Basic,Action
2003,Basic,Policier
2003,Basic,Drame
2003,Sinbad: Legend of the Seven Seas,Animation
2003,Sinbad: Legend of the Seven Seas,Aventure
2003,Sinbad: Legend of the Seven Seas,Famille
2003,Dumb and Dumberer: When Harry Met Lloyd,Comédie
2003,A Man Apart,Action
2003,A Man Apart,Policier
2003,A Man Apart,Drame
2003,Piglet's Big Movie,Animation
2003,Piglet's Big Movie,Aventure
2003,Piglet's Big Movie,Comédie
2003,Bulletproof Monk,Action
2003,Bulletproof Monk,Comédie
2003,Bulletproof Monk,Fantaisie
2004,Without a Paddle,Aventure
2004,Without a Paddle,Comédie
2004,Without a Paddle,Mystère
2004,The Butterfly Effect,Drame
2004,The Butterfly Effect,Science-fiction
2004,The Butterfly Effect,Thriller
2004,Shall We Dance,Comédie
2004,Shall We Dance,Drame
2004,Shall We Dance,Musique
2004,The Chronicles of Riddick,Action
2004,The Chronicles of Riddick,Aventure
2004,The Chronicles of Riddick,Science-fiction
2004,13 Going on 30,Comédie
2004,13 Going on 30,Fantaisie
2004,13 Going on 30,Romance
2004,Saw,Horreur
2004,Saw,Mystère
2004,Saw,Thriller
2004,Crash,Policier
2004,Crash,Drame
2004,Crash,Thriller
2004,Blade: Trinity,Action
2004,Blade: Trinity,Horreur
2004,Blade: Trinity,Science-fiction
2004,King Arthur,Action
2004,King Arthur,Aventure
2004,King Arthur,Drame
2004,Finding Neverland,Biographie
2004,Finding Neverland,Drame
2004,Finding Neverland,Famille
2004,A Cinderella Story,Comédie
2004,A Cinderella Story,Famille
2004,A Cinderella Story,Romance
2004,The Phantom of the Opera,Drame
2004,The Phantom of the Opera,Comédie musicale
2004,The Phantom of the Opera,Romance
2004,Resident Evil: Apocalypse,Action
2004,Resident Evil: Apocalypse,Horreur
2004,Resident Evil: Apocalypse,Science-fiction
2004,Home on the Range,Animation
2004,Home on the Range,Aventure
2004,Home on the Range,Comédie
2004,Fat Albert,Animation
2004,Fat Albert,Comédie
2004,Fat Albert,Famille
2004,Secret Window,Drame
2004,Secret Window,Mystère
2004,Secret Window,Thriller
2004,Walking Tall,Action
2004,Walking Tall,Policier
2004,In Good Company,Comédie
2004,In Good Company,Drame
2004,In Good Company,Romance
2004,Napoleon Dynamite,Comédie
2004,Spanglish,Comédie
2004,Spanglish,Drame
2004,Spanglish,Romance
2004,Exorcist: The Beginning,Horreur
2004,Exorcist: The Beginning,Mystère
2004,Exorcist: The Beginning,Thriller
2004,Bridget Jones: The Edge of Reason,Comédie
2004,Bridget Jones: The Edge of Reason,Drame
2004,Bridget Jones: The Edge of Reason,Romance
2004,Catwoman,Action
2004,Catwoman,Policier
2004,Catwoman,Fantaisie
2004,You Got Served,Drame
2004,You Got Served,Musique
2004,The Ladykillers,Comédie
2004,The Ladykillers,Policier
2004,The Ladykillers,Thriller
2004,Sky Captain and the World of Tomorrow,Action
2004,Sky Captain and the World of Tomorrow,Aventure
2004,Sky Captain and the World of Tomorrow,Mystère
2004,Raising Helen,Comédie
2004,Raising Helen,Drame
2004,Raising Helen,Romance
2004,Taxi,Action
2004,Taxi,Comédie
2004,Taxi,Policier
2004,Eternal Sunshine of the Spotless Mind,Drame
2004,Eternal Sunshine of the Spotless Mind,Romance
2004,Eternal Sunshine of the Spotless Mind,Science-fiction
2004,Alexander,Action
2004,Alexander,Biographie
2004,Alexander,Drame
2004,Closer,Drame
2004,Closer,Romance
2004,The Punisher,Action
2004,The Punisher,Policier
2004,The Punisher,Drame
2004,Team America: World Police,Action
2004,Team America: World Police,Comédie
2004,Taking Lives,Policier
2004,Taking Lives,Mystère
2004,Taking Lives,Thriller
2004,Anacondas: The Hunt for the Blood Orchid,Action
2004,Anacondas: The Hunt for the Blood Orchid,Aventure
2004,Anacondas: The Hunt for the Blood Orchid,Horreur
2004,Cellular,Action
2004,Cellular,Policier
2004,Cellular,Thriller
2004,Johnson Family Vacation,Comédie
2004,Confessions of a Teenage Drama Queen,Comédie
2004,Confessions of a Teenage Drama Queen,Famille
2004,Confessions of a Teenage Drama Queen,Musique
2004,After the Sunset,Action
2004,After the Sunset,Comédie
2004,After the Sunset,Policier
2004,The Prince and Me,Comédie
2004,The Prince and Me,Famille
2004,The Prince and Me,Romance
2004,Garden State,Comédie
2004,Garden State,Drame
2004,Garden State,Romance
2004,Jersey Girl,Comédie
2004,Jersey Girl,Drame
2004,Jersey Girl,Romance
2004,Twisted,Policier
2004,Twisted,Drame
2004,Twisted,Mystère
2004,Around the World in 80 Days,Action
2004,Around the World in 80 Days,Aventure
2004,Around the World in 80 Days,Comédie
2004,The Life Aquatic with Steve Zissou,Action
2004,The Life Aquatic with Steve Zissou,Aventure
2004,The Life Aquatic with Steve Zissou,Comédie
2004,Agent Cody Banks 2: Destination London,Action
2004,Agent Cody Banks 2: Destination London,Aventure
2004,Agent Cody Banks 2: Destination London,Comédie
2004,Ella Enchanted,Comédie
2004,Ella Enchanted,Famille
2004,Ella Enchanted,Fantaisie
2004,The Alamo,Drame
2004,The Alamo,Histoire
2004,The Alamo,Guerre
2004,Mr 3000,Comédie
2004,Mr 3000,Drame
2004,Mr 3000,Romance
2004,Torque,Action
2004,Torque,Comédie
2004,Torque,Policier
2005,Kicking & Screaming,Comédie
2005,Kicking & Screaming,Famille
2005,Kicking & Screaming,Romance
2005,Hoodwinked!,Animation
2005,Hoodwinked!,Comédie
2005,Hoodwinked!,Policier
2005,Hide and Seek,Drame
2005,Hide and Seek,Horreur
2005,Hide and Seek,Mystère
2005,The Hitchhiker's Guide to the Galaxy,Aventure
2005,The Hitchhiker's Guide to the Galaxy,Comédie
2005,The Hitchhiker's Guide to the Galaxy,Science-fiction
2005,Syriana,Drame
2005,Syriana,Thriller
2005,Diary of a Mad Black Woman,Comédie
2005,Diary of a Mad Black Woman,Drame
2005,Diary of a Mad Black Woman,Romance
2005,Racing Stripes,Aventure
2005,Racing Stripes,Comédie
2005,Racing Stripes,Drame
2005,Miss Congeniality 2: Armed & Fabulous,Action
2005,Miss Congeniality 2: Armed & Fabulous,Comédie
2005,Miss Congeniality 2: Armed & Fabulous,Policier
2005,Just Like Heaven,Comédie
2005,Just Like Heaven,Drame
2005,Just Like Heaven,Fantaisie
2005,The Skeleton Key,Drame
2005,The Skeleton Key,Horreur
2005,The Skeleton Key,Mystère
2005,Munich,Action
2005,Munich,Drame
2005,Munich,Histoire
2005,Kingdom of Heaven,Action
2005,Kingdom of Heaven,Aventure
2005,Kingdom of Heaven,Drame
2005,Hostel,Horreur
2005,Nanny McPhee,Comédie
2005,Nanny McPhee,Famille
2005,Nanny McPhee,Fantaisie
2005,Boogeyman,Drame
2005,Boogeyman,Horreur
2005,Boogeyman,Mystère
2005,The Legend of Zorro,Action
2005,The Legend of Zorro,Aventure
2005,The Legend of Zorro,Romance
2005,Must Love Dogs,Comédie
2005,Must Love Dogs,Romance
2005,Transporter 2,Action
2005,Transporter 2,Thriller
2005,Rumor Has It...,Comédie
2005,Rumor Has It...,Drame
2005,Rumor Has It...,Romance
2005,Fever Pitch,Comédie
2005,Fever Pitch,Drame
2005,Fever Pitch,Romance
2005,The Adventures of Sharkboy and Lavagirl 3-D,Action
2005,The Adventures of Sharkboy and Lavagirl 3-D,Aventure
2005,The Adventures of Sharkboy and Lavagirl 3-D,Comédie
2005,The Sisterhood of the Traveling Pants,Comédie
2005,The Sisterhood of the Traveling Pants,Drame
2005,The Sisterhood of the Traveling Pants,Romance
2005,Pride & Prejudice,Drame
2005,Pride & Prejudice,Romance
2005,The Brothers Grimm,Action
2005,The Brothers Grimm,Aventure
2005,The Brothers Grimm,Comédie
2005,Beauty Shop,Comédie
2005,Derailed,Policier
2005,Derailed,Drame
2005,Derailed,Thriller
2005,The Island,Action
2005,The Island,Science-fiction
2005,The Island,Thriller
2005,The Ringer,Comédie
2005,The Ringer,Sport
2005,Hostage,Action
2005,Hostage,Policier
2005,Hostage,Drame
2005,The Constant Gardener,Drame
2005,The Constant Gardener,Mystère
2005,The Constant Gardener,Romance
2005,In Her Shoes,Comédie
2005,In Her Shoes,Drame
2005,In Her Shoes,Romance
2005,Bad News Bears,Comédie
2005,Bad News Bears,Sport
2005,Dreamer: Inspired by a True Story,Drame
2005,Dreamer: Inspired by a True Story,Famille
2005,Dreamer: Inspired by a True Story,Sport
2005,Because of Winn-Dixie,Comédie
2005,Because of Winn-Dixie,Drame
2005,Because of Winn-Dixie,Famille
2005,Just Friends,Comédie
2005,Just Friends,Romance
2005,Stealth,Action
2005,Stealth,Aventure
2005,Stealth,Science-fiction
2005,House of Wax,Horreur
2005,House of Wax,Thriller
2005,The Wedding Date,Comédie
2005,The Wedding Date,Romance
2005,"Good Night, and Good Luck.",Biographie
2005,"Good Night, and Good Luck.",Drame
2005,"Good Night, and Good Luck.",Histoire
2005,A History of Violence,Drame
2005,A History of Violence,Thriller
2005,Get Rich or Die Tryin',Biographie
2005,Get Rich or Die Tryin',Policier
2005,Get Rich or Die Tryin',Drame
2005,The Fog,Horreur
2005,Zathura: A Space Adventure,Action
2005,Zathura: A Space Adventure,Aventure
2005,Zathura: A Space Adventure,Comédie
2005,Rent,Drame
2005,Rent,Comédie musicale
2005,Rent,Romance
2005,Capote,Biographie
2005,Capote,Policier
2005,Capote,Drame
2005,Doom,Action
2005,Doom,Aventure
2005,Doom,Fantaisie
2005,xXx: State of the Union,Action
2005,xXx: State of the Union,Aventure
2005,xXx: State of the Union,Policier
2005,Elizabethtown,Comédie
2005,Elizabethtown,Drame
2005,Elizabethtown,Romance
2005,Æon Flux,Action
2005,Æon Flux,Aventure
2005,Æon Flux,Policier
2005,Serenity,Action
2005,Serenity,Aventure
2005,Serenity,Science-fiction
2006,Little Man,Comédie
2006,Little Man,Policier
2006,Curious George,Animation
2006,Curious George,Aventure
2006,Curious George,Comédie
2006,Invincible,Biographie
2006,Invincible,Drame
2006,Invincible,Sport
2006,The Benchwarmers,Comédie
2006,The Benchwarmers,Sport
2006,Blood Diamond,Aventure
2006,Blood Diamond,Drame
2006,Blood Diamond,Thriller
2006,The Queen,Biographie
2006,The Queen,Drame
2006,The Queen,Histoire
2006,The Guardian,Action
2006,The Guardian,Aventure
2006,The Guardian,Drame
2006,The Omen,Horreur
2006,The Omen,Thriller
2006,Final Destination 3,Horreur
2006,Final Destination 3,Thriller
2006,The Prestige,Drame
2006,The Prestige,Mystère
2006,The Prestige,Science-fiction
2006,The Lake House,Drame
2006,The Lake House,Fantaisie
2006,The Lake House,Romance
2006,Apocalypto,Action
2006,Apocalypto,Aventure
2006,Apocalypto,Drame
2006,Firewall,Action
2006,Firewall,Policier
2006,Firewall,Thriller
2006,Date Movie,Comédie
2006,Date Movie,Romance
2006,When a Stranger Calls,Horreur
2006,When a Stranger Calls,Thriller
2006,Silent Hill,Horreur
2006,We Are Marshall,Drame
2006,We Are Marshall,Sport
2006,Glory Road,Biographie
2006,Glory Road,Drame
2006,Glory Road,Sport
2006,Lady in the Water,Drame
2006,Lady in the Water,Fantaisie
2006,Lady in the Water,Mystère
2006,The Hills Have Eyes,Horreur
2006,The Hills Have Eyes,Thriller
2006,John Tucker Must Die,Comédie
2006,John Tucker Must Die,Romance
2006,Stranger Than Fiction,Comédie
2006,Stranger Than Fiction,Drame
2006,Stranger Than Fiction,Fantaisie
2006,The Illusionist,Drame
2006,The Illusionist,Fantaisie
2006,The Illusionist,Histoire
2006,The Texas Chainsaw Massacre: The Beginning,Horreur
2006,The Texas Chainsaw Massacre: The Beginning,Thriller
2006,The Grudge 2,Horreur
2006,The Grudge 2,Thriller
2006,Gridiron Gang,Biographie
2006,Gridiron Gang,Policier
2006,Gridiron Gang,Drame
2006,Last Holiday,Comédie
2006,Last Holiday,Romance
2006,The Nativity Story,Drame
2006,The Nativity Story,Famille
2006,The Nativity Story,Histoire
2006,Man of the Year,Comédie
2006,Man of the Year,Drame
2006,Man of the Year,Romance
2006,The Wild,Animation
2006,The Wild,Aventure
2006,The Wild,Comédie
2006,16 Blocks,Action
2006,16 Blocks,Policier
2006,16 Blocks,Drame
2006,Accepted,Comédie
2006,The Sentinel,Action
2006,The Sentinel,Policier
2006,The Sentinel,Thriller
2006,Smokin' Aces,Action
2006,Smokin' Aces,Policier
2006,Smokin' Aces,Drame
2006,Children of Men,Drame
2006,Children of Men,Thriller
2006,Deck the Halls,Comédie
2006,Deck the Halls,Famille
2006,Take the Lead,Drame
2006,Take the Lead,Musique
2006,Babel,Drame
2006,Snakes on a Plane,Action
2006,Snakes on a Plane,Policier
2006,Snakes on a Plane,Thriller
2006,Flags of Our Fathers,Action
2006,Flags of Our Fathers,Aventure
2006,Flags of Our Fathers,Drame
2006,United 93,Drame
2006,United 93,Histoire
2006,United 93,Thriller
2006,Employee of the Month,Comédie
2006,Employee of the Month,Romance
2006,Garfield: A Tail of Two Kitties,Animation
2006,Garfield: A Tail of Two Kitties,Aventure
2006,Garfield: A Tail of Two Kitties,Comédie
2006,The Ant Bully,Animation
2006,The Ant Bully,Aventure
2006,The Ant Bully,Comédie
2006,Crank,Action
2006,Crank,Policier
2006,Crank,Thriller
2006,Stick It,Comédie
2006,Stick It,Drame
2006,Stick It,Sport
2006,Clerks II,Comédie
2006,The Wicker Man,Horreur
2006,The Wicker Man,Mystère
2006,The Wicker Man,Thriller
2006,The Covenant,Action
2006,The Covenant,Aventure
2006,The Covenant,Fantaisie
2006,Stay Alive,Fantaisie
2006,Stay Alive,Horreur
2006,Stay Alive,Mystère
2007,Resident Evil: Extinction,Action
2007,Resident Evil: Extinction,Horreur
2007,Resident Evil: Extinction,Science-fiction
2007,Music and Lyrics,Comédie
2007,Music and Lyrics,Musique
2007,Music and Lyrics,Romance
2007,Are We Done Yet?,Comédie
2007,Are We Done Yet?,Famille
2007,Are We Done Yet?,Fantaisie
2007,This Christmas,Comédie
2007,This Christmas,Drame
2007,This Christmas,Romance
2007,Michael Clayton,Policier
2007,Michael Clayton,Drame
2007,Michael Clayton,Mystère
2007,Premonition,Drame
2007,Premonition,Fantaisie
2007,Premonition,Mystère
2007,Dan in Real Life,Comédie
2007,Dan in Real Life,Drame
2007,Dan in Real Life,Romance
2007,The Kingdom,Action
2007,The Kingdom,Drame
2007,The Kingdom,Thriller
2007,Shooter,Action
2007,Shooter,Drame
2007,Shooter,Thriller
2007,License to Wed,Comédie
2007,License to Wed,Romance
2007,Underdog,Action
2007,Underdog,Aventure
2007,Underdog,Comédie
2007,No Reservations,Comédie
2007,No Reservations,Drame
2007,No Reservations,Romance
2007,Because I Said So,Comédie
2007,Because I Said So,Romance
2007,Aliens vs. Predator: Requiem,Action
2007,Aliens vs. Predator: Requiem,Horreur
2007,Aliens vs. Predator: Requiem,Science-fiction
2007,There Will Be Blood,Drame
2007,Epic Movie,Aventure
2007,Epic Movie,Comédie
2007,Hitman,Action
2007,Hitman,Policier
2007,Hitman,Thriller
2007,30 Days of Night,Action
2007,30 Days of Night,Horreur
2007,30 Days of Night,Thriller
2007,Fracture,Policier
2007,Fracture,Drame
2007,Fracture,Thriller
2007,Stardust,Aventure
2007,Stardust,Famille
2007,Stardust,Fantaisie
2007,The Brave One,Action
2007,The Brave One,Policier
2007,The Brave One,Drame
2007,The Heartbreak Kid,Comédie
2007,The Heartbreak Kid,Romance
2007,Freedom Writers,Biographie
2007,Freedom Writers,Policier
2007,Freedom Writers,Drame
2007,The Messengers,Horreur
2007,The Messengers,Mystère
2007,The Messengers,Thriller
2007,The Number 23,Policier
2007,The Number 23,Mystère
2007,The Number 23,Thriller
2007,Good Luck Chuck,Comédie
2007,Good Luck Chuck,Romance
2007,Breach,Biographie
2007,Breach,Policier
2007,Breach,Drame
2007,Zodiac,Policier
2007,Zodiac,Drame
2007,Zodiac,Mystère
2007,Balls of Fury,Comédie
2007,Balls of Fury,Policier
2007,Balls of Fury,Sport
2007,Mr. Magorium's Wonder Emporium,Comédie
2007,Mr. Magorium's Wonder Emporium,Famille
2007,Mr. Magorium's Wonder Emporium,Fantaisie
2007,August Rush,Drame
2007,August Rush,Musique
2007,Daddy's Little Girls,Drame
2007,Daddy's Little Girls,Romance
2007,The Great Debaters,Biographie
2007,The Great Debaters,Drame
2007,The Great Debaters,Romance
2007,We Own the Night,Policier
2007,We Own the Night,Drame
2007,We Own the Night,Thriller
2007,Mr. Brooks,Policier
2007,Mr. Brooks,Drame
2007,Mr. Brooks,Thriller
2007,Hannibal Rising,Aventure
2007,Hannibal Rising,Policier
2007,Hannibal Rising,Drame
2007,The Nanny Diaries,Comédie
2007,The Nanny Diaries,Drame
2007,The Nanny Diaries,Romance
2007,Mr. Woodcock,Comédie
2007,Mr. Woodcock,Romance
2007,Mr. Woodcock,Sport
2007,Nancy Drew,Comédie
2007,Nancy Drew,Policier
2007,Nancy Drew,Famille
2007,The Mist,Horreur
2007,The Mist,Science-fiction
2007,The Reaping,Horreur
2007,The Reaping,Thriller
2007,Grindhouse,Action
2007,Grindhouse,Horreur
2007,Grindhouse,Thriller
2007,Across the Universe,Drame
2007,Across the Universe,Fantaisie
2007,Across the Universe,Histoire
2007,Perfect Stranger,Policier
2007,Perfect Stranger,Drame
2007,Perfect Stranger,Horreur
2007,War,Action
2007,War,Thriller
2007,The Last Mimzy,Drame
2007,The Last Mimzy,Famille
2007,The Last Mimzy,Science-fiction
2007,The Hills Have Eyes 2,Horreur
2007,The Hills Have Eyes 2,Thriller
2007,The Invisible,Policier
2007,The Invisible,Drame
2007,The Invisible,Fantaisie
2007,Reno 911!: Miami,Comédie
2007,Reno 911!: Miami,Policier
2007,Gone Baby Gone,Policier
2007,Gone Baby Gone,Drame
2007,Gone Baby Gone,Mystère
2008,Baby Mama,Comédie
2008,Baby Mama,Romance
2008,Step Up 2: The Streets,Drame
2008,Step Up 2: The Streets,Musique
2008,Step Up 2: The Streets,Romance
2008,Saw V,Horreur
2008,Saw V,Mystère
2008,Saw V,Thriller
2008,The Strangers,Horreur
2008,The Strangers,Mystère
2008,The Strangers,Thriller
2008,The Forbidden Kingdom,Action
2008,The Forbidden Kingdom,Aventure
2008,The Forbidden Kingdom,Fantaisie
2008,The Tale of Despereaux,Animation
2008,The Tale of Despereaux,Aventure
2008,The Tale of Despereaux,Comédie
2008,Australia,Aventure
2008,Australia,Comédie
2008,Australia,Drame
2008,The House Bunny,Comédie
2008,The House Bunny,Romance
2008,Nim's Island,Aventure
2008,Nim's Island,Famille
2008,Nim's Island,Fantaisie
2008,Made of Honor,Comédie
2008,Made of Honor,Romance
2008,College Road Trip,Aventure
2008,College Road Trip,Comédie
2008,College Road Trip,Drame
2008,The Sisterhood of the Traveling Pants 2,Comédie
2008,The Sisterhood of the Traveling Pants 2,Drame
2008,The Sisterhood of the Traveling Pants 2,Romance
2008,Speed Racer,Action
2008,Speed Racer,Aventure
2008,Speed Racer,Comédie
2008,Prom Night,Horreur
2008,Prom Night,Mystère
2008,Rambo,Action
2008,"Welcome Home, Roscoe Jenkins",Comédie
2008,"Welcome Home, Roscoe Jenkins",Romance
2008,Meet the Browns,Comédie
2008,Meet the Browns,Drame
2008,Meet the Browns,Romance
2008,Nights in Rodanthe,Drame
2008,Nights in Rodanthe,Romance
2008,Max Payne,Action
2008,Max Payne,Policier
2008,Max Payne,Drame
2008,Righteous Kill,Policier
2008,Righteous Kill,Mystère
2008,Righteous Kill,Thriller
2008,Body of Lies,Action
2008,Body of Lies,Drame
2008,Body of Lies,Thriller
2008,Lakeview Terrace,Policier
2008,Lakeview Terrace,Drame
2008,Lakeview Terrace,Thriller
2008,Meet the Spartans,Comédie
2008,Harold & Kumar Escape from Guantanamo Bay,Aventure
2008,Harold & Kumar Escape from Guantanamo Bay,Comédie
2008,First Sunday,Comédie
2008,First Sunday,Policier
2008,First Sunday,Drame
2008,The Secret Life of Bees,Drame
2008,The Family That Preys,Drame
2008,Death Race,Action
2008,Death Race,Science-fiction
2008,Death Race,Thriller
2008,Changeling,Biographie
2008,Changeling,Policier
2008,Changeling,Drame
2008,Star Wars: The Clone Wars,Animation
2008,Star Wars: The Clone Wars,Action
2008,Star Wars: The Clone Wars,Aventure
2008,The Reader,Drame
2008,The Reader,Romance
2008,Semi-Pro,Comédie
2008,Semi-Pro,Sport
2008,Fireproof,Drame
2008,Fireproof,Fantaisie
2008,Fireproof,Romance
2008,Doubt,Drame
2008,Doubt,Mystère
2008,Drillbit Taylor,Comédie
2008,Drillbit Taylor,Drame
2008,The Love Guru,Comédie
2008,The Love Guru,Romance
2008,The Love Guru,Sport
2008,"Definitely, Maybe",Comédie
2008,"Definitely, Maybe",Drame
2008,"Definitely, Maybe",Romance
2008,Milk,Biographie
2008,Milk,Drame
2008,Transporter 3,Action
2008,Transporter 3,Thriller
2008,Quarantine,Horreur
2008,Quarantine,Thriller
2008,Nick and Norah's Infinite Playlist,Comédie
2008,Nick and Norah's Infinite Playlist,Drame
2008,Nick and Norah's Infinite Playlist,Musique
2008,Zack and Miri Make a Porno,Comédie
2008,Zack and Miri Make a Porno,Romance
2008,The Eye,Drame
2008,The Eye,Horreur
2008,The Eye,Mystère
2008,Leatherheads,Comédie
2008,Leatherheads,Drame
2008,Leatherheads,Romance
2008,Mirrors,Horreur
2008,Mirrors,Mystère
2008,Space Chimps,Animation
2008,Space Chimps,Aventure
2008,Space Chimps,Comédie
2008,The Bank Job,Policier
2008,The Bank Job,Thriller
2008,Untraceable,Policier
2008,Untraceable,Mystère
2008,Untraceable,Thriller
2008,Defiance,Action
2008,Defiance,Drame
2008,Defiance,Histoire
2008,The Women,Comédie
2008,The Women,Drame
2009,Brüno,Comédie
2009,Bride Wars,Comédie
2009,Bride Wars,Romance
2009,The Haunting in Connecticut,Drame
2009,The Haunting in Connecticut,Horreur
2009,The Haunting in Connecticut,Mystère
2009,Ghosts of Girlfriends Past,Comédie
2009,Ghosts of Girlfriends Past,Fantaisie
2009,Ghosts of Girlfriends Past,Romance
2009,Funny People,Comédie
2009,Funny People,Drame
2009,I Can Do Bad All by Myself,Comédie
2009,I Can Do Bad All by Myself,Drame
2009,My Bloody Valentine,Horreur
2009,My Bloody Valentine,Mystère
2009,My Bloody Valentine,Thriller
2009,Old Dogs,Comédie
2009,Old Dogs,Famille
2009,Land of the Lost,Action
2009,Land of the Lost,Aventure
2009,Land of the Lost,Comédie
2009,My Sister's Keeper,Drame
2009,My Sister's Keeper,Famille
2009,Precious,Drame
2009,Underworld: Rise of the Lycans,Action
2009,Underworld: Rise of the Lycans,Fantaisie
2009,Underworld: Rise of the Lycans,Science-fiction
2009,Confessions of a Shopaholic,Comédie
2009,Confessions of a Shopaholic,Romance
2009,The Lovely Bones,Drame
2009,The Lovely Bones,Fantaisie
2009,The Lovely Bones,Thriller
2009,Year One,Comédie
2009,The Unborn,Drame
2009,The Unborn,Horreur
2009,The Unborn,Mystère
2009,Drag Me to Hell,Horreur
2009,Drag Me to Hell,Thriller
2009,Planet 51,Animation
2009,Planet 51,Aventure
2009,Planet 51,Comédie
2009,Orphan,Horreur
2009,Orphan,Mystère
2009,Orphan,Thriller
2009,Duplicity,Comédie
2009,Duplicity,Policier
2009,Duplicity,Romance
2009,Crazy Heart,Drame
2009,Crazy Heart,Musique
2009,Crazy Heart,Romance
2009,Surrogates,Action
2009,Surrogates,Science-fiction
2009,Surrogates,Thriller
2009,Ninja Assassin,Action
2009,Ninja Assassin,Thriller
2009,Invictus,Biographie
2009,Invictus,Drame
2009,Invictus,Histoire
2009,State of Play,Policier
2009,State of Play,Drame
2009,State of Play,Mystère
2009,Notorious,Biographie
2009,Notorious,Policier
2009,Notorious,Drame
2009,The Pink Panther 2,Action
2009,The Pink Panther 2,Aventure
2009,The Pink Panther 2,Comédie
2009,All About Steve,Comédie
2009,All About Steve,Romance
2009,Halloween II,Horreur
2009,The Informant!,Biographie
2009,The Informant!,Comédie
2009,The Informant!,Policier
2009,The Last House on the Left,Horreur
2009,The Last House on the Left,Thriller
2009,The Men Who Stare at Goats,Comédie
2009,The Men Who Stare at Goats,Guerre
2009,500 Days of Summer,Comédie
2009,500 Days of Summer,Drame
2009,500 Days of Summer,Romance
2009,Push,Action
2009,Push,Science-fiction
2009,Push,Thriller
2009,9,Animation
2009,9,Action
2009,9,Aventure
2009,The Soloist,Biographie
2009,The Soloist,Drame
2009,The Soloist,Musique
2009,Daybreakers,Action
2009,Daybreakers,Fantaisie
2009,Daybreakers,Horreur
2009,Did You Hear About the Morgans?,Comédie
2009,Did You Hear About the Morgans?,Drame
2009,Did You Hear About the Morgans?,Romance
2009,The Stepfather,Policier
2009,The Stepfather,Thriller
2009,The Uninvited,Drame
2009,The Uninvited,Horreur
2009,The Uninvited,Mystère
2009,Brothers,Action
2009,Brothers,Drame
2009,Brothers,Thriller
2009,Saw VI,Horreur
2009,Saw VI,Mystère
2009,Saw VI,Thriller
2009,Brooklyn's Finest,Policier
2009,Brooklyn's Finest,Drame
2009,Brooklyn's Finest,Thriller
2009,Dance Flick,Action
2009,Dance Flick,Comédie
2009,Dance Flick,Musique
2009,The Fourth Kind,Mystère
2009,The Fourth Kind,Science-fiction
2009,The Fourth Kind,Thriller
2009,The International,Action
2009,The International,Policier
2009,The International,Drame
2009,Aliens in the Attic,Aventure
2009,Aliens in the Attic,Comédie
2009,Aliens in the Attic,Famille
2009,Nine,Drame
2009,Nine,Comédie musicale
2009,Nine,Romance
2009,Observe and Report,Comédie
2009,Observe and Report,Policier
2009,Observe and Report,Drame
2009,Fighting,Action
2009,Fighting,Policier
2009,Fighting,Drame
2010,The Last Song,Drame
2010,The Last Song,Musique
2010,The Last Song,Romance
2010,The Wolfman,Drame
2010,The Wolfman,Fantaisie
2010,The Wolfman,Horreur
2010,Get Him to the Greek,Comédie
2010,Get Him to the Greek,Musique
2010,Resident Evil: Afterlife,Action
2010,Resident Evil: Afterlife,Aventure
2010,Resident Evil: Afterlife,Horreur
2010,Why Did I Get Married Too?,Comédie
2010,Why Did I Get Married Too?,Drame
2010,Why Did I Get Married Too?,Romance
2010,Tooth Fairy,Comédie
2010,Tooth Fairy,Famille
2010,Tooth Fairy,Fantaisie
2010,Secretariat,Biographie
2010,Secretariat,Drame
2010,Secretariat,Famille
2010,Easy A,Comédie
2010,Easy A,Drame
2010,Easy A,Romance
2010,Takers,Action
2010,Takers,Policier
2010,Takers,Thriller
2010,Legend of the Guardians: The Owls of Ga'Hoole,Animation
2010,Legend of the Guardians: The Owls of Ga'Hoole,Action
2010,Legend of the Guardians: The Owls of Ga'Hoole,Aventure
2010,Insidious,Horreur
2010,Insidious,Mystère
2010,Insidious,Thriller
2010,Life as We Know It,Comédie
2010,Life as We Know It,Drame
2010,Life as We Know It,Romance
2010,Letters to Juliet,Aventure
2010,Letters to Juliet,Comédie
2010,Letters to Juliet,Drame
2010,Wall Street: Money Never Sleeps,Drame
2010,Predators,Action
2010,Predators,Aventure
2010,Predators,Science-fiction
2010,Hot Tub Time Machine,Comédie
2010,Hot Tub Time Machine,Science-fiction
2010,Kick-Ass,Action
2010,Kick-Ass,Aventure
2010,Kick-Ass,Comédie
2010,Killers,Action
2010,Killers,Comédie
2010,Killers,Romance
2010,Saw: The Final Chapter,Aventure
2010,Saw: The Final Chapter,Horreur
2010,Saw: The Final Chapter,Mystère
2010,Cop Out,Action
2010,Cop Out,Comédie
2010,Cop Out,Policier
2010,Cats & Dogs: The Revenge of Kitty Galore,Action
2010,Cats & Dogs: The Revenge of Kitty Galore,Comédie
2010,Cats & Dogs: The Revenge of Kitty Galore,Famille
2010,Edge of Darkness,Policier
2010,Edge of Darkness,Drame
2010,Edge of Darkness,Mystère
2010,Gulliver's Travels,Aventure
2010,Gulliver's Travels,Comédie
2010,Gulliver's Travels,Famille
2010,Death at a Funeral,Comédie
2010,Step Up 3D,Drame
2010,Step Up 3D,Musique
2010,Step Up 3D,Romance
2010,The Last Exorcism,Horreur
2010,The Last Exorcism,Mystère
2010,The Last Exorcism,Thriller
2010,Legion,Action
2010,Legion,Aventure
2010,Legion,Fantaisie
2010,Burlesque,Drame
2010,Burlesque,Musique
2010,Burlesque,Comédie musicale
2010,The Crazies,Horreur
2010,The Crazies,Thriller
2010,For Colored Girls,Drame
2010,The Back-up Plan,Comédie
2010,The Back-up Plan,Romance
2010,Vampires Suck,Comédie
2010,The American,Policier
2010,The American,Drame
2010,The American,Thriller
2010,Green Zone,Action
2010,Green Zone,Drame
2010,Green Zone,Thriller
2010,Marmaduke,Comédie
2010,Marmaduke,Famille
2010,Devil,Horreur
2010,Devil,Mystère
2010,Devil,Thriller
2010,Hereafter,Drame
2010,Hereafter,Fantaisie
2010,Hereafter,Romance
2010,When in Rome,Comédie
2010,When in Rome,Romance
2010,Love & Other Drugs,Comédie
2010,Love & Other Drugs,Drame
2010,Love & Other Drugs,Romance
2010,She's Out of My League,Comédie
2010,She's Out of My League,Romance
2010,Scott Pilgrim vs. the World,Action
2010,Scott Pilgrim vs. the World,Comédie
2010,Scott Pilgrim vs. the World,Fantaisie
2010,The Debt,Drame
2010,The Debt,Thriller
2010,Charlie St. Cloud,Drame
2010,Charlie St. Cloud,Fantaisie
2010,Charlie St. Cloud,Romance
2010,Morning Glory,Comédie
2010,Morning Glory,Drame
2010,Morning Glory,Romance
2010,How Do You Know,Comédie
2010,How Do You Know,Drame
2010,How Do You Know,Romance
2010,Nanny McPhee Returns,Comédie
2010,Nanny McPhee Returns,Famille
2010,Nanny McPhee Returns,Fantaisie
2010,The Switch,Comédie
2010,The Switch,Drame
2010,The Switch,Romance
2010,Machete,Action
2010,Machete,Policier
2010,Machete,Thriller
2010,Ramona and Beezus,Comédie
2010,Ramona and Beezus,Drame
2010,Ramona and Beezus,Famille
2010,Leap Year,Comédie
2010,Leap Year,Romance
2011,Mr. Popper's Penguins,Comédie
2011,Mr. Popper's Penguins,Famille
2011,Mr. Popper's Penguins,Fantaisie
2011,Happy Feet Two,Animation
2011,Happy Feet Two,Aventure
2011,Happy Feet Two,Comédie
2011,Unknown,Action
2011,Unknown,Mystère
2011,Unknown,Thriller
2011,The Adjustment Bureau,Romance
2011,The Adjustment Bureau,Science-fiction
2011,The Adjustment Bureau,Thriller
2011,Water for Elephants,Drame
2011,Water for Elephants,Romance
2011,The Lincoln Lawyer,Policier
2011,The Lincoln Lawyer,Drame
2011,The Lincoln Lawyer,Thriller
2011,Midnight in Paris,Comédie
2011,Midnight in Paris,Fantaisie
2011,Midnight in Paris,Romance
2011,Friends with Benefits,Comédie
2011,Friends with Benefits,Romance
2011,I Am Number Four,Action
2011,I Am Number Four,Aventure
2011,I Am Number Four,Science-fiction
2011,Source Code,Action
2011,Source Code,Drame
2011,Source Code,Mystère
2011,New Year's Eve,Comédie
2011,New Year's Eve,Romance
2011,Madea's Big Happy Family,Comédie
2011,Madea's Big Happy Family,Drame
2011,Diary of a Wimpy Kid: Rodrick Rules,Comédie
2011,Diary of a Wimpy Kid: Rodrick Rules,Famille
2011,Footloose,Comédie
2011,Footloose,Drame
2011,Footloose,Musique
2011,Ghost Rider: Spirit of Vengeance,Action
2011,Ghost Rider: Spirit of Vengeance,Fantaisie
2011,Ghost Rider: Spirit of Vengeance,Thriller
2011,The Grey,Action
2011,The Grey,Aventure
2011,The Grey,Drame
2011,The Dilemma,Comédie
2011,The Dilemma,Drame
2011,Arthur Christmas,Animation
2011,Arthur Christmas,Aventure
2011,Arthur Christmas,Comédie
2011,The Best Exotic Marigold Hotel,Comédie
2011,The Best Exotic Marigold Hotel,Drame
2011,The Best Exotic Marigold Hotel,Romance
2011,Hall Pass,Comédie
2011,Hall Pass,Romance
2011,The Artist,Comédie
2011,The Artist,Drame
2011,The Artist,Romance
2011,Soul Surfer,Biographie
2011,Soul Surfer,Drame
2011,Soul Surfer,Famille
2011,Final Destination 5,Horreur
2011,Final Destination 5,Thriller
2011,The Cabin in the Woods,Horreur
2011,The Ides of March,Drame
2011,The Ides of March,Thriller
2011,Hanna,Action
2011,Hanna,Drame
2011,Hanna,Thriller
2011,Something Borrowed,Comédie
2011,Something Borrowed,Drame
2011,Something Borrowed,Romance
2011,Spy Kids 4: All the Time in the World,Action
2011,Spy Kids 4: All the Time in the World,Aventure
2011,Spy Kids 4: All the Time in the World,Comédie
2011,Scream 4,Horreur
2011,Scream 4,Mystère
2011,"Big Mommas: Like Father, Like Son",Action
2011,"Big Mommas: Like Father, Like Son",Comédie
2011,"Big Mommas: Like Father, Like Son",Policier
2011,Red Riding Hood,Fantaisie
2011,Red Riding Hood,Horreur
2011,Red Riding Hood,Mystère
2011,In Time,Action
2011,In Time,Science-fiction
2011,In Time,Thriller
2011,Paul,Aventure
2011,Paul,Comédie
2011,Paul,Science-fiction
2011,J. Edgar,Biographie
2011,J. Edgar,Drame
2011,J. Edgar,Romance
2011,The Roommate,Drame
2011,The Roommate,Thriller
2011,Jumping the Broom,Comédie
2011,Jumping the Broom,Drame
2011,The Change-Up,Comédie
2011,The Change-Up,Fantaisie
2011,30 Minutes or Less,Action
2011,30 Minutes or Less,Comédie
2011,30 Minutes or Less,Policier
2011,Colombiana,Action
2011,Colombiana,Drame
2011,Colombiana,Thriller
2011,Sucker Punch,Action
2011,Sucker Punch,Aventure
2011,Sucker Punch,Fantaisie
2011,Larry Crowne,Comédie
2011,Larry Crowne,Drame
2011,Larry Crowne,Romance
2011,Drive,Policier
2011,Drive,Drame
2011,A Very Harold & Kumar 3D Christmas,Aventure
2011,A Very Harold & Kumar 3D Christmas,Comédie
2011,50/50,Comédie
2011,50/50,Drame
2011,50/50,Romance
2011,Courageous,Drame
2011,Courageous,Fantaisie
2011,The Rite,Drame
2011,The Rite,Horreur
2011,The Rite,Mystère
2011,Arthur,Comédie
2011,Arthur,Romance
2011,Extremely Loud & Incredibly Close,Aventure
2011,Extremely Loud & Incredibly Close,Drame
2011,Extremely Loud & Incredibly Close,Mystère
2011,The Sitter,Comédie
2011,Priest,Action
2011,Priest,Horreur
2011,Priest,Thriller
2012,Hope Springs,Comédie
2012,Hope Springs,Drame
2012,Hope Springs,Romance
2012,Underworld Awakening,Action
2012,Underworld Awakening,Drame
2012,Underworld Awakening,Fantaisie
2012,The Lucky One,Drame
2012,The Lucky One,Mystère
2012,The Lucky One,Romance
2012,The Dictator,Comédie
2012,Total Recall,Action
2012,Total Recall,Aventure
2012,Total Recall,Science-fiction
2012,American Reunion,Comédie
2012,ParaNorman,Animation
2012,ParaNorman,Aventure
2012,ParaNorman,Comédie
2012,This Means War,Action
2012,This Means War,Comédie
2012,This Means War,Romance
2012,Project X,Comédie
2012,Paranormal Activity 4,Horreur
2012,Paranormal Activity 4,Mystère
2012,Paranormal Activity 4,Thriller
2012,The Devil Inside,Horreur
2012,The Odd Life of Timothy Green,Comédie
2012,The Odd Life of Timothy Green,Drame
2012,The Odd Life of Timothy Green,Famille
2012,Red Tails,Action
2012,Red Tails,Drame
2012,Red Tails,Histoire
2012,The Possession,Horreur
2012,The Possession,Mystère
2012,The Possession,Thriller
2012,Diary of a Wimpy Kid: Dog Days,Comédie
2012,Diary of a Wimpy Kid: Dog Days,Famille
2012,Sinister,Horreur
2012,Sinister,Mystère
2012,Sinister,Thriller
2012,Savages,Policier
2012,Savages,Drame
2012,Savages,Thriller
2012,Moonrise Kingdom,Comédie
2012,Moonrise Kingdom,Drame
2012,Moonrise Kingdom,Romance
2012,Here Comes the Boom,Action
2012,Here Comes the Boom,Comédie
2012,Here Comes the Boom,Sport
2012,Red Dawn,Action
2012,Red Dawn,Aventure
2012,Red Dawn,Policier
2012,The Three Stooges,Comédie
2012,The Three Stooges,Famille
2012,Resident Evil: Retribution,Action
2012,Resident Evil: Retribution,Horreur
2012,Resident Evil: Retribution,Science-fiction
2012,What to Expect When You're Expecting,Comédie
2012,What to Expect When You're Expecting,Drame
2012,What to Expect When You're Expecting,Romance
2012,End of Watch,Action
2012,End of Watch,Policier
2012,End of Watch,Drame
2012,Rock of Ages,Comédie
2012,Rock of Ages,Drame
2012,Rock of Ages,Comédie musicale
2012,Abraham Lincoln: Vampire Hunter,Action
2012,Abraham Lincoln: Vampire Hunter,Fantaisie
2012,Abraham Lincoln: Vampire Hunter,Horreur
2012,Lawless,Policier
2012,Lawless,Drame
2012,The Guilt Trip,Comédie
2012,The Guilt Trip,Drame
2012,That's My Boy,Comédie
2012,Trouble with the Curve,Drame
2012,Trouble with the Curve,Sport
2012,The Watch,Comédie
2012,The Watch,Science-fiction
2012,Frankenweenie,Animation
2012,Frankenweenie,Comédie
2012,Frankenweenie,Famille
2012,Step Up Revolution,Drame
2012,Step Up Revolution,Musique
2012,Step Up Revolution,Romance
2012,Good Deeds,Comédie
2012,Good Deeds,Drame
2012,Good Deeds,Romance
2012,House at the End of the Street,Drame
2012,House at the End of the Street,Horreur
2012,House at the End of the Street,Thriller
2012,The Pirates! Band of Misfits,Animation
2012,The Pirates! Band of Misfits,Aventure
2012,The Pirates! Band of Misfits,Comédie
2012,Joyful Noise,Comédie
2012,Joyful Noise,Drame
2012,Joyful Noise,Musique
2012,The Five-Year Engagement,Comédie
2012,The Five-Year Engagement,Romance
2012,Cloud Atlas,Action
2012,Cloud Atlas,Drame
2012,Cloud Atlas,Mystère
2012,One for the Money,Action
2012,One for the Money,Comédie
2012,One for the Money,Policier
2012,Alex Cross,Action
2012,Alex Cross,Policier
2012,Alex Cross,Mystère
2012,Sparkle,Drame
2012,Sparkle,Musique
2012,Mud,Drame
2012,The Place Beyond the Pines,Policier
2012,The Place Beyond the Pines,Drame
2012,The Place Beyond the Pines,Thriller
2012,Premium Rush,Action
2012,Premium Rush,Thriller
2012,Big Miracle,Biographie
2012,Big Miracle,Drame
2012,Big Miracle,Famille
2012,The Impossible,Drame
2012,The Impossible,Histoire
2012,The Impossible,Thriller
2012,Man on a Ledge,Action
2012,Man on a Ledge,Aventure
2012,Man on a Ledge,Policier
2012,A Thousand Words,Comédie
2012,A Thousand Words,Drame
2012,Chernobyl Diaries,Horreur
2012,Chernobyl Diaries,Mystère
2012,Chernobyl Diaries,Thriller
2013,A Good Day to Die Hard,Action
2013,A Good Day to Die Hard,Thriller
2013,Warm Bodies,Comédie
2013,Warm Bodies,Horreur
2013,Warm Bodies,Romance
2013,The Purge,Horreur
2013,The Purge,Thriller
2013,Last Vegas,Comédie
2013,Last Vegas,Drame
2013,Ender's Game,Action
2013,Ender's Game,Aventure
2013,Ender's Game,Fantaisie
2013,Prisoners,Policier
2013,Prisoners,Drame
2013,Prisoners,Mystère
2013,After Earth,Action
2013,After Earth,Aventure
2013,After Earth,Science-fiction
2013,The Secret Life of Walter Mitty,Comédie
2013,The Secret Life of Walter Mitty,Drame
2013,The Secret Life of Walter Mitty,Fantaisie
2013,Escape from Planet Earth,Animation
2013,Escape from Planet Earth,Aventure
2013,Escape from Planet Earth,Comédie
2013,12 Years a Slave,Biographie
2013,12 Years a Slave,Drame
2013,12 Years a Slave,Histoire
2013,Free Birds,Animation
2013,Free Birds,Aventure
2013,Free Birds,Comédie
2013,Hansel & Gretel: Witch Hunters,Action
2013,Hansel & Gretel: Witch Hunters,Fantaisie
2013,Hansel & Gretel: Witch Hunters,Horreur
2013,Evil Dead,Fantaisie
2013,Evil Dead,Horreur
2013,Evil Dead,Thriller
2013,RED 2,Action
2013,RED 2,Comédie
2013,RED 2,Policier
2013,A Madea Christmas,Comédie
2013,A Madea Christmas,Drame
2013,A Madea Christmas,Romance
2013,Temptation: Confessions of a Marriage Counselor,Drame
2013,Temptation: Confessions of a Marriage Counselor,Thriller
2013,The Call,Policier
2013,The Call,Drame
2013,The Call,Horreur
2013,Pain & Gain,Action
2013,Pain & Gain,Comédie
2013,Pain & Gain,Policier
2013,Gangster Squad,Action
2013,Gangster Squad,Policier
2013,Gangster Squad,Drame
2013,The Internship,Comédie
2013,Snitch,Action
2013,Snitch,Drame
2013,Snitch,Thriller
2013,Riddick,Action
2013,Riddick,Aventure
2013,Riddick,Science-fiction
2013,A Haunted House,Comédie
2013,A Haunted House,Fantaisie
2013,47 Ronin,Action
2013,47 Ronin,Drame
2013,47 Ronin,Fantaisie
2013,August: Osage County,Comédie
2013,August: Osage County,Drame
2013,Philomena,Biographie
2013,Philomena,Comédie
2013,Philomena,Drame
2013,The Family,Comédie
2013,The Family,Policier
2013,The Family,Thriller
2013,Walking with Dinosaurs 3D,Animation
2013,Walking with Dinosaurs 3D,Aventure
2013,Walking with Dinosaurs 3D,Famille
2013,Carrie,Drame
2013,Carrie,Horreur
2013,Texas Chainsaw 3D,Horreur
2013,Texas Chainsaw 3D,Thriller
2013,R.I.P.D.,Action
2013,R.I.P.D.,Comédie
2013,R.I.P.D.,Policier
2013,Blue Jasmine,Drame
2013,Side Effects,Policier
2013,Side Effects,Drame
2013,Side Effects,Mystère
2013,Scary Movie 5,Comédie
2013,The Mortal Instruments: City of Bones,Action
2013,The Mortal Instruments: City of Bones,Fantaisie
2013,The Mortal Instruments: City of Bones,Horreur
2013,Delivery Man,Comédie
2013,Delivery Man,Drame
2013,Grudge Match,Comédie
2013,Grudge Match,Drame
2013,Grudge Match,Sport
2013,Kick-Ass 2,Action
2013,Kick-Ass 2,Aventure
2013,Kick-Ass 2,Comédie
2013,Oculus,Horreur
2013,Oculus,Mystère
2013,Dallas Buyers Club,Biographie
2013,Dallas Buyers Club,Drame
2013,Rush,Biographie
2013,Rush,Drame
2013,Rush,Sport
2013,The Host,Action
2013,The Host,Aventure
2013,The Host,Drame
2013,The World's End,Action
2013,The World's End,Comédie
2013,The World's End,Science-fiction
2013,21 & Over,Comédie
2013,Her,Drame
2013,Her,Romance
2013,Her,Science-fiction
2013,Escape Plan,Action
2013,Escape Plan,Thriller
2013,Don Jon,Comédie
2013,Don Jon,Drame
2013,Don Jon,Romance
2013,The Incredible Burt Wonderstone,Comédie
2013,The Big Wedding,Comédie
2013,The Big Wedding,Drame
2013,The Big Wedding,Romance
2013,Baggage Claim,Comédie
2013,Baggage Claim,Romance
2014,"Alexander and the Terrible, Horrible, No Good, Very Bad Day",Comédie
2014,"Alexander and the Terrible, Horrible, No Good, Very Bad Day",Famille
2014,Think Like a Man Too,Comédie
2014,Think Like a Man Too,Romance
2014,Exodus: Gods and Kings,Action
2014,Exodus: Gods and Kings,Drame
2014,Exodus: Gods and Kings,Fantaisie
2014,The Nut Job,Animation
2014,The Nut Job,Aventure
2014,The Nut Job,Comédie
2014,God's Not Dead,Drame
2014,Son of God,Biographie
2014,Son of God,Drame
2014,Son of God,Histoire
2014,Planes: Fire & Rescue,Animation
2014,Planes: Fire & Rescue,Aventure
2014,Planes: Fire & Rescue,Comédie
2014,The Grand Budapest Hotel,Aventure
2014,The Grand Budapest Hotel,Comédie
2014,The Grand Budapest Hotel,Policier
2014,RoboCop,Action
2014,RoboCop,Policier
2014,RoboCop,Science-fiction
2014,Dracula Untold,Action
2014,Dracula Untold,Drame
2014,Dracula Untold,Fantaisie
2014,Horrible Bosses 2,Comédie
2014,Horrible Bosses 2,Policier
2014,The Hundred-Foot Journey,Comédie
2014,The Hundred-Foot Journey,Drame
2014,No Good Deed,Action
2014,No Good Deed,Policier
2014,No Good Deed,Drame
2014,Selma,Biographie
2014,Selma,Drame
2014,Selma,Histoire
2014,Muppets Most Wanted,Aventure
2014,Muppets Most Wanted,Comédie
2014,Muppets Most Wanted,Policier
2014,Ouija,Horreur
2014,Ouija,Mystère
2014,Ouija,Thriller
2014,The Boxtrolls,Animation
2014,The Boxtrolls,Aventure
2014,The Boxtrolls,Comédie
2014,Jack Ryan: Shadow Recruit,Action
2014,Jack Ryan: Shadow Recruit,Drame
2014,Jack Ryan: Shadow Recruit,Thriller
2014,If I Stay,Drame
2014,If I Stay,Fantaisie
2014,If I Stay,Musique
2014,The Book of Life,Animation
2014,The Book of Life,Aventure
2014,The Book of Life,Comédie
2014,About Last Night,Comédie
2014,About Last Night,Romance
2014,Into the Storm,Action
2014,Into the Storm,Aventure
2014,Into the Storm,Drame
2014,The Judge,Policier
2014,The Judge,Drame
2014,Jersey Boys,Biographie
2014,Jersey Boys,Drame
2014,Jersey Boys,Musique
2014,Blended,Comédie
2014,Blended,Romance
2014,The Giver,Drame
2014,The Giver,Romance
2014,The Giver,Science-fiction
2014,St. Vincent,Comédie
2014,St. Vincent,Drame
2014,Need for Speed,Action
2014,Need for Speed,Policier
2014,Need for Speed,Thriller
2014,A Million Ways to Die in the West,Comédie
2014,A Million Ways to Die in the West,Western
2014,John Wick,Action
2014,John Wick,Policier
2014,John Wick,Thriller
2014,Birdman or (The Unexpected Virtue of Ignorance),Comédie
2014,Birdman or (The Unexpected Virtue of Ignorance),Drame
2014,Dolphin Tale 2,Drame
2014,Dolphin Tale 2,Famille
2014,The Expendables 3,Action
2014,The Expendables 3,Aventure
2014,The Expendables 3,Thriller
2014,Earth to Echo,Aventure
2014,Earth to Echo,Famille
2014,Earth to Echo,Science-fiction
2014,Sex Tape,Comédie
2014,Sex Tape,Romance
2014,Wild,Biographie
2014,Wild,Drame
2014,Million Dollar Arm,Biographie
2014,Million Dollar Arm,Drame
2014,Million Dollar Arm,Sport
2014,The Theory of Everything,Biographie
2014,The Theory of Everything,Drame
2014,The Theory of Everything,Romance
2014,This Is Where I Leave You,Comédie
2014,This Is Where I Leave You,Drame
2014,The Gambler,Policier
2014,The Gambler,Drame
2014,The Gambler,Thriller
2014,Unfriended,Horreur
2014,Unfriended,Mystère
2014,Unfriended,Thriller
2014,Paranormal Activity: The Marked Ones,Horreur
2014,Paranormal Activity: The Marked Ones,Mystère
2014,Paranormal Activity: The Marked Ones,Thriller
2014,Nightcrawler,Policier
2014,Nightcrawler,Drame
2014,Nightcrawler,Thriller
2014,3 Days to Kill,Action
2014,3 Days to Kill,Drame
2014,3 Days to Kill,Thriller
2014,Chef,Aventure
2014,Chef,Comédie
2014,Chef,Drame
2014,Deliver Us from Evil,Horreur
2014,Deliver Us from Evil,Mystère
2014,Deliver Us from Evil,Thriller
2014,Get on Up,Biographie
2014,Get on Up,Drame
2014,Get on Up,Musique
2014,When the Game Stands Tall,Drame
2014,When the Game Stands Tall,Sport
2014,Draft Day,Drame
2014,Draft Day,Sport
2014,The Best of Me,Drame
2014,The Best of Me,Romance
2015,The Hateful Eight,Policier
2015,The Hateful Eight,Drame
2015,The Hateful Eight,Mystère
2015,Focus,Comédie
2015,Focus,Policier
2015,Focus,Drame
2015,Southpaw,Drame
2015,Southpaw,Sport
2015,Insidious: Chapter 3,Horreur
2015,Insidious: Chapter 3,Mystère
2015,Insidious: Chapter 3,Thriller
2015,Poltergeist,Horreur
2015,Poltergeist,Thriller
2015,Jupiter Ascending,Action
2015,Jupiter Ascending,Aventure
2015,Jupiter Ascending,Science-fiction
2015,Sicario,Action
2015,Sicario,Policier
2015,Sicario,Drame
2015,The Man from U.N.C.L.E.,Action
2015,The Man from U.N.C.L.E.,Aventure
2015,The Man from U.N.C.L.E.,Comédie
2015,Spotlight,Biographie
2015,Spotlight,Policier
2015,Spotlight,Drame
2015,"McFarland, USA",Biographie
2015,"McFarland, USA",Drame
2015,"McFarland, USA",Sport
2015,The Gift,Drame
2015,The Gift,Mystère
2015,The Gift,Thriller
2015,Everest,Action
2015,Everest,Aventure
2015,Everest,Biographie
2015,The Night Before,Comédie
2015,The Night Before,Fantaisie
2015,Max,Aventure
2015,Max,Drame
2015,Max,Famille
2015,Krampus,Comédie
2015,Krampus,Drame
2015,Krampus,Fantaisie
2015,The Age of Adaline,Drame
2015,The Age of Adaline,Fantaisie
2015,The Age of Adaline,Romance
2015,The Longest Ride,Drame
2015,The Longest Ride,Romance
2015,The Boy Next Door,Horreur
2015,The Boy Next Door,Thriller
2015,Pan,Aventure
2015,Pan,Comédie
2015,Pan,Famille
2015,Concussion,Biographie
2015,Concussion,Drame
2015,Concussion,Sport
2015,Hot Pursuit,Action
2015,Hot Pursuit,Comédie
2015,Hot Pursuit,Policier
2015,The Duff,Comédie
2015,The Duff,Romance
2015,The Second Best Exotic Marigold Hotel,Comédie
2015,The Second Best Exotic Marigold Hotel,Drame
2015,Entourage,Comédie
2015,Paper Towns,Comédie
2015,Paper Towns,Drame
2015,Paper Towns,Mystère
2015,Chappie,Action
2015,Chappie,Policier
2015,Chappie,Drame
2015,Crimson Peak,Drame
2015,Crimson Peak,Fantaisie
2015,Crimson Peak,Horreur
2015,A Walk in the Woods,Aventure
2015,A Walk in the Woods,Biographie
2015,A Walk in the Woods,Comédie
2015,Point Break,Action
2015,Point Break,Policier
2015,Point Break,Sport
2015,Sinister 2,Horreur
2015,Sinister 2,Mystère
2015,Sinister 2,Thriller
2015,The Last Witch Hunter,Action
2015,The Last Witch Hunter,Aventure
2015,The Last Witch Hunter,Fantaisie
2015,No Escape,Action
2015,No Escape,Thriller
2015,Ricki and the Flash,Comédie
2015,Ricki and the Flash,Drame
2015,Ricki and the Flash,Musique
2015,Run All Night,Action
2015,Run All Night,Policier
2015,Run All Night,Drame
2015,Love the Coopers,Comédie
2015,Love the Coopers,Fantaisie
2015,Love the Coopers,Romance
2015,The Lazarus Effect,Horreur
2015,The Lazarus Effect,Mystère
2015,The Lazarus Effect,Science-fiction
2015,The VVitch: A New-England Folktale,Drame
2015,The VVitch: A New-England Folktale,Horreur
2015,The VVitch: A New-England Folktale,Mystère
2015,In the Heart of the Sea,Action
2015,In the Heart of the Sea,Aventure
2015,In the Heart of the Sea,Biographie
2015,The Gallows,Horreur
2015,The Gallows,Mystère
2015,The Gallows,Science-fiction
2015,Hitman: Agent 47,Action
2015,Hitman: Agent 47,Policier
2015,Hitman: Agent 47,Thriller
2015,Project Almanac,Drame
2015,Project Almanac,Mystère
2015,Project Almanac,Science-fiction
2015,Aloha,Comédie
2015,Aloha,Drame
2015,Aloha,Romance
2015,Secret in Their Eyes,Policier
2015,Secret in Their Eyes,Drame
2015,Secret in Their Eyes,Mystère
2015,Shaun the Sheep Movie,Animation
2015,Shaun the Sheep Movie,Aventure
2015,Shaun the Sheep Movie,Comédie
2015,Paranormal Activity: The Ghost Dimension,Horreur
2015,Paranormal Activity: The Ghost Dimension,Mystère
2015,Paranormal Activity: The Ghost Dimension,Thriller
2015,Steve Jobs,Biographie
2015,Steve Jobs,Drame
2015,Mr. Holmes,Drame
2015,Mr. Holmes,Mystère
2015,Dope,Comédie
2015,Dope,Policier
2015,Dope,Drame
2015,Eddie the Eagle,Biographie
2015,Eddie the Eagle,Comédie
2015,Eddie the Eagle,Drame
2015,Room,Drame
2015,Room,Thriller
2016,The Boss,Comédie
2016,London Has Fallen,Action
2016,London Has Fallen,Thriller
2016,Miracles from Heaven,Biographie
2016,Miracles from Heaven,Drame
2016,Miracles from Heaven,Famille
2016,Deepwater Horizon,Action
2016,Deepwater Horizon,Drame
2016,Deepwater Horizon,Histoire
2016,Why Him?,Comédie
2016,My Big Fat Greek Wedding 2,Comédie
2016,My Big Fat Greek Wedding 2,Romance
2016,Jack Reacher: Never Go Back,Action
2016,Jack Reacher: Never Go Back,Thriller
2016,Fences,Drame
2016,Me Before You,Drame
2016,Me Before You,Romance
2016,The BFG,Aventure
2016,The BFG,Famille
2016,The BFG,Fantaisie
2016,Neighbors 2: Sorority Rising,Comédie
2016,The Shallows,Drame
2016,The Shallows,Horreur
2016,The Shallows,Thriller
2016,Office Christmas Party,Comédie
2016,Assassin's Creed,Action
2016,Assassin's Creed,Aventure
2016,Assassin's Creed,Science-fiction
2016,Barbershop: The Next Cut,Comédie
2016,Barbershop: The Next Cut,Drame
2016,13 Hours,Action
2016,13 Hours,Drame
2016,13 Hours,Histoire
2016,Lion,Biographie
2016,Lion,Drame
2016,The Huntsman: Winter's War,Action
2016,The Huntsman: Winter's War,Aventure
2016,The Huntsman: Winter's War,Drame
2016,Kubo and the Two Strings,Animation
2016,Kubo and the Two Strings,Action
2016,Kubo and the Two Strings,Aventure
2016,Manchester by the Sea,Drame
2016,Warcraft,Action
2016,Warcraft,Aventure
2016,Warcraft,Fantaisie
2016,How to Be Single,Comédie
2016,How to Be Single,Drame
2016,How to Be Single,Romance
2016,Mike and Dave Need Wedding Dates,Comédie
2016,Mike and Dave Need Wedding Dates,Romance
2016,The Great Wall,Action
2016,The Great Wall,Aventure
2016,The Great Wall,Fantaisie
2016,War Dogs,Biographie
2016,War Dogs,Comédie
2016,War Dogs,Policier
2016,Almost Christmas,Comédie
2016,Almost Christmas,Drame
2016,Money Monster,Policier
2016,Money Monster,Drame
2016,Money Monster,Thriller
2016,Allied,Action
2016,Allied,Drame
2016,Allied,Romance
2016,Nerve,Aventure
2016,Nerve,Policier
2016,Nerve,Drame
2016,Risen,Action
2016,Risen,Drame
2016,Risen,Histoire
2016,The Nice Guys,Action
2016,The Nice Guys,Comédie
2016,The Nice Guys,Policier
2016,The Boy,Horreur
2016,The Boy,Mystère
2016,The Boy,Thriller
2016,Dirty Grandpa,Comédie
2016,The 5th Wave,Action
2016,The 5th Wave,Aventure
2016,The 5th Wave,Drame
2016,Ouija: Origin of Evil,Drame
2016,Ouija: Origin of Evil,Horreur
2016,Ouija: Origin of Evil,Mystère
2016,Inferno,Action
2016,Inferno,Policier
2016,Inferno,Drame
2016,Mother's Day,Comédie
2016,Mother's Day,Drame
2016,Mother's Day,Romance
2016,Patriots Day,Action
2016,Patriots Day,Policier
2016,Patriots Day,Drame
2016,Gods of Egypt,Action
2016,Gods of Egypt,Aventure
2016,Gods of Egypt,Fantaisie
2016,Collateral Beauty,Drame
2016,Collateral Beauty,Romance
2016,Underworld: Blood Wars,Action
2016,Underworld: Blood Wars,Drame
2016,Underworld: Blood Wars,Fantaisie
2016,"Hail, Caesar!",Comédie
2016,"Hail, Caesar!",Drame
2016,"Hail, Caesar!",Musique
2016,When the Bough Breaks,Policier
2016,When the Bough Breaks,Drame
2016,When the Bough Breaks,Horreur
2016,Zoolander 2,Action
2016,Zoolander 2,Comédie
2016,Moonlight,Drame
2016,The Finest Hours,Action
2016,The Finest Hours,Drame
2016,The Finest Hours,Histoire
2016,Hell or High Water,Action
2016,Hell or High Water,Policier
2016,Hell or High Water,Drame
2016,Resident Evil: The Final Chapter,Action
2016,Resident Evil: The Final Chapter,Horreur
2016,Resident Evil: The Final Chapter,Science-fiction
2016,The Forest,Horreur
2016,The Forest,Mystère
2016,The Forest,Thriller
2016,Ben-Hur,Action
2016,Ben-Hur,Aventure
2016,Ben-Hur,Drame
2017,Happy Death Day,Horreur
2017,Happy Death Day,Mystère
2017,Happy Death Day,Thriller
2017,"Three Billboards Outside Ebbing, Missouri",Comédie
2017,"Three Billboards Outside Ebbing, Missouri",Policier
2017,"Three Billboards Outside Ebbing, Missouri",Drame
2017,Atomic Blonde,Action
2017,Atomic Blonde,Thriller
2017,American Made,Action
2017,American Made,Biographie
2017,American Made,Comédie
2017,The Dark Tower,Action
2017,The Dark Tower,Aventure
2017,The Dark Tower,Fantaisie
2017,Lady Bird,Comédie
2017,Lady Bird,Drame
2017,Boo 2! A Madea Halloween,Comédie
2017,Boo 2! A Madea Halloween,Drame
2017,Boo 2! A Madea Halloween,Horreur
2017,Snatched,Action
2017,Snatched,Aventure
2017,Snatched,Comédie
2017,Smurfs: The Lost Village,Animation
2017,Smurfs: The Lost Village,Aventure
2017,Smurfs: The Lost Village,Comédie
2017,Going in Style,Comédie
2017,Going in Style,Policier
2017,All Eyez on Me,Biographie
2017,All Eyez on Me,Drame
2017,All Eyez on Me,Musique
2017,xXx: Return of Xander Cage,Action
2017,xXx: Return of Xander Cage,Aventure
2017,xXx: Return of Xander Cage,Thriller
2017,47 Meters Down,Aventure
2017,47 Meters Down,Drame
2017,47 Meters Down,Horreur
2017,The Big Sick,Comédie
2017,The Big Sick,Drame
2017,The Big Sick,Romance
2017,Valerian and the City of a Thousand Planets,Action
2017,Valerian and the City of a Thousand Planets,Aventure
2017,Valerian and the City of a Thousand Planets,Fantaisie
2017,The Star,Animation
2017,The Star,Aventure
2017,The Star,Comédie
2017,Ghost in the Shell,Action
2017,Ghost in the Shell,Drame
2017,Ghost in the Shell,Science-fiction
2017,Paddington 2,Aventure
2017,Paddington 2,Comédie
2017,Paddington 2,Famille
2017,King Arthur: Legend of the Sword,Action
2017,King Arthur: Legend of the Sword,Aventure
2017,King Arthur: Legend of the Sword,Drame
2017,Jigsaw,Horreur
2017,Jigsaw,Mystère
2017,Jigsaw,Thriller
2017,American Assassin,Action
2017,American Assassin,Thriller
2017,The Foreigner,Action
2017,The Foreigner,Thriller
2017,"Everything, Everything",Drame
2017,"Everything, Everything",Romance
2017,Wind River,Policier
2017,Wind River,Drame
2017,Wind River,Mystère
2017,Geostorm,Action
2017,Geostorm,Science-fiction
2017,Geostorm,Thriller
2017,Fist Fight,Comédie
2017,How to Be a Latin Lover,Comédie
2017,How to Be a Latin Lover,Drame
2017,Kidnap,Policier
2017,Kidnap,Drame
2017,Kidnap,Thriller
2017,The Mountain Between Us,Action
2017,The Mountain Between Us,Aventure
2017,The Mountain Between Us,Drame
2017,Life,Horreur
2017,Life,Science-fiction
2017,Life,Thriller
2017,"I, Tonya",Biographie
2017,"I, Tonya",Comédie
2017,"I, Tonya",Drame
2017,Hostiles,Drame
2017,Hostiles,Western
2017,Molly's Game,Biographie
2017,Molly's Game,Policier
2017,Molly's Game,Drame
2017,Logan Lucky,Comédie
2017,Logan Lucky,Policier
2017,Logan Lucky,Drame
2017,Rings,Drame
2017,Rings,Horreur
2017,Rings,Mystère
2017,Home Again,Comédie
2017,Home Again,Drame
2017,Home Again,Romance
2017,The House,Comédie
2017,The House,Policier
2017,All the Money in the World,Biographie
2017,All the Money in the World,Policier
2017,All the Money in the World,Drame
2017,Gifted,Drame
2017,Downsizing,Drame
2017,Downsizing,Science-fiction
2017,The Bye Bye Man,Drame
2017,The Bye Bye Man,Fantaisie
2017,The Bye Bye Man,Horreur
2017,Victoria & Abdul,Biographie
2017,Victoria & Abdul,Drame
2017,Victoria & Abdul,Histoire
2017,Rough Night,Comédie
2017,Rough Night,Policier
2017,Rough Night,Thriller
2017,My Little Pony: The Movie,Animation
2017,My Little Pony: The Movie,Aventure
2017,My Little Pony: The Movie,Comédie
2017,The Disaster Artist,Biographie
2017,The Disaster Artist,Comédie
2017,The Disaster Artist,Drame
2017,Phantom Thread,Drame
2017,Phantom Thread,Romance
2017,Sleepless,Action
2017,Sleepless,Policier
2017,Sleepless,Thriller
2017,Diary of a Wimpy Kid: The Long Haul,Comédie
2017,Diary of a Wimpy Kid: The Long Haul,Famille
2017,The Circle,Drame
2017,The Circle,Science-fiction
2017,The Circle,Thriller
2017,CHIPS,Action
2017,CHIPS,Comédie
2017,CHIPS,Policier
2018,The Nutcracker and the Four Realms,Aventure
2018,The Nutcracker and the Four Realms,Famille
2018,The Nutcracker and the Four Realms,Fantaisie
2018,Tag,Comédie
2018,A Simple Favor,Comédie
2018,A Simple Favor,Policier
2018,A Simple Favor,Drame
2018,Life of the Party,Comédie
2018,The Predator,Action
2018,The Predator,Aventure
2018,The Predator,Science-fiction
2018,Overboard,Comédie
2018,Overboard,Romance
2018,Sicario: Day of the Soldado,Action
2018,Sicario: Day of the Soldado,Policier
2018,Sicario: Day of the Soldado,Drame
2018,I Feel Pretty,Comédie
2018,I Feel Pretty,Romance
2018,BlacKkKlansman,Biographie
2018,BlacKkKlansman,Policier
2018,BlacKkKlansman,Drame
2018,Vice,Biographie
2018,Vice,Comédie
2018,Vice,Drame
2018,Red Sparrow,Action
2018,Red Sparrow,Drame
2018,Red Sparrow,Thriller
2018,Goosebumps 2: Haunted Halloween,Aventure
2018,Goosebumps 2: Haunted Halloween,Comédie
2018,Goosebumps 2: Haunted Halloween,Famille
2018,Breaking In,Action
2018,Breaking In,Policier
2018,Breaking In,Drame
2018,12 Strong,Action
2018,12 Strong,Drame
2018,12 Strong,Histoire
2018,Den of Thieves,Action
2018,Den of Thieves,Policier
2018,Den of Thieves,Drame
2018,First Man,Biographie
2018,First Man,Drame
2018,First Man,Histoire
2018,Hereditary,Drame
2018,Hereditary,Horreur
2018,Hereditary,Mystère
2018,Tyler Perry's Acrimony,Drame
2018,Tyler Perry's Acrimony,Romance
2018,Tyler Perry's Acrimony,Thriller
2018,Sherlock Gnomes,Animation
2018,Sherlock Gnomes,Aventure
2018,Sherlock Gnomes,Comédie
2018,Uncle Drew,Comédie
2018,Uncle Drew,Sport
2018,Widows,Policier
2018,Widows,Drame
2018,Widows,Thriller
2018,Blumhouse's Truth or Dare,Horreur
2018,Blumhouse's Truth or Dare,Thriller
2018,"Love, Simon",Comédie
2018,"Love, Simon",Drame
2018,"Love, Simon",Romance
2018,Second Act,Comédie
2018,Second Act,Drame
2018,Second Act,Romance
2018,The Commuter,Action
2018,The Commuter,Mystère
2018,The Commuter,Thriller
2018,The 15:17 to Paris,Biographie
2018,The 15:17 to Paris,Drame
2018,The 15:17 to Paris,Thriller
2018,Mile 22,Action
2018,Mile 22,Thriller
2018,Alpha,Aventure
2018,Alpha,Drame
2018,Alpha,Famille
2018,Peppermint,Action
2018,Peppermint,Drame
2018,Peppermint,Thriller
2018,The Favourite,Biographie
2018,The Favourite,Comédie
2018,The Favourite,Drame
2018,Death Wish,Action
2018,Death Wish,Policier
2018,Death Wish,Drame
2018,The Spy Who Dumped Me,Action
2018,The Spy Who Dumped Me,Aventure
2018,The Spy Who Dumped Me,Comédie
2018,Annihilation,Aventure
2018,Annihilation,Drame
2018,Annihilation,Horreur
2018,Isle of Dogs,Animation
2018,Isle of Dogs,Aventure
2018,Isle of Dogs,Comédie
2018,Nobody's Fool,Comédie
2018,Nobody's Fool,Drame
2018,Nobody's Fool,Romance
2018,Adrift,Action
2018,Adrift,Aventure
2018,Adrift,Biographie
2018,Robin Hood,Action
2018,Robin Hood,Aventure
2018,Robin Hood,Thriller
2018,Super Troopers 2,Comédie
2018,Super Troopers 2,Policier
2018,Super Troopers 2,Mystère
2018,Holmes & Watson,Comédie
2018,Holmes & Watson,Policier
2018,Holmes & Watson,Mystère
2018,Slender Man,Horreur
2018,Slender Man,Mystère
2018,Slender Man,Thriller
2018,The Hate U Give,Policier
2018,The Hate U Give,Drame
2018,Teen Titans GO! to the Movies,Animation
2018,Teen Titans GO! to the Movies,Action
2018,Teen Titans GO! to the Movies,Aventure
2018,Searching,Drame
2018,Searching,Mystère
2018,Searching,Thriller
2018,Winchester,Biographie
2018,Winchester,Drame
2018,Winchester,Fantaisie
2018,On the Basis of Sex,Biographie
2018,On the Basis of Sex,Drame
2018,The Strangers: Prey at Night,Horreur
2018,White Boy Rick,Policier
2018,White Boy Rick,Drame
2018,Overlord,Action
2018,Overlord,Aventure
2018,Overlord,Horreur
2018,Proud Mary,Action
2018,Proud Mary,Policier
2018,Proud Mary,Drame
2018,The Happytime Murders,Action
2018,The Happytime Murders,Comédie
2018,The Happytime Murders,Policier
2019,Long Shot,Comédie
2019,Long Shot,Romance
2019,The Addams Family,Animation
2019,The Addams Family,Comédie
2019,The Addams Family,Famille
2019,Child's Play,Horreur
2019,Child's Play,Science-fiction
2019,Happy Death Day 2U,Comédie
2019,Happy Death Day 2U,Horreur
2019,Happy Death Day 2U,Mystère
2019,Midsommar,Drame
2019,Midsommar,Horreur
2019,Midsommar,Mystère
2019,Zombieland: Double Tap,Action
2019,Zombieland: Double Tap,Comédie
2019,Zombieland: Double Tap,Horreur
2019,Ready or Not,Comédie
2019,Ready or Not,Horreur
2019,Ready or Not,Mystère
2019,Overcomer,Drame
2019,Overcomer,Sport
2019,The Art of Racing in the Rain,Comédie
2019,The Art of Racing in the Rain,Drame
2019,The Art of Racing in the Rain,Romance
2019,Fighting with My Family,Biographie
2019,Fighting with My Family,Comédie
2019,Fighting with My Family,Drame
2019,Booksmart,Comédie
2019,A Dog's Journey,Comédie
2019,A Dog's Journey,Drame
2019,A Dog's Journey,Famille
2019,Stuber,Action
2019,Stuber,Comédie
2019,Stuber,Policier
2019,Hellboy,Action
2019,Hellboy,Aventure
2019,Hellboy,Fantaisie
2019,Shaft,Action
2019,Shaft,Comédie
2019,Shaft,Policier
2019,47 Meters Down: Uncaged,Aventure
2019,47 Meters Down: Uncaged,Drame
2019,47 Meters Down: Uncaged,Horreur
2019,Abominable,Animation
2019,Abominable,Aventure
2019,Abominable,Comédie
2019,Gemini Man,Action
2019,Gemini Man,Drame
2019,Gemini Man,Science-fiction
2019,UglyDolls,Animation
2019,UglyDolls,Aventure
2019,UglyDolls,Comédie
2019,Unplanned,Biographie
2019,Unplanned,Drame
2019,Rambo: Last Blood,Action
2019,Rambo: Last Blood,Aventure
2019,Rambo: Last Blood,Thriller
2019,Brightburn,Drame
2019,Brightburn,Horreur
2019,Brightburn,Mystère
2019,The Farewell,Comédie
2019,The Farewell,Drame
2019,The Kid Who Would Be King,Action
2019,The Kid Who Would Be King,Aventure
2019,The Kid Who Would Be King,Famille
2019,Missing Link,Animation
2019,Missing Link,Aventure
2019,Missing Link,Comédie
2019,Late Night,Comédie
2019,Late Night,Drame
2019,Miss Bala,Action
2019,Miss Bala,Policier
2019,Miss Bala,Drame
2019,The Prodigy,Horreur
2019,The Prodigy,Thriller
2019,Poms,Comédie
2019,Poms,Drame
2019,Poms,Sport
2019,The Peanut Butter Falcon,Aventure
2019,The Peanut Butter Falcon,Comédie
2019,The Peanut Butter Falcon,Drame
2019,After,Drame
2019,After,Romance
2019,The Kitchen,Action
2019,The Kitchen,Policier
2019,The Kitchen,Drame
2019,Blinded by the Light,Comédie
2019,Blinded by the Light,Drame
2019,Blinded by the Light,Musique
2019,The Best of Enemies,Biographie
2019,The Best of Enemies,Drame
2019,The Best of Enemies,Histoire
2019,No Manches Frida 2,Comédie
2019,"Where'd You Go, Bernadette",Comédie
2019,"Where'd You Go, Bernadette",Drame
2019,"Where'd You Go, Bernadette",Mystère
2019,Serenity,Drame
2019,Serenity,Mystère
2019,Serenity,Thriller
2019,Anna,Action
2019,Anna,Thriller
2019,The Dead Don't Die,Comédie
2019,The Dead Don't Die,Fantaisie
2019,The Dead Don't Die,Horreur
2019,Captive State,Drame
2019,Captive State,Horreur
2019,Captive State,Science-fiction
2019,The Sun Is Also a Star,Drame
2019,The Sun Is Also a Star,Musique
2019,The Sun Is Also a Star,Romance
2019,Don't Let Go,Drame
2019,Don't Let Go,Horreur
2019,Don't Let Go,Mystère
2019,Tolkien,Biographie
2019,Tolkien,Drame
2019,Tolkien,Histoire
2019,The Last Black Man in San Francisco,Drame
2019,The Beach Bum,Comédie
2019,The Art of Self-Defense,Comédie
2019,The Art of Self-Defense,Policier
2019,The Art of Self-Defense,Drame
2019,Luce,Drame
2019,The Other Side of Heaven 2: Fire of Faith,Aventure
2019,The Other Side of Heaven 2: Fire of Faith,Biographie
2019,The Other Side of Heaven 2: Fire of Faith,Drame
2019,The Aftermath,Drame
2019,The Aftermath,Romance
2019,The Aftermath,Guerre
2019,The Kid,Biographie
2019,The Kid,Drame
2019,The Kid,Western
