year,title,filepath,period
1970,Love Story,data/mp_med/1970_love_story.jpg,1970-1974
1970,Airport,data/mp_med/1970_airport.jpg,1970-1974
1970,M.A.S.H.,data/mp_med/1970_mash.jpg,1970-1974
1970,Patton,data/mp_med/1970_patton.jpg,1970-1974
1970,Little Big Man,data/mp_med/1970_little_big_man.jpg,1970-1974
1970,Tora! Tora! Tora!,data/mp_med/1970_tora_tora_tora.jpg,1970-1974
1970,Joe,data/mp_med/1970_joe.jpg,1970-1974
1970,Rio Lobo,data/mp_med/1970_rio_lobo.jpg,1970-1974
1970,Myra Breckinridge,data/mp_med/1970_myra_breckinridge.jpg,1970-1974
1970,The Boys in the Band,data/mp_med/1970_the_boys_in_the_band.jpg,1970-1974
1970,Chisum,data/mp_med/1970_chisum.jpg,1970-1974
1970,Darling Lili,data/mp_med/1970_darling_lili.jpg,1970-1974
1970,Song of Norway,data/mp_med/1970_song_of_norway.jpg,1970-1974
1970,Watermelon Man,data/mp_med/1970_watermelon_man.jpg,1970-1974
1970,Trash,data/mp_med/1970_trash.jpg,1970-1974
1970,Where's Poppa?,data/mp_med/1970_wheres_poppa.jpg,1970-1974
1970,Cromwell,data/mp_med/1970_cromwell.jpg,1970-1974
1970,Zabriskie Point,data/mp_med/1970_zabriskie_point.jpg,1970-1974
1970,Loving,data/mp_med/1970_loving.jpg,1970-1974
1970,Threesome,data/mp_med/1970_threesome.jpg,1970-1974
1970,El condor,data/mp_med/1970_el_condor.jpg,1970-1974
1970,Fools,data/mp_med/1970_fools.jpg,1970-1974
1970,The Losers,data/mp_med/1970_the_losers.jpg,1970-1974
1970,The Honeymoon Killers,data/mp_med/1970_the_honeymoon_killers.jpg,1970-1974
1970,The Dunwich Horror,data/mp_med/1970_the_dunwich_horror.jpg,1970-1974
1970,I Love My Wife,data/mp_med/1970_i_love_my_wife.jpg,1970-1974
1970,Promise at Dawn,data/mp_med/1970_promise_at_dawn.jpg,1970-1974
1970,The Angel Levine,data/mp_med/1970_the_angel_levine.jpg,1970-1974
1970,Which Way to the Front?,data/mp_med/1970_which_way_to_the_front.jpg,1970-1974
1970,Female Animal,data/mp_med/1970_female_animal.jpg,1970-1974
1970,"Tell Me That You Love Me, Junie Moon",data/mp_med/1970_tell_me_that_you_love_me_junie_moon.jpg,1970-1974
1970,Lovers and Other Strangers,data/mp_med/1970_lovers_and_other_strangers.jpg,1970-1974
1970,No Blade of Grass,data/mp_med/1970_no_blade_of_grass.jpg,1970-1974
1970,Brewster McCloud,data/mp_med/1970_brewster_mccloud.jpg,1970-1974
1970,Husbands,data/mp_med/1970_husbands.jpg,1970-1974
1970,Too Late the Hero,data/mp_med/1970_too_late_the_hero.jpg,1970-1974
1970,Something for Everyone,data/mp_med/1970_something_for_everyone.jpg,1970-1974
1970,Pufnstuf,data/mp_med/1970_pufnstuf.jpg,1970-1974
1970,The Hawaiians,data/mp_med/1970_the_hawaiians.jpg,1970-1974
1970,Equinox,data/mp_med/1970_equinox.jpg,1970-1974
1970,Move,data/mp_med/1970_move.jpg,1970-1974
1970,The Christine Jorgensen Story,data/mp_med/1970_the_christine_jorgensen_story.jpg,1970-1974
1970,The Kremlin Letter,data/mp_med/1970_the_kremlin_letter.jpg,1970-1974
1970,Alex in Wonderland,data/mp_med/1970_alex_in_wonderland.jpg,1970-1974
1970,The People Next Door,data/mp_med/1970_the_people_next_door.jpg,1970-1974
1970,The Molly Maguires,data/mp_med/1970_the_molly_maguires.jpg,1970-1974
1970,"Count Yorga, Vampire",data/mp_med/1970_count_yorga_vampire.jpg,1970-1974
1970,Kama Sutra '71,data/mp_med/1970_kama_sutra_.jpg,1970-1974
1970,The Lady in the Car with Glasses and a Gun,data/mp_med/1970_the_lady_in_the_car_with_glasses_and_a_gun.jpg,1970-1974
1970,Barquero,data/mp_med/1970_barquero.jpg,1970-1974
1970,The Cheyenne Social Club,data/mp_med/1970_the_cheyenne_social_club.jpg,1970-1974
1970,Up in the Cellar,data/mp_med/1970_up_in_the_cellar.jpg,1970-1974
1970,How Do I Love Thee?,data/mp_med/1970_how_do_i_love_thee.jpg,1970-1974
1970,Angel Unchained,data/mp_med/1970_angel_unchained.jpg,1970-1974
1970,Wanda,data/mp_med/1970_wanda.jpg,1970-1974
1970,Multiple Maniacs,data/mp_med/1970_multiple_maniacs.jpg,1970-1974
1970,Massacre,data/mp_med/1970_massacre.jpg,1970-1974
1970,Female Sexual Emancipation,data/mp_med/1970_female_sexual_emancipation.jpg,1970-1974
1970,A Voyage to Arcturus,data/mp_med/1970_a_voyage_to_arcturus.jpg,1970-1974
1970,Billy Boy,data/mp_med/1970_billy_boy.jpg,1970-1974
1971,Billy Jack,data/mp_med/1971_billy_jack.jpg,1970-1974
1971,Fiddler on the Roof,data/mp_med/1971_fiddler_on_the_roof.jpg,1970-1974
1971,Dirty Harry,data/mp_med/1971_dirty_harry.jpg,1970-1974
1971,The Last Picture Show,data/mp_med/1971_the_last_picture_show.jpg,1970-1974
1971,Carnal Knowledge,data/mp_med/1971_carnal_knowledge.jpg,1970-1974
1971,The Hospital,data/mp_med/1971_the_hospital.jpg,1970-1974
1971,Willard,data/mp_med/1971_willard.jpg,1970-1974
1971,Bedknobs and Broomsticks,data/mp_med/1971_bedknobs_and_broomsticks.jpg,1970-1974
1971,Shaft,data/mp_med/1971_shaft.jpg,1970-1974
1971,Sweet Sweetback's Baadasssss Song,data/mp_med/1971_sweet_sweetbacks_baadasssss_song.jpg,1970-1974
1971,Klute,data/mp_med/1971_klute.jpg,1970-1974
1971,Escape from the Planet of the Apes,data/mp_med/1971_escape_from_the_planet_of_the_apes.jpg,1970-1974
1971,Cold Turkey,data/mp_med/1971_cold_turkey.jpg,1970-1974
1971,Play Misty for Me,data/mp_med/1971_play_misty_for_me.jpg,1970-1974
1971,Bananas,data/mp_med/1971_bananas.jpg,1970-1974
1971,The Million Dollar Duck,data/mp_med/1971_the_million_dollar_duck.jpg,1970-1974
1971,The Anderson Tapes,data/mp_med/1971_the_anderson_tapes.jpg,1970-1974
1971,The Big Doll House,data/mp_med/1971_the_big_doll_house.jpg,1970-1974
1971,The Omega Man,data/mp_med/1971_the_omega_man.jpg,1970-1974
1971,McCabe & Mrs. Miller,data/mp_med/1971_mccabe__mrs_miller.jpg,1970-1974
1971,Big Jake,data/mp_med/1971_big_jake.jpg,1970-1974
1971,Lawman,data/mp_med/1971_lawman.jpg,1970-1974
1971,Willy Wonka & the Chocolate Factory,data/mp_med/1971_willy_wonka__the_chocolate_factory.jpg,1970-1974
1971,THX 1138,data/mp_med/1971_thx_.jpg,1970-1974
1971,Honey Britches,data/mp_med/1971_honey_britches.jpg,1970-1974
1971,Octaman,data/mp_med/1971_octaman.jpg,1970-1974
1971,Doctors' Wives,data/mp_med/1971_doctors_wives.jpg,1970-1974
1971,The Last Valley,data/mp_med/1971_the_last_valley.jpg,1970-1974
1971,The Statue,data/mp_med/1971_the_statue.jpg,1970-1974
1971,Zachariah,data/mp_med/1971_zachariah.jpg,1970-1974
1971,Wake in Fright,data/mp_med/1971_wake_in_fright.jpg,1970-1974
1971,Pink Narcissus,data/mp_med/1971_pink_narcissus.jpg,1970-1974
1971,Santa's Christmas Elf (Named Calvin),data/mp_med/1971_santas_christmas_elf_named_calvin.jpg,1970-1974
1971,Grease,data/mp_med/1971_grease.jpg,1970-1974
1971,Daughters of Anomaly,data/mp_med/1971_daughters_of_anomaly.jpg,1970-1974
1971,Nympho Cycler,data/mp_med/1971_nympho_cycler.jpg,1970-1974
1971,Side Street Girls,data/mp_med/1971_side_street_girls.jpg,1970-1974
1971,The Blue Hour,data/mp_med/1971_the_blue_hour.jpg,1970-1974
1971,The Groupies,data/mp_med/1971_the_groupies.jpg,1970-1974
1971,The Killers,data/mp_med/1971_the_killers.jpg,1970-1974
1971,Beautiful People,data/mp_med/1971_beautiful_people.jpg,1970-1974
1971,The Player,data/mp_med/1971_the_player.jpg,1970-1974
1971,Flame in the Wind,data/mp_med/1971_flame_in_the_wind.jpg,1970-1974
1971,Keep Them Happy at Home,data/mp_med/1971_keep_them_happy_at_home.jpg,1970-1974
1971,"Mothers, Fathers and Lovers",data/mp_med/1971_mothers_fathers_and_lovers.jpg,1970-1974
1971,Fluxfilm Anthology 1962-1970,data/mp_med/1971_fluxfilm_anthology_.jpg,1970-1974
1971,The Slaughter,data/mp_med/1971_the_slaughter.jpg,1970-1974
1971,Speeding Up Time,data/mp_med/1971_speeding_up_time.jpg,1970-1974
1971,A Weekend with Strangers,data/mp_med/1971_a_weekend_with_strangers.jpg,1970-1974
1971,Josie's Castle,data/mp_med/1971_josies_castle.jpg,1970-1974
1971,Tell It Like It Is,data/mp_med/1971_tell_it_like_it_is.jpg,1970-1974
1971,Carriage Trade,data/mp_med/1971_carriage_trade.jpg,1970-1974
1971,Pink Garter Gang,data/mp_med/1971_pink_garter_gang.jpg,1970-1974
1971,Prostitution Pornography USA,data/mp_med/1971_prostitution_pornography_usa.jpg,1970-1974
1971,Ride the Hot Wind,data/mp_med/1971_ride_the_hot_wind.jpg,1970-1974
1971,If Footmen Tire You What Will Horses Do?,data/mp_med/1971_if_footmen_tire_you_what_will_horses_do.jpg,1970-1974
1971,The Wild Season,data/mp_med/1971_the_wild_season.jpg,1970-1974
1971,Fatehine sahra,data/mp_med/1971_fatehine_sahra.jpg,1970-1974
1971,Teenage Tease,data/mp_med/1971_teenage_tease.jpg,1970-1974
1971,Slingshot,data/mp_med/1971_slingshot.jpg,1970-1974
1971,Rain for a Dusty Summer,data/mp_med/1971_rain_for_a_dusty_summer.jpg,1970-1974
1971,Outlaw Riders,data/mp_med/1971_outlaw_riders.jpg,1970-1974
1971,The Hawaiian Split,data/mp_med/1971_the_hawaiian_split.jpg,1970-1974
1971,The Secretary,data/mp_med/1971_the_secretary.jpg,1970-1974
1971,Rub It In,data/mp_med/1971_rub_it_in.jpg,1970-1974
1971,Mother Knows Best,data/mp_med/1971_mother_knows_best.jpg,1970-1974
1972,The Godfather,data/mp_med/1972_the_godfather.jpg,1970-1974
1972,The Poseidon Adventure,data/mp_med/1972_the_poseidon_adventure.jpg,1970-1974
1972,Jeremiah Johnson,data/mp_med/1972_jeremiah_johnson.jpg,1970-1974
1972,Cabaret,data/mp_med/1972_cabaret.jpg,1970-1974
1972,The Getaway,data/mp_med/1972_the_getaway.jpg,1970-1974
1972,Fritz the Cat,data/mp_med/1972_fritz_the_cat.jpg,1970-1974
1972,Pete 'n' Tillie,data/mp_med/1972_pete_n_tillie.jpg,1970-1974
1972,The Cowboys,data/mp_med/1972_the_cowboys.jpg,1970-1974
1972,The Heartbreak Kid,data/mp_med/1972_the_heartbreak_kid.jpg,1970-1974
1972,Shaft's Big Score!,data/mp_med/1972_shafts_big_score.jpg,1970-1974
1972,Conquest of the Planet of the Apes,data/mp_med/1972_conquest_of_the_planet_of_the_apes.jpg,1970-1974
1972,1776,data/mp_med/1972_.jpg,1970-1974
1972,Avanti!,data/mp_med/1972_avanti.jpg,1970-1974
1972,The Last House on the Left,data/mp_med/1972_the_last_house_on_the_left.jpg,1970-1974
1972,Blacula,data/mp_med/1972_blacula.jpg,1970-1974
1972,Pink Flamingos,data/mp_med/1972_pink_flamingos.jpg,1970-1974
1972,Grease 2,data/mp_med/1972_grease_.jpg,1970-1974
1972,Don Quixote,data/mp_med/1972_don_quixote.jpg,1970-1974
1972,The Rapture,data/mp_med/1972_the_rapture.jpg,1970-1974
1972,The Great Massage Parlor Bust,data/mp_med/1972_the_great_massage_parlor_bust.jpg,1970-1974
1972,ALCOA Aluminum,data/mp_med/1972_alcoa_aluminum.jpg,1970-1974
1972,Boots and the Preacher,data/mp_med/1972_boots_and_the_preacher.jpg,1970-1974
1972,The Great Raft Race!,data/mp_med/1972_the_great_raft_race.jpg,1970-1974
1972,The Legend of Amaluk: An Arctic Odyssey,data/mp_med/1972_the_legend_of_amaluk_an_arctic_odyssey.jpg,1970-1974
1972,Did Baby Shoot Her Sugardaddy?,data/mp_med/1972_did_baby_shoot_her_sugardaddy.jpg,1970-1974
1972,Winter Love,data/mp_med/1972_winter_love.jpg,1970-1974
1972,Dead End Dolls,data/mp_med/1972_dead_end_dolls.jpg,1970-1974
1972,A Clock Work Blue,data/mp_med/1972_a_clock_work_blue.jpg,1970-1974
1972,Class of '74,data/mp_med/1972_class_of_.jpg,1970-1974
1972,Savage Connection,data/mp_med/1972_savage_connection.jpg,1970-1974
1972,Country Music,data/mp_med/1972_country_music.jpg,1970-1974
1972,Willy's Gone,data/mp_med/1972_willys_gone.jpg,1970-1974
1972,A Ton of Grass Goes to Pot,data/mp_med/1972_a_ton_of_grass_goes_to_pot.jpg,1970-1974
1972,The Suckers,data/mp_med/1972_the_suckers.jpg,1970-1974
1972,A Day at the White House,data/mp_med/1972_a_day_at_the_white_house.jpg,1970-1974
1972,Runaway Hormones,data/mp_med/1972_runaway_hormones.jpg,1970-1974
1972,Fongaluli,data/mp_med/1972_fongaluli.jpg,1970-1974
1972,Serta Perfect Sleeper,data/mp_med/1972_serta_perfect_sleeper.jpg,1970-1974
1972,Gold,data/mp_med/1972_gold.jpg,1970-1974
1972,Instant Replay (In Situ Installation),data/mp_med/1972_instant_replay_in_situ_installation.jpg,1970-1974
1972,Spook!,data/mp_med/1972_spook.jpg,1970-1974
1972,The Gospel According to Most People,data/mp_med/1972_the_gospel_according_to_most_people.jpg,1970-1974
1972,Drag Racer,data/mp_med/1972_drag_racer.jpg,1970-1974
1972,Six-Hundred & Sixty Six,data/mp_med/1972_sixhundred__sixty_six.jpg,1970-1974
1972,In Pursuit of Treasure,data/mp_med/1972_in_pursuit_of_treasure.jpg,1970-1974
1972,Love Minus One,data/mp_med/1972_love_minus_one.jpg,1970-1974
1972,The Young Rounders,data/mp_med/1972_the_young_rounders.jpg,1970-1974
1972,Peed Into the Wind,data/mp_med/1972_peed_into_the_wind.jpg,1970-1974
1972,Another Nice Mess,data/mp_med/1972_another_nice_mess.jpg,1970-1974
1972,Voices of Desire,data/mp_med/1972_voices_of_desire.jpg,1970-1974
1972,The Sexpert,data/mp_med/1972_the_sexpert.jpg,1970-1974
1972,The Marshal of Windy Hollow,data/mp_med/1972_the_marshal_of_windy_hollow.jpg,1970-1974
1972,Wrong Way,data/mp_med/1972_wrong_way.jpg,1970-1974
1972,The Aries Computer,data/mp_med/1972_the_aries_computer.jpg,1970-1974
1972,November Children,data/mp_med/1972_november_children.jpg,1970-1974
1972,Sins of Rachel,data/mp_med/1972_sins_of_rachel.jpg,1970-1974
1972,Pilgrimage,data/mp_med/1972_pilgrimage.jpg,1970-1974
1972,The Lovemakers,data/mp_med/1972_the_lovemakers.jpg,1970-1974
1972,Prison Girls,data/mp_med/1972_prison_girls.jpg,1970-1974
1972,The Only Way Home,data/mp_med/1972_the_only_way_home.jpg,1970-1974
1972,Elevator Girls in Bondage,data/mp_med/1972_elevator_girls_in_bondage.jpg,1970-1974
1973,The Exorcist,data/mp_med/1973_the_exorcist.jpg,1970-1974
1973,The Sting,data/mp_med/1973_the_sting.jpg,1970-1974
1973,American Graffiti,data/mp_med/1973_american_graffiti.jpg,1970-1974
1973,Papillon,data/mp_med/1973_papillon.jpg,1970-1974
1973,Robin Hood,data/mp_med/1973_robin_hood.jpg,1970-1974
1973,Paper Moon,data/mp_med/1973_paper_moon.jpg,1970-1974
1973,Serpico,data/mp_med/1973_serpico.jpg,1970-1974
1973,Enter the Dragon,data/mp_med/1973_enter_the_dragon.jpg,1970-1974
1973,Jesus Christ Superstar,data/mp_med/1973_jesus_christ_superstar.jpg,1970-1974
1973,The Three Musketeers,data/mp_med/1973_the_three_musketeers.jpg,1970-1974
1973,Westworld,data/mp_med/1973_westworld.jpg,1970-1974
1973,High Plains Drifter,data/mp_med/1973_high_plains_drifter.jpg,1970-1974
1973,Class of '44,data/mp_med/1973_class_of_.jpg,1970-1974
1973,Flesh for Frankenstein,data/mp_med/1973_flesh_for_frankenstein.jpg,1970-1974
1973,Battle for the Planet of the Apes,data/mp_med/1973_battle_for_the_planet_of_the_apes.jpg,1970-1974
1973,Lost Horizon,data/mp_med/1973_lost_horizon.jpg,1970-1974
1973,Charlotte's Web,data/mp_med/1973_charlottes_web.jpg,1970-1974
1973,Detroit 9000,data/mp_med/1973_detroit_.jpg,1970-1974
1973,Mean Streets,data/mp_med/1973_mean_streets.jpg,1970-1974
1973,The Day of the Dolphin,data/mp_med/1973_the_day_of_the_dolphin.jpg,1970-1974
1973,Scream Blacula Scream,data/mp_med/1973_scream_blacula_scream.jpg,1970-1974
1973,Dillinger,data/mp_med/1973_dillinger.jpg,1970-1974
1973,Jonathan Livingston Seagull,data/mp_med/1973_jonathan_livingston_seagull.jpg,1970-1974
1973,Massage Parlor Murders!,data/mp_med/1973_massage_parlor_murders.jpg,1970-1974
1973,The Long Goodbye,data/mp_med/1973_the_long_goodbye.jpg,1970-1974
1973,The Crazies,data/mp_med/1973_the_crazies.jpg,1970-1974
1973,Ganja & Hess,data/mp_med/1973_ganja__hess.jpg,1970-1974
1973,Penelope's Education,data/mp_med/1973_penelopes_education.jpg,1970-1974
1973,The Amusement Park,data/mp_med/1973_the_amusement_park.jpg,1970-1974
1973,The 1st Notch,data/mp_med/1973_the_st_notch.jpg,1970-1974
1973,Bizarre Devices,data/mp_med/1973_bizarre_devices.jpg,1970-1974
1973,Dutch Girls,data/mp_med/1973_dutch_girls.jpg,1970-1974
1973,Just Be There,data/mp_med/1973_just_be_there.jpg,1970-1974
1973,Toke,data/mp_med/1973_toke.jpg,1970-1974
1973,The Lardfather,data/mp_med/1973_the_lardfather.jpg,1970-1974
1973,The Wednesday Children,data/mp_med/1973_the_wednesday_children.jpg,1970-1974
1973,Never Look Back,data/mp_med/1973_never_look_back.jpg,1970-1974
1973,Swinging High,data/mp_med/1973_swinging_high.jpg,1970-1974
1973,"Cries of Ecstasy, Blows of Death",data/mp_med/1973_cries_of_ecstasy_blows_of_death.jpg,1970-1974
1973,The Night of the Cat,data/mp_med/1973_the_night_of_the_cat.jpg,1970-1974
1973,"As Above, So Below",data/mp_med/1973_as_above_so_below.jpg,1970-1974
1973,Conflict,data/mp_med/1973_conflict.jpg,1970-1974
1973,Keys,data/mp_med/1973_keys.jpg,1970-1974
1973,"Blood, Black and White",data/mp_med/1973_blood_black_and_white.jpg,1970-1974
1973,Preacherman Meets Widderwoman,data/mp_med/1973_preacherman_meets_widderwoman.jpg,1970-1974
1973,Conversation with Hermine Freed: Allan Kaprow,data/mp_med/1973_conversation_with_hermine_freed_allan_kaprow.jpg,1970-1974
1973,"Welcome Home, Johnny",data/mp_med/1973_welcome_home_johnny.jpg,1970-1974
1973,"20,000 Leagues Under the Sea",data/mp_med/1973__leagues_under_the_sea.jpg,1970-1974
1973,And When She Was Bad...,data/mp_med/1973_and_when_she_was_bad.jpg,1970-1974
1973,Why,data/mp_med/1973_why.jpg,1970-1974
1973,Running with the Devil,data/mp_med/1973_running_with_the_devil.jpg,1970-1974
1973,Shot,data/mp_med/1973_shot.jpg,1970-1974
1973,Treasure Island,data/mp_med/1973_treasure_island.jpg,1970-1974
1973,Salty,data/mp_med/1973_salty.jpg,1970-1974
1973,Psyched by the 4D Witch (A Tale of Demonology),data/mp_med/1973_psyched_by_the_d_witch_a_tale_of_demonology.jpg,1970-1974
1973,Vice Squad Women,data/mp_med/1973_vice_squad_women.jpg,1970-1974
1973,Truck It,data/mp_med/1973_truck_it.jpg,1970-1974
1973,The Playmates,data/mp_med/1973_the_playmates.jpg,1970-1974
1973,Nymph,data/mp_med/1973_nymph.jpg,1970-1974
1973,Guitarist,data/mp_med/1973_guitarist.jpg,1970-1974
1973,The Roommates,data/mp_med/1973_the_roommates.jpg,1970-1974
1973,Country Blue,data/mp_med/1973_country_blue.jpg,1970-1974
1973,Frankie and Johnnie... Were Lovers,data/mp_med/1973_frankie_and_johnnie_were_lovers.jpg,1970-1974
1973,Miss Leslie's Dolls,data/mp_med/1973_miss_leslies_dolls.jpg,1970-1974
1973,The P.O.W.,data/mp_med/1973_the_pow.jpg,1970-1974
1973,The Dirty Dolls,data/mp_med/1973_the_dirty_dolls.jpg,1970-1974
1973,Malatesta's Carnival of Blood,data/mp_med/1973_malatestas_carnival_of_blood.jpg,1970-1974
1973,General Massacre,data/mp_med/1973_general_massacre.jpg,1970-1974
1973,Together for Days,data/mp_med/1973_together_for_days.jpg,1970-1974
1973,Howzer,data/mp_med/1973_howzer.jpg,1970-1974
1973,Starbird and Sweet William,data/mp_med/1973_starbird_and_sweet_william.jpg,1970-1974
1974,Blazing Saddles,data/mp_med/1974_blazing_saddles.jpg,1970-1974
1974,The Towering Inferno,data/mp_med/1974_the_towering_inferno.jpg,1970-1974
1974,The Trial of Billy Jack,data/mp_med/1974_the_trial_of_billy_jack.jpg,1970-1974
1974,Young Frankenstein,data/mp_med/1974_young_frankenstein.jpg,1970-1974
1974,Earthquake,data/mp_med/1974_earthquake.jpg,1970-1974
1974,The Godfather: Part II,data/mp_med/1974_the_godfather_part_ii.jpg,1970-1974
1974,Airport 1975,data/mp_med/1974_airport_.jpg,1970-1974
1974,The Life and Times of Grizzly Adams,data/mp_med/1974_the_life_and_times_of_grizzly_adams.jpg,1970-1974
1974,Gone in 60 Seconds,data/mp_med/1974_gone_in__seconds.jpg,1970-1974
1974,Benji,data/mp_med/1974_benji.jpg,1970-1974
1974,Herbie Rides Again,data/mp_med/1974_herbie_rides_again.jpg,1970-1974
1974,The Texas Chain Saw Massacre,data/mp_med/1974_the_texas_chain_saw_massacre.jpg,1970-1974
1974,Chinatown,data/mp_med/1974_chinatown.jpg,1970-1974
1974,Thunderbolt and Lightfoot,data/mp_med/1974_thunderbolt_and_lightfoot.jpg,1970-1974
1974,Death Wish,data/mp_med/1974_death_wish.jpg,1970-1974
1974,The Groove Tube,data/mp_med/1974_the_groove_tube.jpg,1970-1974
1974,The Four Musketeers: Milady's Revenge,data/mp_med/1974_the_four_musketeers_miladys_revenge.jpg,1970-1974
1974,Macon County Line,data/mp_med/1974_macon_county_line.jpg,1970-1974
1974,Alice Doesn't Live Here Anymore,data/mp_med/1974_alice_doesnt_live_here_anymore.jpg,1970-1974
1974,The Front Page,data/mp_med/1974_the_front_page.jpg,1970-1974
1974,A Woman Under the Influence,data/mp_med/1974_a_woman_under_the_influence.jpg,1970-1974
1974,California Split,data/mp_med/1974_california_split.jpg,1970-1974
1974,The Sugarland Express,data/mp_med/1974_the_sugarland_express.jpg,1970-1974
1974,The Conversation,data/mp_med/1974_the_conversation.jpg,1970-1974
1974,Three the Hard Way,data/mp_med/1974_three_the_hard_way.jpg,1970-1974
1974,The Man from Clover Grove,data/mp_med/1974_the_man_from_clover_grove.jpg,1970-1974
1974,White Salt and Sunshine,data/mp_med/1974_white_salt_and_sunshine.jpg,1970-1974
1974,Lucifer's Women,data/mp_med/1974_lucifers_women.jpg,1970-1974
1974,The Streak Car Company,data/mp_med/1974_the_streak_car_company.jpg,1970-1974
1974,The Devil Made Me Do It,data/mp_med/1974_the_devil_made_me_do_it.jpg,1970-1974
1974,The Transformation: A Sandwich of Nightmares,data/mp_med/1974_the_transformation_a_sandwich_of_nightmares.jpg,1970-1974
1974,The Great Masquerade,data/mp_med/1974_the_great_masquerade.jpg,1970-1974
1974,North of the Sun,data/mp_med/1974_north_of_the_sun.jpg,1970-1974
1974,Let's Go for Broke,data/mp_med/1974_lets_go_for_broke.jpg,1970-1974
1974,Joseph Beuys' Public Dialogue,data/mp_med/1974_joseph_beuys_public_dialogue.jpg,1970-1974
1974,Goodnight Jackie,data/mp_med/1974_goodnight_jackie.jpg,1970-1974
1974,The Green Hornet,data/mp_med/1974_the_green_hornet.jpg,1970-1974
1974,Inferno in Paradise,data/mp_med/1974_inferno_in_paradise.jpg,1970-1974
1974,A Time for Love,data/mp_med/1974_a_time_for_love.jpg,1970-1974
1974,Pigeon,data/mp_med/1974_pigeon.jpg,1970-1974
1974,Blood on the Mountain,data/mp_med/1974_blood_on_the_mountain.jpg,1970-1974
1974,Tears of Happiness,data/mp_med/1974_tears_of_happiness.jpg,1970-1974
1974,The Chaperone,data/mp_med/1974_the_chaperone.jpg,1970-1974
1974,Oliver Twist,data/mp_med/1974_oliver_twist.jpg,1970-1974
1974,The Text of Light,data/mp_med/1974_the_text_of_light.jpg,1970-1974
1974,Reflections from a Brass Bed,data/mp_med/1974_reflections_from_a_brass_bed.jpg,1970-1974
1974,Super Spook,data/mp_med/1974_super_spook.jpg,1970-1974
1974,Willy & Scratch,data/mp_med/1974_willy__scratch.jpg,1970-1974
1974,The Kid and the Killers,data/mp_med/1974_the_kid_and_the_killers.jpg,1970-1974
1974,The Four of Us,data/mp_med/1974_the_four_of_us.jpg,1970-1974
1974,The Deathhead Virgin,data/mp_med/1974_the_deathhead_virgin.jpg,1970-1974
1974,Bible!,data/mp_med/1974_bible.jpg,1970-1974
1974,Womanhouse,data/mp_med/1974_womanhouse.jpg,1970-1974
1974,The Photographer,data/mp_med/1974_the_photographer.jpg,1970-1974
1974,Five Angry Women,data/mp_med/1974_five_angry_women.jpg,1970-1974
1974,Tough,data/mp_med/1974_tough.jpg,1970-1974
1974,Mean Mother,data/mp_med/1974_mean_mother.jpg,1970-1974
1974,The Clamdigger's Daughter,data/mp_med/1974_the_clamdiggers_daughter.jpg,1970-1974
1974,The Black Connection,data/mp_med/1974_the_black_connection.jpg,1970-1974
1974,Never the Twain,data/mp_med/1974_never_the_twain.jpg,1970-1974
1974,Treasure of Tayopa,data/mp_med/1974_treasure_of_tayopa.jpg,1970-1974
1974,Teenager,data/mp_med/1974_teenager.jpg,1970-1974
1975,Jaws,data/mp_med/1975_jaws.jpg,1975-1979
1975,The Rocky Horror Picture Show,data/mp_med/1975_the_rocky_horror_picture_show.jpg,1975-1979
1975,One Flew Over the Cuckoo's Nest,data/mp_med/1975_one_flew_over_the_cuckoos_nest.jpg,1975-1979
1975,Dog Day Afternoon,data/mp_med/1975_dog_day_afternoon.jpg,1975-1979
1975,Shampoo,data/mp_med/1975_shampoo.jpg,1975-1979
1975,The Return of the Pink Panther,data/mp_med/1975_the_return_of_the_pink_panther.jpg,1975-1979
1975,Three Days of the Condor,data/mp_med/1975_three_days_of_the_condor.jpg,1975-1979
1975,Funny Lady,data/mp_med/1975_funny_lady.jpg,1975-1979
1975,The Apple Dumpling Gang,data/mp_med/1975_the_apple_dumpling_gang.jpg,1975-1979
1975,Aloha Bobby and Rose,data/mp_med/1975_aloha_bobby_and_rose.jpg,1975-1979
1975,The Other Side of the Mountain,data/mp_med/1975_the_other_side_of_the_mountain.jpg,1975-1979
1975,The Adventures of the Wilderness Family,data/mp_med/1975_the_adventures_of_the_wilderness_family.jpg,1975-1979
1975,Rollerball,data/mp_med/1975_rollerball.jpg,1975-1979
1975,The Hindenburg,data/mp_med/1975_the_hindenburg.jpg,1975-1979
1975,Lucky Lady,data/mp_med/1975_lucky_lady.jpg,1975-1979
1975,The Great Waldo Pepper,data/mp_med/1975_the_great_waldo_pepper.jpg,1975-1979
1975,Escape to Witch Mountain,data/mp_med/1975_escape_to_witch_mountain.jpg,1975-1979
1975,The Day of the Locust,data/mp_med/1975_the_day_of_the_locust.jpg,1975-1979
1975,W.W. and the Dixie Dancekings,data/mp_med/1975_ww_and_the_dixie_dancekings.jpg,1975-1979
1975,Once Is Not Enough,data/mp_med/1975_once_is_not_enough.jpg,1975-1979
1975,Breakout,data/mp_med/1975_breakout.jpg,1975-1979
1975,Nashville,data/mp_med/1975_nashville.jpg,1975-1979
1975,Race with the Devil,data/mp_med/1975_race_with_the_devil.jpg,1975-1979
1975,French Connection II,data/mp_med/1975_french_connection_ii.jpg,1975-1979
1975,"Give 'em Hell, Harry!",data/mp_med/1975_give_em_hell_harry.jpg,1975-1979
1975,The Stepford Wives,data/mp_med/1975_the_stepford_wives.jpg,1975-1979
1975,Hard Times,data/mp_med/1975_hard_times.jpg,1975-1979
1975,Rooster Cogburn,data/mp_med/1975_rooster_cogburn.jpg,1975-1979
1975,Death Race 2000,data/mp_med/1975_death_race_.jpg,1975-1979
1975,A Boy and His Dog,data/mp_med/1975_a_boy_and_his_dog.jpg,1975-1979
1975,Mahogany,data/mp_med/1975_mahogany.jpg,1975-1979
1975,"Farewell, My Lovely",data/mp_med/1975_farewell_my_lovely.jpg,1975-1979
1975,Bug,data/mp_med/1975_bug.jpg,1975-1979
1975,At Long Last Love,data/mp_med/1975_at_long_last_love.jpg,1975-1979
1975,Framed,data/mp_med/1975_framed.jpg,1975-1979
1975,Sharks' Treasure,data/mp_med/1975_sharks_treasure.jpg,1975-1979
1975,The Giant Spider Invasion,data/mp_med/1975_the_giant_spider_invasion.jpg,1975-1979
1975,Maggie's Stiletto Sisters,data/mp_med/1975_maggies_stiletto_sisters.jpg,1975-1979
1975,Robin Trower at Winterland 1975,data/mp_med/1975_robin_trower_at_winterland_.jpg,1975-1979
1975,The Lost Ones,data/mp_med/1975_the_lost_ones.jpg,1975-1979
1975,Survival,data/mp_med/1975_survival.jpg,1975-1979
1975,RAH!,data/mp_med/1975_rah.jpg,1975-1979
1975,The Intruder,data/mp_med/1975_the_intruder.jpg,1975-1979
1975,"Bad, Black & Beautiful",data/mp_med/1975_bad_black__beautiful.jpg,1975-1979
1975,Jackpot,data/mp_med/1975_jackpot.jpg,1975-1979
1975,Alias Big Cherry,data/mp_med/1975_alias_big_cherry.jpg,1975-1979
1975,Somebody Moved My Mountain,data/mp_med/1975_somebody_moved_my_mountain.jpg,1975-1979
1975,White Heart,data/mp_med/1975_white_heart.jpg,1975-1979
1975,Charlie Rich: The Silver Fox in Concert,data/mp_med/1975_charlie_rich_the_silver_fox_in_concert.jpg,1975-1979
1975,Prelude to Happiness,data/mp_med/1975_prelude_to_happiness.jpg,1975-1979
1975,The Hitman,data/mp_med/1975_the_hitman.jpg,1975-1979
1975,Origin of Thoughts,data/mp_med/1975_origin_of_thoughts.jpg,1975-1979
1975,Soup & Tart,data/mp_med/1975_soup__tart.jpg,1975-1979
1975,Sasqua,data/mp_med/1975_sasqua.jpg,1975-1979
1975,The Noah,data/mp_med/1975_the_noah.jpg,1975-1979
1975,Two Tons of Turquoise to Taos Tonight,data/mp_med/1975_two_tons_of_turquoise_to_taos_tonight.jpg,1975-1979
1975,The Grizzly & the Treasure,data/mp_med/1975_the_grizzly__the_treasure.jpg,1975-1979
1975,Sons of Sassoun,data/mp_med/1975_sons_of_sassoun.jpg,1975-1979
1975,That Girl from Boston,data/mp_med/1975_that_girl_from_boston.jpg,1975-1979
1975,A Woman for All Men,data/mp_med/1975_a_woman_for_all_men.jpg,1975-1979
1975,Fortress in the Sun,data/mp_med/1975_fortress_in_the_sun.jpg,1975-1979
1975,Trucker's Woman,data/mp_med/1975_truckers_woman.jpg,1975-1979
1975,Saturday Night at the Baths,data/mp_med/1975_saturday_night_at_the_baths.jpg,1975-1979
1975,Pick-up,data/mp_med/1975_pickup.jpg,1975-1979
1975,Tubby the Tuba,data/mp_med/1975_tubby_the_tuba.jpg,1975-1979
1975,The Blazer Girls,data/mp_med/1975_the_blazer_girls.jpg,1975-1979
1975,The Devil's Cleavage,data/mp_med/1975_the_devils_cleavage.jpg,1975-1979
1975,Keep Off My Grass!,data/mp_med/1975_keep_off_my_grass.jpg,1975-1979
1975,God's Bloody Acre,data/mp_med/1975_gods_bloody_acre.jpg,1975-1979
1975,The Night They Robbed Big Bertha's,data/mp_med/1975_the_night_they_robbed_big_berthas.jpg,1975-1979
1975,Teenage Seductress,data/mp_med/1975_teenage_seductress.jpg,1975-1979
1975,Have a Nice Weekend,data/mp_med/1975_have_a_nice_weekend.jpg,1975-1979
1975,Walt Disney's Cartoon Carousel,data/mp_med/1975_walt_disneys_cartoon_carousel.jpg,1975-1979
1975,Rime of the Ancient Mariner,data/mp_med/1975_rime_of_the_ancient_mariner.jpg,1975-1979
1976,Rocky,data/mp_med/1976_rocky.jpg,1975-1979
1976,A Star Is Born,data/mp_med/1976_a_star_is_born.jpg,1975-1979
1976,All the President's Men,data/mp_med/1976_all_the_presidents_men.jpg,1975-1979
1976,King Kong,data/mp_med/1976_king_kong.jpg,1975-1979
1976,The Enforcer,data/mp_med/1976_the_enforcer.jpg,1975-1979
1976,The Bad News Bears,data/mp_med/1976_the_bad_news_bears.jpg,1975-1979
1976,Silent Movie,data/mp_med/1976_silent_movie.jpg,1975-1979
1976,The Pink Panther Strikes Again,data/mp_med/1976_the_pink_panther_strikes_again.jpg,1975-1979
1976,Carrie,data/mp_med/1976_carrie.jpg,1975-1979
1976,The Outlaw Josey Wales,data/mp_med/1976_the_outlaw_josey_wales.jpg,1975-1979
1976,Taxi Driver,data/mp_med/1976_taxi_driver.jpg,1975-1979
1976,Freaky Friday,data/mp_med/1976_freaky_friday.jpg,1975-1979
1976,Logan's Run,data/mp_med/1976_logans_run.jpg,1975-1979
1976,Marathon Man,data/mp_med/1976_marathon_man.jpg,1975-1979
1976,"Mother, Jugs & Speed",data/mp_med/1976_mother_jugs__speed.jpg,1975-1979
1976,Across the Great Divide,data/mp_med/1976_across_the_great_divide.jpg,1975-1979
1976,The Pom Pom Girls,data/mp_med/1976_the_pom_pom_girls.jpg,1975-1979
1976,The Missouri Breaks,data/mp_med/1976_the_missouri_breaks.jpg,1975-1979
1976,Gator,data/mp_med/1976_gator.jpg,1975-1979
1976,Robin and Marian,data/mp_med/1976_robin_and_marian.jpg,1975-1979
1976,Lipstick,data/mp_med/1976_lipstick.jpg,1975-1979
1976,The Omen,data/mp_med/1976_the_omen.jpg,1975-1979
1976,Sparkle,data/mp_med/1976_sparkle.jpg,1975-1979
1976,The Big Bus,data/mp_med/1976_the_big_bus.jpg,1975-1979
1976,Cannonball!,data/mp_med/1976_cannonball.jpg,1975-1979
1976,The Tenant,data/mp_med/1976_the_tenant.jpg,1975-1979
1976,The Last Tycoon,data/mp_med/1976_the_last_tycoon.jpg,1975-1979
1976,Obsession,data/mp_med/1976_obsession.jpg,1975-1979
1976,The Blue Bird,data/mp_med/1976_the_blue_bird.jpg,1975-1979
1976,"Please, Don't Bury Me Alive!",data/mp_med/1976_please_dont_bury_me_alive.jpg,1975-1979
1976,Mouches Volantes,data/mp_med/1976_mouches_volantes.jpg,1975-1979
1976,Flabbergast,data/mp_med/1976_flabbergast.jpg,1975-1979
1976,Brown Shoes Don't Make It,data/mp_med/1976_brown_shoes_dont_make_it.jpg,1975-1979
1976,Bike Fever,data/mp_med/1976_bike_fever.jpg,1975-1979
1976,Things to Come,data/mp_med/1976_things_to_come.jpg,1975-1979
1976,The Animal,data/mp_med/1976_the_animal.jpg,1975-1979
1976,The Astrologer,data/mp_med/1976_the_astrologer.jpg,1975-1979
1976,Held for Ransom,data/mp_med/1976_held_for_ransom.jpg,1975-1979
1976,69 Minutes,data/mp_med/1976__minutes.jpg,1975-1979
1976,The Strangers,data/mp_med/1976_the_strangers.jpg,1975-1979
1976,Step Over the Edge,data/mp_med/1976_step_over_the_edge.jpg,1975-1979
1976,Westside Special Olympics (WSO) Games,data/mp_med/1976_westside_special_olympics_wso_games.jpg,1975-1979
1976,Bad Barbara,data/mp_med/1976_bad_barbara.jpg,1975-1979
1976,Southern Double Cross,data/mp_med/1976_southern_double_cross.jpg,1975-1979
1976,Redneck Miller,data/mp_med/1976_redneck_miller.jpg,1975-1979
1976,The Legend of Jedediah Carver,data/mp_med/1976_the_legend_of_jedediah_carver.jpg,1975-1979
1976,C.B. Hustlers,data/mp_med/1976_cb_hustlers.jpg,1975-1979
1976,The Captive: The Longest Drive 2,data/mp_med/1976_the_captive_the_longest_drive_.jpg,1975-1979
1976,Elmer,data/mp_med/1976_elmer.jpg,1975-1979
1976,The Wackiest Wagon Train in the West,data/mp_med/1976_the_wackiest_wagon_train_in_the_west.jpg,1975-1979
1976,Crypt of Dark Secrets,data/mp_med/1976_crypt_of_dark_secrets.jpg,1975-1979
1976,Misty,data/mp_med/1976_misty.jpg,1975-1979
1976,The Grim Reaper,data/mp_med/1976_the_grim_reaper.jpg,1975-1979
1976,Dark Sunday,data/mp_med/1976_dark_sunday.jpg,1975-1979
1976,Blood Voyage,data/mp_med/1976_blood_voyage.jpg,1975-1979
1976,Uncle Tom's Cabin,data/mp_med/1976_uncle_toms_cabin.jpg,1975-1979
1976,Racing Colors,data/mp_med/1976_racing_colors.jpg,1975-1979
1976,A Stranger in My Forest,data/mp_med/1976_a_stranger_in_my_forest.jpg,1975-1979
1976,Panama Red,data/mp_med/1976_panama_red.jpg,1975-1979
1976,The Last Affair,data/mp_med/1976_the_last_affair.jpg,1975-1979
1976,Angry Joe Bass,data/mp_med/1976_angry_joe_bass.jpg,1975-1979
1976,King Kung Fu,data/mp_med/1976_king_kung_fu.jpg,1975-1979
1976,Doc Hooker's Bunch,data/mp_med/1976_doc_hookers_bunch.jpg,1975-1979
1976,Everybody Rides the Carousel,data/mp_med/1976_everybody_rides_the_carousel.jpg,1975-1979
1976,Donald Duck's Fun Festival,data/mp_med/1976_donald_ducks_fun_festival.jpg,1975-1979
1976,Kill Alex Kill,data/mp_med/1976_kill_alex_kill.jpg,1975-1979
1977,Star Wars: Episode IV - A New Hope,data/mp_med/1977_star_wars_episode_iv__a_new_hope.jpg,1975-1979
1977,Close Encounters of the Third Kind,data/mp_med/1977_close_encounters_of_the_third_kind.jpg,1975-1979
1977,Smokey and the Bandit,data/mp_med/1977_smokey_and_the_bandit.jpg,1975-1979
1977,The Goodbye Girl,data/mp_med/1977_the_goodbye_girl.jpg,1975-1979
1977,Saturday Night Fever,data/mp_med/1977_saturday_night_fever.jpg,1975-1979
1977,The Rescuers,data/mp_med/1977_the_rescuers.jpg,1975-1979
1977,A Bridge Too Far,data/mp_med/1977_a_bridge_too_far.jpg,1975-1979
1977,"Oh, God!",data/mp_med/1977_oh_god.jpg,1975-1979
1977,Pete's Dragon,data/mp_med/1977_petes_dragon.jpg,1975-1979
1977,Annie Hall,data/mp_med/1977_annie_hall.jpg,1975-1979
1977,Semi-Tough,data/mp_med/1977_semitough.jpg,1975-1979
1977,The Gauntlet,data/mp_med/1977_the_gauntlet.jpg,1975-1979
1977,The Turning Point,data/mp_med/1977_the_turning_point.jpg,1975-1979
1977,Heroes,data/mp_med/1977_heroes.jpg,1975-1979
1977,High Anxiety,data/mp_med/1977_high_anxiety.jpg,1975-1979
1977,Exorcist II: The Heretic,data/mp_med/1977_exorcist_ii_the_heretic.jpg,1975-1979
1977,Airport '77,data/mp_med/1977_airport_.jpg,1975-1979
1977,Slap Shot,data/mp_med/1977_slap_shot.jpg,1975-1979
1977,The Hills Have Eyes,data/mp_med/1977_the_hills_have_eyes.jpg,1975-1979
1977,The Other Side of Midnight,data/mp_med/1977_the_other_side_of_midnight.jpg,1975-1979
1977,For the Love of Benji,data/mp_med/1977_for_the_love_of_benji.jpg,1975-1979
1977,The World's Greatest Lover,data/mp_med/1977_the_worlds_greatest_lover.jpg,1975-1979
1977,The Bad News Bears in Breaking Training,data/mp_med/1977_the_bad_news_bears_in_breaking_training.jpg,1975-1979
1977,Which Way Is Up?,data/mp_med/1977_which_way_is_up.jpg,1975-1979
1977,Kingdom of the Spiders,data/mp_med/1977_kingdom_of_the_spiders.jpg,1975-1979
1977,Looking for Mr. Goodbar,data/mp_med/1977_looking_for_mr_goodbar.jpg,1975-1979
1977,Sinbad and the Eye of the Tiger,data/mp_med/1977_sinbad_and_the_eye_of_the_tiger.jpg,1975-1979
1977,"New York, New York",data/mp_med/1977_new_york_new_york.jpg,1975-1979
1977,Black Sunday,data/mp_med/1977_black_sunday.jpg,1975-1979
1977,Sorcerer,data/mp_med/1977_sorcerer.jpg,1975-1979
1977,Bobby Deerfield,data/mp_med/1977_bobby_deerfield.jpg,1975-1979
1977,Wizards,data/mp_med/1977_wizards.jpg,1975-1979
1977,Damnation Alley,data/mp_med/1977_damnation_alley.jpg,1975-1979
1977,Islands in the Stream,data/mp_med/1977_islands_in_the_stream.jpg,1975-1979
1977,The Island of Dr. Moreau,data/mp_med/1977_the_island_of_dr_moreau.jpg,1975-1979
1977,Eraserhead,data/mp_med/1977_eraserhead.jpg,1975-1979
1977,The Deep,data/mp_med/1977_the_deep.jpg,1975-1979
1977,Thunder and Lightning,data/mp_med/1977_thunder_and_lightning.jpg,1975-1979
1977,"Race for Your Life, Charlie Brown",data/mp_med/1977_race_for_your_life_charlie_brown.jpg,1975-1979
1977,Citizens Band,data/mp_med/1977_citizens_band.jpg,1975-1979
1977,Martin,data/mp_med/1977_martin.jpg,1975-1979
1977,Who Cares?,data/mp_med/1977_who_cares.jpg,1975-1979
1977,Ride the Wind,data/mp_med/1977_ride_the_wind.jpg,1975-1979
1977,Farewell Nightmare Theatre,data/mp_med/1977_farewell_nightmare_theatre.jpg,1975-1979
1977,Running Free,data/mp_med/1977_running_free.jpg,1975-1979
1977,Sacred Ground,data/mp_med/1977_sacred_ground.jpg,1975-1979
1977,The Believer's Heaven,data/mp_med/1977_the_believers_heaven.jpg,1975-1979
1977,Godzilla,data/mp_med/1977_godzilla.jpg,1975-1979
1977,The Solid Gold Show,data/mp_med/1977_the_solid_gold_show.jpg,1975-1979
1977,Rocket to Mars,data/mp_med/1977_rocket_to_mars.jpg,1975-1979
1977,Makin' It in Hollywood,data/mp_med/1977_makin_it_in_hollywood.jpg,1975-1979
1977,Female Fever,data/mp_med/1977_female_fever.jpg,1975-1979
1977,Natas es Satan,data/mp_med/1977_natas_es_satan.jpg,1975-1979
1977,Boogievision,data/mp_med/1977_boogievision.jpg,1975-1979
1977,.357 Magnum,data/mp_med/1977__magnum.jpg,1975-1979
1977,Death Bed: The Bed That Eats,data/mp_med/1977_death_bed_the_bed_that_eats.jpg,1975-1979
1977,Cody,data/mp_med/1977_cody.jpg,1975-1979
1977,Canon Cheong-jin gongjak,data/mp_med/1977_canon_cheongjin_gongjak.jpg,1975-1979
1977,A Tale of Two Critters,data/mp_med/1977_a_tale_of_two_critters.jpg,1975-1979
1977,Summerdog,data/mp_med/1977_summerdog.jpg,1975-1979
1977,Sheffey,data/mp_med/1977_sheffey.jpg,1975-1979
1977,The Great Gundown,data/mp_med/1977_the_great_gundown.jpg,1975-1979
1977,Fantastic Animation Festival,data/mp_med/1977_fantastic_animation_festival.jpg,1975-1979
1977,Cop Killers,data/mp_med/1977_cop_killers.jpg,1975-1979
1977,Disco 9000,data/mp_med/1977_disco_.jpg,1975-1979
1977,Alex Joseph and His Wives,data/mp_med/1977_alex_joseph_and_his_wives.jpg,1975-1979
1977,Donald Duck's Summer Magic,data/mp_med/1977_donald_ducks_summer_magic.jpg,1975-1979
1977,The Capitol Hill Girls,data/mp_med/1977_the_capitol_hill_girls.jpg,1975-1979
1977,Foes,data/mp_med/1977_foes.jpg,1975-1979
1977,Another Son of Sam,data/mp_med/1977_another_son_of_sam.jpg,1975-1979
1977,Passing Through,data/mp_med/1977_passing_through.jpg,1975-1979
1978,Grease,data/mp_med/1978_grease.jpg,1975-1979
1978,Superman,data/mp_med/1978_superman.jpg,1975-1979
1978,Every Which Way but Loose,data/mp_med/1978_every_which_way_but_loose.jpg,1975-1979
1978,Jaws 2,data/mp_med/1978_jaws_.jpg,1975-1979
1978,Heaven Can Wait,data/mp_med/1978_heaven_can_wait.jpg,1975-1979
1978,Hooper,data/mp_med/1978_hooper.jpg,1975-1979
1978,The Deer Hunter,data/mp_med/1978_the_deer_hunter.jpg,1975-1979
1978,Halloween,data/mp_med/1978_halloween.jpg,1975-1979
1978,Convoy,data/mp_med/1978_convoy.jpg,1975-1979
1978,Foul Play,data/mp_med/1978_foul_play.jpg,1975-1979
1978,Up in Smoke,data/mp_med/1978_up_in_smoke.jpg,1975-1979
1978,Midnight Express,data/mp_med/1978_midnight_express.jpg,1975-1979
1978,Coming Home,data/mp_med/1978_coming_home.jpg,1975-1979
1978,House Calls,data/mp_med/1978_house_calls.jpg,1975-1979
1978,Magic,data/mp_med/1978_magic.jpg,1975-1979
1978,Invasion of the Body Snatchers,data/mp_med/1978_invasion_of_the_body_snatchers.jpg,1975-1979
1978,An Unmarried Woman,data/mp_med/1978_an_unmarried_woman.jpg,1975-1979
1978,The Wiz,data/mp_med/1978_the_wiz.jpg,1975-1979
1978,Ice Castles,data/mp_med/1978_ice_castles.jpg,1975-1979
1978,F.I.S.T.,data/mp_med/1978_fist.jpg,1975-1979
1978,Sgt. Pepper's Lonely Hearts Club Band,data/mp_med/1978_sgt_peppers_lonely_hearts_club_band.jpg,1975-1979
1978,Eyes of Laura Mars,data/mp_med/1978_eyes_of_laura_mars.jpg,1975-1979
1978,"Same Time, Next Year",data/mp_med/1978_same_time_next_year.jpg,1975-1979
1978,The Boys from Brazil,data/mp_med/1978_the_boys_from_brazil.jpg,1975-1979
1978,Good Guys Wear Black,data/mp_med/1978_good_guys_wear_black.jpg,1975-1979
1978,The Betsy,data/mp_med/1978_the_betsy.jpg,1975-1979
1978,The One and Only,data/mp_med/1978_the_one_and_only.jpg,1975-1979
1978,Corvette Summer,data/mp_med/1978_corvette_summer.jpg,1975-1979
1978,The Buddy Holly Story,data/mp_med/1978_the_buddy_holly_story.jpg,1975-1979
1978,The Bad News Bears Go to Japan,data/mp_med/1978_the_bad_news_bears_go_to_japan.jpg,1975-1979
1978,The Other Side of the Mountain: Part II,data/mp_med/1978_the_other_side_of_the_mountain_part_ii.jpg,1975-1979
1978,Moment by Moment,data/mp_med/1978_moment_by_moment.jpg,1975-1979
1978,The Swarm,data/mp_med/1978_the_swarm.jpg,1975-1979
1978,Game of Death,data/mp_med/1978_game_of_death.jpg,1975-1979
1978,Straight Time,data/mp_med/1978_straight_time.jpg,1975-1979
1978,The Brink's Job,data/mp_med/1978_the_brinks_job.jpg,1975-1979
1978,King of the Gypsies,data/mp_med/1978_king_of_the_gypsies.jpg,1975-1979
1978,Thank God It's Friday,data/mp_med/1978_thank_god_its_friday.jpg,1975-1979
1978,Somebody Killed Her Husband,data/mp_med/1978_somebody_killed_her_husband.jpg,1975-1979
1978,Piranha,data/mp_med/1978_piranha.jpg,1975-1979
1978,Pretty Baby,data/mp_med/1978_pretty_baby.jpg,1975-1979
1978,Dawn of the Dead,data/mp_med/1978_dawn_of_the_dead.jpg,1975-1979
1978,Brass Target,data/mp_med/1978_brass_target.jpg,1975-1979
1978,The Driver,data/mp_med/1978_the_driver.jpg,1975-1979
1978,Damien: Omen II,data/mp_med/1978_damien_omen_ii.jpg,1975-1979
1978,Slow Dancing in the Big City,data/mp_med/1978_slow_dancing_in_the_big_city.jpg,1975-1979
1978,Caravans,data/mp_med/1978_caravans.jpg,1975-1979
1978,The Lord of the Rings,data/mp_med/1978_the_lord_of_the_rings.jpg,1975-1979
1978,Killer of Sheep,data/mp_med/1978_killer_of_sheep.jpg,1975-1979
1978,National Lampoon's Animal House,data/mp_med/1978_national_lampoons_animal_house.jpg,1975-1979
1978,Northern Lights,data/mp_med/1978_northern_lights.jpg,1975-1979
1978,Son Rah!,data/mp_med/1978_son_rah.jpg,1975-1979
1978,The Adventures of Pinocchio,data/mp_med/1978_the_adventures_of_pinocchio.jpg,1975-1979
1978,Four Shadows,data/mp_med/1978_four_shadows.jpg,1975-1979
1978,Borcca Morcca,data/mp_med/1978_borcca_morcca.jpg,1975-1979
1978,Bruges-La-Morte,data/mp_med/1978_brugeslamorte.jpg,1975-1979
1978,The Adventures of the Jensen Boys,data/mp_med/1978_the_adventures_of_the_jensen_boys.jpg,1975-1979
1978,Kidnapped,data/mp_med/1978_kidnapped.jpg,1975-1979
1978,Senior Year,data/mp_med/1978_senior_year.jpg,1975-1979
1978,Knocking at Heaven's Door,data/mp_med/1978_knocking_at_heavens_door.jpg,1975-1979
1978,Nite Song,data/mp_med/1978_nite_song.jpg,1975-1979
1978,Mother,data/mp_med/1978_mother.jpg,1975-1979
1978,The Fox Affair,data/mp_med/1978_the_fox_affair.jpg,1975-1979
1978,Mountain Lady,data/mp_med/1978_mountain_lady.jpg,1975-1979
1978,Wendigo,data/mp_med/1978_wendigo.jpg,1975-1979
1978,Self Portrait in Brains,data/mp_med/1978_self_portrait_in_brains.jpg,1975-1979
1978,Interview with George Maciunas,data/mp_med/1978_interview_with_george_maciunas.jpg,1975-1979
1978,Rome '78,data/mp_med/1978_rome_.jpg,1975-1979
1978,Final Reward,data/mp_med/1978_final_reward.jpg,1975-1979
1978,Moby Dick,data/mp_med/1978_moby_dick.jpg,1975-1979
1978,Bully: An Adventure with Teddy Roosevelt,data/mp_med/1978_bully_an_adventure_with_teddy_roosevelt.jpg,1975-1979
1978,Legend of the Northwest,data/mp_med/1978_legend_of_the_northwest.jpg,1975-1979
1978,Beartooth,data/mp_med/1978_beartooth.jpg,1975-1979
1978,Pilgrim's Progress,data/mp_med/1978_pilgrims_progress.jpg,1975-1979
1978,"Hey, Abbott!",data/mp_med/1978_hey_abbott.jpg,1975-1979
1978,Monique,data/mp_med/1978_monique.jpg,1975-1979
1978,Billy Boy,data/mp_med/1978_billy_boy.jpg,1975-1979
1978,The Alaska Wilderness Adventure,data/mp_med/1978_the_alaska_wilderness_adventure.jpg,1975-1979
1978,The Force on Thunder Mountain,data/mp_med/1978_the_force_on_thunder_mountain.jpg,1975-1979
1978,Surfer Girls,data/mp_med/1978_surfer_girls.jpg,1975-1979
1979,Kramer vs. Kramer,data/mp_med/1979_kramer_vs_kramer.jpg,1975-1979
1979,The Amityville Horror,data/mp_med/1979_the_amityville_horror.jpg,1975-1979
1979,Apocalypse Now,data/mp_med/1979_apocalypse_now.jpg,1975-1979
1979,Star Trek: The Motion Picture,data/mp_med/1979_star_trek_the_motion_picture.jpg,1975-1979
1979,Alien,data/mp_med/1979_alien.jpg,1975-1979
1979,The Muppet Movie,data/mp_med/1979_the_muppet_movie.jpg,1975-1979
1979,10,data/mp_med/1979_.jpg,1975-1979
1979,The Jerk,data/mp_med/1979_the_jerk.jpg,1975-1979
1979,The Electric Horseman,data/mp_med/1979_the_electric_horseman.jpg,1975-1979
1979,The China Syndrome,data/mp_med/1979_the_china_syndrome.jpg,1975-1979
1979,Manhattan,data/mp_med/1979_manhattan.jpg,1975-1979
1979,Love at First Bite,data/mp_med/1979_love_at_first_bite.jpg,1975-1979
1979,Escape from Alcatraz,data/mp_med/1979_escape_from_alcatraz.jpg,1975-1979
1979,The Main Event,data/mp_med/1979_the_main_event.jpg,1975-1979
1979,Starting Over,data/mp_med/1979_starting_over.jpg,1975-1979
1979,The In-Laws,data/mp_med/1979_the_inlaws.jpg,1975-1979
1979,All That Jazz,data/mp_med/1979_all_that_jazz.jpg,1975-1979
1979,1941,data/mp_med/1979_.jpg,1975-1979
1979,The Champ,data/mp_med/1979_the_champ.jpg,1975-1979
1979,Being There,data/mp_med/1979_being_there.jpg,1975-1979
1979,The Rose,data/mp_med/1979_the_rose.jpg,1975-1979
1979,Going in Style,data/mp_med/1979_going_in_style.jpg,1975-1979
1979,North Dallas Forty,data/mp_med/1979_north_dallas_forty.jpg,1975-1979
1979,The Warriors,data/mp_med/1979_the_warriors.jpg,1975-1979
1979,Norma Rae,data/mp_med/1979_norma_rae.jpg,1975-1979
1979,Buck Rogers in the 25th Century,data/mp_med/1979_buck_rogers_in_the_th_century.jpg,1975-1979
1979,When a Stranger Calls,data/mp_med/1979_when_a_stranger_calls.jpg,1975-1979
1979,The Apple Dumpling Gang Rides Again,data/mp_med/1979_the_apple_dumpling_gang_rides_again.jpg,1975-1979
1979,A Force of One,data/mp_med/1979_a_force_of_one.jpg,1975-1979
1979,Prophecy,data/mp_med/1979_prophecy.jpg,1975-1979
1979,Breaking Away,data/mp_med/1979_breaking_away.jpg,1975-1979
1979,Hair,data/mp_med/1979_hair.jpg,1975-1979
1979,More American Graffiti,data/mp_med/1979_more_american_graffiti.jpg,1975-1979
1979,Roller Boogie,data/mp_med/1979_roller_boogie.jpg,1975-1979
1979,The Concorde... Airport '79,data/mp_med/1979_the_concorde_airport_.jpg,1975-1979
1979,Phantasm,data/mp_med/1979_phantasm.jpg,1975-1979
1979,The Onion Field,data/mp_med/1979_the_onion_field.jpg,1975-1979
1979,The Frisco Kid,data/mp_med/1979_the_frisco_kid.jpg,1975-1979
1979,Rocky II,data/mp_med/1979_rocky_ii.jpg,1975-1979
1979,Americathon,data/mp_med/1979_americathon.jpg,1975-1979
1979,Butch and Sundance: The Early Days,data/mp_med/1979_butch_and_sundance_the_early_days.jpg,1975-1979
1979,The Prisoner of Zenda,data/mp_med/1979_the_prisoner_of_zenda.jpg,1975-1979
1979,Wanda Nevada,data/mp_med/1979_wanda_nevada.jpg,1975-1979
1979,Return of the Secaucus Seven,data/mp_med/1979_return_of_the_secaucus_seven.jpg,1975-1979
1979,Last Embrace,data/mp_med/1979_last_embrace.jpg,1975-1979
1979,Winter Kills,data/mp_med/1979_winter_kills.jpg,1975-1979
1979,Beyond the Reef,data/mp_med/1979_beyond_the_reef.jpg,1975-1979
1979,Cuba,data/mp_med/1979_cuba.jpg,1975-1979
1979,Rich Kids,data/mp_med/1979_rich_kids.jpg,1975-1979
1979,Voices,data/mp_med/1979_voices.jpg,1975-1979
1979,The Wanderers,data/mp_med/1979_the_wanderers.jpg,1975-1979
1979,Time of the Eagle,data/mp_med/1979_time_of_the_eagle.jpg,1975-1979
1979,The Spy Who Did It Better,data/mp_med/1979_the_spy_who_did_it_better.jpg,1975-1979
1979,Red Italy,data/mp_med/1979_red_italy.jpg,1975-1979
1979,The Adventures of Sinbad,data/mp_med/1979_the_adventures_of_sinbad.jpg,1975-1979
1979,Punk Rock,data/mp_med/1979_punk_rock.jpg,1975-1979
1979,Son of Frankenstein,data/mp_med/1979_son_of_frankenstein.jpg,1975-1979
1979,Close Shave,data/mp_med/1979_close_shave.jpg,1975-1979
1979,The House Without Steps,data/mp_med/1979_the_house_without_steps.jpg,1975-1979
1979,Tweet's Ladies of Pasadena,data/mp_med/1979_tweets_ladies_of_pasadena.jpg,1975-1979
1979,2 Catch 2,data/mp_med/1979__catch_.jpg,1975-1979
1979,Butterflies in Heat,data/mp_med/1979_butterflies_in_heat.jpg,1975-1979
1979,"Run, Tecato, Run",data/mp_med/1979_run_tecato_run.jpg,1975-1979
1979,The Swap,data/mp_med/1979_the_swap.jpg,1975-1979
1979,The Paradise Trail,data/mp_med/1979_the_paradise_trail.jpg,1975-1979
1979,House of Seven Belles,data/mp_med/1979_house_of_seven_belles.jpg,1975-1979
1979,Squezze Play,data/mp_med/1979_squezze_play.jpg,1975-1979
1979,The Deadly Art of Survival,data/mp_med/1979_the_deadly_art_of_survival.jpg,1975-1979
1979,Hey! There's Naked Bodies on My TV!,data/mp_med/1979_hey_theres_naked_bodies_on_my_tv.jpg,1975-1979
1979,Flux Concert,data/mp_med/1979_flux_concert.jpg,1975-1979
1979,39 Stripes,data/mp_med/1979__stripes.jpg,1975-1979
1979,Satan War,data/mp_med/1979_satan_war.jpg,1975-1979
1979,Bobby Short at the Cafe Carlyle,data/mp_med/1979_bobby_short_at_the_cafe_carlyle.jpg,1975-1979
1979,The Legend of Black Thunder Mountain,data/mp_med/1979_the_legend_of_black_thunder_mountain.jpg,1975-1979
1979,Savage Water,data/mp_med/1979_savage_water.jpg,1975-1979
1979,Christiana,data/mp_med/1979_christiana.jpg,1975-1979
1979,Bitter Heritage,data/mp_med/1979_bitter_heritage.jpg,1975-1979
1979,Scoring,data/mp_med/1979_scoring.jpg,1975-1979
1979,A Matter of Love,data/mp_med/1979_a_matter_of_love.jpg,1975-1979
1979,A Great Ride,data/mp_med/1979_a_great_ride.jpg,1975-1979
1979,Evidence of Power,data/mp_med/1979_evidence_of_power.jpg,1975-1979
1980,Star Wars: Episode V - The Empire Strikes Back,data/mp_med/1980_star_wars_episode_v__the_empire_strikes_back.jpg,1980-1984
1980,Superman II,data/mp_med/1980_superman_ii.jpg,1980-1984
1980,Nine to Five,data/mp_med/1980_nine_to_five.jpg,1980-1984
1980,Stir Crazy,data/mp_med/1980_stir_crazy.jpg,1980-1984
1980,Airplane!,data/mp_med/1980_airplane.jpg,1980-1984
1980,Any Which Way You Can,data/mp_med/1980_any_which_way_you_can.jpg,1980-1984
1980,Private Benjamin,data/mp_med/1980_private_benjamin.jpg,1980-1984
1980,Coal Miner's Daughter,data/mp_med/1980_coal_miners_daughter.jpg,1980-1984
1980,Smokey and the Bandit II,data/mp_med/1980_smokey_and_the_bandit_ii.jpg,1980-1984
1980,The Blue Lagoon,data/mp_med/1980_the_blue_lagoon.jpg,1980-1984
1980,The Blues Brothers,data/mp_med/1980_the_blues_brothers.jpg,1980-1984
1980,Ordinary People,data/mp_med/1980_ordinary_people.jpg,1980-1984
1980,Urban Cowboy,data/mp_med/1980_urban_cowboy.jpg,1980-1984
1980,Popeye,data/mp_med/1980_popeye.jpg,1980-1984
1980,The Shining,data/mp_med/1980_the_shining.jpg,1980-1984
1980,Seems Like Old Times,data/mp_med/1980_seems_like_old_times.jpg,1980-1984
1980,Cheech and Chong's Next Movie,data/mp_med/1980_cheech_and_chongs_next_movie.jpg,1980-1984
1980,Caddyshack,data/mp_med/1980_caddyshack.jpg,1980-1984
1980,Friday the 13th,data/mp_med/1980_friday_the_th.jpg,1980-1984
1980,Brubaker,data/mp_med/1980_brubaker.jpg,1980-1984
1980,Little Darlings,data/mp_med/1980_little_darlings.jpg,1980-1984
1980,Dressed to Kill,data/mp_med/1980_dressed_to_kill.jpg,1980-1984
1980,The Jazz Singer,data/mp_med/1980_the_jazz_singer.jpg,1980-1984
1980,Bronco Billy,data/mp_med/1980_bronco_billy.jpg,1980-1984
1980,Raging Bull,data/mp_med/1980_raging_bull.jpg,1980-1984
1980,The Long Riders,data/mp_med/1980_the_long_riders.jpg,1980-1984
1980,American Gigolo,data/mp_med/1980_american_gigolo.jpg,1980-1984
1980,Xanadu,data/mp_med/1980_xanadu.jpg,1980-1984
1980,My Bodyguard,data/mp_med/1980_my_bodyguard.jpg,1980-1984
1980,The Fog,data/mp_med/1980_the_fog.jpg,1980-1984
1980,Altered States,data/mp_med/1980_altered_states.jpg,1980-1984
1980,Cruising,data/mp_med/1980_cruising.jpg,1980-1984
1980,The Octagon,data/mp_med/1980_the_octagon.jpg,1980-1984
1980,Windwalker,data/mp_med/1980_windwalker.jpg,1980-1984
1980,The Private Eyes,data/mp_med/1980_the_private_eyes.jpg,1980-1984
1980,Herbie Goes Bananas,data/mp_med/1980_herbie_goes_bananas.jpg,1980-1984
1980,Honeysuckle Rose,data/mp_med/1980_honeysuckle_rose.jpg,1980-1984
1980,The Final Countdown,data/mp_med/1980_the_final_countdown.jpg,1980-1984
1980,Hero at Large,data/mp_med/1980_hero_at_large.jpg,1980-1984
1980,The Island,data/mp_med/1980_the_island.jpg,1980-1984
1980,First Family,data/mp_med/1980_first_family.jpg,1980-1984
1980,Raise the Titanic,data/mp_med/1980_raise_the_titanic.jpg,1980-1984
1980,The Nude Bomb,data/mp_med/1980_the_nude_bomb.jpg,1980-1984
1980,"Oh, God! Book II",data/mp_med/1980_oh_god_book_ii.jpg,1980-1984
1980,The Competition,data/mp_med/1980_the_competition.jpg,1980-1984
1980,Wholly Moses!,data/mp_med/1980_wholly_moses.jpg,1980-1984
1980,The Last Flight of Noah's Ark,data/mp_med/1980_the_last_flight_of_noahs_ark.jpg,1980-1984
1980,It's My Turn,data/mp_med/1980_its_my_turn.jpg,1980-1984
1980,The Fiendish Plot of Dr. Fu Manchu,data/mp_med/1980_the_fiendish_plot_of_dr_fu_manchu.jpg,1980-1984
1980,Stardust Memories,data/mp_med/1980_stardust_memories.jpg,1980-1984
1980,The Hollywood Knights,data/mp_med/1980_the_hollywood_knights.jpg,1980-1984
1980,Serial,data/mp_med/1980_serial.jpg,1980-1984
1980,Somewhere in Time,data/mp_med/1980_somewhere_in_time.jpg,1980-1984
1980,Fatso,data/mp_med/1980_fatso.jpg,1980-1984
1980,The Stunt Man,data/mp_med/1980_the_stunt_man.jpg,1980-1984
1980,Where the Buffalo Roam,data/mp_med/1980_where_the_buffalo_roam.jpg,1980-1984
1980,The Gong Show Movie,data/mp_med/1980_the_gong_show_movie.jpg,1980-1984
1980,Motel Hell,data/mp_med/1980_motel_hell.jpg,1980-1984
1980,Little Miss Marker,data/mp_med/1980_little_miss_marker.jpg,1980-1984
1980,Oh Heavenly Dog,data/mp_med/1980_oh_heavenly_dog.jpg,1980-1984
1980,Hangar 18,data/mp_med/1980_hangar_.jpg,1980-1984
1980,The Watcher in the Woods,data/mp_med/1980_the_watcher_in_the_woods.jpg,1980-1984
1980,The Boogey Man,data/mp_med/1980_the_boogey_man.jpg,1980-1984
1980,Willie & Phil,data/mp_med/1980_willie__phil.jpg,1980-1984
1980,Melvin and Howard,data/mp_med/1980_melvin_and_howard.jpg,1980-1984
1980,Roadie,data/mp_med/1980_roadie.jpg,1980-1984
1980,Resurrection,data/mp_med/1980_resurrection.jpg,1980-1984
1980,Heaven's Gate,data/mp_med/1980_heavens_gate.jpg,1980-1984
1980,Loving Couples,data/mp_med/1980_loving_couples.jpg,1980-1984
1980,Gilda Live,data/mp_med/1980_gilda_live.jpg,1980-1984
1980,Windows,data/mp_med/1980_windows.jpg,1980-1984
1980,Just Tell Me What You Want,data/mp_med/1980_just_tell_me_what_you_want.jpg,1980-1984
1980,"Bon Voyage, Charlie Brown (and Don't Come Back!!)",data/mp_med/1980_bon_voyage_charlie_brown_and_dont_come_back.jpg,1980-1984
1980,In God We Trust (or Gimme That Prime Time Religion),data/mp_med/1980_in_god_we_trust_or_gimme_that_prime_time_religion.jpg,1980-1984
1980,Can't Stop the Music,data/mp_med/1980_cant_stop_the_music.jpg,1980-1984
1980,When Time Ran Out...,data/mp_med/1980_when_time_ran_out.jpg,1980-1984
1980,Why Would I Lie?,data/mp_med/1980_why_would_i_lie.jpg,1980-1984
1980,"Those Lips, Those Eyes",data/mp_med/1980_those_lips_those_eyes.jpg,1980-1984
1980,Fame,data/mp_med/1980_fame.jpg,1980-1984
1980,The Problem of Patty Melt,data/mp_med/1980_the_problem_of_patty_melt.jpg,1980-1984
1980,The Phantom Wolf,data/mp_med/1980_the_phantom_wolf.jpg,1980-1984
1980,Thomas Hearns vs. Pipino Cuevas,data/mp_med/1980_thomas_hearns_vs_pipino_cuevas.jpg,1980-1984
1980,Hito Hata: Raise the Banner,data/mp_med/1980_hito_hata_raise_the_banner.jpg,1980-1984
1980,Voluptuous Graduates,data/mp_med/1980_voluptuous_graduates.jpg,1980-1984
1980,Heaven's Heroes,data/mp_med/1980_heavens_heroes.jpg,1980-1984
1980,Sudzall Does It All!,data/mp_med/1980_sudzall_does_it_all.jpg,1980-1984
1980,The Long Island Four,data/mp_med/1980_the_long_island_four.jpg,1980-1984
1980,Shadows of the Mind,data/mp_med/1980_shadows_of_the_mind.jpg,1980-1984
1980,Goldrunner,data/mp_med/1980_goldrunner.jpg,1980-1984
1980,Whitcomb's War,data/mp_med/1980_whitcombs_war.jpg,1980-1984
1980,Mahagonny,data/mp_med/1980_mahagonny.jpg,1980-1984
1981,Raiders of the Lost Ark,data/mp_med/1981_raiders_of_the_lost_ark.jpg,1980-1984
1981,On Golden Pond,data/mp_med/1981_on_golden_pond.jpg,1980-1984
1981,Porky's,data/mp_med/1981_porkys.jpg,1980-1984
1981,Arthur,data/mp_med/1981_arthur.jpg,1980-1984
1981,Stripes,data/mp_med/1981_stripes.jpg,1980-1984
1981,The Cannonball Run,data/mp_med/1981_the_cannonball_run.jpg,1980-1984
1981,The Fox and the Hound,data/mp_med/1981_the_fox_and_the_hound.jpg,1980-1984
1981,The Four Seasons,data/mp_med/1981_the_four_seasons.jpg,1980-1984
1981,Clash of the Titans,data/mp_med/1981_clash_of_the_titans.jpg,1980-1984
1981,Absence of Malice,data/mp_med/1981_absence_of_malice.jpg,1980-1984
1981,Reds,data/mp_med/1981_reds.jpg,1980-1984
1981,Tarzan the Ape Man,data/mp_med/1981_tarzan_the_ape_man.jpg,1980-1984
1981,Taps,data/mp_med/1981_taps.jpg,1980-1984
1981,Sharky's Machine,data/mp_med/1981_sharkys_machine.jpg,1980-1984
1981,Excalibur,data/mp_med/1981_excalibur.jpg,1980-1984
1981,Nice Dreams,data/mp_med/1981_nice_dreams.jpg,1980-1984
1981,History of the World: Part I,data/mp_med/1981_history_of_the_world_part_i.jpg,1980-1984
1981,Bustin' Loose,data/mp_med/1981_bustin_loose.jpg,1980-1984
1981,The Great Muppet Caper,data/mp_med/1981_the_great_muppet_caper.jpg,1980-1984
1981,Endless Love,data/mp_med/1981_endless_love.jpg,1980-1984
1981,An American Werewolf in London,data/mp_med/1981_an_american_werewolf_in_london.jpg,1980-1984
1981,Neighbors,data/mp_med/1981_neighbors.jpg,1980-1984
1981,Fort Apache the Bronx,data/mp_med/1981_fort_apache_the_bronx.jpg,1980-1984
1981,Private Lessons,data/mp_med/1981_private_lessons.jpg,1980-1984
1981,Modern Problems,data/mp_med/1981_modern_problems.jpg,1980-1984
1981,Only When I Laugh,data/mp_med/1981_only_when_i_laugh.jpg,1980-1984
1981,Halloween II,data/mp_med/1981_halloween_ii.jpg,1980-1984
1981,Escape from New York,data/mp_med/1981_escape_from_new_york.jpg,1980-1984
1981,Body Heat,data/mp_med/1981_body_heat.jpg,1980-1984
1981,Graduation Day,data/mp_med/1981_graduation_day.jpg,1980-1984
1981,Ghost Story,data/mp_med/1981_ghost_story.jpg,1980-1984
1981,Friday the 13th Part 2,data/mp_med/1981_friday_the_th_part_.jpg,1980-1984
1981,Ragtime,data/mp_med/1981_ragtime.jpg,1980-1984
1981,The Final Conflict,data/mp_med/1981_the_final_conflict.jpg,1980-1984
1981,The Incredible Shrinking Woman,data/mp_med/1981_the_incredible_shrinking_woman.jpg,1980-1984
1981,Mommie Dearest,data/mp_med/1981_mommie_dearest.jpg,1980-1984
1981,Paternity,data/mp_med/1981_paternity.jpg,1980-1984
1981,Under the Rainbow,data/mp_med/1981_under_the_rainbow.jpg,1980-1984
1981,The Howling,data/mp_med/1981_the_howling.jpg,1980-1984
1981,Take This Job and Shove It,data/mp_med/1981_take_this_job_and_shove_it.jpg,1980-1984
1981,The Devil and Max Devlin,data/mp_med/1981_the_devil_and_max_devlin.jpg,1980-1984
1981,Caveman,data/mp_med/1981_caveman.jpg,1980-1984
1981,Continental Divide,data/mp_med/1981_continental_divide.jpg,1980-1984
1981,The Night the Lights Went Out in Georgia,data/mp_med/1981_the_night_the_lights_went_out_in_georgia.jpg,1980-1984
1981,Nighthawks,data/mp_med/1981_nighthawks.jpg,1980-1984
1981,S.O.B.,data/mp_med/1981_sob.jpg,1980-1984
1981,Rich and Famous,data/mp_med/1981_rich_and_famous.jpg,1980-1984
1981,Dragonslayer,data/mp_med/1981_dragonslayer.jpg,1980-1984
1981,Blow Out,data/mp_med/1981_blow_out.jpg,1980-1984
1981,The Legend of the Lone Ranger,data/mp_med/1981_the_legend_of_the_lone_ranger.jpg,1980-1984
1981,The Postman Always Rings Twice,data/mp_med/1981_the_postman_always_rings_twice.jpg,1980-1984
1981,Comin' at Ya!,data/mp_med/1981_comin_at_ya.jpg,1980-1984
1981,Back Roads,data/mp_med/1981_back_roads.jpg,1980-1984
1981,Thief,data/mp_med/1981_thief.jpg,1980-1984
1981,Zorro: The Gay Blade,data/mp_med/1981_zorro_the_gay_blade.jpg,1980-1984
1981,Victory,data/mp_med/1981_victory.jpg,1980-1984
1981,Rollover,data/mp_med/1981_rollover.jpg,1980-1984
1981,Wolfen,data/mp_med/1981_wolfen.jpg,1980-1984
1981,True Confessions,data/mp_med/1981_true_confessions.jpg,1980-1984
1981,Carbon Copy,data/mp_med/1981_carbon_copy.jpg,1980-1984
1981,Pennies from Heaven,data/mp_med/1981_pennies_from_heaven.jpg,1980-1984
1981,Deadly Blessing,data/mp_med/1981_deadly_blessing.jpg,1980-1984
1981,Whose Life Is It Anyway?,data/mp_med/1981_whose_life_is_it_anyway.jpg,1980-1984
1981,Prince of the City,data/mp_med/1981_prince_of_the_city.jpg,1980-1984
1981,The Funhouse,data/mp_med/1981_the_funhouse.jpg,1980-1984
1981,An Eye for an Eye,data/mp_med/1981_an_eye_for_an_eye.jpg,1980-1984
1981,Buddy Buddy,data/mp_med/1981_buddy_buddy.jpg,1980-1984
1981,Eyewitness,data/mp_med/1981_eyewitness.jpg,1980-1984
1981,American Pop,data/mp_med/1981_american_pop.jpg,1980-1984
1981,My Dinner with Andre,data/mp_med/1981_my_dinner_with_andre.jpg,1980-1984
1981,Inchon,data/mp_med/1981_inchon.jpg,1980-1984
1981,Student Bodies,data/mp_med/1981_student_bodies.jpg,1980-1984
1981,Southern Comfort,data/mp_med/1981_southern_comfort.jpg,1980-1984
1981,All Night Long,data/mp_med/1981_all_night_long.jpg,1980-1984
1981,The Pursuit of D.B. Cooper,data/mp_med/1981_the_pursuit_of_db_cooper.jpg,1980-1984
1981,Looker,data/mp_med/1981_looker.jpg,1980-1984
1981,Zoot Suit,data/mp_med/1981_zoot_suit.jpg,1980-1984
1981,Modern Romance,data/mp_med/1981_modern_romance.jpg,1980-1984
1981,The Hand,data/mp_med/1981_the_hand.jpg,1980-1984
1981,The Evil Dead,data/mp_med/1981_the_evil_dead.jpg,1980-1984
1981,Heartbeeps,data/mp_med/1981_heartbeeps.jpg,1980-1984
1981,This Is Elvis,data/mp_med/1981_this_is_elvis.jpg,1980-1984
1981,Sphinx,data/mp_med/1981_sphinx.jpg,1980-1984
1981,Honky Tonk Freeway,data/mp_med/1981_honky_tonk_freeway.jpg,1980-1984
1981,Raggedy Man,data/mp_med/1981_raggedy_man.jpg,1980-1984
1981,King of the Mountain,data/mp_med/1981_king_of_the_mountain.jpg,1980-1984
1981,Cutter's Way,data/mp_med/1981_cutters_way.jpg,1980-1984
1981,Night School,data/mp_med/1981_night_school.jpg,1980-1984
1981,Eyes of a Stranger,data/mp_med/1981_eyes_of_a_stranger.jpg,1980-1984
1981,Longshot,data/mp_med/1981_longshot.jpg,1980-1984
1981,Scream,data/mp_med/1981_scream.jpg,1980-1984
1981,One from the Heart,data/mp_med/1981_one_from_the_heart.jpg,1980-1984
1981,Cattle Annie and Little Britches,data/mp_med/1981_cattle_annie_and_little_britches.jpg,1980-1984
1981,Dead & Buried,data/mp_med/1981_dead__buried.jpg,1980-1984
1981,Greatest American Hero spoof,data/mp_med/1981_greatest_american_hero_spoof.jpg,1980-1984
1981,The Summerset Sisters,data/mp_med/1981_the_summerset_sisters.jpg,1980-1984
1981,Fait Accompli,data/mp_med/1981_fait_accompli.jpg,1980-1984
1982,E.T. the Extra-Terrestrial,data/mp_med/1982_et_the_extraterrestrial.jpg,1980-1984
1982,Tootsie,data/mp_med/1982_tootsie.jpg,1980-1984
1982,An Officer and a Gentleman,data/mp_med/1982_an_officer_and_a_gentleman.jpg,1980-1984
1982,Rocky III,data/mp_med/1982_rocky_iii.jpg,1980-1984
1982,Star Trek II: The Wrath of Khan,data/mp_med/1982_star_trek_ii_the_wrath_of_khan.jpg,1980-1984
1982,48 Hrs.,data/mp_med/1982__hrs.jpg,1980-1984
1982,Poltergeist,data/mp_med/1982_poltergeist.jpg,1980-1984
1982,The Best Little Whorehouse in Texas,data/mp_med/1982_the_best_little_whorehouse_in_texas.jpg,1980-1984
1982,Annie,data/mp_med/1982_annie.jpg,1980-1984
1982,The Verdict,data/mp_med/1982_the_verdict.jpg,1980-1984
1982,First Blood,data/mp_med/1982_first_blood.jpg,1980-1984
1982,The Toy,data/mp_med/1982_the_toy.jpg,1980-1984
1982,Firefox,data/mp_med/1982_firefox.jpg,1980-1984
1982,The Dark Crystal,data/mp_med/1982_the_dark_crystal.jpg,1980-1984
1982,Conan the Barbarian,data/mp_med/1982_conan_the_barbarian.jpg,1980-1984
1982,The Sword and the Sorcerer,data/mp_med/1982_the_sword_and_the_sorcerer.jpg,1980-1984
1982,Best Friends,data/mp_med/1982_best_friends.jpg,1980-1984
1982,Friday the 13th Part III,data/mp_med/1982_friday_the_th_part_iii.jpg,1980-1984
1982,TRON,data/mp_med/1982_tron.jpg,1980-1984
1982,Blade Runner,data/mp_med/1982_blade_runner.jpg,1980-1984
1982,Young Doctors in Love,data/mp_med/1982_young_doctors_in_love.jpg,1980-1984
1982,Sophie's Choice,data/mp_med/1982_sophies_choice.jpg,1980-1984
1982,The World According to Garp,data/mp_med/1982_the_world_according_to_garp.jpg,1980-1984
1982,Airplane II: The Sequel,data/mp_med/1982_airplane_ii_the_sequel.jpg,1980-1984
1982,Fast Times at Ridgemont High,data/mp_med/1982_fast_times_at_ridgemont_high.jpg,1980-1984
1982,Some Kind of Hero,data/mp_med/1982_some_kind_of_hero.jpg,1980-1984
1982,Night Shift,data/mp_med/1982_night_shift.jpg,1980-1984
1982,Victor Victoria,data/mp_med/1982_victor_victoria.jpg,1980-1984
1982,Things Are Tough All Over,data/mp_med/1982_things_are_tough_all_over.jpg,1980-1984
1982,Creepshow,data/mp_med/1982_creepshow.jpg,1980-1984
1982,Six Pack,data/mp_med/1982_six_pack.jpg,1980-1984
1982,My Favorite Year,data/mp_med/1982_my_favorite_year.jpg,1980-1984
1982,Deathtrap,data/mp_med/1982_deathtrap.jpg,1980-1984
1982,Dead Men Don't Wear Plaid,data/mp_med/1982_dead_men_dont_wear_plaid.jpg,1980-1984
1982,Zapped!,data/mp_med/1982_zapped.jpg,1980-1984
1982,They Call Me Bruce,data/mp_med/1982_they_call_me_bruce.jpg,1980-1984
1982,Death Wish II,data/mp_med/1982_death_wish_ii.jpg,1980-1984
1982,Kiss Me Goodbye,data/mp_med/1982_kiss_me_goodbye.jpg,1980-1984
1982,Grease 2,data/mp_med/1982_grease_.jpg,1980-1984
1982,Halloween III: Season of the Witch,data/mp_med/1982_halloween_iii_season_of_the_witch.jpg,1980-1984
1982,Diner,data/mp_med/1982_diner.jpg,1980-1984
1982,The Beastmaster,data/mp_med/1982_the_beastmaster.jpg,1980-1984
1982,Missing,data/mp_med/1982_missing.jpg,1980-1984
1982,The Thing,data/mp_med/1982_the_thing.jpg,1980-1984
1982,The Entity,data/mp_med/1982_the_entity.jpg,1980-1984
1982,Vice Squad,data/mp_med/1982_vice_squad.jpg,1980-1984
1982,Author! Author!,data/mp_med/1982_author_author.jpg,1980-1984
1982,Amityville II: The Possession,data/mp_med/1982_amityville_ii_the_possession.jpg,1980-1984
1982,Monsignor,data/mp_med/1982_monsignor.jpg,1980-1984
1982,Making Love,data/mp_med/1982_making_love.jpg,1980-1984
1982,The Seduction,data/mp_med/1982_the_seduction.jpg,1980-1984
1982,Silent Rage,data/mp_med/1982_silent_rage.jpg,1980-1984
1982,The Year of Living Dangerously,data/mp_med/1982_the_year_of_living_dangerously.jpg,1980-1984
1982,The Secret of NIMH,data/mp_med/1982_the_secret_of_nimh.jpg,1980-1984
1982,Class Reunion,data/mp_med/1982_class_reunion.jpg,1980-1984
1982,Hanky Panky,data/mp_med/1982_hanky_panky.jpg,1980-1984
1982,Shoot the Moon,data/mp_med/1982_shoot_the_moon.jpg,1980-1984
1982,A Midsummer Night's Sex Comedy,data/mp_med/1982_a_midsummer_nights_sex_comedy.jpg,1980-1984
1982,Trail of the Pink Panther,data/mp_med/1982_trail_of_the_pink_panther.jpg,1980-1984
1982,Night Crossing,data/mp_med/1982_night_crossing.jpg,1980-1984
1982,The Beast Within,data/mp_med/1982_the_beast_within.jpg,1980-1984
1982,Tex,data/mp_med/1982_tex.jpg,1980-1984
1982,Parasite,data/mp_med/1982_parasite.jpg,1980-1984
1982,Cat People,data/mp_med/1982_cat_people.jpg,1980-1984
1982,I Ought to Be in Pictures,data/mp_med/1982_i_ought_to_be_in_pictures.jpg,1980-1984
1982,Six Weeks,data/mp_med/1982_six_weeks.jpg,1980-1984
1982,Forced Vengeance,data/mp_med/1982_forced_vengeance.jpg,1980-1984
1982,The Last Unicorn,data/mp_med/1982_the_last_unicorn.jpg,1980-1984
1982,The Soldier,data/mp_med/1982_the_soldier.jpg,1980-1984
1982,The Border,data/mp_med/1982_the_border.jpg,1980-1984
1982,Partners,data/mp_med/1982_partners.jpg,1980-1984
1982,The State of Things,data/mp_med/1982_the_state_of_things.jpg,1980-1984
1982,Still of the Night,data/mp_med/1982_still_of_the_night.jpg,1980-1984
1982,The Last American Virgin,data/mp_med/1982_the_last_american_virgin.jpg,1980-1984
1982,Megaforce,data/mp_med/1982_megaforce.jpg,1980-1984
1982,Personal Best,data/mp_med/1982_personal_best.jpg,1980-1984
1982,Cannery Row,data/mp_med/1982_cannery_row.jpg,1980-1984
1982,Heidi's Song,data/mp_med/1982_heidis_song.jpg,1980-1984
1982,Tempest,data/mp_med/1982_tempest.jpg,1980-1984
1982,Frances,data/mp_med/1982_frances.jpg,1980-1984
1982,Summer Lovers,data/mp_med/1982_summer_lovers.jpg,1980-1984
1982,Honkytonk Man,data/mp_med/1982_honkytonk_man.jpg,1980-1984
1982,Jekyll and Hyde... Together Again,data/mp_med/1982_jekyll_and_hyde_together_again.jpg,1980-1984
1982,The Challenge,data/mp_med/1982_the_challenge.jpg,1980-1984
1982,Wrong Is Right,data/mp_med/1982_wrong_is_right.jpg,1980-1984
1982,Fighting Back,data/mp_med/1982_fighting_back.jpg,1980-1984
1982,Penitentiary II,data/mp_med/1982_penitentiary_ii.jpg,1980-1984
1982,Homework,data/mp_med/1982_homework.jpg,1980-1984
1982,Jinxed!,data/mp_med/1982_jinxed.jpg,1980-1984
1982,The King of Comedy,data/mp_med/1982_the_king_of_comedy.jpg,1980-1984
1982,A Little Sex,data/mp_med/1982_a_little_sex.jpg,1980-1984
1982,"Yes, Giorgio",data/mp_med/1982_yes_giorgio.jpg,1980-1984
1982,Pieces,data/mp_med/1982_pieces.jpg,1980-1984
1982,Barbarosa,data/mp_med/1982_barbarosa.jpg,1980-1984
1982,"I, the Jury",data/mp_med/1982_i_the_jury.jpg,1980-1984
1982,Endangered Species,data/mp_med/1982_endangered_species.jpg,1980-1984
1982,The House on Sorority Row,data/mp_med/1982_the_house_on_sorority_row.jpg,1980-1984
1982,The Personals,data/mp_med/1982_the_personals.jpg,1980-1984
1982,Lookin' to Get Out,data/mp_med/1982_lookin_to_get_out.jpg,1980-1984
1982,"Come Back to the 5 & Dime Jimmy Dean, Jimmy Dean",data/mp_med/1982_come_back_to_the___dime_jimmy_dean_jimmy_dean.jpg,1980-1984
1983,Star Wars: Episode VI - Return of the Jedi,data/mp_med/1983_star_wars_episode_vi__return_of_the_jedi.jpg,1980-1984
1983,Terms of Endearment,data/mp_med/1983_terms_of_endearment.jpg,1980-1984
1983,Flashdance,data/mp_med/1983_flashdance.jpg,1980-1984
1983,Trading Places,data/mp_med/1983_trading_places.jpg,1980-1984
1983,WarGames,data/mp_med/1983_wargames.jpg,1980-1984
1983,Sudden Impact,data/mp_med/1983_sudden_impact.jpg,1980-1984
1983,Staying Alive,data/mp_med/1983_staying_alive.jpg,1980-1984
1983,Mr. Mom,data/mp_med/1983_mr_mom.jpg,1980-1984
1983,Risky Business,data/mp_med/1983_risky_business.jpg,1980-1984
1983,Vacation,data/mp_med/1983_vacation.jpg,1980-1984
1983,Superman III,data/mp_med/1983_superman_iii.jpg,1980-1984
1983,The Big Chill,data/mp_med/1983_the_big_chill.jpg,1980-1984
1983,Never Say Never Again,data/mp_med/1983_never_say_never_again.jpg,1980-1984
1983,Scarface,data/mp_med/1983_scarface.jpg,1980-1984
1983,Jaws 3-D,data/mp_med/1983_jaws_d.jpg,1980-1984
1983,Blue Thunder,data/mp_med/1983_blue_thunder.jpg,1980-1984
1983,Yentl,data/mp_med/1983_yentl.jpg,1980-1984
1983,Silkwood,data/mp_med/1983_silkwood.jpg,1980-1984
1983,Psycho II,data/mp_med/1983_psycho_ii.jpg,1980-1984
1983,Porky's II: The Next Day,data/mp_med/1983_porkys_ii_the_next_day.jpg,1980-1984
1983,Uncommon Valor,data/mp_med/1983_uncommon_valor.jpg,1980-1984
1983,Never Cry Wolf,data/mp_med/1983_never_cry_wolf.jpg,1980-1984
1983,Twilight Zone: The Movie,data/mp_med/1983_twilight_zone_the_movie.jpg,1980-1984
1983,Easy Money,data/mp_med/1983_easy_money.jpg,1980-1984
1983,High Road to China,data/mp_med/1983_high_road_to_china.jpg,1980-1984
1983,The Outsiders,data/mp_med/1983_the_outsiders.jpg,1980-1984
1983,Spring Break,data/mp_med/1983_spring_break.jpg,1980-1984
1983,Two of a Kind,data/mp_med/1983_two_of_a_kind.jpg,1980-1984
1983,My Tutor,data/mp_med/1983_my_tutor.jpg,1980-1984
1983,The Right Stuff,data/mp_med/1983_the_right_stuff.jpg,1980-1984
1983,Cujo,data/mp_med/1983_cujo.jpg,1980-1984
1983,Christine,data/mp_med/1983_christine.jpg,1980-1984
1983,A Christmas Story,data/mp_med/1983_a_christmas_story.jpg,1980-1984
1983,Breathless,data/mp_med/1983_breathless.jpg,1980-1984
1983,Max Dugan Returns,data/mp_med/1983_max_dugan_returns.jpg,1980-1984
1983,All the Right Moves,data/mp_med/1983_all_the_right_moves.jpg,1980-1984
1983,Valley Girl,data/mp_med/1983_valley_girl.jpg,1980-1984
1983,Spacehunter: Adventures in the Forbidden Zone,data/mp_med/1983_spacehunter_adventures_in_the_forbidden_zone.jpg,1980-1984
1983,D.C. Cab,data/mp_med/1983_dc_cab.jpg,1980-1984
1983,Gorky Park,data/mp_med/1983_gorky_park.jpg,1980-1984
1983,Still Smokin,data/mp_med/1983_still_smokin.jpg,1980-1984
1983,Private School,data/mp_med/1983_private_school.jpg,1980-1984
1983,The Survivors,data/mp_med/1983_the_survivors.jpg,1980-1984
1983,To Be or Not to Be,data/mp_med/1983_to_be_or_not_to_be.jpg,1980-1984
1983,Stroker Ace,data/mp_med/1983_stroker_ace.jpg,1980-1984
1983,Lone Wolf McQuade,data/mp_med/1983_lone_wolf_mcquade.jpg,1980-1984
1983,Deathstalker,data/mp_med/1983_deathstalker.jpg,1980-1984
1983,Zelig,data/mp_med/1983_zelig.jpg,1980-1984
1983,The Lords of Discipline,data/mp_med/1983_the_lords_of_discipline.jpg,1980-1984
1983,Sleepaway Camp,data/mp_med/1983_sleepaway_camp.jpg,1980-1984
1983,The Man Who Loved Women,data/mp_med/1983_the_man_who_loved_women.jpg,1980-1984
1983,Hercules,data/mp_med/1983_hercules.jpg,1980-1984
1983,Doctor Detroit,data/mp_med/1983_doctor_detroit.jpg,1980-1984
1983,Deal of the Century,data/mp_med/1983_deal_of_the_century.jpg,1980-1984
1983,Revenge of the Ninja,data/mp_med/1983_revenge_of_the_ninja.jpg,1980-1984
1983,Lovesick,data/mp_med/1983_lovesick.jpg,1980-1984
1983,The Man with Two Brains,data/mp_med/1983_the_man_with_two_brains.jpg,1980-1984
1983,The Black Stallion Returns,data/mp_med/1983_the_black_stallion_returns.jpg,1980-1984
1983,Bad Boys,data/mp_med/1983_bad_boys.jpg,1980-1984
1983,Brainstorm,data/mp_med/1983_brainstorm.jpg,1980-1984
1983,Tender Mercies,data/mp_med/1983_tender_mercies.jpg,1980-1984
1983,Something Wicked This Way Comes,data/mp_med/1983_something_wicked_this_way_comes.jpg,1980-1984
1983,10 to Midnight,data/mp_med/1983__to_midnight.jpg,1980-1984
1983,Romantic Comedy,data/mp_med/1983_romantic_comedy.jpg,1980-1984
1983,Nightmares,data/mp_med/1983_nightmares.jpg,1980-1984
1983,The Golden Seal,data/mp_med/1983_the_golden_seal.jpg,1980-1984
1983,The Osterman Weekend,data/mp_med/1983_the_osterman_weekend.jpg,1980-1984
1983,Star 80,data/mp_med/1983_star_.jpg,1980-1984
1983,The Sting II,data/mp_med/1983_the_sting_ii.jpg,1980-1984
1983,Amityville 3-D,data/mp_med/1983_amityville_d.jpg,1980-1984
1983,Chained Heat,data/mp_med/1983_chained_heat.jpg,1980-1984
1983,Under Fire,data/mp_med/1983_under_fire.jpg,1980-1984
1983,Smokey and the Bandit Part 3,data/mp_med/1983_smokey_and_the_bandit_part_.jpg,1980-1984
1983,A Night in Heaven,data/mp_med/1983_a_night_in_heaven.jpg,1980-1984
1983,The Star Chamber,data/mp_med/1983_the_star_chamber.jpg,1980-1984
1983,Metalstorm: The Destruction of Jared-Syn,data/mp_med/1983_metalstorm_the_destruction_of_jaredsyn.jpg,1980-1984
1983,Love Letters,data/mp_med/1983_love_letters.jpg,1980-1984
1983,Eddie and the Cruisers,data/mp_med/1983_eddie_and_the_cruisers.jpg,1980-1984
1983,Curse of the Pink Panther,data/mp_med/1983_curse_of_the_pink_panther.jpg,1980-1984
1983,Mortuary,data/mp_med/1983_mortuary.jpg,1980-1984
1983,Trenchcoat,data/mp_med/1983_trenchcoat.jpg,1980-1984
1983,Rumble Fish,data/mp_med/1983_rumble_fish.jpg,1980-1984
1983,The Man Who Wasn't There,data/mp_med/1983_the_man_who_wasnt_there.jpg,1980-1984
1983,Table for Five,data/mp_med/1983_table_for_five.jpg,1980-1984
1983,"Man, Woman and Child",data/mp_med/1983_man_woman_and_child.jpg,1980-1984
1983,Testament,data/mp_med/1983_testament.jpg,1980-1984
1983,Nate and Hayes,data/mp_med/1983_nate_and_hayes.jpg,1980-1984
1983,Baby It's You,data/mp_med/1983_baby_its_you.jpg,1980-1984
1983,Exposed,data/mp_med/1983_exposed.jpg,1980-1984
1983,Deadly Force,data/mp_med/1983_deadly_force.jpg,1980-1984
1983,Get Crazy,data/mp_med/1983_get_crazy.jpg,1980-1984
1983,Lianna,data/mp_med/1983_lianna.jpg,1980-1984
1983,Sahara,data/mp_med/1983_sahara.jpg,1980-1984
1983,Strange Invaders,data/mp_med/1983_strange_invaders.jpg,1980-1984
1983,Eddie Macon's Run,data/mp_med/1983_eddie_macons_run.jpg,1980-1984
1983,Losin' It,data/mp_med/1983_losin_it.jpg,1980-1984
1983,The Lonely Lady,data/mp_med/1983_the_lonely_lady.jpg,1980-1984
1983,Of Unknown Origin,data/mp_med/1983_of_unknown_origin.jpg,1980-1984
1983,Getting It On,data/mp_med/1983_getting_it_on.jpg,1980-1984
1983,Fire and Ice,data/mp_med/1983_fire_and_ice.jpg,1980-1984
1984,Ghostbusters,data/mp_med/1984_ghostbusters.jpg,1980-1984
1984,Beverly Hills Cop,data/mp_med/1984_beverly_hills_cop.jpg,1980-1984
1984,Indiana Jones and the Temple of Doom,data/mp_med/1984_indiana_jones_and_the_temple_of_doom.jpg,1980-1984
1984,Gremlins,data/mp_med/1984_gremlins.jpg,1980-1984
1984,The Karate Kid,data/mp_med/1984_the_karate_kid.jpg,1980-1984
1984,Police Academy,data/mp_med/1984_police_academy.jpg,1980-1984
1984,Footloose,data/mp_med/1984_footloose.jpg,1980-1984
1984,Romancing the Stone,data/mp_med/1984_romancing_the_stone.jpg,1980-1984
1984,Star Trek III: The Search for Spock,data/mp_med/1984_star_trek_iii_the_search_for_spock.jpg,1980-1984
1984,Purple Rain,data/mp_med/1984_purple_rain.jpg,1980-1984
1984,Splash,data/mp_med/1984_splash.jpg,1980-1984
1984,Amadeus,data/mp_med/1984_amadeus.jpg,1980-1984
1984,Tightrope,data/mp_med/1984_tightrope.jpg,1980-1984
1984,The Natural,data/mp_med/1984_the_natural.jpg,1980-1984
1984,"Greystoke: The Legend of Tarzan, Lord of the Apes",data/mp_med/1984_greystoke_the_legend_of_tarzan_lord_of_the_apes.jpg,1980-1984
1984,Revenge of the Nerds,data/mp_med/1984_revenge_of_the_nerds.jpg,1980-1984
1984,2010,data/mp_med/1984_.jpg,1980-1984
1984,Breakin',data/mp_med/1984_breakin.jpg,1980-1984
1984,Bachelor Party,data/mp_med/1984_bachelor_party.jpg,1980-1984
1984,The Terminator,data/mp_med/1984_the_terminator.jpg,1980-1984
1984,Red Dawn,data/mp_med/1984_red_dawn.jpg,1980-1984
1984,City Heat,data/mp_med/1984_city_heat.jpg,1980-1984
1984,All of Me,data/mp_med/1984_all_of_me.jpg,1980-1984
1984,Ghoulies,data/mp_med/1984_ghoulies.jpg,1980-1984
1984,Places in the Heart,data/mp_med/1984_places_in_the_heart.jpg,1980-1984
1984,Friday the 13th: The Final Chapter,data/mp_med/1984_friday_the_th_the_final_chapter.jpg,1980-1984
1984,Conan the Destroyer,data/mp_med/1984_conan_the_destroyer.jpg,1980-1984
1984,Dune,data/mp_med/1984_dune.jpg,1980-1984
1984,The Last Starfighter,data/mp_med/1984_the_last_starfighter.jpg,1980-1984
1984,Starman,data/mp_med/1984_starman.jpg,1980-1984
1984,Cannonball Run II,data/mp_med/1984_cannonball_run_ii.jpg,1980-1984
1984,Teachers,data/mp_med/1984_teachers.jpg,1980-1984
1984,A Passage to India,data/mp_med/1984_a_passage_to_india.jpg,1980-1984
1984,Protocol,data/mp_med/1984_protocol.jpg,1980-1984
1984,Micki + Maude,data/mp_med/1984_micki__maude.jpg,1980-1984
1984,The Cotton Club,data/mp_med/1984_the_cotton_club.jpg,1980-1984
1984,The Muppets Take Manhattan,data/mp_med/1984_the_muppets_take_manhattan.jpg,1980-1984
1984,A Nightmare on Elm Street,data/mp_med/1984_a_nightmare_on_elm_street.jpg,1980-1984
1984,The Woman in Red,data/mp_med/1984_the_woman_in_red.jpg,1980-1984
1984,Moscow on the Hudson,data/mp_med/1984_moscow_on_the_hudson.jpg,1980-1984
1984,Against All Odds,data/mp_med/1984_against_all_odds.jpg,1980-1984
1984,The Flamingo Kid,data/mp_med/1984_the_flamingo_kid.jpg,1980-1984
1984,Sixteen Candles,data/mp_med/1984_sixteen_candles.jpg,1980-1984
1984,Missing in Action,data/mp_med/1984_missing_in_action.jpg,1980-1984
1984,A Soldier's Story,data/mp_med/1984_a_soldiers_story.jpg,1980-1984
1984,"Oh, God! You Devil",data/mp_med/1984_oh_god_you_devil.jpg,1980-1984
1984,Rhinestone,data/mp_med/1984_rhinestone.jpg,1980-1984
1984,Weekend Pass,data/mp_med/1984_weekend_pass.jpg,1980-1984
1984,Top Secret!,data/mp_med/1984_top_secret.jpg,1980-1984
1984,Hot Dog... The Movie,data/mp_med/1984_hot_dog_the_movie.jpg,1980-1984
1984,Unfaithfully Yours,data/mp_med/1984_unfaithfully_yours.jpg,1980-1984
1984,Best Defense,data/mp_med/1984_best_defense.jpg,1980-1984
1984,Blame It on Rio,data/mp_med/1984_blame_it_on_rio.jpg,1980-1984
1984,Lassiter,data/mp_med/1984_lassiter.jpg,1980-1984
1984,Angel,data/mp_med/1984_angel.jpg,1980-1984
1984,Beat Street,data/mp_med/1984_beat_street.jpg,1980-1984
1984,Breakin' 2: Electric Boogaloo,data/mp_med/1984_breakin__electric_boogaloo.jpg,1980-1984
1984,Firestarter,data/mp_med/1984_firestarter.jpg,1980-1984
1984,The Adventures of Pinocchio,data/mp_med/1984_the_adventures_of_pinocchio.jpg,1980-1984
1984,Children of the Corn,data/mp_med/1984_children_of_the_corn.jpg,1980-1984
1984,Night of the Comet,data/mp_med/1984_night_of_the_comet.jpg,1980-1984
1984,The Ice Pirates,data/mp_med/1984_the_ice_pirates.jpg,1980-1984
1984,Tank,data/mp_med/1984_tank.jpg,1980-1984
1984,Supergirl,data/mp_med/1984_supergirl.jpg,1980-1984
1984,The Evil That Men Do,data/mp_med/1984_the_evil_that_men_do.jpg,1980-1984
1984,Irreconcilable Differences,data/mp_med/1984_irreconcilable_differences.jpg,1980-1984
1984,Up the Creek,data/mp_med/1984_up_the_creek.jpg,1980-1984
1984,The River,data/mp_med/1984_the_river.jpg,1980-1984
1984,Dreamscape,data/mp_med/1984_dreamscape.jpg,1980-1984
1984,The Wild Life,data/mp_med/1984_the_wild_life.jpg,1980-1984
1984,Broadway Danny Rose,data/mp_med/1984_broadway_danny_rose.jpg,1980-1984
1984,Falling in Love,data/mp_med/1984_falling_in_love.jpg,1980-1984
1984,Where the Boys Are,data/mp_med/1984_where_the_boys_are.jpg,1980-1984
1984,Thief of Hearts,data/mp_med/1984_thief_of_hearts.jpg,1980-1984
1984,Cloak & Dagger,data/mp_med/1984_cloak__dagger.jpg,1980-1984
1984,Country,data/mp_med/1984_country.jpg,1980-1984
1984,Bolero,data/mp_med/1984_bolero.jpg,1980-1984
1984,Body Double,data/mp_med/1984_body_double.jpg,1980-1984
1984,The Bounty,data/mp_med/1984_the_bounty.jpg,1980-1984
1984,Reckless,data/mp_med/1984_reckless.jpg,1980-1984
1984,The Philadelphia Experiment,data/mp_med/1984_the_philadelphia_experiment.jpg,1980-1984
1984,Streets of Fire,data/mp_med/1984_streets_of_fire.jpg,1980-1984
1984,Just the Way You Are,data/mp_med/1984_just_the_way_you_are.jpg,1980-1984
1984,The Little Drummer Girl,data/mp_med/1984_the_little_drummer_girl.jpg,1980-1984
1984,Ninja III: The Domination,data/mp_med/1984_ninja_iii_the_domination.jpg,1980-1984
1984,Iceman,data/mp_med/1984_iceman.jpg,1980-1984
1984,Hardbodies,data/mp_med/1984_hardbodies.jpg,1980-1984
1984,Runaway,data/mp_med/1984_runaway.jpg,1980-1984
1984,Swing Shift,data/mp_med/1984_swing_shift.jpg,1980-1984
1984,The Razor's Edge,data/mp_med/1984_the_razors_edge.jpg,1980-1984
1984,The Adventures of Buckaroo Banzai Across the 8th Dimension,data/mp_med/1984_the_adventures_of_buckaroo_banzai_across_the_th_dimension.jpg,1980-1984
1984,Firstborn,data/mp_med/1984_firstborn.jpg,1980-1984
1984,The Pope of Greenwich Village,data/mp_med/1984_the_pope_of_greenwich_village.jpg,1980-1984
1984,Racing with the Moon,data/mp_med/1984_racing_with_the_moon.jpg,1980-1984
1984,Sheena,data/mp_med/1984_sheena.jpg,1980-1984
1984,The Lonely Guy,data/mp_med/1984_the_lonely_guy.jpg,1980-1984
1984,Meatballs Part II,data/mp_med/1984_meatballs_part_ii.jpg,1980-1984
1984,Once Upon a Time in America,data/mp_med/1984_once_upon_a_time_in_america.jpg,1980-1984
1984,The Hotel New Hampshire,data/mp_med/1984_the_hotel_new_hampshire.jpg,1980-1984
1984,American Dreamer,data/mp_med/1984_american_dreamer.jpg,1980-1984
1985,Back to the Future,data/mp_med/1985_back_to_the_future.jpg,1985-1989
1985,Rambo: First Blood Part II,data/mp_med/1985_rambo_first_blood_part_ii.jpg,1985-1989
1985,Rocky IV,data/mp_med/1985_rocky_iv.jpg,1985-1989
1985,The Color Purple,data/mp_med/1985_the_color_purple.jpg,1985-1989
1985,Out of Africa,data/mp_med/1985_out_of_africa.jpg,1985-1989
1985,Cocoon,data/mp_med/1985_cocoon.jpg,1985-1989
1985,The Jewel of the Nile,data/mp_med/1985_the_jewel_of_the_nile.jpg,1985-1989
1985,Witness,data/mp_med/1985_witness.jpg,1985-1989
1985,The Goonies,data/mp_med/1985_the_goonies.jpg,1985-1989
1985,Spies Like Us,data/mp_med/1985_spies_like_us.jpg,1985-1989
1985,Police Academy 2: Their First Assignment,data/mp_med/1985_police_academy__their_first_assignment.jpg,1985-1989
1985,Fletch,data/mp_med/1985_fletch.jpg,1985-1989
1985,National Lampoon's European Vacation,data/mp_med/1985_national_lampoons_european_vacation.jpg,1985-1989
1985,Mask,data/mp_med/1985_mask.jpg,1985-1989
1985,The Breakfast Club,data/mp_med/1985_the_breakfast_club.jpg,1985-1989
1985,White Nights,data/mp_med/1985_white_nights.jpg,1985-1989
1985,Pale Rider,data/mp_med/1985_pale_rider.jpg,1985-1989
1985,Pee-wee's Big Adventure,data/mp_med/1985_peewees_big_adventure.jpg,1985-1989
1985,Jagged Edge,data/mp_med/1985_jagged_edge.jpg,1985-1989
1985,Brewster's Millions,data/mp_med/1985_brewsters_millions.jpg,1985-1989
1985,St. Elmo's Fire,data/mp_med/1985_st_elmos_fire.jpg,1985-1989
1985,Commando,data/mp_med/1985_commando.jpg,1985-1989
1985,Silverado,data/mp_med/1985_silverado.jpg,1985-1989
1985,Teen Wolf,data/mp_med/1985_teen_wolf.jpg,1985-1989
1985,Murphy's Romance,data/mp_med/1985_murphys_romance.jpg,1985-1989
1985,A Nightmare on Elm Street 2: Freddy's Revenge,data/mp_med/1985_a_nightmare_on_elm_street__freddys_revenge.jpg,1985-1989
1985,Desperately Seeking Susan,data/mp_med/1985_desperately_seeking_susan.jpg,1985-1989
1985,Prizzi's Honor,data/mp_med/1985_prizzis_honor.jpg,1985-1989
1985,The Last Dragon,data/mp_med/1985_the_last_dragon.jpg,1985-1989
1985,Agnes of God,data/mp_med/1985_agnes_of_god.jpg,1985-1989
1985,Fright Night,data/mp_med/1985_fright_night.jpg,1985-1989
1985,Summer Rental,data/mp_med/1985_summer_rental.jpg,1985-1989
1985,Weird Science,data/mp_med/1985_weird_science.jpg,1985-1989
1985,Santa Claus: The Movie,data/mp_med/1985_santa_claus_the_movie.jpg,1985-1989
1985,The Care Bears Movie,data/mp_med/1985_the_care_bears_movie.jpg,1985-1989
1985,Friday the 13th: A New Beginning,data/mp_med/1985_friday_the_th_a_new_beginning.jpg,1985-1989
1985,The Black Cauldron,data/mp_med/1985_the_black_cauldron.jpg,1985-1989
1985,Porky's Revenge,data/mp_med/1985_porkys_revenge.jpg,1985-1989
1985,Code of Silence,data/mp_med/1985_code_of_silence.jpg,1985-1989
1985,Volunteers,data/mp_med/1985_volunteers.jpg,1985-1989
1985,Young Sherlock Holmes,data/mp_med/1985_young_sherlock_holmes.jpg,1985-1989
1985,House,data/mp_med/1985_house.jpg,1985-1989
1985,Year of the Dragon,data/mp_med/1985_year_of_the_dragon.jpg,1985-1989
1985,Ladyhawke,data/mp_med/1985_ladyhawke.jpg,1985-1989
1985,The Sure Thing,data/mp_med/1985_the_sure_thing.jpg,1985-1989
1985,Invasion U.S.A.,data/mp_med/1985_invasion_usa.jpg,1985-1989
1985,To Live and Die in L.A.,data/mp_med/1985_to_live_and_die_in_la.jpg,1985-1989
1985,The Falcon and the Snowman,data/mp_med/1985_the_falcon_and_the_snowman.jpg,1985-1989
1985,Kiss of the Spider Woman,data/mp_med/1985_kiss_of_the_spider_woman.jpg,1985-1989
1985,Death Wish 3,data/mp_med/1985_death_wish_.jpg,1985-1989
1985,Legend,data/mp_med/1985_legend.jpg,1985-1989
1985,King Solomon's Mines,data/mp_med/1985_king_solomons_mines.jpg,1985-1989
1985,Baby: Secret of the Lost Legend,data/mp_med/1985_baby_secret_of_the_lost_legend.jpg,1985-1989
1985,Clue,data/mp_med/1985_clue.jpg,1985-1989
1985,The Return of the Living Dead,data/mp_med/1985_the_return_of_the_living_dead.jpg,1985-1989
1985,A Chorus Line,data/mp_med/1985_a_chorus_line.jpg,1985-1989
1985,Tomboy,data/mp_med/1985_tomboy.jpg,1985-1989
1985,One Magic Christmas,data/mp_med/1985_one_magic_christmas.jpg,1985-1989
1985,Cat's Eye,data/mp_med/1985_cats_eye.jpg,1985-1989
1985,Real Genius,data/mp_med/1985_real_genius.jpg,1985-1989
1985,Perfect,data/mp_med/1985_perfect.jpg,1985-1989
1985,Vision Quest,data/mp_med/1985_vision_quest.jpg,1985-1989
1985,Compromising Positions,data/mp_med/1985_compromising_positions.jpg,1985-1989
1985,Lifeforce,data/mp_med/1985_lifeforce.jpg,1985-1989
1985,Just One of the Guys,data/mp_med/1985_just_one_of_the_guys.jpg,1985-1989
1985,Krush Groove,data/mp_med/1985_krush_groove.jpg,1985-1989
1985,Gotcha!,data/mp_med/1985_gotcha.jpg,1985-1989
1985,Missing in Action 2: The Beginning,data/mp_med/1985_missing_in_action__the_beginning.jpg,1985-1989
1985,The Purple Rose of Cairo,data/mp_med/1985_the_purple_rose_of_cairo.jpg,1985-1989
1985,Moving Violations,data/mp_med/1985_moving_violations.jpg,1985-1989
1985,After Hours,data/mp_med/1985_after_hours.jpg,1985-1989
1985,American Ninja,data/mp_med/1985_american_ninja.jpg,1985-1989
1985,Better Off Dead...,data/mp_med/1985_better_off_dead.jpg,1985-1989
1985,Lost in America,data/mp_med/1985_lost_in_america.jpg,1985-1989
1985,Once Bitten,data/mp_med/1985_once_bitten.jpg,1985-1989
1985,Brazil,data/mp_med/1985_brazil.jpg,1985-1989
1985,Explorers,data/mp_med/1985_explorers.jpg,1985-1989
1985,Tuff Turf,data/mp_med/1985_tuff_turf.jpg,1985-1989
1985,Sweet Dreams,data/mp_med/1985_sweet_dreams.jpg,1985-1989
1985,Mischief,data/mp_med/1985_mischief.jpg,1985-1989
1985,That Was Then... This Is Now,data/mp_med/1985_that_was_then_this_is_now.jpg,1985-1989
1985,Secret Admirer,data/mp_med/1985_secret_admirer.jpg,1985-1989
1985,The Man with One Red Shoe,data/mp_med/1985_the_man_with_one_red_shoe.jpg,1985-1989
1985,Stick,data/mp_med/1985_stick.jpg,1985-1989
1985,Twice in a Lifetime,data/mp_med/1985_twice_in_a_lifetime.jpg,1985-1989
1985,Runaway Train,data/mp_med/1985_runaway_train.jpg,1985-1989
1985,D.A.R.Y.L.,data/mp_med/1985_daryl.jpg,1985-1989
1985,The Secret of the Sword,data/mp_med/1985_the_secret_of_the_sword.jpg,1985-1989
1985,Into the Night,data/mp_med/1985_into_the_night.jpg,1985-1989
1985,The Trip to Bountiful,data/mp_med/1985_the_trip_to_bountiful.jpg,1985-1989
1985,Transylvania 6-5000,data/mp_med/1985_transylvania_.jpg,1985-1989
1985,Red Sonja,data/mp_med/1985_red_sonja.jpg,1985-1989
1985,Here Come the Littles,data/mp_med/1985_here_come_the_littles.jpg,1985-1989
1985,Girls Just Want to Have Fun,data/mp_med/1985_girls_just_want_to_have_fun.jpg,1985-1989
1985,Plenty,data/mp_med/1985_plenty.jpg,1985-1989
1985,Rustlers' Rhapsody,data/mp_med/1985_rustlers_rhapsody.jpg,1985-1989
1985,Heaven Help Us,data/mp_med/1985_heaven_help_us.jpg,1985-1989
1985,Day of the Dead,data/mp_med/1985_day_of_the_dead.jpg,1985-1989
1985,Gymkata,data/mp_med/1985_gymkata.jpg,1985-1989
1985,Avenging Angel,data/mp_med/1985_avenging_angel.jpg,1985-1989
1986,Top Gun,data/mp_med/1986_top_gun.jpg,1985-1989
1986,Platoon,data/mp_med/1986_platoon.jpg,1985-1989
1986,The Karate Kid Part II,data/mp_med/1986_the_karate_kid_part_ii.jpg,1985-1989
1986,Star Trek IV: The Voyage Home,data/mp_med/1986_star_trek_iv_the_voyage_home.jpg,1985-1989
1986,Back to School,data/mp_med/1986_back_to_school.jpg,1985-1989
1986,Aliens,data/mp_med/1986_aliens.jpg,1985-1989
1986,The Golden Child,data/mp_med/1986_the_golden_child.jpg,1985-1989
1986,Ruthless People,data/mp_med/1986_ruthless_people.jpg,1985-1989
1986,Ferris Bueller's Day Off,data/mp_med/1986_ferris_buellers_day_off.jpg,1985-1989
1986,Down and Out in Beverly Hills,data/mp_med/1986_down_and_out_in_beverly_hills.jpg,1985-1989
1986,The Color of Money,data/mp_med/1986_the_color_of_money.jpg,1985-1989
1986,Stand by Me,data/mp_med/1986_stand_by_me.jpg,1985-1989
1986,Legal Eagles,data/mp_med/1986_legal_eagles.jpg,1985-1989
1986,Cobra,data/mp_med/1986_cobra.jpg,1985-1989
1986,An American Tail,data/mp_med/1986_an_american_tail.jpg,1985-1989
1986,Police Academy 3: Back in Training,data/mp_med/1986_police_academy__back_in_training.jpg,1985-1989
1986,Heartbreak Ridge,data/mp_med/1986_heartbreak_ridge.jpg,1985-1989
1986,Peggy Sue Got Married,data/mp_med/1986_peggy_sue_got_married.jpg,1985-1989
1986,Poltergeist II: The Other Side,data/mp_med/1986_poltergeist_ii_the_other_side.jpg,1985-1989
1986,Short Circuit,data/mp_med/1986_short_circuit.jpg,1985-1989
1986,Pretty in Pink,data/mp_med/1986_pretty_in_pink.jpg,1985-1989
1986,The Fly,data/mp_med/1986_the_fly.jpg,1985-1989
1986,Hannah and Her Sisters,data/mp_med/1986_hannah_and_her_sisters.jpg,1985-1989
1986,¡Three Amigos!,data/mp_med/1986_three_amigos.jpg,1985-1989
1986,Little Shop of Horrors,data/mp_med/1986_little_shop_of_horrors.jpg,1985-1989
1986,About Last Night...,data/mp_med/1986_about_last_night.jpg,1985-1989
1986,The Great Mouse Detective,data/mp_med/1986_the_great_mouse_detective.jpg,1985-1989
1986,Running Scared,data/mp_med/1986_running_scared.jpg,1985-1989
1986,The Money Pit,data/mp_med/1986_the_money_pit.jpg,1985-1989
1986,Gung Ho,data/mp_med/1986_gung_ho.jpg,1985-1989
1986,Nothing in Common,data/mp_med/1986_nothing_in_common.jpg,1985-1989
1986,Children of a Lesser God,data/mp_med/1986_children_of_a_lesser_god.jpg,1985-1989
1986,Hoosiers,data/mp_med/1986_hoosiers.jpg,1985-1989
1986,Soul Man,data/mp_med/1986_soul_man.jpg,1985-1989
1986,Wildcats,data/mp_med/1986_wildcats.jpg,1985-1989
1986,Jumpin' Jack Flash,data/mp_med/1986_jumpin_jack_flash.jpg,1985-1989
1986,Heartburn,data/mp_med/1986_heartburn.jpg,1985-1989
1986,The Morning After,data/mp_med/1986_the_morning_after.jpg,1985-1989
1986,Iron Eagle,data/mp_med/1986_iron_eagle.jpg,1985-1989
1986,Crimes of the Heart,data/mp_med/1986_crimes_of_the_heart.jpg,1985-1989
1986,Tough Guys,data/mp_med/1986_tough_guys.jpg,1985-1989
1986,F/X,data/mp_med/1986_fx.jpg,1985-1989
1986,Friday the 13th Part VI: Jason Lives,data/mp_med/1986_friday_the_th_part_vi_jason_lives.jpg,1985-1989
1986,Flight of the Navigator,data/mp_med/1986_flight_of_the_navigator.jpg,1985-1989
1986,"Jo Jo Dancer, Your Life Is Calling",data/mp_med/1986_jo_jo_dancer_your_life_is_calling.jpg,1985-1989
1986,The Delta Force,data/mp_med/1986_the_delta_force.jpg,1985-1989
1986,The Big Easy,data/mp_med/1986_the_big_easy.jpg,1985-1989
1986,Howard the Duck,data/mp_med/1986_howard_the_duck.jpg,1985-1989
1986,Raw Deal,data/mp_med/1986_raw_deal.jpg,1985-1989
1986,Armed and Dangerous,data/mp_med/1986_armed_and_dangerous.jpg,1985-1989
1986,Youngblood,data/mp_med/1986_youngblood.jpg,1985-1989
1986,Psycho III,data/mp_med/1986_psycho_iii.jpg,1985-1989
1986,The Mosquito Coast,data/mp_med/1986_the_mosquito_coast.jpg,1985-1989
1986,Sweet Liberty,data/mp_med/1986_sweet_liberty.jpg,1985-1989
1986,One Crazy Summer,data/mp_med/1986_one_crazy_summer.jpg,1985-1989
1986,Extremities,data/mp_med/1986_extremities.jpg,1985-1989
1986,Critters,data/mp_med/1986_critters.jpg,1985-1989
1986,April Fool's Day,data/mp_med/1986_april_fools_day.jpg,1985-1989
1986,Labyrinth,data/mp_med/1986_labyrinth.jpg,1985-1989
1986,Club Paradise,data/mp_med/1986_club_paradise.jpg,1985-1989
1986,No Mercy,data/mp_med/1986_no_mercy.jpg,1985-1989
1986,Brighton Beach Memoirs,data/mp_med/1986_brighton_beach_memoirs.jpg,1985-1989
1986,Firewalker,data/mp_med/1986_firewalker.jpg,1985-1989
1986,Big Trouble in Little China,data/mp_med/1986_big_trouble_in_little_china.jpg,1985-1989
1986,Under the Cherry Moon,data/mp_med/1986_under_the_cherry_moon.jpg,1985-1989
1986,Murphy's Law,data/mp_med/1986_murphys_law.jpg,1985-1989
1986,SpaceCamp,data/mp_med/1986_spacecamp.jpg,1985-1989
1986,Deadly Friend,data/mp_med/1986_deadly_friend.jpg,1985-1989
1986,Manhunter,data/mp_med/1986_manhunter.jpg,1985-1989
1986,Blue Velvet,data/mp_med/1986_blue_velvet.jpg,1985-1989
1986,Care Bears Movie II: A New Generation,data/mp_med/1986_care_bears_movie_ii_a_new_generation.jpg,1985-1989
1986,Wise Guys,data/mp_med/1986_wise_guys.jpg,1985-1989
1986,Something Wild,data/mp_med/1986_something_wild.jpg,1985-1989
1986,Lucas,data/mp_med/1986_lucas.jpg,1985-1989
1986,Haunted Honeymoon,data/mp_med/1986_haunted_honeymoon.jpg,1985-1989
1986,The Texas Chainsaw Massacre 2,data/mp_med/1986_the_texas_chainsaw_massacre_.jpg,1985-1989
1986,The Best of Times,data/mp_med/1986_the_best_of_times.jpg,1985-1989
1986,Quicksilver,data/mp_med/1986_quicksilver.jpg,1985-1989
1986,Wanted: Dead or Alive,data/mp_med/1986_wanted_dead_or_alive.jpg,1985-1989
1986,Maximum Overdrive,data/mp_med/1986_maximum_overdrive.jpg,1985-1989
1986,Witchboard,data/mp_med/1986_witchboard.jpg,1985-1989
1986,The Boy Who Could Fly,data/mp_med/1986_the_boy_who_could_fly.jpg,1985-1989
1986,She's Gotta Have It,data/mp_med/1986_shes_gotta_have_it.jpg,1985-1989
1986,Blue City,data/mp_med/1986_blue_city.jpg,1985-1989
1986,Trick or Treat,data/mp_med/1986_trick_or_treat.jpg,1985-1989
1986,9½ Weeks,data/mp_med/1986__weeks.jpg,1985-1989
1986,Black Moon Rising,data/mp_med/1986_black_moon_rising.jpg,1985-1989
1986,Just Between Friends,data/mp_med/1986_just_between_friends.jpg,1985-1989
1986,A Fine Mess,data/mp_med/1986_a_fine_mess.jpg,1985-1989
1986,My Little Pony: The Movie,data/mp_med/1986_my_little_pony_the_movie.jpg,1985-1989
1986,The Transformers: The Movie,data/mp_med/1986_the_transformers_the_movie.jpg,1985-1989
1986,The Hitcher,data/mp_med/1986_the_hitcher.jpg,1985-1989
1986,Crossroads,data/mp_med/1986_crossroads.jpg,1985-1989
1986,Wisdom,data/mp_med/1986_wisdom.jpg,1985-1989
1986,Troll,data/mp_med/1986_troll.jpg,1985-1989
1986,52 Pick-Up,data/mp_med/1986__pickup.jpg,1985-1989
1986,Out of Bounds,data/mp_med/1986_out_of_bounds.jpg,1985-1989
1986,Vamp,data/mp_med/1986_vamp.jpg,1985-1989
1986,Invaders from Mars,data/mp_med/1986_invaders_from_mars.jpg,1985-1989
1986,Band of the Hand,data/mp_med/1986_band_of_the_hand.jpg,1985-1989
1987,Three Men and a Baby,data/mp_med/1987_three_men_and_a_baby.jpg,1985-1989
1987,Fatal Attraction,data/mp_med/1987_fatal_attraction.jpg,1985-1989
1987,Beverly Hills Cop II,data/mp_med/1987_beverly_hills_cop_ii.jpg,1985-1989
1987,"Good Morning, Vietnam",data/mp_med/1987_good_morning_vietnam.jpg,1985-1989
1987,Moonstruck,data/mp_med/1987_moonstruck.jpg,1985-1989
1987,The Untouchables,data/mp_med/1987_the_untouchables.jpg,1985-1989
1987,The Secret of My Success,data/mp_med/1987_the_secret_of_my_success.jpg,1985-1989
1987,Stakeout,data/mp_med/1987_stakeout.jpg,1985-1989
1987,Lethal Weapon,data/mp_med/1987_lethal_weapon.jpg,1985-1989
1987,The Witches of Eastwick,data/mp_med/1987_the_witches_of_eastwick.jpg,1985-1989
1987,Predator,data/mp_med/1987_predator.jpg,1985-1989
1987,Throw Momma from the Train,data/mp_med/1987_throw_momma_from_the_train.jpg,1985-1989
1987,Dragnet,data/mp_med/1987_dragnet.jpg,1985-1989
1987,La Bamba,data/mp_med/1987_la_bamba.jpg,1985-1989
1987,RoboCop,data/mp_med/1987_robocop.jpg,1985-1989
1987,Outrageous Fortune,data/mp_med/1987_outrageous_fortune.jpg,1985-1989
1987,Broadcast News,data/mp_med/1987_broadcast_news.jpg,1985-1989
1987,"Planes, Trains & Automobiles",data/mp_med/1987_planes_trains__automobiles.jpg,1985-1989
1987,Full Metal Jacket,data/mp_med/1987_full_metal_jacket.jpg,1985-1989
1987,A Nightmare on Elm Street 3: Dream Warriors,data/mp_med/1987_a_nightmare_on_elm_street__dream_warriors.jpg,1985-1989
1987,Wall Street,data/mp_med/1987_wall_street.jpg,1985-1989
1987,Mannequin,data/mp_med/1987_mannequin.jpg,1985-1989
1987,Roxanne,data/mp_med/1987_roxanne.jpg,1985-1989
1987,Blind Date,data/mp_med/1987_blind_date.jpg,1985-1989
1987,The Running Man,data/mp_med/1987_the_running_man.jpg,1985-1989
1987,Spaceballs,data/mp_med/1987_spaceballs.jpg,1985-1989
1987,Summer School,data/mp_med/1987_summer_school.jpg,1985-1989
1987,No Way Out,data/mp_med/1987_no_way_out.jpg,1985-1989
1987,Like Father Like Son,data/mp_med/1987_like_father_like_son.jpg,1985-1989
1987,Adventures in Babysitting,data/mp_med/1987_adventures_in_babysitting.jpg,1985-1989
1987,*batteries not included,data/mp_med/1987_batteries_not_included.jpg,1985-1989
1987,The Lost Boys,data/mp_med/1987_the_lost_boys.jpg,1985-1989
1987,Can't Buy Me Love,data/mp_med/1987_cant_buy_me_love.jpg,1985-1989
1987,Nuts,data/mp_med/1987_nuts.jpg,1985-1989
1987,The Princess Bride,data/mp_med/1987_the_princess_bride.jpg,1985-1989
1987,Revenge of the Nerds II: Nerds in Paradise,data/mp_med/1987_revenge_of_the_nerds_ii_nerds_in_paradise.jpg,1985-1989
1987,Harry and the Hendersons,data/mp_med/1987_harry_and_the_hendersons.jpg,1985-1989
1987,Police Academy 4: Citizens on Patrol,data/mp_med/1987_police_academy__citizens_on_patrol.jpg,1985-1989
1987,Overboard,data/mp_med/1987_overboard.jpg,1985-1989
1987,Baby Boom,data/mp_med/1987_baby_boom.jpg,1985-1989
1987,Innerspace,data/mp_med/1987_innerspace.jpg,1985-1989
1987,Tin Men,data/mp_med/1987_tin_men.jpg,1985-1989
1987,Black Widow,data/mp_med/1987_black_widow.jpg,1985-1989
1987,Ernest Goes to Camp,data/mp_med/1987_ernest_goes_to_camp.jpg,1985-1989
1987,Raising Arizona,data/mp_med/1987_raising_arizona.jpg,1985-1989
1987,Benji the Hunted,data/mp_med/1987_benji_the_hunted.jpg,1985-1989
1987,Empire of the Sun,data/mp_med/1987_empire_of_the_sun.jpg,1985-1989
1987,Jaws: The Revenge,data/mp_med/1987_jaws_the_revenge.jpg,1985-1989
1987,Hello Again,data/mp_med/1987_hello_again.jpg,1985-1989
1987,Critical Condition,data/mp_med/1987_critical_condition.jpg,1985-1989
1987,The Principal,data/mp_med/1987_the_principal.jpg,1985-1989
1987,Suspect,data/mp_med/1987_suspect.jpg,1985-1989
1987,The Believers,data/mp_med/1987_the_believers.jpg,1985-1989
1987,Some Kind of Wonderful,data/mp_med/1987_some_kind_of_wonderful.jpg,1985-1989
1987,Project X,data/mp_med/1987_project_x.jpg,1985-1989
1987,Born in East L.A.,data/mp_med/1987_born_in_east_la.jpg,1985-1989
1987,Masters of the Universe,data/mp_med/1987_masters_of_the_universe.jpg,1985-1989
1987,Angel Heart,data/mp_med/1987_angel_heart.jpg,1985-1989
1987,Burglar,data/mp_med/1987_burglar.jpg,1985-1989
1987,Over the Top,data/mp_med/1987_over_the_top.jpg,1985-1989
1987,Superman IV: The Quest for Peace,data/mp_med/1987_superman_iv_the_quest_for_peace.jpg,1985-1989
1987,Flowers in the Attic,data/mp_med/1987_flowers_in_the_attic.jpg,1985-1989
1987,Radio Days,data/mp_med/1987_radio_days.jpg,1985-1989
1987,Ishtar,data/mp_med/1987_ishtar.jpg,1985-1989
1987,Prince of Darkness,data/mp_med/1987_prince_of_darkness.jpg,1985-1989
1987,Creepshow 2,data/mp_med/1987_creepshow_.jpg,1985-1989
1987,Hamburger Hill,data/mp_med/1987_hamburger_hill.jpg,1985-1989
1987,The Pick-up Artist,data/mp_med/1987_the_pickup_artist.jpg,1985-1989
1987,Back to the Beach,data/mp_med/1987_back_to_the_beach.jpg,1985-1989
1987,The Bedroom Window,data/mp_med/1987_the_bedroom_window.jpg,1985-1989
1987,Less Than Zero,data/mp_med/1987_less_than_zero.jpg,1985-1989
1987,Fatal Beauty,data/mp_med/1987_fatal_beauty.jpg,1985-1989
1987,Extreme Prejudice,data/mp_med/1987_extreme_prejudice.jpg,1985-1989
1987,Light of Day,data/mp_med/1987_light_of_day.jpg,1985-1989
1987,Disorderlies,data/mp_med/1987_disorderlies.jpg,1985-1989
1987,Someone to Watch Over Me,data/mp_med/1987_someone_to_watch_over_me.jpg,1985-1989
1987,Hope and Glory,data/mp_med/1987_hope_and_glory.jpg,1985-1989
1987,Maid to Order,data/mp_med/1987_maid_to_order.jpg,1985-1989
1987,The Hidden,data/mp_med/1987_the_hidden.jpg,1985-1989
1987,From the Hip,data/mp_med/1987_from_the_hip.jpg,1985-1989
1987,Teen Wolf Too,data/mp_med/1987_teen_wolf_too.jpg,1985-1989
1987,House II: The Second Story,data/mp_med/1987_house_ii_the_second_story.jpg,1985-1989
1987,Ironweed,data/mp_med/1987_ironweed.jpg,1985-1989
1987,Who's That Girl,data/mp_med/1987_whos_that_girl.jpg,1985-1989
1987,Hiding Out,data/mp_med/1987_hiding_out.jpg,1985-1989
1987,Death Wish 4: The Crackdown,data/mp_med/1987_death_wish__the_crackdown.jpg,1985-1989
1987,The Chipmunk Adventure,data/mp_med/1987_the_chipmunk_adventure.jpg,1985-1989
1987,Assassination,data/mp_med/1987_assassination.jpg,1985-1989
1987,Evil Dead II,data/mp_med/1987_evil_dead_ii.jpg,1985-1989
1987,Surrender,data/mp_med/1987_surrender.jpg,1985-1989
1987,Nadine,data/mp_med/1987_nadine.jpg,1985-1989
1987,The Sicilian,data/mp_med/1987_the_sicilian.jpg,1985-1989
1987,Gardens of Stone,data/mp_med/1987_gardens_of_stone.jpg,1985-1989
1987,Hollywood Shuffle,data/mp_med/1987_hollywood_shuffle.jpg,1985-1989
1987,Leonard Part 6,data/mp_med/1987_leonard_part_.jpg,1985-1989
1987,Made in Heaven,data/mp_med/1987_made_in_heaven.jpg,1985-1989
1987,Death Before Dishonor,data/mp_med/1987_death_before_dishonor.jpg,1985-1989
1987,Best Seller,data/mp_med/1987_best_seller.jpg,1985-1989
1987,Hot Pursuit,data/mp_med/1987_hot_pursuit.jpg,1985-1989
1987,American Ninja 2: The Confrontation,data/mp_med/1987_american_ninja__the_confrontation.jpg,1985-1989
1988,Rain Man,data/mp_med/1988_rain_man.jpg,1985-1989
1988,Who Framed Roger Rabbit,data/mp_med/1988_who_framed_roger_rabbit.jpg,1985-1989
1988,Coming to America,data/mp_med/1988_coming_to_america.jpg,1985-1989
1988,Big,data/mp_med/1988_big.jpg,1985-1989
1988,Twins,data/mp_med/1988_twins.jpg,1985-1989
1988,Die Hard,data/mp_med/1988_die_hard.jpg,1985-1989
1988,The Naked Gun: From the Files of Police Squad!,data/mp_med/1988_the_naked_gun_from_the_files_of_police_squad.jpg,1985-1989
1988,Cocktail,data/mp_med/1988_cocktail.jpg,1985-1989
1988,Oliver & Company,data/mp_med/1988_oliver__company.jpg,1985-1989
1988,Beetlejuice,data/mp_med/1988_beetlejuice.jpg,1985-1989
1988,Working Girl,data/mp_med/1988_working_girl.jpg,1985-1989
1988,A Fish Called Wanda,data/mp_med/1988_a_fish_called_wanda.jpg,1985-1989
1988,Scrooged,data/mp_med/1988_scrooged.jpg,1985-1989
1988,Willow,data/mp_med/1988_willow.jpg,1985-1989
1988,Beaches,data/mp_med/1988_beaches.jpg,1985-1989
1988,Rambo III,data/mp_med/1988_rambo_iii.jpg,1985-1989
1988,Bull Durham,data/mp_med/1988_bull_durham.jpg,1985-1989
1988,A Nightmare on Elm Street 4: The Dream Master,data/mp_med/1988_a_nightmare_on_elm_street__the_dream_master.jpg,1985-1989
1988,The Land Before Time,data/mp_med/1988_the_land_before_time.jpg,1985-1989
1988,Colors,data/mp_med/1988_colors.jpg,1985-1989
1988,Young Guns,data/mp_med/1988_young_guns.jpg,1985-1989
1988,Biloxi Blues,data/mp_med/1988_biloxi_blues.jpg,1985-1989
1988,Dirty Rotten Scoundrels,data/mp_med/1988_dirty_rotten_scoundrels.jpg,1985-1989
1988,The Great Outdoors,data/mp_med/1988_the_great_outdoors.jpg,1985-1989
1988,Tequila Sunrise,data/mp_med/1988_tequila_sunrise.jpg,1985-1989
1988,Big Business,data/mp_med/1988_big_business.jpg,1985-1989
1988,Midnight Run,data/mp_med/1988_midnight_run.jpg,1985-1989
1988,The Dead Pool,data/mp_med/1988_the_dead_pool.jpg,1985-1989
1988,Red Heat,data/mp_med/1988_red_heat.jpg,1985-1989
1988,Dangerous Liaisons,data/mp_med/1988_dangerous_liaisons.jpg,1985-1989
1988,Mississippi Burning,data/mp_med/1988_mississippi_burning.jpg,1985-1989
1988,Child's Play,data/mp_med/1988_childs_play.jpg,1985-1989
1988,The Accidental Tourist,data/mp_med/1988_the_accidental_tourist.jpg,1985-1989
1988,The Accused,data/mp_med/1988_the_accused.jpg,1985-1989
1988,The Bear,data/mp_med/1988_the_bear.jpg,1985-1989
1988,Shoot to Kill,data/mp_med/1988_shoot_to_kill.jpg,1985-1989
1988,Ernest Saves Christmas,data/mp_med/1988_ernest_saves_christmas.jpg,1985-1989
1988,Betrayed,data/mp_med/1988_betrayed.jpg,1985-1989
1988,Funny Farm,data/mp_med/1988_funny_farm.jpg,1985-1989
1988,Alien Nation,data/mp_med/1988_alien_nation.jpg,1985-1989
1988,Gorillas in the Mist,data/mp_med/1988_gorillas_in_the_mist.jpg,1985-1989
1988,License to Drive,data/mp_med/1988_license_to_drive.jpg,1985-1989
1988,Short Circuit 2,data/mp_med/1988_short_circuit_.jpg,1985-1989
1988,Married to the Mob,data/mp_med/1988_married_to_the_mob.jpg,1985-1989
1988,Punchline,data/mp_med/1988_punchline.jpg,1985-1989
1988,Action Jackson,data/mp_med/1988_action_jackson.jpg,1985-1989
1988,The Presidio,data/mp_med/1988_the_presidio.jpg,1985-1989
1988,Tucker: The Man and His Dream,data/mp_med/1988_tucker_the_man_and_his_dream.jpg,1985-1989
1988,The Serpent and the Rainbow,data/mp_med/1988_the_serpent_and_the_rainbow.jpg,1985-1989
1988,Friday the 13th Part VII: The New Blood,data/mp_med/1988_friday_the_th_part_vii_the_new_blood.jpg,1985-1989
1988,Cocoon: The Return,data/mp_med/1988_cocoon_the_return.jpg,1985-1989
1988,The Seventh Sign,data/mp_med/1988_the_seventh_sign.jpg,1985-1989
1988,Above the Law,data/mp_med/1988_above_the_law.jpg,1985-1989
1988,Halloween 4: The Return of Michael Myers,data/mp_med/1988_halloween__the_return_of_michael_myers.jpg,1985-1989
1988,Frantic,data/mp_med/1988_frantic.jpg,1985-1989
1988,Johnny Be Good,data/mp_med/1988_johnny_be_good.jpg,1985-1989
1988,For Keeps?,data/mp_med/1988_for_keeps.jpg,1985-1989
1988,Crossing Delancey,data/mp_med/1988_crossing_delancey.jpg,1985-1989
1988,"Bright Lights, Big City",data/mp_med/1988_bright_lights_big_city.jpg,1985-1989
1988,She's Having a Baby,data/mp_med/1988_shes_having_a_baby.jpg,1985-1989
1988,Masquerade,data/mp_med/1988_masquerade.jpg,1985-1989
1988,Killer Klowns from Outer Space,data/mp_med/1988_killer_klowns_from_outer_space.jpg,1985-1989
1988,Big Top Pee-wee,data/mp_med/1988_big_top_peewee.jpg,1985-1989
1988,Arthur 2: On the Rocks,data/mp_med/1988_arthur__on_the_rocks.jpg,1985-1989
1988,School Daze,data/mp_med/1988_school_daze.jpg,1985-1989
1988,Poltergeist III,data/mp_med/1988_poltergeist_iii.jpg,1985-1989
1988,Stand and Deliver,data/mp_med/1988_stand_and_deliver.jpg,1985-1989
1988,My Stepmother Is an Alien,data/mp_med/1988_my_stepmother_is_an_alien.jpg,1985-1989
1988,The Milagro Beanfield War,data/mp_med/1988_the_milagro_beanfield_war.jpg,1985-1989
1988,Vice Versa,data/mp_med/1988_vice_versa.jpg,1985-1989
1988,I'm Gonna Git You Sucka,data/mp_med/1988_im_gonna_git_you_sucka.jpg,1985-1989
1988,They Live,data/mp_med/1988_they_live.jpg,1985-1989
1988,Mystic Pizza,data/mp_med/1988_mystic_pizza.jpg,1985-1989
1988,D.O.A.,data/mp_med/1988_doa.jpg,1985-1989
1988,Everybody's All-American,data/mp_med/1988_everybodys_allamerican.jpg,1985-1989
1988,Casual Sex?,data/mp_med/1988_casual_sex.jpg,1985-1989
1988,Bloodsport,data/mp_med/1988_bloodsport.jpg,1985-1989
1988,Caddyshack II,data/mp_med/1988_caddyshack_ii.jpg,1985-1989
1988,Moon Over Parador,data/mp_med/1988_moon_over_parador.jpg,1985-1989
1988,The Couch Trip,data/mp_med/1988_the_couch_trip.jpg,1985-1989
1988,Moving,data/mp_med/1988_moving.jpg,1985-1989
1988,Shakedown,data/mp_med/1988_shakedown.jpg,1985-1989
1988,The Unbearable Lightness of Being,data/mp_med/1988_the_unbearable_lightness_of_being.jpg,1985-1989
1988,Criminal Law,data/mp_med/1988_criminal_law.jpg,1985-1989
1988,Bad Dreams,data/mp_med/1988_bad_dreams.jpg,1985-1989
1988,You Can't Hurry Love,data/mp_med/1988_you_cant_hurry_love.jpg,1985-1989
1988,Return of the Living Dead II,data/mp_med/1988_return_of_the_living_dead_ii.jpg,1985-1989
1988,Switching Channels,data/mp_med/1988_switching_channels.jpg,1985-1989
1988,Salsa,data/mp_med/1988_salsa.jpg,1985-1989
1988,Clean and Sober,data/mp_med/1988_clean_and_sober.jpg,1985-1989
1988,High Spirits,data/mp_med/1988_high_spirits.jpg,1985-1989
1988,Satisfaction,data/mp_med/1988_satisfaction.jpg,1985-1989
1988,The Blob,data/mp_med/1988_the_blob.jpg,1985-1989
1988,A New Life,data/mp_med/1988_a_new_life.jpg,1985-1989
1988,The Last Temptation of Christ,data/mp_med/1988_the_last_temptation_of_christ.jpg,1985-1989
1988,Stealing Home,data/mp_med/1988_stealing_home.jpg,1985-1989
1988,Phantasm II,data/mp_med/1988_phantasm_ii.jpg,1985-1989
1988,Off Limits,data/mp_med/1988_off_limits.jpg,1985-1989
1988,Hairspray,data/mp_med/1988_hairspray.jpg,1985-1989
1988,Fresh Horses,data/mp_med/1988_fresh_horses.jpg,1985-1989
1989,Batman,data/mp_med/1989_batman.jpg,1985-1989
1989,Indiana Jones and the Last Crusade,data/mp_med/1989_indiana_jones_and_the_last_crusade.jpg,1985-1989
1989,Lethal Weapon 2,data/mp_med/1989_lethal_weapon_.jpg,1985-1989
1989,Look Who's Talking,data/mp_med/1989_look_whos_talking.jpg,1985-1989
1989,"Honey, I Shrunk the Kids",data/mp_med/1989_honey_i_shrunk_the_kids.jpg,1985-1989
1989,Back to the Future Part II,data/mp_med/1989_back_to_the_future_part_ii.jpg,1985-1989
1989,Ghostbusters II,data/mp_med/1989_ghostbusters_ii.jpg,1985-1989
1989,The Little Mermaid,data/mp_med/1989_the_little_mermaid.jpg,1985-1989
1989,Driving Miss Daisy,data/mp_med/1989_driving_miss_daisy.jpg,1985-1989
1989,Parenthood,data/mp_med/1989_parenthood.jpg,1985-1989
1989,Dead Poets Society,data/mp_med/1989_dead_poets_society.jpg,1985-1989
1989,When Harry Met Sally...,data/mp_med/1989_when_harry_met_sally.jpg,1985-1989
1989,The War of the Roses,data/mp_med/1989_the_war_of_the_roses.jpg,1985-1989
1989,Steel Magnolias,data/mp_med/1989_steel_magnolias.jpg,1985-1989
1989,National Lampoon's Christmas Vacation,data/mp_med/1989_national_lampoons_christmas_vacation.jpg,1985-1989
1989,Turner & Hooch,data/mp_med/1989_turner__hooch.jpg,1985-1989
1989,Born on the Fourth of July,data/mp_med/1989_born_on_the_fourth_of_july.jpg,1985-1989
1989,Uncle Buck,data/mp_med/1989_uncle_buck.jpg,1985-1989
1989,Field of Dreams,data/mp_med/1989_field_of_dreams.jpg,1985-1989
1989,Tango & Cash,data/mp_med/1989_tango__cash.jpg,1985-1989
1989,Harlem Nights,data/mp_med/1989_harlem_nights.jpg,1985-1989
1989,Sea of Love,data/mp_med/1989_sea_of_love.jpg,1985-1989
1989,Pet Sematary,data/mp_med/1989_pet_sematary.jpg,1985-1989
1989,The Abyss,data/mp_med/1989_the_abyss.jpg,1985-1989
1989,Star Trek V: The Final Frontier,data/mp_med/1989_star_trek_v_the_final_frontier.jpg,1985-1989
1989,Major League,data/mp_med/1989_major_league.jpg,1985-1989
1989,"See No Evil, Hear No Evil",data/mp_med/1989_see_no_evil_hear_no_evil.jpg,1985-1989
1989,Black Rain,data/mp_med/1989_black_rain.jpg,1985-1989
1989,Always,data/mp_med/1989_always.jpg,1985-1989
1989,K-9,data/mp_med/1989_k.jpg,1985-1989
1989,Three Fugitives,data/mp_med/1989_three_fugitives.jpg,1985-1989
1989,Bill & Ted's Excellent Adventure,data/mp_med/1989_bill__teds_excellent_adventure.jpg,1985-1989
1989,The Karate Kid Part III,data/mp_med/1989_the_karate_kid_part_iii.jpg,1985-1989
1989,The 'Burbs,data/mp_med/1989_the_burbs.jpg,1985-1989
1989,Fletch Lives,data/mp_med/1989_fletch_lives.jpg,1985-1989
1989,Licence to Kill,data/mp_med/1989_licence_to_kill.jpg,1985-1989
1989,Lean on Me,data/mp_med/1989_lean_on_me.jpg,1985-1989
1989,Weekend at Bernie's,data/mp_med/1989_weekend_at_bernies.jpg,1985-1989
1989,Road House,data/mp_med/1989_road_house.jpg,1985-1989
1989,The Dream Team,data/mp_med/1989_the_dream_team.jpg,1985-1989
1989,Do the Right Thing,data/mp_med/1989_do_the_right_thing.jpg,1985-1989
1989,All Dogs Go to Heaven,data/mp_med/1989_all_dogs_go_to_heaven.jpg,1985-1989
1989,Glory,data/mp_med/1989_glory.jpg,1985-1989
1989,"Sex, Lies, and Videotape",data/mp_med/1989_sex_lies_and_videotape.jpg,1985-1989
1989,A Nightmare on Elm Street 5: The Dream Child,data/mp_med/1989_a_nightmare_on_elm_street__the_dream_child.jpg,1985-1989
1989,Lock Up,data/mp_med/1989_lock_up.jpg,1985-1989
1989,Cousins,data/mp_med/1989_cousins.jpg,1985-1989
1989,Say Anything...,data/mp_med/1989_say_anything.jpg,1985-1989
1989,An Innocent Man,data/mp_med/1989_an_innocent_man.jpg,1985-1989
1989,The Fly II,data/mp_med/1989_the_fly_ii.jpg,1985-1989
1989,Dad,data/mp_med/1989_dad.jpg,1985-1989
1989,Skin Deep,data/mp_med/1989_skin_deep.jpg,1985-1989
1989,Blaze,data/mp_med/1989_blaze.jpg,1985-1989
1989,Her Alibi,data/mp_med/1989_her_alibi.jpg,1985-1989
1989,Casualties of War,data/mp_med/1989_casualties_of_war.jpg,1985-1989
1989,Prancer,data/mp_med/1989_prancer.jpg,1985-1989
1989,Crimes and Misdemeanors,data/mp_med/1989_crimes_and_misdemeanors.jpg,1985-1989
1989,The Fabulous Baker Boys,data/mp_med/1989_the_fabulous_baker_boys.jpg,1985-1989
1989,Shocker,data/mp_med/1989_shocker.jpg,1985-1989
1989,Chances Are,data/mp_med/1989_chances_are.jpg,1985-1989
1989,No Holds Barred,data/mp_med/1989_no_holds_barred.jpg,1985-1989
1989,Next of Kin,data/mp_med/1989_next_of_kin.jpg,1985-1989
1989,Leviathan,data/mp_med/1989_leviathan.jpg,1985-1989
1989,She-Devil,data/mp_med/1989_shedevil.jpg,1985-1989
1989,Kickboxer,data/mp_med/1989_kickboxer.jpg,1985-1989
1989,Friday the 13th Part VIII: Jason Takes Manhattan,data/mp_med/1989_friday_the_th_part_viii_jason_takes_manhattan.jpg,1985-1989
1989,The Wizard,data/mp_med/1989_the_wizard.jpg,1985-1989
1989,Great Balls of Fire!,data/mp_med/1989_great_balls_of_fire.jpg,1985-1989
1989,Family Business,data/mp_med/1989_family_business.jpg,1985-1989
1989,Pink Cadillac,data/mp_med/1989_pink_cadillac.jpg,1985-1989
1989,She's Out of Control,data/mp_med/1989_shes_out_of_control.jpg,1985-1989
1989,Halloween 5: The Revenge of Michael Myers,data/mp_med/1989_halloween__the_revenge_of_michael_myers.jpg,1985-1989
1989,Gross Anatomy,data/mp_med/1989_gross_anatomy.jpg,1985-1989
1989,Police Academy 6: City Under Siege,data/mp_med/1989_police_academy__city_under_siege.jpg,1985-1989
1989,Wild Orchid,data/mp_med/1989_wild_orchid.jpg,1985-1989
1989,Who's Harry Crumb?,data/mp_med/1989_whos_harry_crumb.jpg,1985-1989
1989,New York Stories,data/mp_med/1989_new_york_stories.jpg,1985-1989
1989,The Package,data/mp_med/1989_the_package.jpg,1985-1989
1989,We're No Angels,data/mp_med/1989_were_no_angels.jpg,1985-1989
1989,Cyborg,data/mp_med/1989_cyborg.jpg,1985-1989
1989,Tap,data/mp_med/1989_tap.jpg,1985-1989
1989,Warlock,data/mp_med/1989_warlock.jpg,1985-1989
1989,Renegades,data/mp_med/1989_renegades.jpg,1985-1989
1989,True Believer,data/mp_med/1989_true_believer.jpg,1985-1989
1989,Troop Beverly Hills,data/mp_med/1989_troop_beverly_hills.jpg,1985-1989
1989,Cheetah,data/mp_med/1989_cheetah.jpg,1985-1989
1989,DeepStar Six,data/mp_med/1989_deepstar_six.jpg,1985-1989
1989,Dead Bang,data/mp_med/1989_dead_bang.jpg,1985-1989
1989,"Enemies, A Love Story",data/mp_med/1989_enemies_a_love_story.jpg,1985-1989
1989,Disorganized Crime,data/mp_med/1989_disorganized_crime.jpg,1985-1989
1989,Johnny Handsome,data/mp_med/1989_johnny_handsome.jpg,1985-1989
1989,Relentless,data/mp_med/1989_relentless.jpg,1985-1989
1989,Shag,data/mp_med/1989_shag.jpg,1985-1989
1989,Shirley Valentine,data/mp_med/1989_shirley_valentine.jpg,1985-1989
1989,Music Box,data/mp_med/1989_music_box.jpg,1985-1989
1989,UHF,data/mp_med/1989_uhf.jpg,1985-1989
1989,Immediate Family,data/mp_med/1989_immediate_family.jpg,1985-1989
1989,Millennium,data/mp_med/1989_millennium.jpg,1985-1989
1989,Dream a Little Dream,data/mp_med/1989_dream_a_little_dream.jpg,1985-1989
1989,Second Sight,data/mp_med/1989_second_sight.jpg,1985-1989
1990,Home Alone,data/mp_med/1990_home_alone.jpg,1990-1994
1990,Ghost,data/mp_med/1990_ghost.jpg,1990-1994
1990,Dances with Wolves,data/mp_med/1990_dances_with_wolves.jpg,1990-1994
1990,Pretty Woman,data/mp_med/1990_pretty_woman.jpg,1990-1994
1990,Teenage Mutant Ninja Turtles,data/mp_med/1990_teenage_mutant_ninja_turtles.jpg,1990-1994
1990,The Hunt for Red October,data/mp_med/1990_the_hunt_for_red_october.jpg,1990-1994
1990,Total Recall,data/mp_med/1990_total_recall.jpg,1990-1994
1990,Die Hard 2,data/mp_med/1990_die_hard_.jpg,1990-1994
1990,Dick Tracy,data/mp_med/1990_dick_tracy.jpg,1990-1994
1990,Kindergarten Cop,data/mp_med/1990_kindergarten_cop.jpg,1990-1994
1990,Back to the Future Part III,data/mp_med/1990_back_to_the_future_part_iii.jpg,1990-1994
1990,Presumed Innocent,data/mp_med/1990_presumed_innocent.jpg,1990-1994
1990,Days of Thunder,data/mp_med/1990_days_of_thunder.jpg,1990-1994
1990,Another 48 Hrs.,data/mp_med/1990_another__hrs.jpg,1990-1994
1990,Three Men and a Little Lady,data/mp_med/1990_three_men_and_a_little_lady.jpg,1990-1994
1990,Bird on a Wire,data/mp_med/1990_bird_on_a_wire.jpg,1990-1994
1990,The Godfather: Part III,data/mp_med/1990_the_godfather_part_iii.jpg,1990-1994
1990,Flatliners,data/mp_med/1990_flatliners.jpg,1990-1994
1990,Misery,data/mp_med/1990_misery.jpg,1990-1994
1990,Edward Scissorhands,data/mp_med/1990_edward_scissorhands.jpg,1990-1994
1990,Problem Child,data/mp_med/1990_problem_child.jpg,1990-1994
1990,Arachnophobia,data/mp_med/1990_arachnophobia.jpg,1990-1994
1990,Awakenings,data/mp_med/1990_awakenings.jpg,1990-1994
1990,Look Who's Talking Too,data/mp_med/1990_look_whos_talking_too.jpg,1990-1994
1990,Hard to Kill,data/mp_med/1990_hard_to_kill.jpg,1990-1994
1990,Goodfellas,data/mp_med/1990_goodfellas.jpg,1990-1994
1990,Marked for Death,data/mp_med/1990_marked_for_death.jpg,1990-1994
1990,RoboCop 2,data/mp_med/1990_robocop_.jpg,1990-1994
1990,Young Guns II,data/mp_med/1990_young_guns_ii.jpg,1990-1994
1990,Gremlins 2: The New Batch,data/mp_med/1990_gremlins__the_new_batch.jpg,1990-1994
1990,Rocky V,data/mp_med/1990_rocky_v.jpg,1990-1994
1990,Joe Versus the Volcano,data/mp_med/1990_joe_versus_the_volcano.jpg,1990-1994
1990,Postcards from the Edge,data/mp_med/1990_postcards_from_the_edge.jpg,1990-1994
1990,Mermaids,data/mp_med/1990_mermaids.jpg,1990-1994
1990,Darkman,data/mp_med/1990_darkman.jpg,1990-1994
1990,Air America,data/mp_med/1990_air_america.jpg,1990-1994
1990,Predator 2,data/mp_med/1990_predator_.jpg,1990-1994
1990,Green Card,data/mp_med/1990_green_card.jpg,1990-1994
1990,Pacific Heights,data/mp_med/1990_pacific_heights.jpg,1990-1994
1990,Child's Play 2,data/mp_med/1990_childs_play_.jpg,1990-1994
1990,The Rescuers Down Under,data/mp_med/1990_the_rescuers_down_under.jpg,1990-1994
1990,Internal Affairs,data/mp_med/1990_internal_affairs.jpg,1990-1994
1990,Cadillac Man,data/mp_med/1990_cadillac_man.jpg,1990-1994
1990,Memphis Belle,data/mp_med/1990_memphis_belle.jpg,1990-1994
1990,House Party,data/mp_med/1990_house_party.jpg,1990-1994
1990,Jacob's Ladder,data/mp_med/1990_jacobs_ladder.jpg,1990-1994
1990,The Exorcist III,data/mp_med/1990_the_exorcist_iii.jpg,1990-1994
1990,Navy Seals,data/mp_med/1990_navy_seals.jpg,1990-1994
1990,Ernest Goes to Jail,data/mp_med/1990_ernest_goes_to_jail.jpg,1990-1994
1990,Ghost Dad,data/mp_med/1990_ghost_dad.jpg,1990-1994
1990,Lionheart,data/mp_med/1990_lionheart.jpg,1990-1994
1990,My Blue Heaven,data/mp_med/1990_my_blue_heaven.jpg,1990-1994
1990,The Russia House,data/mp_med/1990_the_russia_house.jpg,1990-1994
1990,The First Power,data/mp_med/1990_the_first_power.jpg,1990-1994
1990,The Rookie,data/mp_med/1990_the_rookie.jpg,1990-1994
1990,The Freshman,data/mp_med/1990_the_freshman.jpg,1990-1994
1990,The Adventures of Ford Fairlane,data/mp_med/1990_the_adventures_of_ford_fairlane.jpg,1990-1994
1990,Quigley Down Under,data/mp_med/1990_quigley_down_under.jpg,1990-1994
1990,Madhouse,data/mp_med/1990_madhouse.jpg,1990-1994
1990,Hamlet,data/mp_med/1990_hamlet.jpg,1990-1994
1990,Stella,data/mp_med/1990_stella.jpg,1990-1994
1990,Taking Care of Business,data/mp_med/1990_taking_care_of_business.jpg,1990-1994
1990,Betsy's Wedding,data/mp_med/1990_betsys_wedding.jpg,1990-1994
1990,DuckTales the Movie: Treasure of the Lost Lamp,data/mp_med/1990_ducktales_the_movie_treasure_of_the_lost_lamp.jpg,1990-1994
1990,Sibling Rivalry,data/mp_med/1990_sibling_rivalry.jpg,1990-1994
1990,White Palace,data/mp_med/1990_white_palace.jpg,1990-1994
1990,The Guardian,data/mp_med/1990_the_guardian.jpg,1990-1994
1990,Death Warrant,data/mp_med/1990_death_warrant.jpg,1990-1994
1990,Tremors,data/mp_med/1990_tremors.jpg,1990-1994
1990,Tales from the Darkside: The Movie,data/mp_med/1990_tales_from_the_darkside_the_movie.jpg,1990-1994
1990,Men at Work,data/mp_med/1990_men_at_work.jpg,1990-1994
1990,I Love You to Death,data/mp_med/1990_i_love_you_to_death.jpg,1990-1994
1990,Mo' Better Blues,data/mp_med/1990_mo_better_blues.jpg,1990-1994
1990,Avalon,data/mp_med/1990_avalon.jpg,1990-1994
1990,The Bonfire of the Vanities,data/mp_med/1990_the_bonfire_of_the_vanities.jpg,1990-1994
1990,Revenge,data/mp_med/1990_revenge.jpg,1990-1994
1990,Reversal of Fortune,data/mp_med/1990_reversal_of_fortune.jpg,1990-1994
1990,Mr. Destiny,data/mp_med/1990_mr_destiny.jpg,1990-1994
1990,Spaced Invaders,data/mp_med/1990_spaced_invaders.jpg,1990-1994
1990,Quick Change,data/mp_med/1990_quick_change.jpg,1990-1994
1990,Fire Birds,data/mp_med/1990_fire_birds.jpg,1990-1994
1990,Wild at Heart,data/mp_med/1990_wild_at_heart.jpg,1990-1994
1990,Lord of the Flies,data/mp_med/1990_lord_of_the_flies.jpg,1990-1994
1990,The Grifters,data/mp_med/1990_the_grifters.jpg,1990-1994
1990,Crazy People,data/mp_med/1990_crazy_people.jpg,1990-1994
1990,Bad Influence,data/mp_med/1990_bad_influence.jpg,1990-1994
1990,Graveyard Shift,data/mp_med/1990_graveyard_shift.jpg,1990-1994
1990,Henry & June,data/mp_med/1990_henry__june.jpg,1990-1994
1990,Pump Up the Volume,data/mp_med/1990_pump_up_the_volume.jpg,1990-1994
1990,Opportunity Knocks,data/mp_med/1990_opportunity_knocks.jpg,1990-1994
1990,Q & A,data/mp_med/1990_q__a.jpg,1990-1994
1990,Jetsons: The Movie,data/mp_med/1990_jetsons_the_movie.jpg,1990-1994
1990,Narrow Margin,data/mp_med/1990_narrow_margin.jpg,1990-1994
1990,The Witches,data/mp_med/1990_the_witches.jpg,1990-1994
1990,The Two Jakes,data/mp_med/1990_the_two_jakes.jpg,1990-1994
1990,Miami Blues,data/mp_med/1990_miami_blues.jpg,1990-1994
1990,Havana,data/mp_med/1990_havana.jpg,1990-1994
1990,Nightbreed,data/mp_med/1990_nightbreed.jpg,1990-1994
1990,Ski Patrol,data/mp_med/1990_ski_patrol.jpg,1990-1994
1990,Cry-Baby,data/mp_med/1990_crybaby.jpg,1990-1994
1991,Beauty and the Beast,data/mp_med/1991_beauty_and_the_beast.jpg,1990-1994
1991,Terminator 2: Judgment Day,data/mp_med/1991_terminator__judgment_day.jpg,1990-1994
1991,Robin Hood: Prince of Thieves,data/mp_med/1991_robin_hood_prince_of_thieves.jpg,1990-1994
1991,The Silence of the Lambs,data/mp_med/1991_the_silence_of_the_lambs.jpg,1990-1994
1991,City Slickers,data/mp_med/1991_city_slickers.jpg,1990-1994
1991,Hook,data/mp_med/1991_hook.jpg,1990-1994
1991,The Addams Family,data/mp_med/1991_the_addams_family.jpg,1990-1994
1991,Sleeping with the Enemy,data/mp_med/1991_sleeping_with_the_enemy.jpg,1990-1994
1991,Father of the Bride,data/mp_med/1991_father_of_the_bride.jpg,1990-1994
1991,The Naked Gun 2½: The Smell of Fear,data/mp_med/1991_the_naked_gun__the_smell_of_fear.jpg,1990-1994
1991,Fried Green Tomatoes,data/mp_med/1991_fried_green_tomatoes.jpg,1990-1994
1991,Cape Fear,data/mp_med/1991_cape_fear.jpg,1990-1994
1991,Teenage Mutant Ninja Turtles II: The Secret of the Ooze,data/mp_med/1991_teenage_mutant_ninja_turtles_ii_the_secret_of_the_ooze.jpg,1990-1994
1991,Backdraft,data/mp_med/1991_backdraft.jpg,1990-1994
1991,Star Trek VI: The Undiscovered Country,data/mp_med/1991_star_trek_vi_the_undiscovered_country.jpg,1990-1994
1991,The Prince of Tides,data/mp_med/1991_the_prince_of_tides.jpg,1990-1994
1991,JFK,data/mp_med/1991_jfk.jpg,1990-1994
1991,Hot Shots!,data/mp_med/1991_hot_shots.jpg,1990-1994
1991,What About Bob?,data/mp_med/1991_what_about_bob.jpg,1990-1994
1991,My Girl,data/mp_med/1991_my_girl.jpg,1990-1994
1991,The Last Boy Scout,data/mp_med/1991_the_last_boy_scout.jpg,1990-1994
1991,Boyz n the Hood,data/mp_med/1991_boyz_n_the_hood.jpg,1990-1994
1991,Doc Hollywood,data/mp_med/1991_doc_hollywood.jpg,1990-1994
1991,Bugsy,data/mp_med/1991_bugsy.jpg,1990-1994
1991,New Jack City,data/mp_med/1991_new_jack_city.jpg,1990-1994
1991,The Rocketeer,data/mp_med/1991_the_rocketeer.jpg,1990-1994
1991,Thelma & Louise,data/mp_med/1991_thelma__louise.jpg,1990-1994
1991,Drop Dead Fred,data/mp_med/1991_drop_dead_fred.jpg,1990-1994
1991,Point Break,data/mp_med/1991_point_break.jpg,1990-1994
1991,Regarding Henry,data/mp_med/1991_regarding_henry.jpg,1990-1994
1991,The Fisher King,data/mp_med/1991_the_fisher_king.jpg,1990-1994
1991,Out for Justice,data/mp_med/1991_out_for_justice.jpg,1990-1994
1991,The Doctor,data/mp_med/1991_the_doctor.jpg,1990-1994
1991,Bill & Ted's Bogus Journey,data/mp_med/1991_bill__teds_bogus_journey.jpg,1990-1994
1991,Dead Again,data/mp_med/1991_dead_again.jpg,1990-1994
1991,Soapdish,data/mp_med/1991_soapdish.jpg,1990-1994
1991,The Doors,data/mp_med/1991_the_doors.jpg,1990-1994
1991,Freddy's Dead: The Final Nightmare,data/mp_med/1991_freddys_dead_the_final_nightmare.jpg,1990-1994
1991,White Fang,data/mp_med/1991_white_fang.jpg,1990-1994
1991,King Ralph,data/mp_med/1991_king_ralph.jpg,1990-1994
1991,Curly Sue,data/mp_med/1991_curly_sue.jpg,1990-1994
1991,Dying Young,data/mp_med/1991_dying_young.jpg,1990-1994
1991,Grand Canyon,data/mp_med/1991_grand_canyon.jpg,1990-1994
1991,Jungle Fever,data/mp_med/1991_jungle_fever.jpg,1990-1994
1991,Double Impact,data/mp_med/1991_double_impact.jpg,1990-1994
1991,L.A. Story,data/mp_med/1991_la_story.jpg,1990-1994
1991,Deceived,data/mp_med/1991_deceived.jpg,1990-1994
1991,Necessary Roughness,data/mp_med/1991_necessary_roughness.jpg,1990-1994
1991,The Hard Way,data/mp_med/1991_the_hard_way.jpg,1990-1994
1991,Other People's Money,data/mp_med/1991_other_peoples_money.jpg,1990-1994
1991,Don't Tell Mom the Babysitter's Dead,data/mp_med/1991_dont_tell_mom_the_babysitters_dead.jpg,1990-1994
1991,Problem Child 2,data/mp_med/1991_problem_child_.jpg,1990-1994
1991,Little Man Tate,data/mp_med/1991_little_man_tate.jpg,1990-1994
1991,Class Action,data/mp_med/1991_class_action.jpg,1990-1994
1991,The People Under the Stairs,data/mp_med/1991_the_people_under_the_stairs.jpg,1990-1994
1991,Oscar,data/mp_med/1991_oscar.jpg,1990-1994
1991,Frankie and Johnny,data/mp_med/1991_frankie_and_johnny.jpg,1990-1994
1991,Pure Luck,data/mp_med/1991_pure_luck.jpg,1990-1994
1991,An American Tail: Fievel Goes West,data/mp_med/1991_an_american_tail_fievel_goes_west.jpg,1990-1994
1991,Only the Lonely,data/mp_med/1991_only_the_lonely.jpg,1990-1994
1991,Ricochet,data/mp_med/1991_ricochet.jpg,1990-1994
1991,F/X2,data/mp_med/1991_fx.jpg,1990-1994
1991,Mobsters,data/mp_med/1991_mobsters.jpg,1990-1994
1991,House Party 2,data/mp_med/1991_house_party_.jpg,1990-1994
1991,Mortal Thoughts,data/mp_med/1991_mortal_thoughts.jpg,1990-1994
1991,Paradise,data/mp_med/1991_paradise.jpg,1990-1994
1991,For the Boys,data/mp_med/1991_for_the_boys.jpg,1990-1994
1991,Hudson Hawk,data/mp_med/1991_hudson_hawk.jpg,1990-1994
1991,Defending Your Life,data/mp_med/1991_defending_your_life.jpg,1990-1994
1991,Billy Bathgate,data/mp_med/1991_billy_bathgate.jpg,1990-1994
1991,Switch,data/mp_med/1991_switch.jpg,1990-1994
1991,A Kiss Before Dying,data/mp_med/1991_a_kiss_before_dying.jpg,1990-1994
1991,Toy Soldiers,data/mp_med/1991_toy_soldiers.jpg,1990-1994
1991,Child's Play 3,data/mp_med/1991_childs_play_.jpg,1990-1994
1991,The Commitments,data/mp_med/1991_the_commitments.jpg,1990-1994
1991,Once Around,data/mp_med/1991_once_around.jpg,1990-1994
1991,All I Want for Christmas,data/mp_med/1991_all_i_want_for_christmas.jpg,1990-1994
1991,Not Without My Daughter,data/mp_med/1991_not_without_my_daughter.jpg,1990-1994
1991,Flight of the Intruder,data/mp_med/1991_flight_of_the_intruder.jpg,1990-1994
1991,Ernest Scared Stupid,data/mp_med/1991_ernest_scared_stupid.jpg,1990-1994
1991,The Perfect Weapon,data/mp_med/1991_the_perfect_weapon.jpg,1990-1994
1991,The Marrying Man,data/mp_med/1991_the_marrying_man.jpg,1990-1994
1991,Rock-A-Doodle,data/mp_med/1991_rockadoodle.jpg,1990-1994
1991,Shattered,data/mp_med/1991_shattered.jpg,1990-1994
1991,Career Opportunities,data/mp_med/1991_career_opportunities.jpg,1990-1994
1991,One Good Cop,data/mp_med/1991_one_good_cop.jpg,1990-1994
1991,V.I. Warshawski,data/mp_med/1991_vi_warshawski.jpg,1990-1994
1991,The Super,data/mp_med/1991_the_super.jpg,1990-1994
1991,A Rage in Harlem,data/mp_med/1991_a_rage_in_harlem.jpg,1990-1994
1991,"He Said, She Said",data/mp_med/1991_he_said_she_said.jpg,1990-1994
1991,The Butcher's Wife,data/mp_med/1991_the_butchers_wife.jpg,1990-1994
1991,Scenes from a Mall,data/mp_med/1991_scenes_from_a_mall.jpg,1990-1994
1991,Guilty by Suspicion,data/mp_med/1991_guilty_by_suspicion.jpg,1990-1994
1991,Stone Cold,data/mp_med/1991_stone_cold.jpg,1990-1994
1991,Body Parts,data/mp_med/1991_body_parts.jpg,1990-1994
1991,Late for Dinner,data/mp_med/1991_late_for_dinner.jpg,1990-1994
1991,The Five Heartbeats,data/mp_med/1991_the_five_heartbeats.jpg,1990-1994
1991,Bingo,data/mp_med/1991_bingo.jpg,1990-1994
1991,Nothing But Trouble,data/mp_med/1991_nothing_but_trouble.jpg,1990-1994
1991,Black Robe,data/mp_med/1991_black_robe.jpg,1990-1994
1992,Aladdin,data/mp_med/1992_aladdin.jpg,1990-1994
1992,Home Alone 2: Lost in New York,data/mp_med/1992_home_alone__lost_in_new_york.jpg,1990-1994
1992,Batman Returns,data/mp_med/1992_batman_returns.jpg,1990-1994
1992,Lethal Weapon 3,data/mp_med/1992_lethal_weapon_.jpg,1990-1994
1992,A Few Good Men,data/mp_med/1992_a_few_good_men.jpg,1990-1994
1992,Sister Act,data/mp_med/1992_sister_act.jpg,1990-1994
1992,The Bodyguard,data/mp_med/1992_the_bodyguard.jpg,1990-1994
1992,Wayne's World,data/mp_med/1992_waynes_world.jpg,1990-1994
1992,Basic Instinct,data/mp_med/1992_basic_instinct.jpg,1990-1994
1992,A League of Their Own,data/mp_med/1992_a_league_of_their_own.jpg,1990-1994
1992,Unforgiven,data/mp_med/1992_unforgiven.jpg,1990-1994
1992,The Hand That Rocks the Cradle,data/mp_med/1992_the_hand_that_rocks_the_cradle.jpg,1990-1994
1992,Under Siege,data/mp_med/1992_under_siege.jpg,1990-1994
1992,Patriot Games,data/mp_med/1992_patriot_games.jpg,1990-1994
1992,Dracula,data/mp_med/1992_dracula.jpg,1990-1994
1992,White Men Can't Jump,data/mp_med/1992_white_men_cant_jump.jpg,1990-1994
1992,The Last of the Mohicans,data/mp_med/1992_the_last_of_the_mohicans.jpg,1990-1994
1992,Boomerang,data/mp_med/1992_boomerang.jpg,1990-1994
1992,Scent of a Woman,data/mp_med/1992_scent_of_a_woman.jpg,1990-1994
1992,The Crying Game,data/mp_med/1992_the_crying_game.jpg,1990-1994
1992,Far and Away,data/mp_med/1992_far_and_away.jpg,1990-1994
1992,"Honey, I Blew Up the Kid",data/mp_med/1992_honey_i_blew_up_the_kid.jpg,1990-1994
1992,HouseSitter,data/mp_med/1992_housesitter.jpg,1990-1994
1992,Death Becomes Her,data/mp_med/1992_death_becomes_her.jpg,1990-1994
1992,Unlawful Entry,data/mp_med/1992_unlawful_entry.jpg,1990-1994
1992,Beethoven,data/mp_med/1992_beethoven.jpg,1990-1994
1992,Forever Young,data/mp_med/1992_forever_young.jpg,1990-1994
1992,Alien³,data/mp_med/1992_alien.jpg,1990-1994
1992,My Cousin Vinny,data/mp_med/1992_my_cousin_vinny.jpg,1990-1994
1992,Sneakers,data/mp_med/1992_sneakers.jpg,1990-1994
1992,The Mighty Ducks,data/mp_med/1992_the_mighty_ducks.jpg,1990-1994
1992,Malcolm X,data/mp_med/1992_malcolm_x.jpg,1990-1994
1992,Single White Female,data/mp_med/1992_single_white_female.jpg,1990-1994
1992,The Distinguished Gentleman,data/mp_med/1992_the_distinguished_gentleman.jpg,1990-1994
1992,Medicine Man,data/mp_med/1992_medicine_man.jpg,1990-1994
1992,Passenger 57,data/mp_med/1992_passenger_.jpg,1990-1994
1992,A River Runs Through It,data/mp_med/1992_a_river_runs_through_it.jpg,1990-1994
1992,Encino Man,data/mp_med/1992_encino_man.jpg,1990-1994
1992,Mo' Money,data/mp_med/1992_mo_money.jpg,1990-1994
1992,Universal Soldier,data/mp_med/1992_universal_soldier.jpg,1990-1994
1992,Honeymoon in Vegas,data/mp_med/1992_honeymoon_in_vegas.jpg,1990-1994
1992,The Lawnmower Man,data/mp_med/1992_the_lawnmower_man.jpg,1990-1994
1992,Sleepwalkers,data/mp_med/1992_sleepwalkers.jpg,1990-1994
1992,3 Ninjas,data/mp_med/1992__ninjas.jpg,1990-1994
1992,Final Analysis,data/mp_med/1992_final_analysis.jpg,1990-1994
1992,Stop! Or My Mom Will Shoot,data/mp_med/1992_stop_or_my_mom_will_shoot.jpg,1990-1994
1992,The Muppet Christmas Carol,data/mp_med/1992_the_muppet_christmas_carol.jpg,1990-1994
1992,Howards End,data/mp_med/1992_howards_end.jpg,1990-1994
1992,Candyman,data/mp_med/1992_candyman.jpg,1990-1994
1992,The Cutting Edge,data/mp_med/1992_the_cutting_edge.jpg,1990-1994
1992,FernGully: The Last Rainforest,data/mp_med/1992_ferngully_the_last_rainforest.jpg,1990-1994
1992,Hoffa,data/mp_med/1992_hoffa.jpg,1990-1994
1992,Leap of Faith,data/mp_med/1992_leap_of_faith.jpg,1990-1994
1992,Thunderheart,data/mp_med/1992_thunderheart.jpg,1990-1994
1992,Captain Ron,data/mp_med/1992_captain_ron.jpg,1990-1994
1992,Shining Through,data/mp_med/1992_shining_through.jpg,1990-1994
1992,The Player,data/mp_med/1992_the_player.jpg,1990-1994
1992,Consenting Adults,data/mp_med/1992_consenting_adults.jpg,1990-1994
1992,Toys,data/mp_med/1992_toys.jpg,1990-1994
1992,Raising Cain,data/mp_med/1992_raising_cain.jpg,1990-1994
1992,Straight Talk,data/mp_med/1992_straight_talk.jpg,1990-1994
1992,Kuffs,data/mp_med/1992_kuffs.jpg,1990-1994
1992,Mr. Baseball,data/mp_med/1992_mr_baseball.jpg,1990-1994
1992,Juice,data/mp_med/1992_juice.jpg,1990-1994
1992,Prelude to a Kiss,data/mp_med/1992_prelude_to_a_kiss.jpg,1990-1994
1992,Hero,data/mp_med/1992_hero.jpg,1990-1994
1992,Singles,data/mp_med/1992_singles.jpg,1990-1994
1992,Used People,data/mp_med/1992_used_people.jpg,1990-1994
1992,The Babe,data/mp_med/1992_the_babe.jpg,1990-1994
1992,Sidekicks,data/mp_med/1992_sidekicks.jpg,1990-1994
1992,Freejack,data/mp_med/1992_freejack.jpg,1990-1994
1992,Pet Sematary II,data/mp_med/1992_pet_sematary_ii.jpg,1990-1994
1992,Deep Cover,data/mp_med/1992_deep_cover.jpg,1990-1994
1992,Buffy the Vampire Slayer,data/mp_med/1992_buffy_the_vampire_slayer.jpg,1990-1994
1992,Pure Country,data/mp_med/1992_pure_country.jpg,1990-1994
1992,Ladybugs,data/mp_med/1992_ladybugs.jpg,1990-1994
1992,School Ties,data/mp_med/1992_school_ties.jpg,1990-1994
1992,Memoirs of an Invisible Man,data/mp_med/1992_memoirs_of_an_invisible_man.jpg,1990-1994
1992,Rapid Fire,data/mp_med/1992_rapid_fire.jpg,1990-1994
1992,Cool World,data/mp_med/1992_cool_world.jpg,1990-1994
1992,Trespass,data/mp_med/1992_trespass.jpg,1990-1994
1992,Mr. Saturday Night,data/mp_med/1992_mr_saturday_night.jpg,1990-1994
1992,Body of Evidence,data/mp_med/1992_body_of_evidence.jpg,1990-1994
1992,Class Act,data/mp_med/1992_class_act.jpg,1990-1994
1992,American Me,data/mp_med/1992_american_me.jpg,1990-1994
1992,Hellraiser III: Hell on Earth,data/mp_med/1992_hellraiser_iii_hell_on_earth.jpg,1990-1994
1992,A Stranger Among Us,data/mp_med/1992_a_stranger_among_us.jpg,1990-1994
1992,Army of Darkness,data/mp_med/1992_army_of_darkness.jpg,1990-1994
1992,Jennifer 8,data/mp_med/1992_jennifer_.jpg,1990-1994
1992,Whispers in the Dark,data/mp_med/1992_whispers_in_the_dark.jpg,1990-1994
1992,Stay Tuned,data/mp_med/1992_stay_tuned.jpg,1990-1994
1992,Glengarry Glen Ross,data/mp_med/1992_glengarry_glen_ross.jpg,1990-1994
1992,Husbands and Wives,data/mp_med/1992_husbands_and_wives.jpg,1990-1994
1992,Chaplin,data/mp_med/1992_chaplin.jpg,1990-1994
1992,Gladiator,data/mp_med/1992_gladiator.jpg,1990-1994
1992,White Sands,data/mp_med/1992_white_sands.jpg,1990-1994
1992,Once Upon a Crime...,data/mp_med/1992_once_upon_a_crime.jpg,1990-1994
1992,Bébé's Kids,data/mp_med/1992_bbs_kids.jpg,1990-1994
1992,Dr. Giggles,data/mp_med/1992_dr_giggles.jpg,1990-1994
1992,Christopher Columbus: The Discovery,data/mp_med/1992_christopher_columbus_the_discovery.jpg,1990-1994
1993,Jurassic Park,data/mp_med/1993_jurassic_park.jpg,1990-1994
1993,Mrs. Doubtfire,data/mp_med/1993_mrs_doubtfire.jpg,1990-1994
1993,The Fugitive,data/mp_med/1993_the_fugitive.jpg,1990-1994
1993,The Firm,data/mp_med/1993_the_firm.jpg,1990-1994
1993,Sleepless in Seattle,data/mp_med/1993_sleepless_in_seattle.jpg,1990-1994
1993,Indecent Proposal,data/mp_med/1993_indecent_proposal.jpg,1990-1994
1993,In the Line of Fire,data/mp_med/1993_in_the_line_of_fire.jpg,1990-1994
1993,The Pelican Brief,data/mp_med/1993_the_pelican_brief.jpg,1990-1994
1993,Schindler's List,data/mp_med/1993_schindlers_list.jpg,1990-1994
1993,Cliffhanger,data/mp_med/1993_cliffhanger.jpg,1990-1994
1993,Free Willy,data/mp_med/1993_free_willy.jpg,1990-1994
1993,Philadelphia,data/mp_med/1993_philadelphia.jpg,1990-1994
1993,The Nightmare Before Christmas,data/mp_med/1993_the_nightmare_before_christmas.jpg,1990-1994
1993,Groundhog Day,data/mp_med/1993_groundhog_day.jpg,1990-1994
1993,Grumpy Old Men,data/mp_med/1993_grumpy_old_men.jpg,1990-1994
1993,Cool Runnings,data/mp_med/1993_cool_runnings.jpg,1990-1994
1993,Dave,data/mp_med/1993_dave.jpg,1990-1994
1993,Rising Sun,data/mp_med/1993_rising_sun.jpg,1990-1994
1993,Demolition Man,data/mp_med/1993_demolition_man.jpg,1990-1994
1993,Sister Act 2: Back in the Habit,data/mp_med/1993_sister_act__back_in_the_habit.jpg,1990-1994
1993,Tombstone,data/mp_med/1993_tombstone.jpg,1990-1994
1993,The Three Musketeers,data/mp_med/1993_the_three_musketeers.jpg,1990-1994
1993,Rookie of the Year,data/mp_med/1993_rookie_of_the_year.jpg,1990-1994
1993,Beethoven's 2nd,data/mp_med/1993_beethovens_nd.jpg,1990-1994
1993,Dennis the Menace,data/mp_med/1993_dennis_the_menace.jpg,1990-1994
1993,Sommersby,data/mp_med/1993_sommersby.jpg,1990-1994
1993,Last Action Hero,data/mp_med/1993_last_action_hero.jpg,1990-1994
1993,Addams Family Values,data/mp_med/1993_addams_family_values.jpg,1990-1994
1993,Wayne's World 2,data/mp_med/1993_waynes_world_.jpg,1990-1994
1993,Malice,data/mp_med/1993_malice.jpg,1990-1994
1993,Made in America,data/mp_med/1993_made_in_america.jpg,1990-1994
1993,The Good Son,data/mp_med/1993_the_good_son.jpg,1990-1994
1993,The Beverly Hillbillies,data/mp_med/1993_the_beverly_hillbillies.jpg,1990-1994
1993,Teenage Mutant Ninja Turtles III,data/mp_med/1993_teenage_mutant_ninja_turtles_iii.jpg,1990-1994
1993,Homeward Bound: The Incredible Journey,data/mp_med/1993_homeward_bound_the_incredible_journey.jpg,1990-1994
1993,Falling Down,data/mp_med/1993_falling_down.jpg,1990-1994
1993,Hocus Pocus,data/mp_med/1993_hocus_pocus.jpg,1990-1994
1993,What's Love Got to Do with It,data/mp_med/1993_whats_love_got_to_do_with_it.jpg,1990-1994
1993,Hot Shots! Part Deux,data/mp_med/1993_hot_shots_part_deux.jpg,1990-1994
1993,Carlito's Way,data/mp_med/1993_carlitos_way.jpg,1990-1994
1993,Alive,data/mp_med/1993_alive.jpg,1990-1994
1993,Son in Law,data/mp_med/1993_son_in_law.jpg,1990-1994
1993,Sliver,data/mp_med/1993_sliver.jpg,1990-1994
1993,Robin Hood: Men in Tights,data/mp_med/1993_robin_hood_men_in_tights.jpg,1990-1994
1993,Dragon: The Bruce Lee Story,data/mp_med/1993_dragon_the_bruce_lee_story.jpg,1990-1994
1993,The Joy Luck Club,data/mp_med/1993_the_joy_luck_club.jpg,1990-1994
1993,Hard Target,data/mp_med/1993_hard_target.jpg,1990-1994
1993,The Sandlot,data/mp_med/1993_the_sandlot.jpg,1990-1994
1993,The Age of Innocence,data/mp_med/1993_the_age_of_innocence.jpg,1990-1994
1993,Cop & ½,data/mp_med/1993_cop__.jpg,1990-1994
1993,The Secret Garden,data/mp_med/1993_the_secret_garden.jpg,1990-1994
1993,A Perfect World,data/mp_med/1993_a_perfect_world.jpg,1990-1994
1993,Point of No Return,data/mp_med/1993_point_of_no_return.jpg,1990-1994
1993,Loaded Weapon 1,data/mp_med/1993_loaded_weapon_.jpg,1990-1994
1993,Menace II Society,data/mp_med/1993_menace_ii_society.jpg,1990-1994
1993,Poetic Justice,data/mp_med/1993_poetic_justice.jpg,1990-1994
1993,My Life,data/mp_med/1993_my_life.jpg,1990-1994
1993,The Man Without a Face,data/mp_med/1993_the_man_without_a_face.jpg,1990-1994
1993,The Adventures of Huck Finn,data/mp_med/1993_the_adventures_of_huck_finn.jpg,1990-1994
1993,Striking Distance,data/mp_med/1993_striking_distance.jpg,1990-1994
1993,Benny & Joon,data/mp_med/1993_benny__joon.jpg,1990-1994
1993,The Program,data/mp_med/1993_the_program.jpg,1990-1994
1993,The Remains of the Day,data/mp_med/1993_the_remains_of_the_day.jpg,1990-1994
1993,Guilty as Sin,data/mp_med/1993_guilty_as_sin.jpg,1990-1994
1993,Rudy,data/mp_med/1993_rudy.jpg,1990-1994
1993,Much Ado About Nothing,data/mp_med/1993_much_ado_about_nothing.jpg,1990-1994
1993,Nowhere to Run,data/mp_med/1993_nowhere_to_run.jpg,1990-1994
1993,Coneheads,data/mp_med/1993_coneheads.jpg,1990-1994
1993,Super Mario Bros.,data/mp_med/1993_super_mario_bros.jpg,1990-1994
1993,Another Stakeout,data/mp_med/1993_another_stakeout.jpg,1990-1994
1993,Fire in the Sky,data/mp_med/1993_fire_in_the_sky.jpg,1990-1994
1993,Sniper,data/mp_med/1993_sniper.jpg,1990-1994
1993,Untamed Heart,data/mp_med/1993_untamed_heart.jpg,1990-1994
1993,Geronimo: An American Legend,data/mp_med/1993_geronimo_an_american_legend.jpg,1990-1994
1993,Posse,data/mp_med/1993_posse.jpg,1990-1994
1993,Sugar Hill,data/mp_med/1993_sugar_hill.jpg,1990-1994
1993,CB4,data/mp_med/1993_cb.jpg,1990-1994
1993,Born Yesterday,data/mp_med/1993_born_yesterday.jpg,1990-1994
1993,A Bronx Tale,data/mp_med/1993_a_bronx_tale.jpg,1990-1994
1993,Blink,data/mp_med/1993_blink.jpg,1990-1994
1993,Heart and Souls,data/mp_med/1993_heart_and_souls.jpg,1990-1994
1993,Jason Goes to Hell: The Final Friday,data/mp_med/1993_jason_goes_to_hell_the_final_friday.jpg,1990-1994
1993,Needful Things,data/mp_med/1993_needful_things.jpg,1990-1994
1993,Indian Summer,data/mp_med/1993_indian_summer.jpg,1990-1994
1993,The Vanishing,data/mp_med/1993_the_vanishing.jpg,1990-1994
1993,The Crush,data/mp_med/1993_the_crush.jpg,1990-1994
1993,Man's Best Friend,data/mp_med/1993_mans_best_friend.jpg,1990-1994
1993,A Far Off Place,data/mp_med/1993_a_far_off_place.jpg,1990-1994
1993,Weekend at Bernie's II,data/mp_med/1993_weekend_at_bernies_ii.jpg,1990-1994
1993,Life with Mikey,data/mp_med/1993_life_with_mikey.jpg,1990-1994
1993,Undercover Blues,data/mp_med/1993_undercover_blues.jpg,1990-1994
1993,True Romance,data/mp_med/1993_true_romance.jpg,1990-1994
1993,Judgment Night,data/mp_med/1993_judgment_night.jpg,1990-1994
1993,So I Married an Axe Murderer,data/mp_med/1993_so_i_married_an_axe_murderer.jpg,1990-1994
1993,Who's the Man?,data/mp_med/1993_whos_the_man.jpg,1990-1994
1993,Manhattan Murder Mystery,data/mp_med/1993_manhattan_murder_mystery.jpg,1990-1994
1993,Mad Dog and Glory,data/mp_med/1993_mad_dog_and_glory.jpg,1990-1994
1993,For Love or Money,data/mp_med/1993_for_love_or_money.jpg,1990-1994
1993,Gettysburg,data/mp_med/1993_gettysburg.jpg,1990-1994
1993,RoboCop 3,data/mp_med/1993_robocop_.jpg,1990-1994
1994,The Lion King,data/mp_med/1994_the_lion_king.jpg,1990-1994
1994,Forrest Gump,data/mp_med/1994_forrest_gump.jpg,1990-1994
1994,True Lies,data/mp_med/1994_true_lies.jpg,1990-1994
1994,The Santa Clause,data/mp_med/1994_the_santa_clause.jpg,1990-1994
1994,The Flintstones,data/mp_med/1994_the_flintstones.jpg,1990-1994
1994,Dumb and Dumber,data/mp_med/1994_dumb_and_dumber.jpg,1990-1994
1994,Clear and Present Danger,data/mp_med/1994_clear_and_present_danger.jpg,1990-1994
1994,Speed,data/mp_med/1994_speed.jpg,1990-1994
1994,The Mask,data/mp_med/1994_the_mask.jpg,1990-1994
1994,Pulp Fiction,data/mp_med/1994_pulp_fiction.jpg,1990-1994
1994,Interview with the Vampire: The Vampire Chronicles,data/mp_med/1994_interview_with_the_vampire_the_vampire_chronicles.jpg,1990-1994
1994,Maverick,data/mp_med/1994_maverick.jpg,1990-1994
1994,The Client,data/mp_med/1994_the_client.jpg,1990-1994
1994,Disclosure,data/mp_med/1994_disclosure.jpg,1990-1994
1994,Star Trek: Generations,data/mp_med/1994_star_trek_generations.jpg,1990-1994
1994,Ace Ventura: Pet Detective,data/mp_med/1994_ace_ventura_pet_detective.jpg,1990-1994
1994,Stargate,data/mp_med/1994_stargate.jpg,1990-1994
1994,Legends of the Fall,data/mp_med/1994_legends_of_the_fall.jpg,1990-1994
1994,Wolf,data/mp_med/1994_wolf.jpg,1990-1994
1994,The Specialist,data/mp_med/1994_the_specialist.jpg,1990-1994
1994,The Little Rascals,data/mp_med/1994_the_little_rascals.jpg,1990-1994
1994,Naked Gun 33 1/3: The Final Insult,data/mp_med/1994_naked_gun___the_final_insult.jpg,1990-1994
1994,The Crow,data/mp_med/1994_the_crow.jpg,1990-1994
1994,Natural Born Killers,data/mp_med/1994_natural_born_killers.jpg,1990-1994
1994,Angels in the Outfield,data/mp_med/1994_angels_in_the_outfield.jpg,1990-1994
1994,Little Women,data/mp_med/1994_little_women.jpg,1990-1994
1994,When a Man Loves a Woman,data/mp_med/1994_when_a_man_loves_a_woman.jpg,1990-1994
1994,The River Wild,data/mp_med/1994_the_river_wild.jpg,1990-1994
1994,D2: The Mighty Ducks,data/mp_med/1994_d_the_mighty_ducks.jpg,1990-1994
1994,Timecop,data/mp_med/1994_timecop.jpg,1990-1994
1994,The Jungle Book,data/mp_med/1994_the_jungle_book.jpg,1990-1994
1994,City Slickers II: The Legend of Curly's Gold,data/mp_med/1994_city_slickers_ii_the_legend_of_curlys_gold.jpg,1990-1994
1994,Beverly Hills Cop III,data/mp_med/1994_beverly_hills_cop_iii.jpg,1990-1994
1994,Nobody's Fool,data/mp_med/1994_nobodys_fool.jpg,1990-1994
1994,The Paper,data/mp_med/1994_the_paper.jpg,1990-1994
1994,On Deadly Ground,data/mp_med/1994_on_deadly_ground.jpg,1990-1994
1994,Ri¢hie Ri¢h,data/mp_med/1994_rihie_rih.jpg,1990-1994
1994,It Could Happen to You,data/mp_med/1994_it_could_happen_to_you.jpg,1990-1994
1994,Junior,data/mp_med/1994_junior.jpg,1990-1994
1994,Nell,data/mp_med/1994_nell.jpg,1990-1994
1994,Street Fighter,data/mp_med/1994_street_fighter.jpg,1990-1994
1994,The Shadow,data/mp_med/1994_the_shadow.jpg,1990-1994
1994,I Love Trouble,data/mp_med/1994_i_love_trouble.jpg,1990-1994
1994,Major League II,data/mp_med/1994_major_league_ii.jpg,1990-1994
1994,Blank Check,data/mp_med/1994_blank_check.jpg,1990-1994
1994,Blown Away,data/mp_med/1994_blown_away.jpg,1990-1994
1994,A Low Down Dirty Shame,data/mp_med/1994_a_low_down_dirty_shame.jpg,1990-1994
1994,In the Army Now,data/mp_med/1994_in_the_army_now.jpg,1990-1994
1994,Drop Zone,data/mp_med/1994_drop_zone.jpg,1990-1994
1994,The Shawshank Redemption,data/mp_med/1994_the_shawshank_redemption.jpg,1990-1994
1994,Guarding Tess,data/mp_med/1994_guarding_tess.jpg,1990-1994
1994,I.Q.,data/mp_med/1994_iq.jpg,1990-1994
1994,My Father the Hero,data/mp_med/1994_my_father_the_hero.jpg,1990-1994
1994,Wyatt Earp,data/mp_med/1994_wyatt_earp.jpg,1990-1994
1994,Quiz Show,data/mp_med/1994_quiz_show.jpg,1990-1994
1994,Renaissance Man,data/mp_med/1994_renaissance_man.jpg,1990-1994
1994,Blue Chips,data/mp_med/1994_blue_chips.jpg,1990-1994
1994,Don Juan DeMarco,data/mp_med/1994_don_juan_demarco.jpg,1990-1994
1994,Frankenstein,data/mp_med/1994_frankenstein.jpg,1990-1994
1994,The Air Up There,data/mp_med/1994_the_air_up_there.jpg,1990-1994
1994,Iron Will,data/mp_med/1994_iron_will.jpg,1990-1994
1994,Reality Bites,data/mp_med/1994_reality_bites.jpg,1990-1994
1994,Intersection,data/mp_med/1994_intersection.jpg,1990-1994
1994,Jason's Lyric,data/mp_med/1994_jasons_lyric.jpg,1990-1994
1994,Speechless,data/mp_med/1994_speechless.jpg,1990-1994
1994,The Cowboy Way,data/mp_med/1994_the_cowboy_way.jpg,1990-1994
1994,"Corrina, Corrina",data/mp_med/1994_corrina_corrina.jpg,1990-1994
1994,With Honors,data/mp_med/1994_with_honors.jpg,1990-1994
1994,Only You,data/mp_med/1994_only_you.jpg,1990-1994
1994,Color of Night,data/mp_med/1994_color_of_night.jpg,1990-1994
1994,8 Seconds,data/mp_med/1994__seconds.jpg,1990-1994
1994,Little Giants,data/mp_med/1994_little_giants.jpg,1990-1994
1994,House Party 3,data/mp_med/1994_house_party_.jpg,1990-1994
1994,Getting Even with Dad,data/mp_med/1994_getting_even_with_dad.jpg,1990-1994
1994,Love Affair,data/mp_med/1994_love_affair.jpg,1990-1994
1994,Milk Money,data/mp_med/1994_milk_money.jpg,1990-1994
1994,Wes Craven's New Nightmare,data/mp_med/1994_wes_cravens_new_nightmare.jpg,1990-1994
1994,My Girl 2,data/mp_med/1994_my_girl_.jpg,1990-1994
1994,Miracle on 34th Street,data/mp_med/1994_miracle_on_th_street.jpg,1990-1994
1994,Lightning Jack,data/mp_med/1994_lightning_jack.jpg,1990-1994
1994,Andre,data/mp_med/1994_andre.jpg,1990-1994
1994,Baby's Day Out,data/mp_med/1994_babys_day_out.jpg,1990-1994
1994,The War,data/mp_med/1994_the_war.jpg,1990-1994
1994,Terminal Velocity,data/mp_med/1994_terminal_velocity.jpg,1990-1994
1994,Monkey Trouble,data/mp_med/1994_monkey_trouble.jpg,1990-1994
1994,The Getaway,data/mp_med/1994_the_getaway.jpg,1990-1994
1994,Above the Rim,data/mp_med/1994_above_the_rim.jpg,1990-1994
1994,No Escape,data/mp_med/1994_no_escape.jpg,1990-1994
1994,Bad Girls,data/mp_med/1994_bad_girls.jpg,1990-1994
1994,Threesome,data/mp_med/1994_threesome.jpg,1990-1994
1994,The Pagemaster,data/mp_med/1994_the_pagemaster.jpg,1990-1994
1994,Crooklyn,data/mp_med/1994_crooklyn.jpg,1990-1994
1994,Bullets Over Broadway,data/mp_med/1994_bullets_over_broadway.jpg,1990-1994
1994,Greedy,data/mp_med/1994_greedy.jpg,1990-1994
1994,Little Big League,data/mp_med/1994_little_big_league.jpg,1990-1994
1994,3 Ninjas Kick Back,data/mp_med/1994__ninjas_kick_back.jpg,1990-1994
1994,The Ref,data/mp_med/1994_the_ref.jpg,1990-1994
1994,Cops and Robbersons,data/mp_med/1994_cops_and_robbersons.jpg,1990-1994
1994,Thumbelina,data/mp_med/1994_thumbelina.jpg,1990-1994
1994,Ready to Wear,data/mp_med/1994_ready_to_wear.jpg,1990-1994
1995,Toy Story,data/mp_med/1995_toy_story.jpg,1995-1999
1995,Batman Forever,data/mp_med/1995_batman_forever.jpg,1995-1999
1995,Apollo 13,data/mp_med/1995_apollo_.jpg,1995-1999
1995,Pocahontas,data/mp_med/1995_pocahontas.jpg,1995-1999
1995,Ace Ventura: When Nature Calls,data/mp_med/1995_ace_ventura_when_nature_calls.jpg,1995-1999
1995,GoldenEye,data/mp_med/1995_goldeneye.jpg,1995-1999
1995,Jumanji,data/mp_med/1995_jumanji.jpg,1995-1999
1995,Casper,data/mp_med/1995_casper.jpg,1995-1999
1995,Se7en,data/mp_med/1995_seen.jpg,1995-1999
1995,Die Hard with a Vengeance,data/mp_med/1995_die_hard_with_a_vengeance.jpg,1995-1999
1995,Crimson Tide,data/mp_med/1995_crimson_tide.jpg,1995-1999
1995,Waterworld,data/mp_med/1995_waterworld.jpg,1995-1999
1995,Dangerous Minds,data/mp_med/1995_dangerous_minds.jpg,1995-1999
1995,Mr. Holland's Opus,data/mp_med/1995_mr_hollands_opus.jpg,1995-1999
1995,While You Were Sleeping,data/mp_med/1995_while_you_were_sleeping.jpg,1995-1999
1995,Congo,data/mp_med/1995_congo.jpg,1995-1999
1995,Father of the Bride Part II,data/mp_med/1995_father_of_the_bride_part_ii.jpg,1995-1999
1995,Braveheart,data/mp_med/1995_braveheart.jpg,1995-1999
1995,Get Shorty,data/mp_med/1995_get_shorty.jpg,1995-1999
1995,The Bridges of Madison County,data/mp_med/1995_the_bridges_of_madison_county.jpg,1995-1999
1995,Mortal Kombat,data/mp_med/1995_mortal_kombat.jpg,1995-1999
1995,Grumpier Old Men,data/mp_med/1995_grumpier_old_men.jpg,1995-1999
1995,Nine Months,data/mp_med/1995_nine_months.jpg,1995-1999
1995,Outbreak,data/mp_med/1995_outbreak.jpg,1995-1999
1995,Heat,data/mp_med/1995_heat.jpg,1995-1999
1995,Waiting to Exhale,data/mp_med/1995_waiting_to_exhale.jpg,1995-1999
1995,Babe,data/mp_med/1995_babe.jpg,1995-1999
1995,Bad Boys,data/mp_med/1995_bad_boys.jpg,1995-1999
1995,The American President,data/mp_med/1995_the_american_president.jpg,1995-1999
1995,Species,data/mp_med/1995_species.jpg,1995-1999
1995,12 Monkeys,data/mp_med/1995__monkeys.jpg,1995-1999
1995,Clueless,data/mp_med/1995_clueless.jpg,1995-1999
1995,Sabrina,data/mp_med/1995_sabrina.jpg,1995-1999
1995,Something to Talk About,data/mp_med/1995_something_to_talk_about.jpg,1995-1999
1995,The Net,data/mp_med/1995_the_net.jpg,1995-1999
1995,Under Siege 2: Dark Territory,data/mp_med/1995_under_siege__dark_territory.jpg,1995-1999
1995,A Walk in the Clouds,data/mp_med/1995_a_walk_in_the_clouds.jpg,1995-1999
1995,The Brady Bunch Movie,data/mp_med/1995_the_brady_bunch_movie.jpg,1995-1999
1995,Sense and Sensibility,data/mp_med/1995_sense_and_sensibility.jpg,1995-1999
1995,Casino,data/mp_med/1995_casino.jpg,1995-1999
1995,Man of the House,data/mp_med/1995_man_of_the_house.jpg,1995-1999
1995,Dead Man Walking,data/mp_med/1995_dead_man_walking.jpg,1995-1999
1995,French Kiss,data/mp_med/1995_french_kiss.jpg,1995-1999
1995,Higher Learning,data/mp_med/1995_higher_learning.jpg,1995-1999
1995,Mighty Morphin Power Rangers: The Movie,data/mp_med/1995_mighty_morphin_power_rangers_the_movie.jpg,1995-1999
1995,First Knight,data/mp_med/1995_first_knight.jpg,1995-1999
1995,Just Cause,data/mp_med/1995_just_cause.jpg,1995-1999
1995,"To Wong Foo Thanks for Everything, Julie Newmar",data/mp_med/1995_to_wong_foo_thanks_for_everything_julie_newmar.jpg,1995-1999
1995,The Indian in the Cupboard,data/mp_med/1995_the_indian_in_the_cupboard.jpg,1995-1999
1995,A Goofy Movie,data/mp_med/1995_a_goofy_movie.jpg,1995-1999
1995,Money Train,data/mp_med/1995_money_train.jpg,1995-1999
1995,Judge Dredd,data/mp_med/1995_judge_dredd.jpg,1995-1999
1995,Forget Paris,data/mp_med/1995_forget_paris.jpg,1995-1999
1995,Tommy Boy,data/mp_med/1995_tommy_boy.jpg,1995-1999
1995,Copycat,data/mp_med/1995_copycat.jpg,1995-1999
1995,Leaving Las Vegas,data/mp_med/1995_leaving_las_vegas.jpg,1995-1999
1995,Powder,data/mp_med/1995_powder.jpg,1995-1999
1995,Assassins,data/mp_med/1995_assassins.jpg,1995-1999
1995,Free Willy 2: The Adventure Home,data/mp_med/1995_free_willy__the_adventure_home.jpg,1995-1999
1995,Major Payne,data/mp_med/1995_major_payne.jpg,1995-1999
1995,Friday,data/mp_med/1995_friday.jpg,1995-1999
1995,Now and Then,data/mp_med/1995_now_and_then.jpg,1995-1999
1995,Houseguest,data/mp_med/1995_houseguest.jpg,1995-1999
1995,Desperado,data/mp_med/1995_desperado.jpg,1995-1999
1995,Billy Madison,data/mp_med/1995_billy_madison.jpg,1995-1999
1995,Operation Dumbo Drop,data/mp_med/1995_operation_dumbo_drop.jpg,1995-1999
1995,Dolores Claiborne,data/mp_med/1995_dolores_claiborne.jpg,1995-1999
1995,Dead Presidents,data/mp_med/1995_dead_presidents.jpg,1995-1999
1995,Virtuosity,data/mp_med/1995_virtuosity.jpg,1995-1999
1995,Tom and Huck,data/mp_med/1995_tom_and_huck.jpg,1995-1999
1995,How to Make an American Quilt,data/mp_med/1995_how_to_make_an_american_quilt.jpg,1995-1999
1995,Boys on the Side,data/mp_med/1995_boys_on_the_side.jpg,1995-1999
1995,Circle of Friends,data/mp_med/1995_circle_of_friends.jpg,1995-1999
1995,The Usual Suspects,data/mp_med/1995_the_usual_suspects.jpg,1995-1999
1995,To Die For,data/mp_med/1995_to_die_for.jpg,1995-1999
1995,Tales from the Crypt: Demon Knight,data/mp_med/1995_tales_from_the_crypt_demon_knight.jpg,1995-1999
1995,Sudden Death,data/mp_med/1995_sudden_death.jpg,1995-1999
1995,Showgirls,data/mp_med/1995_showgirls.jpg,1995-1999
1995,Vampire in Brooklyn,data/mp_med/1995_vampire_in_brooklyn.jpg,1995-1999
1995,It Takes Two,data/mp_med/1995_it_takes_two.jpg,1995-1999
1995,Johnny Mnemonic,data/mp_med/1995_johnny_mnemonic.jpg,1995-1999
1995,The Quick and the Dead,data/mp_med/1995_the_quick_and_the_dead.jpg,1995-1999
1995,The Big Green,data/mp_med/1995_the_big_green.jpg,1995-1999
1995,Heavyweights,data/mp_med/1995_heavyweights.jpg,1995-1999
1995,Home for the Holidays,data/mp_med/1995_home_for_the_holidays.jpg,1995-1999
1995,Murder in the First,data/mp_med/1995_murder_in_the_first.jpg,1995-1999
1995,Jury Duty,data/mp_med/1995_jury_duty.jpg,1995-1999
1995,The Prophecy,data/mp_med/1995_the_prophecy.jpg,1995-1999
1995,Devil in a Blue Dress,data/mp_med/1995_devil_in_a_blue_dress.jpg,1995-1999
1995,Across the Sea of Time,data/mp_med/1995_across_the_sea_of_time.jpg,1995-1999
1995,Mad Love,data/mp_med/1995_mad_love.jpg,1995-1999
1995,Halloween: The Curse of Michael Myers,data/mp_med/1995_halloween_the_curse_of_michael_myers.jpg,1995-1999
1995,Wings of Courage,data/mp_med/1995_wings_of_courage.jpg,1995-1999
1995,Kiss of Death,data/mp_med/1995_kiss_of_death.jpg,1995-1999
1995,Candyman: Farewell to the Flesh,data/mp_med/1995_candyman_farewell_to_the_flesh.jpg,1995-1999
1995,Nixon,data/mp_med/1995_nixon.jpg,1995-1999
1995,A Kid in King Arthur's Court,data/mp_med/1995_a_kid_in_king_arthurs_court.jpg,1995-1999
1995,Lord of Illusions,data/mp_med/1995_lord_of_illusions.jpg,1995-1999
1995,Clockers,data/mp_med/1995_clockers.jpg,1995-1999
1995,Hideaway,data/mp_med/1995_hideaway.jpg,1995-1999
1996,Independence Day,data/mp_med/1996_independence_day.jpg,1995-1999
1996,Twister,data/mp_med/1996_twister.jpg,1995-1999
1996,Mission: Impossible,data/mp_med/1996_mission_impossible.jpg,1995-1999
1996,Jerry Maguire,data/mp_med/1996_jerry_maguire.jpg,1995-1999
1996,Ransom,data/mp_med/1996_ransom.jpg,1995-1999
1996,101 Dalmatians,data/mp_med/1996__dalmatians.jpg,1995-1999
1996,The Rock,data/mp_med/1996_the_rock.jpg,1995-1999
1996,The Nutty Professor,data/mp_med/1996_the_nutty_professor.jpg,1995-1999
1996,The Birdcage,data/mp_med/1996_the_birdcage.jpg,1995-1999
1996,A Time to Kill,data/mp_med/1996_a_time_to_kill.jpg,1995-1999
1996,The First Wives Club,data/mp_med/1996_the_first_wives_club.jpg,1995-1999
1996,Phenomenon,data/mp_med/1996_phenomenon.jpg,1995-1999
1996,Scream,data/mp_med/1996_scream.jpg,1995-1999
1996,Eraser,data/mp_med/1996_eraser.jpg,1995-1999
1996,The Hunchback of Notre Dame,data/mp_med/1996_the_hunchback_of_notre_dame.jpg,1995-1999
1996,Michael,data/mp_med/1996_michael.jpg,1995-1999
1996,Star Trek: First Contact,data/mp_med/1996_star_trek_first_contact.jpg,1995-1999
1996,Space Jam,data/mp_med/1996_space_jam.jpg,1995-1999
1996,The English Patient,data/mp_med/1996_the_english_patient.jpg,1995-1999
1996,Broken Arrow,data/mp_med/1996_broken_arrow.jpg,1995-1999
1996,Beavis and Butt-Head Do America,data/mp_med/1996_beavis_and_butthead_do_america.jpg,1995-1999
1996,Jingle All the Way,data/mp_med/1996_jingle_all_the_way.jpg,1995-1999
1996,The Cable Guy,data/mp_med/1996_the_cable_guy.jpg,1995-1999
1996,Courage Under Fire,data/mp_med/1996_courage_under_fire.jpg,1995-1999
1996,Jack,data/mp_med/1996_jack.jpg,1995-1999
1996,Executive Decision,data/mp_med/1996_executive_decision.jpg,1995-1999
1996,Primal Fear,data/mp_med/1996_primal_fear.jpg,1995-1999
1996,Tin Cup,data/mp_med/1996_tin_cup.jpg,1995-1999
1996,DragonHeart,data/mp_med/1996_dragonheart.jpg,1995-1999
1996,Up Close & Personal,data/mp_med/1996_up_close__personal.jpg,1995-1999
1996,Evita,data/mp_med/1996_evita.jpg,1995-1999
1996,Homeward Bound II: Lost in San Francisco,data/mp_med/1996_homeward_bound_ii_lost_in_san_francisco.jpg,1995-1999
1996,Sleepers,data/mp_med/1996_sleepers.jpg,1995-1999
1996,The Preacher's Wife,data/mp_med/1996_the_preachers_wife.jpg,1995-1999
1996,Romeo + Juliet,data/mp_med/1996_romeo__juliet.jpg,1995-1999
1996,One Fine Day,data/mp_med/1996_one_fine_day.jpg,1995-1999
1996,The Mirror Has Two Faces,data/mp_med/1996_the_mirror_has_two_faces.jpg,1995-1999
1996,Happy Gilmore,data/mp_med/1996_happy_gilmore.jpg,1995-1999
1996,The Ghost and the Darkness,data/mp_med/1996_the_ghost_and_the_darkness.jpg,1995-1999
1996,Mars Attacks!,data/mp_med/1996_mars_attacks.jpg,1995-1999
1996,Set It Off,data/mp_med/1996_set_it_off.jpg,1995-1999
1996,A Thin Line Between Love and Hate,data/mp_med/1996_a_thin_line_between_love_and_hate.jpg,1995-1999
1996,The Truth About Cats & Dogs,data/mp_med/1996_the_truth_about_cats__dogs.jpg,1995-1999
1996,Muppet Treasure Island,data/mp_med/1996_muppet_treasure_island.jpg,1995-1999
1996,The Long Kiss Goodnight,data/mp_med/1996_the_long_kiss_goodnight.jpg,1995-1999
1996,Striptease,data/mp_med/1996_striptease.jpg,1995-1999
1996,Matilda,data/mp_med/1996_matilda.jpg,1995-1999
1996,Daylight,data/mp_med/1996_daylight.jpg,1995-1999
1996,Black Sheep,data/mp_med/1996_black_sheep.jpg,1995-1999
1996,Eddie,data/mp_med/1996_eddie.jpg,1995-1999
1996,Sgt. Bilko,data/mp_med/1996_sgt_bilko.jpg,1995-1999
1996,Spy Hard,data/mp_med/1996_spy_hard.jpg,1995-1999
1996,James and the Giant Peach,data/mp_med/1996_james_and_the_giant_peach.jpg,1995-1999
1996,The Island of Dr. Moreau,data/mp_med/1996_the_island_of_dr_moreau.jpg,1995-1999
1996,Eye for an Eye,data/mp_med/1996_eye_for_an_eye.jpg,1995-1999
1996,Bio-Dome,data/mp_med/1996_biodome.jpg,1995-1999
1996,Harriet the Spy,data/mp_med/1996_harriet_the_spy.jpg,1995-1999
1996,First Kid,data/mp_med/1996_first_kid.jpg,1995-1999
1996,That Thing You Do!,data/mp_med/1996_that_thing_you_do.jpg,1995-1999
1996,Down Periscope,data/mp_med/1996_down_periscope.jpg,1995-1999
1996,From Dusk Till Dawn,data/mp_med/1996_from_dusk_till_dawn.jpg,1995-1999
1996,Escape from L.A.,data/mp_med/1996_escape_from_la.jpg,1995-1999
1996,Kingpin,data/mp_med/1996_kingpin.jpg,1995-1999
1996,The Craft,data/mp_med/1996_the_craft.jpg,1995-1999
1996,Fargo,data/mp_med/1996_fargo.jpg,1995-1999
1996,Fly Away Home,data/mp_med/1996_fly_away_home.jpg,1995-1999
1996,Sling Blade,data/mp_med/1996_sling_blade.jpg,1995-1999
1996,D3: The Mighty Ducks,data/mp_med/1996_d_the_mighty_ducks.jpg,1995-1999
1996,The Juror,data/mp_med/1996_the_juror.jpg,1995-1999
1996,My Fellow Americans,data/mp_med/1996_my_fellow_americans.jpg,1995-1999
1996,Emma,data/mp_med/1996_emma.jpg,1995-1999
1996,The Quest,data/mp_med/1996_the_quest.jpg,1995-1999
1996,A Very Brady Sequel,data/mp_med/1996_a_very_brady_sequel.jpg,1995-1999
1996,Bulletproof,data/mp_med/1996_bulletproof.jpg,1995-1999
1996,High School High,data/mp_med/1996_high_school_high.jpg,1995-1999
1996,Fear,data/mp_med/1996_fear.jpg,1995-1999
1996,Chain Reaction,data/mp_med/1996_chain_reaction.jpg,1995-1999
1996,City Hall,data/mp_med/1996_city_hall.jpg,1995-1999
1996,The People vs. Larry Flynt,data/mp_med/1996_the_people_vs_larry_flynt.jpg,1995-1999
1996,Don't Be a Menace to South Central While Drinking Your Juice in the Hood,data/mp_med/1996_dont_be_a_menace_to_south_central_while_drinking_your_juice_in_the_hood.jpg,1995-1999
1996,Multiplicity,data/mp_med/1996_multiplicity.jpg,1995-1999
1996,The Glimmer Man,data/mp_med/1996_the_glimmer_man.jpg,1995-1999
1996,Flipper,data/mp_med/1996_flipper.jpg,1995-1999
1996,Mother,data/mp_med/1996_mother.jpg,1995-1999
1996,Bed of Roses,data/mp_med/1996_bed_of_roses.jpg,1995-1999
1996,Kazaam,data/mp_med/1996_kazaam.jpg,1995-1999
1996,The Fan,data/mp_med/1996_the_fan.jpg,1995-1999
1996,The Crow: City of Angels,data/mp_med/1996_the_crow_city_of_angels.jpg,1995-1999
1996,Last Man Standing,data/mp_med/1996_last_man_standing.jpg,1995-1999
1996,Extreme Measures,data/mp_med/1996_extreme_measures.jpg,1995-1999
1996,The Phantom,data/mp_med/1996_the_phantom.jpg,1995-1999
1996,Diabolique,data/mp_med/1996_diabolique.jpg,1995-1999
1996,Fled,data/mp_med/1996_fled.jpg,1995-1999
1996,The Frighteners,data/mp_med/1996_the_frighteners.jpg,1995-1999
1996,Hellraiser: Bloodline,data/mp_med/1996_hellraiser_bloodline.jpg,1995-1999
1996,Thinner,data/mp_med/1996_thinner.jpg,1995-1999
1996,The Adventures of Pinocchio,data/mp_med/1996_the_adventures_of_pinocchio.jpg,1995-1999
1996,Flirting with Disaster,data/mp_med/1996_flirting_with_disaster.jpg,1995-1999
1996,The Substitute,data/mp_med/1996_the_substitute.jpg,1995-1999
1996,The Chamber,data/mp_med/1996_the_chamber.jpg,1995-1999
1997,Titanic,data/mp_med/1997_titanic.jpg,1995-1999
1997,Men in Black,data/mp_med/1997_men_in_black.jpg,1995-1999
1997,The Lost World: Jurassic Park,data/mp_med/1997_the_lost_world_jurassic_park.jpg,1995-1999
1997,Liar Liar,data/mp_med/1997_liar_liar.jpg,1995-1999
1997,Air Force One,data/mp_med/1997_air_force_one.jpg,1995-1999
1997,As Good as It Gets,data/mp_med/1997_as_good_as_it_gets.jpg,1995-1999
1997,Good Will Hunting,data/mp_med/1997_good_will_hunting.jpg,1995-1999
1997,My Best Friend's Wedding,data/mp_med/1997_my_best_friends_wedding.jpg,1995-1999
1997,Tomorrow Never Dies,data/mp_med/1997_tomorrow_never_dies.jpg,1995-1999
1997,Face/Off,data/mp_med/1997_faceoff.jpg,1995-1999
1997,Batman & Robin,data/mp_med/1997_batman__robin.jpg,1995-1999
1997,George of the Jungle,data/mp_med/1997_george_of_the_jungle.jpg,1995-1999
1997,Scream 2,data/mp_med/1997_scream_.jpg,1995-1999
1997,Con Air,data/mp_med/1997_con_air.jpg,1995-1999
1997,Contact,data/mp_med/1997_contact.jpg,1995-1999
1997,Hercules,data/mp_med/1997_hercules.jpg,1995-1999
1997,Flubber,data/mp_med/1997_flubber.jpg,1995-1999
1997,Conspiracy Theory,data/mp_med/1997_conspiracy_theory.jpg,1995-1999
1997,I Know What You Did Last Summer,data/mp_med/1997_i_know_what_you_did_last_summer.jpg,1995-1999
1997,Dante's Peak,data/mp_med/1997_dantes_peak.jpg,1995-1999
1997,Anaconda,data/mp_med/1997_anaconda.jpg,1995-1999
1997,L.A. Confidential,data/mp_med/1997_la_confidential.jpg,1995-1999
1997,In & Out,data/mp_med/1997_in__out.jpg,1995-1999
1997,The Fifth Element,data/mp_med/1997_the_fifth_element.jpg,1995-1999
1997,Mousehunt,data/mp_med/1997_mousehunt.jpg,1995-1999
1997,The Saint,data/mp_med/1997_the_saint.jpg,1995-1999
1997,The Devil's Advocate,data/mp_med/1997_the_devils_advocate.jpg,1995-1999
1997,Kiss the Girls,data/mp_med/1997_kiss_the_girls.jpg,1995-1999
1997,Jungle 2 Jungle,data/mp_med/1997_jungle__jungle.jpg,1995-1999
1997,Anastasia,data/mp_med/1997_anastasia.jpg,1995-1999
1997,Spawn,data/mp_med/1997_spawn.jpg,1995-1999
1997,The Jackal,data/mp_med/1997_the_jackal.jpg,1995-1999
1997,Starship Troopers,data/mp_med/1997_starship_troopers.jpg,1995-1999
1997,Austin Powers: International Man of Mystery,data/mp_med/1997_austin_powers_international_man_of_mystery.jpg,1995-1999
1997,Breakdown,data/mp_med/1997_breakdown.jpg,1995-1999
1997,Absolute Power,data/mp_med/1997_absolute_power.jpg,1995-1999
1997,Volcano,data/mp_med/1997_volcano.jpg,1995-1999
1997,Speed 2: Cruise Control,data/mp_med/1997_speed__cruise_control.jpg,1995-1999
1997,The Game,data/mp_med/1997_the_game.jpg,1995-1999
1997,G.I. Jane,data/mp_med/1997_gi_jane.jpg,1995-1999
1997,Alien: Resurrection,data/mp_med/1997_alien_resurrection.jpg,1995-1999
1997,The Full Monty,data/mp_med/1997_the_full_monty.jpg,1995-1999
1997,The Rainmaker,data/mp_med/1997_the_rainmaker.jpg,1995-1999
1997,Bean,data/mp_med/1997_bean.jpg,1995-1999
1997,Cop Land,data/mp_med/1997_cop_land.jpg,1995-1999
1997,Nothing to Lose,data/mp_med/1997_nothing_to_lose.jpg,1995-1999
1997,Amistad,data/mp_med/1997_amistad.jpg,1995-1999
1997,Soul Food,data/mp_med/1997_soul_food.jpg,1995-1999
1997,Wag the Dog,data/mp_med/1997_wag_the_dog.jpg,1995-1999
1997,The Devil's Own,data/mp_med/1997_the_devils_own.jpg,1995-1999
1997,Donnie Brasco,data/mp_med/1997_donnie_brasco.jpg,1995-1999
1997,The Peacemaker,data/mp_med/1997_the_peacemaker.jpg,1995-1999
1997,Private Parts,data/mp_med/1997_private_parts.jpg,1995-1999
1997,Money Talks,data/mp_med/1997_money_talks.jpg,1995-1999
1997,Jackie Brown,data/mp_med/1997_jackie_brown.jpg,1995-1999
1997,Seven Years in Tibet,data/mp_med/1997_seven_years_in_tibet.jpg,1995-1999
1997,Vegas Vacation,data/mp_med/1997_vegas_vacation.jpg,1995-1999
1997,Mortal Kombat: Annihilation,data/mp_med/1997_mortal_kombat_annihilation.jpg,1995-1999
1997,Selena,data/mp_med/1997_selena.jpg,1995-1999
1997,Addicted to Love,data/mp_med/1997_addicted_to_love.jpg,1995-1999
1997,The Relic,data/mp_med/1997_the_relic.jpg,1995-1999
1997,Metro,data/mp_med/1997_metro.jpg,1995-1999
1997,For Richer or Poorer,data/mp_med/1997_for_richer_or_poorer.jpg,1995-1999
1997,Beverly Hills Ninja,data/mp_med/1997_beverly_hills_ninja.jpg,1995-1999
1997,Picture Perfect,data/mp_med/1997_picture_perfect.jpg,1995-1999
1997,Home Alone 3,data/mp_med/1997_home_alone_.jpg,1995-1999
1997,Fools Rush In,data/mp_med/1997_fools_rush_in.jpg,1995-1999
1997,Romy and Michele's High School Reunion,data/mp_med/1997_romy_and_micheles_high_school_reunion.jpg,1995-1999
1997,Fathers' Day,data/mp_med/1997_fathers_day.jpg,1995-1999
1997,Grosse Pointe Blank,data/mp_med/1997_grosse_pointe_blank.jpg,1995-1999
1997,Out to Sea,data/mp_med/1997_out_to_sea.jpg,1995-1999
1997,The Edge,data/mp_med/1997_the_edge.jpg,1995-1999
1997,Event Horizon,data/mp_med/1997_event_horizon.jpg,1995-1999
1997,An American Werewolf in Paris,data/mp_med/1997_an_american_werewolf_in_paris.jpg,1995-1999
1997,Boogie Nights,data/mp_med/1997_boogie_nights.jpg,1995-1999
1997,Murder at 1600,data/mp_med/1997_murder_at_.jpg,1995-1999
1997,Mimic,data/mp_med/1997_mimic.jpg,1995-1999
1997,Midnight in the Garden of Good and Evil,data/mp_med/1997_midnight_in_the_garden_of_good_and_evil.jpg,1995-1999
1997,Air Bud,data/mp_med/1997_air_bud.jpg,1995-1999
1997,Good Burger,data/mp_med/1997_good_burger.jpg,1995-1999
1997,Hoodlum,data/mp_med/1997_hoodlum.jpg,1995-1999
1997,Red Corner,data/mp_med/1997_red_corner.jpg,1995-1999
1997,The Borrowers,data/mp_med/1997_the_borrowers.jpg,1995-1999
1997,Mr. Magoo,data/mp_med/1997_mr_magoo.jpg,1995-1999
1997,The Apostle,data/mp_med/1997_the_apostle.jpg,1995-1999
1997,Booty Call,data/mp_med/1997_booty_call.jpg,1995-1999
1997,Gone Fishin',data/mp_med/1997_gone_fishin.jpg,1995-1999
1997,That Darn Cat,data/mp_med/1997_that_darn_cat.jpg,1995-1999
1997,The Postman,data/mp_med/1997_the_postman.jpg,1995-1999
1997,That Old Feeling,data/mp_med/1997_that_old_feeling.jpg,1995-1999
1997,Fire Down Below,data/mp_med/1997_fire_down_below.jpg,1995-1999
1997,Wishmaster,data/mp_med/1997_wishmaster.jpg,1995-1999
1997,RocketMan,data/mp_med/1997_rocketman.jpg,1995-1999
1997,Eve's Bayou,data/mp_med/1997_eves_bayou.jpg,1995-1999
1997,The Sixth Man,data/mp_med/1997_the_sixth_man.jpg,1995-1999
1997,Excess Baggage,data/mp_med/1997_excess_baggage.jpg,1995-1999
1997,How to Be a Player,data/mp_med/1997_how_to_be_a_player.jpg,1995-1999
1997,The Man Who Knew Too Little,data/mp_med/1997_the_man_who_knew_too_little.jpg,1995-1999
1997,The Wings of the Dove,data/mp_med/1997_the_wings_of_the_dove.jpg,1995-1999
1997,Trial and Error,data/mp_med/1997_trial_and_error.jpg,1995-1999
1998,Saving Private Ryan,data/mp_med/1998_saving_private_ryan.jpg,1995-1999
1998,Armageddon,data/mp_med/1998_armageddon.jpg,1995-1999
1998,There's Something About Mary,data/mp_med/1998_theres_something_about_mary.jpg,1995-1999
1998,A Bug's Life,data/mp_med/1998_a_bugs_life.jpg,1995-1999
1998,The Waterboy,data/mp_med/1998_the_waterboy.jpg,1995-1999
1998,Doctor Dolittle,data/mp_med/1998_doctor_dolittle.jpg,1995-1999
1998,Rush Hour,data/mp_med/1998_rush_hour.jpg,1995-1999
1998,Deep Impact,data/mp_med/1998_deep_impact.jpg,1995-1999
1998,Godzilla,data/mp_med/1998_godzilla.jpg,1995-1999
1998,Patch Adams,data/mp_med/1998_patch_adams.jpg,1995-1999
1998,Lethal Weapon 4,data/mp_med/1998_lethal_weapon_.jpg,1995-1999
1998,The Truman Show,data/mp_med/1998_the_truman_show.jpg,1995-1999
1998,Mulan,data/mp_med/1998_mulan.jpg,1995-1999
1998,You've Got Mail,data/mp_med/1998_youve_got_mail.jpg,1995-1999
1998,Enemy of the State,data/mp_med/1998_enemy_of_the_state.jpg,1995-1999
1998,The Prince of Egypt,data/mp_med/1998_the_prince_of_egypt.jpg,1995-1999
1998,The Rugrats Movie,data/mp_med/1998_the_rugrats_movie.jpg,1995-1999
1998,Shakespeare in Love,data/mp_med/1998_shakespeare_in_love.jpg,1995-1999
1998,The Mask of Zorro,data/mp_med/1998_the_mask_of_zorro.jpg,1995-1999
1998,Stepmom,data/mp_med/1998_stepmom.jpg,1995-1999
1998,Antz,data/mp_med/1998_antz.jpg,1995-1999
1998,The X Files,data/mp_med/1998_the_x_files.jpg,1995-1999
1998,The Wedding Singer,data/mp_med/1998_the_wedding_singer.jpg,1995-1999
1998,City of Angels,data/mp_med/1998_city_of_angels.jpg,1995-1999
1998,The Horse Whisperer,data/mp_med/1998_the_horse_whisperer.jpg,1995-1999
1998,Six Days Seven Nights,data/mp_med/1998_six_days_seven_nights.jpg,1995-1999
1998,Star Trek: Insurrection,data/mp_med/1998_star_trek_insurrection.jpg,1995-1999
1998,Blade,data/mp_med/1998_blade.jpg,1995-1999
1998,Lost in Space,data/mp_med/1998_lost_in_space.jpg,1995-1999
1998,A Perfect Murder,data/mp_med/1998_a_perfect_murder.jpg,1995-1999
1998,The Parent Trap,data/mp_med/1998_the_parent_trap.jpg,1995-1999
1998,Ever After: A Cinderella Story,data/mp_med/1998_ever_after_a_cinderella_story.jpg,1995-1999
1998,Hope Floats,data/mp_med/1998_hope_floats.jpg,1995-1999
1998,U.S. Marshals,data/mp_med/1998_us_marshals.jpg,1995-1999
1998,The Man in the Iron Mask,data/mp_med/1998_the_man_in_the_iron_mask.jpg,1995-1999
1998,A Civil Action,data/mp_med/1998_a_civil_action.jpg,1995-1999
1998,Snake Eyes,data/mp_med/1998_snake_eyes.jpg,1995-1999
1998,What Dreams May Come,data/mp_med/1998_what_dreams_may_come.jpg,1995-1999
1998,Halloween H20: 20 Years Later,data/mp_med/1998_halloween_h__years_later.jpg,1995-1999
1998,Small Soldiers,data/mp_med/1998_small_soldiers.jpg,1995-1999
1998,T-Rex: Back to the Cretaceous,data/mp_med/1998_trex_back_to_the_cretaceous.jpg,1995-1999
1998,Mighty Joe Young,data/mp_med/1998_mighty_joe_young.jpg,1995-1999
1998,Practical Magic,data/mp_med/1998_practical_magic.jpg,1995-1999
1998,Meet Joe Black,data/mp_med/1998_meet_joe_black.jpg,1995-1999
1998,The Negotiator,data/mp_med/1998_the_negotiator.jpg,1995-1999
1998,Ronin,data/mp_med/1998_ronin.jpg,1995-1999
1998,The Siege,data/mp_med/1998_the_siege.jpg,1995-1999
1998,Pleasantville,data/mp_med/1998_pleasantville.jpg,1995-1999
1998,The Faculty,data/mp_med/1998_the_faculty.jpg,1995-1999
1998,I Still Know What You Did Last Summer,data/mp_med/1998_i_still_know_what_you_did_last_summer.jpg,1995-1999
1998,Primary Colors,data/mp_med/1998_primary_colors.jpg,1995-1999
1998,Urban Legend,data/mp_med/1998_urban_legend.jpg,1995-1999
1998,How Stella Got Her Groove Back,data/mp_med/1998_how_stella_got_her_groove_back.jpg,1995-1999
1998,Out of Sight,data/mp_med/1998_out_of_sight.jpg,1995-1999
1998,Sphere,data/mp_med/1998_sphere.jpg,1995-1999
1998,The Thin Red Line,data/mp_med/1998_the_thin_red_line.jpg,1995-1999
1998,Jack Frost,data/mp_med/1998_jack_frost.jpg,1995-1999
1998,Mercury Rising,data/mp_med/1998_mercury_rising.jpg,1995-1999
1998,Bride of Chucky,data/mp_med/1998_bride_of_chucky.jpg,1995-1999
1998,A Night at the Roxbury,data/mp_med/1998_a_night_at_the_roxbury.jpg,1995-1999
1998,Madeline,data/mp_med/1998_madeline.jpg,1995-1999
1998,Wild Things,data/mp_med/1998_wild_things.jpg,1995-1999
1998,The Object of My Affection,data/mp_med/1998_the_object_of_my_affection.jpg,1995-1999
1998,The Big Hit,data/mp_med/1998_the_big_hit.jpg,1995-1999
1998,Paulie,data/mp_med/1998_paulie.jpg,1995-1999
1998,Bulworth,data/mp_med/1998_bulworth.jpg,1995-1999
1998,Great Expectations,data/mp_med/1998_great_expectations.jpg,1995-1999
1998,Can't Hardly Wait,data/mp_med/1998_cant_hardly_wait.jpg,1995-1999
1998,Fallen,data/mp_med/1998_fallen.jpg,1995-1999
1998,Waking Ned Devine,data/mp_med/1998_waking_ned_devine.jpg,1995-1999
1998,The Avengers,data/mp_med/1998_the_avengers.jpg,1995-1999
1998,One True Thing,data/mp_med/1998_one_true_thing.jpg,1995-1999
1998,The Players Club,data/mp_med/1998_the_players_club.jpg,1995-1999
1998,Rounders,data/mp_med/1998_rounders.jpg,1995-1999
1998,Beloved,data/mp_med/1998_beloved.jpg,1995-1999
1998,Quest for Camelot,data/mp_med/1998_quest_for_camelot.jpg,1995-1999
1998,He Got Game,data/mp_med/1998_he_got_game.jpg,1995-1999
1998,Psycho,data/mp_med/1998_psycho.jpg,1995-1999
1998,Vampires,data/mp_med/1998_vampires.jpg,1995-1999
1998,Mafia!,data/mp_med/1998_mafia.jpg,1995-1999
1998,Hard Rain,data/mp_med/1998_hard_rain.jpg,1995-1999
1998,Species II,data/mp_med/1998_species_ii.jpg,1995-1999
1998,The Replacement Killers,data/mp_med/1998_the_replacement_killers.jpg,1995-1999
1998,The Odd Couple II,data/mp_med/1998_the_odd_couple_ii.jpg,1995-1999
1998,Simon Birch,data/mp_med/1998_simon_birch.jpg,1995-1999
1998,The Big Lebowski,data/mp_med/1998_the_big_lebowski.jpg,1995-1999
1998,Disturbing Behavior,data/mp_med/1998_disturbing_behavior.jpg,1995-1999
1998,Half Baked,data/mp_med/1998_half_baked.jpg,1995-1999
1998,Rushmore,data/mp_med/1998_rushmore.jpg,1995-1999
1998,54,data/mp_med/1998_.jpg,1995-1999
1998,A Simple Plan,data/mp_med/1998_a_simple_plan.jpg,1995-1999
1998,Dance with Me,data/mp_med/1998_dance_with_me.jpg,1995-1999
1998,Dead Man on Campus,data/mp_med/1998_dead_man_on_campus.jpg,1995-1999
1998,Twilight,data/mp_med/1998_twilight.jpg,1995-1999
1998,Soldier,data/mp_med/1998_soldier.jpg,1995-1999
1998,Dark City,data/mp_med/1998_dark_city.jpg,1995-1999
1998,Les Misérables,data/mp_med/1998_les_misrables.jpg,1995-1999
1998,Blues Brothers 2000,data/mp_med/1998_blues_brothers_.jpg,1995-1999
1998,Desperate Measures,data/mp_med/1998_desperate_measures.jpg,1995-1999
1998,Hush,data/mp_med/1998_hush.jpg,1995-1999
1999,Star Wars: Episode I - The Phantom Menace,data/mp_med/1999_star_wars_episode_i__the_phantom_menace.jpg,1995-1999
1999,The Sixth Sense,data/mp_med/1999_the_sixth_sense.jpg,1995-1999
1999,Toy Story 2,data/mp_med/1999_toy_story_.jpg,1995-1999
1999,Austin Powers: The Spy Who Shagged Me,data/mp_med/1999_austin_powers_the_spy_who_shagged_me.jpg,1995-1999
1999,The Matrix,data/mp_med/1999_the_matrix.jpg,1995-1999
1999,Tarzan,data/mp_med/1999_tarzan.jpg,1995-1999
1999,Big Daddy,data/mp_med/1999_big_daddy.jpg,1995-1999
1999,The Mummy,data/mp_med/1999_the_mummy.jpg,1995-1999
1999,Runaway Bride,data/mp_med/1999_runaway_bride.jpg,1995-1999
1999,The Blair Witch Project,data/mp_med/1999_the_blair_witch_project.jpg,1995-1999
1999,Stuart Little,data/mp_med/1999_stuart_little.jpg,1995-1999
1999,The Green Mile,data/mp_med/1999_the_green_mile.jpg,1995-1999
1999,American Beauty,data/mp_med/1999_american_beauty.jpg,1995-1999
1999,The World Is Not Enough,data/mp_med/1999_the_world_is_not_enough.jpg,1995-1999
1999,Double Jeopardy,data/mp_med/1999_double_jeopardy.jpg,1995-1999
1999,Notting Hill,data/mp_med/1999_notting_hill.jpg,1995-1999
1999,Wild Wild West,data/mp_med/1999_wild_wild_west.jpg,1995-1999
1999,Analyze This,data/mp_med/1999_analyze_this.jpg,1995-1999
1999,The General's Daughter,data/mp_med/1999_the_generals_daughter.jpg,1995-1999
1999,American Pie,data/mp_med/1999_american_pie.jpg,1995-1999
1999,Sleepy Hollow,data/mp_med/1999_sleepy_hollow.jpg,1995-1999
1999,Inspector Gadget,data/mp_med/1999_inspector_gadget.jpg,1995-1999
1999,The Haunting,data/mp_med/1999_the_haunting.jpg,1995-1999
1999,Entrapment,data/mp_med/1999_entrapment.jpg,1995-1999
1999,Payback,data/mp_med/1999_payback.jpg,1995-1999
1999,The Talented Mr. Ripley,data/mp_med/1999_the_talented_mr_ripley.jpg,1995-1999
1999,Any Given Sunday,data/mp_med/1999_any_given_sunday.jpg,1995-1999
1999,Deep Blue Sea,data/mp_med/1999_deep_blue_sea.jpg,1995-1999
1999,Galaxy Quest,data/mp_med/1999_galaxy_quest.jpg,1995-1999
1999,The Thomas Crown Affair,data/mp_med/1999_the_thomas_crown_affair.jpg,1995-1999
1999,Blue Streak,data/mp_med/1999_blue_streak.jpg,1995-1999
1999,End of Days,data/mp_med/1999_end_of_days.jpg,1995-1999
1999,The Bone Collector,data/mp_med/1999_the_bone_collector.jpg,1995-1999
1999,Bowfinger,data/mp_med/1999_bowfinger.jpg,1995-1999
1999,Deuce Bigalow: Male Gigolo,data/mp_med/1999_deuce_bigalow_male_gigolo.jpg,1995-1999
1999,Life,data/mp_med/1999_life.jpg,1995-1999
1999,She's All That,data/mp_med/1999_shes_all_that.jpg,1995-1999
1999,Fantasia 2000,data/mp_med/1999_fantasia_.jpg,1995-1999
1999,Three Kings,data/mp_med/1999_three_kings.jpg,1995-1999
1999,Bicentennial Man,data/mp_med/1999_bicentennial_man.jpg,1995-1999
1999,The Cider House Rules,data/mp_med/1999_the_cider_house_rules.jpg,1995-1999
1999,Eyes Wide Shut,data/mp_med/1999_eyes_wide_shut.jpg,1995-1999
1999,Never Been Kissed,data/mp_med/1999_never_been_kissed.jpg,1995-1999
1999,Forces of Nature,data/mp_med/1999_forces_of_nature.jpg,1995-1999
1999,Varsity Blues,data/mp_med/1999_varsity_blues.jpg,1995-1999
1999,Message in a Bottle,data/mp_med/1999_message_in_a_bottle.jpg,1995-1999
1999,"South Park: Bigger, Longer & Uncut",data/mp_med/1999_south_park_bigger_longer__uncut.jpg,1995-1999
1999,The Hurricane,data/mp_med/1999_the_hurricane.jpg,1995-1999
1999,Stigmata,data/mp_med/1999_stigmata.jpg,1995-1999
1999,House on Haunted Hill,data/mp_med/1999_house_on_haunted_hill.jpg,1995-1999
1999,Anna and the King,data/mp_med/1999_anna_and_the_king.jpg,1995-1999
1999,Cruel Intentions,data/mp_med/1999_cruel_intentions.jpg,1995-1999
1999,10 Things I Hate About You,data/mp_med/1999__things_i_hate_about_you.jpg,1995-1999
1999,Fight Club,data/mp_med/1999_fight_club.jpg,1995-1999
1999,My Favorite Martian,data/mp_med/1999_my_favorite_martian.jpg,1995-1999
1999,8MM,data/mp_med/1999_mm.jpg,1995-1999
1999,For Love of the Game,data/mp_med/1999_for_love_of_the_game.jpg,1995-1999
1999,Man on the Moon,data/mp_med/1999_man_on_the_moon.jpg,1995-1999
1999,The Best Man,data/mp_med/1999_the_best_man.jpg,1995-1999
1999,Instinct,data/mp_med/1999_instinct.jpg,1995-1999
1999,Mickey Blue Eyes,data/mp_med/1999_mickey_blue_eyes.jpg,1995-1999
1999,The 13th Warrior,data/mp_med/1999_the_th_warrior.jpg,1995-1999
1999,October Sky,data/mp_med/1999_october_sky.jpg,1995-1999
1999,Lake Placid,data/mp_med/1999_lake_placid.jpg,1995-1999
1999,Random Hearts,data/mp_med/1999_random_hearts.jpg,1995-1999
1999,Dogma,data/mp_med/1999_dogma.jpg,1995-1999
1999,Superstar,data/mp_med/1999_superstar.jpg,1995-1999
1999,Mystery Men,data/mp_med/1999_mystery_men.jpg,1995-1999
1999,The Insider,data/mp_med/1999_the_insider.jpg,1995-1999
1999,"Girl, Interrupted",data/mp_med/1999_girl_interrupted.jpg,1995-1999
1999,The Out-of-Towners,data/mp_med/1999_the_outoftowners.jpg,1995-1999
1999,The Other Sister,data/mp_med/1999_the_other_sister.jpg,1995-1999
1999,Baby Geniuses,data/mp_med/1999_baby_geniuses.jpg,1995-1999
1999,The Story of Us,data/mp_med/1999_the_story_of_us.jpg,1995-1999
1999,Blast from the Past,data/mp_med/1999_blast_from_the_past.jpg,1995-1999
1999,The Wood,data/mp_med/1999_the_wood.jpg,1995-1999
1999,Arlington Road,data/mp_med/1999_arlington_road.jpg,1995-1999
1999,The Iron Giant,data/mp_med/1999_the_iron_giant.jpg,1995-1999
1999,Being John Malkovich,data/mp_med/1999_being_john_malkovich.jpg,1995-1999
1999,Magnolia,data/mp_med/1999_magnolia.jpg,1995-1999
1999,At First Sight,data/mp_med/1999_at_first_sight.jpg,1995-1999
1999,Edtv,data/mp_med/1999_edtv.jpg,1995-1999
1999,The Bachelor,data/mp_med/1999_the_bachelor.jpg,1995-1999
1999,Stir of Echoes,data/mp_med/1999_stir_of_echoes.jpg,1995-1999
1999,Doug's 1st Movie,data/mp_med/1999_dougs_st_movie.jpg,1995-1999
1999,Summer of Sam,data/mp_med/1999_summer_of_sam.jpg,1995-1999
1999,The Ninth Gate,data/mp_med/1999_the_ninth_gate.jpg,1995-1999
1999,Anywhere But Here,data/mp_med/1999_anywhere_but_here.jpg,1995-1999
1999,An Ideal Husband,data/mp_med/1999_an_ideal_husband.jpg,1995-1999
1999,Drive Me Crazy,data/mp_med/1999_drive_me_crazy.jpg,1995-1999
1999,The Rage: Carrie 2,data/mp_med/1999_the_rage_carrie_.jpg,1995-1999
1999,Go,data/mp_med/1999_go.jpg,1995-1999
1999,Bringing Out the Dead,data/mp_med/1999_bringing_out_the_dead.jpg,1995-1999
1999,True Crime,data/mp_med/1999_true_crime.jpg,1995-1999
1999,Muppets from Space,data/mp_med/1999_muppets_from_space.jpg,1995-1999
1999,A Midsummer Night's Dream,data/mp_med/1999_a_midsummer_nights_dream.jpg,1995-1999
1999,The Thirteenth Floor,data/mp_med/1999_the_thirteenth_floor.jpg,1995-1999
1999,The Corruptor,data/mp_med/1999_the_corruptor.jpg,1995-1999
1999,Election,data/mp_med/1999_election.jpg,1995-1999
1999,Music of the Heart,data/mp_med/1999_music_of_the_heart.jpg,1995-1999
2000,How the Grinch Stole Christmas,data/mp_med/2000_how_the_grinch_stole_christmas.jpg,2000-2004
2000,Cast Away,data/mp_med/2000_cast_away.jpg,2000-2004
2000,Mission: Impossible II,data/mp_med/2000_mission_impossible_ii.jpg,2000-2004
2000,Gladiator,data/mp_med/2000_gladiator.jpg,2000-2004
2000,What Women Want,data/mp_med/2000_what_women_want.jpg,2000-2004
2000,The Perfect Storm,data/mp_med/2000_the_perfect_storm.jpg,2000-2004
2000,Meet the Parents,data/mp_med/2000_meet_the_parents.jpg,2000-2004
2000,X-Men,data/mp_med/2000_xmen.jpg,2000-2004
2000,Scary Movie,data/mp_med/2000_scary_movie.jpg,2000-2004
2000,What Lies Beneath,data/mp_med/2000_what_lies_beneath.jpg,2000-2004
2000,Dinosaur,data/mp_med/2000_dinosaur.jpg,2000-2004
2000,"Crouching Tiger, Hidden Dragon",data/mp_med/2000_crouching_tiger_hidden_dragon.jpg,2000-2004
2000,Erin Brockovich,data/mp_med/2000_erin_brockovich.jpg,2000-2004
2000,Charlie's Angels,data/mp_med/2000_charlies_angels.jpg,2000-2004
2000,Traffic,data/mp_med/2000_traffic.jpg,2000-2004
2000,Nutty Professor II: The Klumps,data/mp_med/2000_nutty_professor_ii_the_klumps.jpg,2000-2004
2000,Big Momma's House,data/mp_med/2000_big_mommas_house.jpg,2000-2004
2000,Remember the Titans,data/mp_med/2000_remember_the_titans.jpg,2000-2004
2000,The Patriot,data/mp_med/2000_the_patriot.jpg,2000-2004
2000,Chicken Run,data/mp_med/2000_chicken_run.jpg,2000-2004
2000,Miss Congeniality,data/mp_med/2000_miss_congeniality.jpg,2000-2004
2000,Gone in 60 Seconds,data/mp_med/2000_gone_in__seconds.jpg,2000-2004
2000,Unbreakable,data/mp_med/2000_unbreakable.jpg,2000-2004
2000,"Me, Myself & Irene",data/mp_med/2000_me_myself__irene.jpg,2000-2004
2000,Space Cowboys,data/mp_med/2000_space_cowboys.jpg,2000-2004
2000,The Emperor's New Groove,data/mp_med/2000_the_emperors_new_groove.jpg,2000-2004
2000,Scream 3,data/mp_med/2000_scream_.jpg,2000-2004
2000,U-571,data/mp_med/2000_u.jpg,2000-2004
2000,Rugrats in Paris: The Movie,data/mp_med/2000_rugrats_in_paris_the_movie.jpg,2000-2004
2000,The Family Man,data/mp_med/2000_the_family_man.jpg,2000-2004
2000,Hollow Man,data/mp_med/2000_hollow_man.jpg,2000-2004
2000,Chocolat,data/mp_med/2000_chocolat.jpg,2000-2004
2000,Shaft,data/mp_med/2000_shaft.jpg,2000-2004
2000,The Kid,data/mp_med/2000_the_kid.jpg,2000-2004
2000,Vertical Limit,data/mp_med/2000_vertical_limit.jpg,2000-2004
2000,Road Trip,data/mp_med/2000_road_trip.jpg,2000-2004
2000,Bring It On,data/mp_med/2000_bring_it_on.jpg,2000-2004
2000,102 Dalmatians,data/mp_med/2000__dalmatians.jpg,2000-2004
2000,Finding Forrester,data/mp_med/2000_finding_forrester.jpg,2000-2004
2000,Rules of Engagement,data/mp_med/2000_rules_of_engagement.jpg,2000-2004
2000,The Cell,data/mp_med/2000_the_cell.jpg,2000-2004
2000,Mission to Mars,data/mp_med/2000_mission_to_mars.jpg,2000-2004
2000,Coyote Ugly,data/mp_med/2000_coyote_ugly.jpg,2000-2004
2000,Snow Day,data/mp_med/2000_snow_day.jpg,2000-2004
2000,Next Friday,data/mp_med/2000_next_friday.jpg,2000-2004
2000,The Whole Nine Yards,data/mp_med/2000_the_whole_nine_yards.jpg,2000-2004
2000,Shanghai Noon,data/mp_med/2000_shanghai_noon.jpg,2000-2004
2000,Romeo Must Die,data/mp_med/2000_romeo_must_die.jpg,2000-2004
2000,Final Destination,data/mp_med/2000_final_destination.jpg,2000-2004
2000,The Road to El Dorado,data/mp_med/2000_the_road_to_el_dorado.jpg,2000-2004
2000,Men of Honor,data/mp_med/2000_men_of_honor.jpg,2000-2004
2000,"Dude, Where's My Car?",data/mp_med/2000_dude_wheres_my_car.jpg,2000-2004
2000,The Tigger Movie,data/mp_med/2000_the_tigger_movie.jpg,2000-2004
2000,"O Brother, Where Art Thou?",data/mp_med/2000_o_brother_where_art_thou.jpg,2000-2004
2000,Frequency,data/mp_med/2000_frequency.jpg,2000-2004
2000,The Replacements,data/mp_med/2000_the_replacements.jpg,2000-2004
2000,The Beach,data/mp_med/2000_the_beach.jpg,2000-2004
2000,Little Nicky,data/mp_med/2000_little_nicky.jpg,2000-2004
2000,Pitch Black,data/mp_med/2000_pitch_black.jpg,2000-2004
2000,Bedazzled,data/mp_med/2000_bedazzled.jpg,2000-2004
2000,Autumn in New York,data/mp_med/2000_autumn_in_new_york.jpg,2000-2004
2000,28 Days,data/mp_med/2000__days.jpg,2000-2004
2000,Keeping the Faith,data/mp_med/2000_keeping_the_faith.jpg,2000-2004
2000,Bounce,data/mp_med/2000_bounce.jpg,2000-2004
2000,Hanging Up,data/mp_med/2000_hanging_up.jpg,2000-2004
2000,The Flintstones in Viva Rock Vegas,data/mp_med/2000_the_flintstones_in_viva_rock_vegas.jpg,2000-2004
2000,The Skulls,data/mp_med/2000_the_skulls.jpg,2000-2004
2000,The 6th Day,data/mp_med/2000_the_th_day.jpg,2000-2004
2000,Thirteen Days,data/mp_med/2000_thirteen_days.jpg,2000-2004
2000,My Dog Skip,data/mp_med/2000_my_dog_skip.jpg,2000-2004
2000,Where the Heart Is,data/mp_med/2000_where_the_heart_is.jpg,2000-2004
2000,Pay It Forward,data/mp_med/2000_pay_it_forward.jpg,2000-2004
2000,Dracula 2000,data/mp_med/2000_dracula_.jpg,2000-2004
2000,Return to Me,data/mp_med/2000_return_to_me.jpg,2000-2004
2000,Proof of Life,data/mp_med/2000_proof_of_life.jpg,2000-2004
2000,Almost Famous,data/mp_med/2000_almost_famous.jpg,2000-2004
2000,The Legend of Bagger Vance,data/mp_med/2000_the_legend_of_bagger_vance.jpg,2000-2004
2000,Snatch,data/mp_med/2000_snatch.jpg,2000-2004
2000,The Art of War,data/mp_med/2000_the_art_of_war.jpg,2000-2004
2000,Bless the Child,data/mp_med/2000_bless_the_child.jpg,2000-2004
2000,The Watcher,data/mp_med/2000_the_watcher.jpg,2000-2004
2000,Love & Basketball,data/mp_med/2000_love__basketball.jpg,2000-2004
2000,High Fidelity,data/mp_med/2000_high_fidelity.jpg,2000-2004
2000,Book of Shadows: Blair Witch 2,data/mp_med/2000_book_of_shadows_blair_witch_.jpg,2000-2004
2000,The Adventures of Rocky & Bullwinkle,data/mp_med/2000_the_adventures_of_rocky__bullwinkle.jpg,2000-2004
2000,Memento,data/mp_med/2000_memento.jpg,2000-2004
2000,Nurse Betty,data/mp_med/2000_nurse_betty.jpg,2000-2004
2000,Reindeer Games,data/mp_med/2000_reindeer_games.jpg,2000-2004
2000,Titan A.E.,data/mp_med/2000_titan_ae.jpg,2000-2004
2000,Battlefield Earth,data/mp_med/2000_battlefield_earth.jpg,2000-2004
2000,Urban Legends: Final Cut,data/mp_med/2000_urban_legends_final_cut.jpg,2000-2004
2000,Boys and Girls,data/mp_med/2000_boys_and_girls.jpg,2000-2004
2000,Down to You,data/mp_med/2000_down_to_you.jpg,2000-2004
2000,Wonder Boys,data/mp_med/2000_wonder_boys.jpg,2000-2004
2000,Best in Show,data/mp_med/2000_best_in_show.jpg,2000-2004
2000,The Contender,data/mp_med/2000_the_contender.jpg,2000-2004
2000,Red Planet,data/mp_med/2000_red_planet.jpg,2000-2004
2000,Center Stage,data/mp_med/2000_center_stage.jpg,2000-2004
2000,Small Time Crooks,data/mp_med/2000_small_time_crooks.jpg,2000-2004
2000,Boiler Room,data/mp_med/2000_boiler_room.jpg,2000-2004
2001,Harry Potter and the Sorcerer's Stone,data/mp_med/2001_harry_potter_and_the_sorcerers_stone.jpg,2000-2004
2001,The Lord of the Rings: The Fellowship of the Ring,data/mp_med/2001_the_lord_of_the_rings_the_fellowship_of_the_ring.jpg,2000-2004
2001,"Monsters, Inc.",data/mp_med/2001_monsters_inc.jpg,2000-2004
2001,Shrek,data/mp_med/2001_shrek.jpg,2000-2004
2001,Rush Hour 2,data/mp_med/2001_rush_hour_.jpg,2000-2004
2001,The Mummy Returns,data/mp_med/2001_the_mummy_returns.jpg,2000-2004
2001,Pearl Harbor,data/mp_med/2001_pearl_harbor.jpg,2000-2004
2001,Ocean's Eleven,data/mp_med/2001_oceans_eleven.jpg,2000-2004
2001,Jurassic Park III,data/mp_med/2001_jurassic_park_iii.jpg,2000-2004
2001,Planet of the Apes,data/mp_med/2001_planet_of_the_apes.jpg,2000-2004
2001,A Beautiful Mind,data/mp_med/2001_a_beautiful_mind.jpg,2000-2004
2001,Hannibal,data/mp_med/2001_hannibal.jpg,2000-2004
2001,American Pie 2,data/mp_med/2001_american_pie_.jpg,2000-2004
2001,The Fast and the Furious,data/mp_med/2001_the_fast_and_the_furious.jpg,2000-2004
2001,Lara Croft: Tomb Raider,data/mp_med/2001_lara_croft_tomb_raider.jpg,2000-2004
2001,Dr. Dolittle 2,data/mp_med/2001_dr_dolittle_.jpg,2000-2004
2001,Spy Kids,data/mp_med/2001_spy_kids.jpg,2000-2004
2001,Black Hawk Down,data/mp_med/2001_black_hawk_down.jpg,2000-2004
2001,The Princess Diaries,data/mp_med/2001_the_princess_diaries.jpg,2000-2004
2001,Vanilla Sky,data/mp_med/2001_vanilla_sky.jpg,2000-2004
2001,The Others,data/mp_med/2001_the_others.jpg,2000-2004
2001,Legally Blonde,data/mp_med/2001_legally_blonde.jpg,2000-2004
2001,America's Sweethearts,data/mp_med/2001_americas_sweethearts.jpg,2000-2004
2001,Cats & Dogs,data/mp_med/2001_cats__dogs.jpg,2000-2004
2001,Save the Last Dance,data/mp_med/2001_save_the_last_dance.jpg,2000-2004
2001,Atlantis: The Lost Empire,data/mp_med/2001_atlantis_the_lost_empire.jpg,2000-2004
2001,Jimmy Neutron: Boy Genius,data/mp_med/2001_jimmy_neutron_boy_genius.jpg,2000-2004
2001,A.I. Artificial Intelligence,data/mp_med/2001_ai_artificial_intelligence.jpg,2000-2004
2001,Training Day,data/mp_med/2001_training_day.jpg,2000-2004
2001,Along Came a Spider,data/mp_med/2001_along_came_a_spider.jpg,2000-2004
2001,Bridget Jones's Diary,data/mp_med/2001_bridget_joness_diary.jpg,2000-2004
2001,Scary Movie 2,data/mp_med/2001_scary_movie_.jpg,2000-2004
2001,The Score,data/mp_med/2001_the_score.jpg,2000-2004
2001,Shallow Hal,data/mp_med/2001_shallow_hal.jpg,2000-2004
2001,Swordfish,data/mp_med/2001_swordfish.jpg,2000-2004
2001,The Mexican,data/mp_med/2001_the_mexican.jpg,2000-2004
2001,Down to Earth,data/mp_med/2001_down_to_earth.jpg,2000-2004
2001,The Wedding Planner,data/mp_med/2001_the_wedding_planner.jpg,2000-2004
2001,Behind Enemy Lines,data/mp_med/2001_behind_enemy_lines.jpg,2000-2004
2001,Ali,data/mp_med/2001_ali.jpg,2000-2004
2001,The Animal,data/mp_med/2001_the_animal.jpg,2000-2004
2001,Moulin Rouge!,data/mp_med/2001_moulin_rouge.jpg,2000-2004
2001,Rat Race,data/mp_med/2001_rat_race.jpg,2000-2004
2001,A Knight's Tale,data/mp_med/2001_a_knights_tale.jpg,2000-2004
2001,Don't Say a Word,data/mp_med/2001_dont_say_a_word.jpg,2000-2004
2001,Blow,data/mp_med/2001_blow.jpg,2000-2004
2001,The Royal Tenenbaums,data/mp_med/2001_the_royal_tenenbaums.jpg,2000-2004
2001,Exit Wounds,data/mp_med/2001_exit_wounds.jpg,2000-2004
2001,Enemy at the Gates,data/mp_med/2001_enemy_at_the_gates.jpg,2000-2004
2001,K-PAX,data/mp_med/2001_kpax.jpg,2000-2004
2001,Serendipity,data/mp_med/2001_serendipity.jpg,2000-2004
2001,Kate & Leopold,data/mp_med/2001_kate__leopold.jpg,2000-2004
2001,Domestic Disturbance,data/mp_med/2001_domestic_disturbance.jpg,2000-2004
2001,Zoolander,data/mp_med/2001_zoolander.jpg,2000-2004
2001,The One,data/mp_med/2001_the_one.jpg,2000-2004
2001,Thir13en Ghosts,data/mp_med/2001_thiren_ghosts.jpg,2000-2004
2001,Bandits,data/mp_med/2001_bandits.jpg,2000-2004
2001,Gosford Park,data/mp_med/2001_gosford_park.jpg,2000-2004
2001,Heartbreakers,data/mp_med/2001_heartbreakers.jpg,2000-2004
2001,I Am Sam,data/mp_med/2001_i_am_sam.jpg,2000-2004
2001,Hardball,data/mp_med/2001_hardball.jpg,2000-2004
2001,Evolution,data/mp_med/2001_evolution.jpg,2000-2004
2001,Not Another Teen Movie,data/mp_med/2001_not_another_teen_movie.jpg,2000-2004
2001,Jeepers Creepers,data/mp_med/2001_jeepers_creepers.jpg,2000-2004
2001,Kiss of the Dragon,data/mp_med/2001_kiss_of_the_dragon.jpg,2000-2004
2001,Recess: School's Out,data/mp_med/2001_recess_schools_out.jpg,2000-2004
2001,In the Bedroom,data/mp_med/2001_in_the_bedroom.jpg,2000-2004
2001,Black Knight,data/mp_med/2001_black_knight.jpg,2000-2004
2001,See Spot Run,data/mp_med/2001_see_spot_run.jpg,2000-2004
2001,Driven,data/mp_med/2001_driven.jpg,2000-2004
2001,Final Fantasy: The Spirits Within,data/mp_med/2001_final_fantasy_the_spirits_within.jpg,2000-2004
2001,What's the Worst That Could Happen?,data/mp_med/2001_whats_the_worst_that_could_happen.jpg,2000-2004
2001,From Hell,data/mp_med/2001_from_hell.jpg,2000-2004
2001,Monster's Ball,data/mp_med/2001_monsters_ball.jpg,2000-2004
2001,How High,data/mp_med/2001_how_high.jpg,2000-2004
2001,Riding in Cars with Boys,data/mp_med/2001_riding_in_cars_with_boys.jpg,2000-2004
2001,Jay and Silent Bob Strike Back,data/mp_med/2001_jay_and_silent_bob_strike_back.jpg,2000-2004
2001,Baby Boy,data/mp_med/2001_baby_boy.jpg,2000-2004
2001,The Majestic,data/mp_med/2001_the_majestic.jpg,2000-2004
2001,The Brothers,data/mp_med/2001_the_brothers.jpg,2000-2004
2001,Someone Like You,data/mp_med/2001_someone_like_you.jpg,2000-2004
2001,Joe Dirt,data/mp_med/2001_joe_dirt.jpg,2000-2004
2001,The Musketeer,data/mp_med/2001_the_musketeer.jpg,2000-2004
2001,Crocodile Dundee in Los Angeles,data/mp_med/2001_crocodile_dundee_in_los_angeles.jpg,2000-2004
2001,Captain Corelli's Mandolin,data/mp_med/2001_captain_corellis_mandolin.jpg,2000-2004
2001,Sweet November,data/mp_med/2001_sweet_november.jpg,2000-2004
2001,15 Minutes,data/mp_med/2001__minutes.jpg,2000-2004
2001,Hearts in Atlantis,data/mp_med/2001_hearts_in_atlantis.jpg,2000-2004
2001,Angel Eyes,data/mp_med/2001_angel_eyes.jpg,2000-2004
2001,Corky Romano,data/mp_med/2001_corky_romano.jpg,2000-2004
2001,Kingdom Come,data/mp_med/2001_kingdom_come.jpg,2000-2004
2001,Joe Somebody,data/mp_med/2001_joe_somebody.jpg,2000-2004
2001,Two Can Play That Game,data/mp_med/2001_two_can_play_that_game.jpg,2000-2004
2001,Joy Ride,data/mp_med/2001_joy_ride.jpg,2000-2004
2001,Valentine,data/mp_med/2001_valentine.jpg,2000-2004
2001,The Pledge,data/mp_med/2001_the_pledge.jpg,2000-2004
2001,Summer Catch,data/mp_med/2001_summer_catch.jpg,2000-2004
2001,Saving Silverman,data/mp_med/2001_saving_silverman.jpg,2000-2004
2001,Super Troopers,data/mp_med/2001_super_troopers.jpg,2000-2004
2001,The Last Castle,data/mp_med/2001_the_last_castle.jpg,2000-2004
2002,Spider-Man,data/mp_med/2002_spiderman.jpg,2000-2004
2002,The Lord of the Rings: The Two Towers,data/mp_med/2002_the_lord_of_the_rings_the_two_towers.jpg,2000-2004
2002,Star Wars: Episode II - Attack of the Clones,data/mp_med/2002_star_wars_episode_ii__attack_of_the_clones.jpg,2000-2004
2002,Harry Potter and the Chamber of Secrets,data/mp_med/2002_harry_potter_and_the_chamber_of_secrets.jpg,2000-2004
2002,My Big Fat Greek Wedding,data/mp_med/2002_my_big_fat_greek_wedding.jpg,2000-2004
2002,Signs,data/mp_med/2002_signs.jpg,2000-2004
2002,Austin Powers in Goldmember,data/mp_med/2002_austin_powers_in_goldmember.jpg,2000-2004
2002,Men in Black II,data/mp_med/2002_men_in_black_ii.jpg,2000-2004
2002,Ice Age,data/mp_med/2002_ice_age.jpg,2000-2004
2002,Chicago,data/mp_med/2002_chicago.jpg,2000-2004
2002,Catch Me If You Can,data/mp_med/2002_catch_me_if_you_can.jpg,2000-2004
2002,Die Another Day,data/mp_med/2002_die_another_day.jpg,2000-2004
2002,Scooby-Doo,data/mp_med/2002_scoobydoo.jpg,2000-2004
2002,Lilo & Stitch,data/mp_med/2002_lilo__stitch.jpg,2000-2004
2002,xXx,data/mp_med/2002_xxx.jpg,2000-2004
2002,The Santa Clause 2,data/mp_med/2002_the_santa_clause_.jpg,2000-2004
2002,Minority Report,data/mp_med/2002_minority_report.jpg,2000-2004
2002,The Ring,data/mp_med/2002_the_ring.jpg,2000-2004
2002,Sweet Home Alabama,data/mp_med/2002_sweet_home_alabama.jpg,2000-2004
2002,Mr. Deeds,data/mp_med/2002_mr_deeds.jpg,2000-2004
2002,The Bourne Identity,data/mp_med/2002_the_bourne_identity.jpg,2000-2004
2002,The Sum of All Fears,data/mp_med/2002_the_sum_of_all_fears.jpg,2000-2004
2002,8 Mile,data/mp_med/2002__mile.jpg,2000-2004
2002,Road to Perdition,data/mp_med/2002_road_to_perdition.jpg,2000-2004
2002,Panic Room,data/mp_med/2002_panic_room.jpg,2000-2004
2002,Maid in Manhattan,data/mp_med/2002_maid_in_manhattan.jpg,2000-2004
2002,Two Weeks Notice,data/mp_med/2002_two_weeks_notice.jpg,2000-2004
2002,Red Dragon,data/mp_med/2002_red_dragon.jpg,2000-2004
2002,The Scorpion King,data/mp_med/2002_the_scorpion_king.jpg,2000-2004
2002,Spy Kids 2: Island of Lost Dreams,data/mp_med/2002_spy_kids__island_of_lost_dreams.jpg,2000-2004
2002,Blade II,data/mp_med/2002_blade_ii.jpg,2000-2004
2002,Snow Dogs,data/mp_med/2002_snow_dogs.jpg,2000-2004
2002,We Were Soldiers,data/mp_med/2002_we_were_soldiers.jpg,2000-2004
2002,Gangs of New York,data/mp_med/2002_gangs_of_new_york.jpg,2000-2004
2002,Barbershop,data/mp_med/2002_barbershop.jpg,2000-2004
2002,The Rookie,data/mp_med/2002_the_rookie.jpg,2000-2004
2002,Spirit: Stallion of the Cimarron,data/mp_med/2002_spirit_stallion_of_the_cimarron.jpg,2000-2004
2002,John Q,data/mp_med/2002_john_q.jpg,2000-2004
2002,Divine Secrets of the Ya-Ya Sisterhood,data/mp_med/2002_divine_secrets_of_the_yaya_sisterhood.jpg,2000-2004
2002,Insomnia,data/mp_med/2002_insomnia.jpg,2000-2004
2002,Changing Lanes,data/mp_med/2002_changing_lanes.jpg,2000-2004
2002,About Schmidt,data/mp_med/2002_about_schmidt.jpg,2000-2004
2002,Stuart Little 2,data/mp_med/2002_stuart_little_.jpg,2000-2004
2002,The Time Machine,data/mp_med/2002_the_time_machine.jpg,2000-2004
2002,Drumline,data/mp_med/2002_drumline.jpg,2000-2004
2002,The Count of Monte Cristo,data/mp_med/2002_the_count_of_monte_cristo.jpg,2000-2004
2002,Unfaithful,data/mp_med/2002_unfaithful.jpg,2000-2004
2002,Like Mike,data/mp_med/2002_like_mike.jpg,2000-2004
2002,The Tuxedo,data/mp_med/2002_the_tuxedo.jpg,2000-2004
2002,Peter Pan 2: Return to Never Land,data/mp_med/2002_peter_pan__return_to_never_land.jpg,2000-2004
2002,Big Fat Liar,data/mp_med/2002_big_fat_liar.jpg,2000-2004
2002,Phone Booth,data/mp_med/2002_phone_booth.jpg,2000-2004
2002,Star Trek: Nemesis,data/mp_med/2002_star_trek_nemesis.jpg,2000-2004
2002,Reign of Fire,data/mp_med/2002_reign_of_fire.jpg,2000-2004
2002,The Hours,data/mp_med/2002_the_hours.jpg,2000-2004
2002,High Crimes,data/mp_med/2002_high_crimes.jpg,2000-2004
2002,About a Boy,data/mp_med/2002_about_a_boy.jpg,2000-2004
2002,A Walk to Remember,data/mp_med/2002_a_walk_to_remember.jpg,2000-2004
2002,Orange County,data/mp_med/2002_orange_county.jpg,2000-2004
2002,Windtalkers,data/mp_med/2002_windtalkers.jpg,2000-2004
2002,Blue Crush,data/mp_med/2002_blue_crush.jpg,2000-2004
2002,The Master of Disguise,data/mp_med/2002_the_master_of_disguise.jpg,2000-2004
2002,Resident Evil,data/mp_med/2002_resident_evil.jpg,2000-2004
2002,The Wild Thornberrys Movie,data/mp_med/2002_the_wild_thornberrys_movie.jpg,2000-2004
2002,Collateral Damage,data/mp_med/2002_collateral_damage.jpg,2000-2004
2002,Enough,data/mp_med/2002_enough.jpg,2000-2004
2002,Undercover Brother,data/mp_med/2002_undercover_brother.jpg,2000-2004
2002,Treasure Planet,data/mp_med/2002_treasure_planet.jpg,2000-2004
2002,Showtime,data/mp_med/2002_showtime.jpg,2000-2004
2002,40 Days and 40 Nights,data/mp_med/2002__days_and__nights.jpg,2000-2004
2002,Crossroads,data/mp_med/2002_crossroads.jpg,2000-2004
2002,Clockstoppers,data/mp_med/2002_clockstoppers.jpg,2000-2004
2002,The Mothman Prophecies,data/mp_med/2002_the_mothman_prophecies.jpg,2000-2004
2002,K-19: The Widowmaker,data/mp_med/2002_k_the_widowmaker.jpg,2000-2004
2002,The Hot Chick,data/mp_med/2002_the_hot_chick.jpg,2000-2004
2002,I Spy,data/mp_med/2002_i_spy.jpg,2000-2004
2002,Friday After Next,data/mp_med/2002_friday_after_next.jpg,2000-2004
2002,Bend It Like Beckham,data/mp_med/2002_bend_it_like_beckham.jpg,2000-2004
2002,Analyze That,data/mp_med/2002_analyze_that.jpg,2000-2004
2002,Murder by Numbers,data/mp_med/2002_murder_by_numbers.jpg,2000-2004
2002,One Hour Photo,data/mp_med/2002_one_hour_photo.jpg,2000-2004
2002,Halloween: Resurrection,data/mp_med/2002_halloween_resurrection.jpg,2000-2004
2002,Queen of the Damned,data/mp_med/2002_queen_of_the_damned.jpg,2000-2004
2002,The Banger Sisters,data/mp_med/2002_the_banger_sisters.jpg,2000-2004
2002,Bad Company,data/mp_med/2002_bad_company.jpg,2000-2004
2002,Ghost Ship,data/mp_med/2002_ghost_ship.jpg,2000-2004
2002,Dragonfly,data/mp_med/2002_dragonfly.jpg,2000-2004
2002,The New Guy,data/mp_med/2002_the_new_guy.jpg,2000-2004
2002,Swimfan,data/mp_med/2002_swimfan.jpg,2000-2004
2002,The Crocodile Hunter: Collision Course,data/mp_med/2002_the_crocodile_hunter_collision_course.jpg,2000-2004
2002,Brown Sugar,data/mp_med/2002_brown_sugar.jpg,2000-2004
2002,Blood Work,data/mp_med/2002_blood_work.jpg,2000-2004
2002,Frida,data/mp_med/2002_frida.jpg,2000-2004
2002,Jonah: A VeggieTales Movie,data/mp_med/2002_jonah_a_veggietales_movie.jpg,2000-2004
2002,All About the Benjamins,data/mp_med/2002_all_about_the_benjamins.jpg,2000-2004
2002,The Transporter,data/mp_med/2002_the_transporter.jpg,2000-2004
2002,The Sweetest Thing,data/mp_med/2002_the_sweetest_thing.jpg,2000-2004
2002,Eight Crazy Nights,data/mp_med/2002_eight_crazy_nights.jpg,2000-2004
2002,City by the Sea,data/mp_med/2002_city_by_the_sea.jpg,2000-2004
2002,Adaptation.,data/mp_med/2002_adaptation.jpg,2000-2004
2003,Finding Nemo,data/mp_med/2003_finding_nemo.jpg,2000-2004
2003,The Lord of the Rings: The Return of the King,data/mp_med/2003_the_lord_of_the_rings_the_return_of_the_king.jpg,2000-2004
2003,Pirates of the Caribbean: The Curse of the Black Pearl,data/mp_med/2003_pirates_of_the_caribbean_the_curse_of_the_black_pearl.jpg,2000-2004
2003,The Matrix Reloaded,data/mp_med/2003_the_matrix_reloaded.jpg,2000-2004
2003,Bruce Almighty,data/mp_med/2003_bruce_almighty.jpg,2000-2004
2003,X2: X-Men United,data/mp_med/2003_x_xmen_united.jpg,2000-2004
2003,Elf,data/mp_med/2003_elf.jpg,2000-2004
2003,Terminator 3: Rise of the Machines,data/mp_med/2003_terminator__rise_of_the_machines.jpg,2000-2004
2003,The Matrix Revolutions,data/mp_med/2003_the_matrix_revolutions.jpg,2000-2004
2003,Cheaper by the Dozen,data/mp_med/2003_cheaper_by_the_dozen.jpg,2000-2004
2003,Bad Boys II,data/mp_med/2003_bad_boys_ii.jpg,2000-2004
2003,Anger Management,data/mp_med/2003_anger_management.jpg,2000-2004
2003,Bringing Down the House,data/mp_med/2003_bringing_down_the_house.jpg,2000-2004
2003,Hulk,data/mp_med/2003_hulk.jpg,2000-2004
2003,2 Fast 2 Furious,data/mp_med/2003__fast__furious.jpg,2000-2004
2003,Something's Gotta Give,data/mp_med/2003_somethings_gotta_give.jpg,2000-2004
2003,Seabiscuit,data/mp_med/2003_seabiscuit.jpg,2000-2004
2003,S.W.A.T.,data/mp_med/2003_swat.jpg,2000-2004
2003,Spy Kids 3-D: Game Over,data/mp_med/2003_spy_kids_d_game_over.jpg,2000-2004
2003,The Last Samurai,data/mp_med/2003_the_last_samurai.jpg,2000-2004
2003,Freaky Friday,data/mp_med/2003_freaky_friday.jpg,2000-2004
2003,Scary Movie 3,data/mp_med/2003_scary_movie_.jpg,2000-2004
2003,The Italian Job,data/mp_med/2003_the_italian_job.jpg,2000-2004
2003,How to Lose a Guy in 10 Days,data/mp_med/2003_how_to_lose_a_guy_in__days.jpg,2000-2004
2003,American Wedding,data/mp_med/2003_american_wedding.jpg,2000-2004
2003,Daddy Day Care,data/mp_med/2003_daddy_day_care.jpg,2000-2004
2003,Daredevil,data/mp_med/2003_daredevil.jpg,2000-2004
2003,The Cat in the Hat,data/mp_med/2003_the_cat_in_the_hat.jpg,2000-2004
2003,Charlie's Angels: Full Throttle,data/mp_med/2003_charlies_angels_full_throttle.jpg,2000-2004
2003,Cold Mountain,data/mp_med/2003_cold_mountain.jpg,2000-2004
2003,Master and Commander: The Far Side of the World,data/mp_med/2003_master_and_commander_the_far_side_of_the_world.jpg,2000-2004
2003,"Legally Blonde 2: Red, White & Blonde",data/mp_med/2003_legally_blonde__red_white__blonde.jpg,2000-2004
2003,Mystic River,data/mp_med/2003_mystic_river.jpg,2000-2004
2003,Brother Bear,data/mp_med/2003_brother_bear.jpg,2000-2004
2003,Freddy vs. Jason,data/mp_med/2003_freddy_vs_jason.jpg,2000-2004
2003,School of Rock,data/mp_med/2003_school_of_rock.jpg,2000-2004
2003,The Texas Chainsaw Massacre,data/mp_med/2003_the_texas_chainsaw_massacre.jpg,2000-2004
2003,The Haunted Mansion,data/mp_med/2003_the_haunted_mansion.jpg,2000-2004
2003,Old School,data/mp_med/2003_old_school.jpg,2000-2004
2003,Kill Bill: Vol. 1,data/mp_med/2003_kill_bill_vol_.jpg,2000-2004
2003,Holes,data/mp_med/2003_holes.jpg,2000-2004
2003,Kangaroo Jack,data/mp_med/2003_kangaroo_jack.jpg,2000-2004
2003,The League of Extraordinary Gentlemen,data/mp_med/2003_the_league_of_extraordinary_gentlemen.jpg,2000-2004
2003,Big Fish,data/mp_med/2003_big_fish.jpg,2000-2004
2003,Lara Croft Tomb Raider: The Cradle of Life,data/mp_med/2003_lara_croft_tomb_raider_the_cradle_of_life.jpg,2000-2004
2003,Mona Lisa Smile,data/mp_med/2003_mona_lisa_smile.jpg,2000-2004
2003,Shanghai Knights,data/mp_med/2003_shanghai_knights.jpg,2000-2004
2003,Bad Santa,data/mp_med/2003_bad_santa.jpg,2000-2004
2003,Love Actually,data/mp_med/2003_love_actually.jpg,2000-2004
2003,Gothika,data/mp_med/2003_gothika.jpg,2000-2004
2003,Open Range,data/mp_med/2003_open_range.jpg,2000-2004
2003,Once Upon a Time in Mexico,data/mp_med/2003_once_upon_a_time_in_mexico.jpg,2000-2004
2003,Just Married,data/mp_med/2003_just_married.jpg,2000-2004
2003,Paycheck,data/mp_med/2003_paycheck.jpg,2000-2004
2003,The Recruit,data/mp_med/2003_the_recruit.jpg,2000-2004
2003,Radio,data/mp_med/2003_radio.jpg,2000-2004
2003,Identity,data/mp_med/2003_identity.jpg,2000-2004
2003,Underworld,data/mp_med/2003_underworld.jpg,2000-2004
2003,Runaway Jury,data/mp_med/2003_runaway_jury.jpg,2000-2004
2003,Peter Pan,data/mp_med/2003_peter_pan.jpg,2000-2004
2003,The Jungle Book 2,data/mp_med/2003_the_jungle_book_.jpg,2000-2004
2003,Agent Cody Banks,data/mp_med/2003_agent_cody_banks.jpg,2000-2004
2003,The Rundown,data/mp_med/2003_the_rundown.jpg,2000-2004
2003,Final Destination 2,data/mp_med/2003_final_destination_.jpg,2000-2004
2003,Lost in Translation,data/mp_med/2003_lost_in_translation.jpg,2000-2004
2003,Tears of the Sun,data/mp_med/2003_tears_of_the_sun.jpg,2000-2004
2003,Under the Tuscan Sun,data/mp_med/2003_under_the_tuscan_sun.jpg,2000-2004
2003,The Lizzie McGuire Movie,data/mp_med/2003_the_lizzie_mcguire_movie.jpg,2000-2004
2003,Secondhand Lions,data/mp_med/2003_secondhand_lions.jpg,2000-2004
2003,Out of Time,data/mp_med/2003_out_of_time.jpg,2000-2004
2003,Rugrats Go Wild,data/mp_med/2003_rugrats_go_wild.jpg,2000-2004
2003,Head of State,data/mp_med/2003_head_of_state.jpg,2000-2004
2003,Good Boy,data/mp_med/2003_good_boy.jpg,2000-2004
2003,Uptown Girls,data/mp_med/2003_uptown_girls.jpg,2000-2004
2003,Matchstick Men,data/mp_med/2003_matchstick_men.jpg,2000-2004
2003,What a Girl Wants,data/mp_med/2003_what_a_girl_wants.jpg,2000-2004
2003,National Security,data/mp_med/2003_national_security.jpg,2000-2004
2003,Jeepers Creepers 2,data/mp_med/2003_jeepers_creepers_.jpg,2000-2004
2003,Intolerable Cruelty,data/mp_med/2003_intolerable_cruelty.jpg,2000-2004
2003,Cradle 2 the Grave,data/mp_med/2003_cradle__the_grave.jpg,2000-2004
2003,Monster,data/mp_med/2003_monster.jpg,2000-2004
2003,Malibu's Most Wanted,data/mp_med/2003_malibus_most_wanted.jpg,2000-2004
2003,The Hunted,data/mp_med/2003_the_hunted.jpg,2000-2004
2003,Stuck on You,data/mp_med/2003_stuck_on_you.jpg,2000-2004
2003,Dreamcatcher,data/mp_med/2003_dreamcatcher.jpg,2000-2004
2003,Darkness Falls,data/mp_med/2003_darkness_falls.jpg,2000-2004
2003,The Core,data/mp_med/2003_the_core.jpg,2000-2004
2003,Calendar Girls,data/mp_med/2003_calendar_girls.jpg,2000-2004
2003,Open Water,data/mp_med/2003_open_water.jpg,2000-2004
2003,Honey,data/mp_med/2003_honey.jpg,2000-2004
2003,The Fighting Temptations,data/mp_med/2003_the_fighting_temptations.jpg,2000-2004
2003,Hollywood Homicide,data/mp_med/2003_hollywood_homicide.jpg,2000-2004
2003,Johnny English,data/mp_med/2003_johnny_english.jpg,2000-2004
2003,The Missing,data/mp_med/2003_the_missing.jpg,2000-2004
2003,Basic,data/mp_med/2003_basic.jpg,2000-2004
2003,Sinbad: Legend of the Seven Seas,data/mp_med/2003_sinbad_legend_of_the_seven_seas.jpg,2000-2004
2003,Dumb and Dumberer: When Harry Met Lloyd,data/mp_med/2003_dumb_and_dumberer_when_harry_met_lloyd.jpg,2000-2004
2003,A Man Apart,data/mp_med/2003_a_man_apart.jpg,2000-2004
2003,Piglet's Big Movie,data/mp_med/2003_piglets_big_movie.jpg,2000-2004
2003,Bulletproof Monk,data/mp_med/2003_bulletproof_monk.jpg,2000-2004
2004,Shrek 2,data/mp_med/2004_shrek_.jpg,2000-2004
2004,Spider-Man 2,data/mp_med/2004_spiderman_.jpg,2000-2004
2004,The Passion of the Christ,data/mp_med/2004_the_passion_of_the_christ.jpg,2000-2004
2004,Meet the Fockers,data/mp_med/2004_meet_the_fockers.jpg,2000-2004
2004,The Incredibles,data/mp_med/2004_the_incredibles.jpg,2000-2004
2004,Harry Potter and the Prisoner of Azkaban,data/mp_med/2004_harry_potter_and_the_prisoner_of_azkaban.jpg,2000-2004
2004,The Day After Tomorrow,data/mp_med/2004_the_day_after_tomorrow.jpg,2000-2004
2004,The Polar Express,data/mp_med/2004_the_polar_express.jpg,2000-2004
2004,The Bourne Supremacy,data/mp_med/2004_the_bourne_supremacy.jpg,2000-2004
2004,National Treasure,data/mp_med/2004_national_treasure.jpg,2000-2004
2004,Shark Tale,data/mp_med/2004_shark_tale.jpg,2000-2004
2004,"I, Robot",data/mp_med/2004_i_robot.jpg,2000-2004
2004,Troy,data/mp_med/2004_troy.jpg,2000-2004
2004,Ocean's Twelve,data/mp_med/2004_oceans_twelve.jpg,2000-2004
2004,50 First Dates,data/mp_med/2004__first_dates.jpg,2000-2004
2004,Van Helsing,data/mp_med/2004_van_helsing.jpg,2000-2004
2004,Lemony Snicket's A Series of Unfortunate Events,data/mp_med/2004_lemony_snickets_a_series_of_unfortunate_events.jpg,2000-2004
2004,Dodgeball: A True Underdog Story,data/mp_med/2004_dodgeball_a_true_underdog_story.jpg,2000-2004
2004,The Village,data/mp_med/2004_the_village.jpg,2000-2004
2004,The Grudge,data/mp_med/2004_the_grudge.jpg,2000-2004
2004,The Aviator,data/mp_med/2004_the_aviator.jpg,2000-2004
2004,Collateral,data/mp_med/2004_collateral.jpg,2000-2004
2004,Million Dollar Baby,data/mp_med/2004_million_dollar_baby.jpg,2000-2004
2004,The Princess Diaries 2: Royal Engagement,data/mp_med/2004_the_princess_diaries__royal_engagement.jpg,2000-2004
2004,Starsky & Hutch,data/mp_med/2004_starsky__hutch.jpg,2000-2004
2004,Along Came Polly,data/mp_med/2004_along_came_polly.jpg,2000-2004
2004,Mean Girls,data/mp_med/2004_mean_girls.jpg,2000-2004
2004,The SpongeBob SquarePants Movie,data/mp_med/2004_the_spongebob_squarepants_movie.jpg,2000-2004
2004,Anchorman: The Legend of Ron Burgundy,data/mp_med/2004_anchorman_the_legend_of_ron_burgundy.jpg,2000-2004
2004,Scooby-Doo 2: Monsters Unleashed,data/mp_med/2004_scoobydoo__monsters_unleashed.jpg,2000-2004
2004,The Notebook,data/mp_med/2004_the_notebook.jpg,2000-2004
2004,Alien vs. Predator,data/mp_med/2004_alien_vs_predator.jpg,2000-2004
2004,Man on Fire,data/mp_med/2004_man_on_fire.jpg,2000-2004
2004,The Terminal,data/mp_med/2004_the_terminal.jpg,2000-2004
2004,Garfield,data/mp_med/2004_garfield.jpg,2000-2004
2004,Ray,data/mp_med/2004_ray.jpg,2000-2004
2004,Ladder 49,data/mp_med/2004_ladder_.jpg,2000-2004
2004,Christmas with the Kranks,data/mp_med/2004_christmas_with_the_kranks.jpg,2000-2004
2004,Sideways,data/mp_med/2004_sideways.jpg,2000-2004
2004,White Chicks,data/mp_med/2004_white_chicks.jpg,2000-2004
2004,Hidalgo,data/mp_med/2004_hidalgo.jpg,2000-2004
2004,The Forgotten,data/mp_med/2004_the_forgotten.jpg,2000-2004
2004,Kill Bill: Vol. 2,data/mp_med/2004_kill_bill_vol_.jpg,2000-2004
2004,The Manchurian Candidate,data/mp_med/2004_the_manchurian_candidate.jpg,2000-2004
2004,Barbershop 2: Back in Business,data/mp_med/2004_barbershop__back_in_business.jpg,2000-2004
2004,Miracle,data/mp_med/2004_miracle.jpg,2000-2004
2004,Friday Night Lights,data/mp_med/2004_friday_night_lights.jpg,2000-2004
2004,Hellboy,data/mp_med/2004_hellboy.jpg,2000-2004
2004,The Stepford Wives,data/mp_med/2004_the_stepford_wives.jpg,2000-2004
2004,Dawn of the Dead,data/mp_med/2004_dawn_of_the_dead.jpg,2000-2004
2004,Without a Paddle,data/mp_med/2004_without_a_paddle.jpg,2000-2004
2004,The Butterfly Effect,data/mp_med/2004_the_butterfly_effect.jpg,2000-2004
2004,Shall We Dance,data/mp_med/2004_shall_we_dance.jpg,2000-2004
2004,The Chronicles of Riddick,data/mp_med/2004_the_chronicles_of_riddick.jpg,2000-2004
2004,13 Going on 30,data/mp_med/2004__going_on_.jpg,2000-2004
2004,Saw,data/mp_med/2004_saw.jpg,2000-2004
2004,Crash,data/mp_med/2004_crash.jpg,2000-2004
2004,Blade: Trinity,data/mp_med/2004_blade_trinity.jpg,2000-2004
2004,King Arthur,data/mp_med/2004_king_arthur.jpg,2000-2004
2004,Finding Neverland,data/mp_med/2004_finding_neverland.jpg,2000-2004
2004,A Cinderella Story,data/mp_med/2004_a_cinderella_story.jpg,2000-2004
2004,The Phantom of the Opera,data/mp_med/2004_the_phantom_of_the_opera.jpg,2000-2004
2004,Resident Evil: Apocalypse,data/mp_med/2004_resident_evil_apocalypse.jpg,2000-2004
2004,Home on the Range,data/mp_med/2004_home_on_the_range.jpg,2000-2004
2004,Fat Albert,data/mp_med/2004_fat_albert.jpg,2000-2004
2004,Secret Window,data/mp_med/2004_secret_window.jpg,2000-2004
2004,Walking Tall,data/mp_med/2004_walking_tall.jpg,2000-2004
2004,In Good Company,data/mp_med/2004_in_good_company.jpg,2000-2004
2004,Napoleon Dynamite,data/mp_med/2004_napoleon_dynamite.jpg,2000-2004
2004,Spanglish,data/mp_med/2004_spanglish.jpg,2000-2004
2004,Exorcist: The Beginning,data/mp_med/2004_exorcist_the_beginning.jpg,2000-2004
2004,Bridget Jones: The Edge of Reason,data/mp_med/2004_bridget_jones_the_edge_of_reason.jpg,2000-2004
2004,Catwoman,data/mp_med/2004_catwoman.jpg,2000-2004
2004,You Got Served,data/mp_med/2004_you_got_served.jpg,2000-2004
2004,The Ladykillers,data/mp_med/2004_the_ladykillers.jpg,2000-2004
2004,Sky Captain and the World of Tomorrow,data/mp_med/2004_sky_captain_and_the_world_of_tomorrow.jpg,2000-2004
2004,Raising Helen,data/mp_med/2004_raising_helen.jpg,2000-2004
2004,Taxi,data/mp_med/2004_taxi.jpg,2000-2004
2004,Eternal Sunshine of the Spotless Mind,data/mp_med/2004_eternal_sunshine_of_the_spotless_mind.jpg,2000-2004
2004,Alexander,data/mp_med/2004_alexander.jpg,2000-2004
2004,Closer,data/mp_med/2004_closer.jpg,2000-2004
2004,The Punisher,data/mp_med/2004_the_punisher.jpg,2000-2004
2004,Team America: World Police,data/mp_med/2004_team_america_world_police.jpg,2000-2004
2004,Taking Lives,data/mp_med/2004_taking_lives.jpg,2000-2004
2004,Anacondas: The Hunt for the Blood Orchid,data/mp_med/2004_anacondas_the_hunt_for_the_blood_orchid.jpg,2000-2004
2004,Cellular,data/mp_med/2004_cellular.jpg,2000-2004
2004,Johnson Family Vacation,data/mp_med/2004_johnson_family_vacation.jpg,2000-2004
2004,Confessions of a Teenage Drama Queen,data/mp_med/2004_confessions_of_a_teenage_drama_queen.jpg,2000-2004
2004,After the Sunset,data/mp_med/2004_after_the_sunset.jpg,2000-2004
2004,The Prince and Me,data/mp_med/2004_the_prince_and_me.jpg,2000-2004
2004,Garden State,data/mp_med/2004_garden_state.jpg,2000-2004
2004,Jersey Girl,data/mp_med/2004_jersey_girl.jpg,2000-2004
2004,Twisted,data/mp_med/2004_twisted.jpg,2000-2004
2004,Around the World in 80 Days,data/mp_med/2004_around_the_world_in__days.jpg,2000-2004
2004,The Life Aquatic with Steve Zissou,data/mp_med/2004_the_life_aquatic_with_steve_zissou.jpg,2000-2004
2004,Agent Cody Banks 2: Destination London,data/mp_med/2004_agent_cody_banks__destination_london.jpg,2000-2004
2004,Ella Enchanted,data/mp_med/2004_ella_enchanted.jpg,2000-2004
2004,The Alamo,data/mp_med/2004_the_alamo.jpg,2000-2004
2004,Mr 3000,data/mp_med/2004_mr_.jpg,2000-2004
2004,Torque,data/mp_med/2004_torque.jpg,2000-2004
2005,Star Wars: Episode III - Revenge of the Sith,data/mp_med/2005_star_wars_episode_iii__revenge_of_the_sith.jpg,2005-2009
2005,"The Chronicles of Narnia: The Lion, the Witch and the Wardrobe",data/mp_med/2005_the_chronicles_of_narnia_the_lion_the_witch_and_the_wardrobe.jpg,2005-2009
2005,Harry Potter and the Goblet of Fire,data/mp_med/2005_harry_potter_and_the_goblet_of_fire.jpg,2005-2009
2005,War of the Worlds,data/mp_med/2005_war_of_the_worlds.jpg,2005-2009
2005,King Kong,data/mp_med/2005_king_kong.jpg,2005-2009
2005,Wedding Crashers,data/mp_med/2005_wedding_crashers.jpg,2005-2009
2005,Batman Begins,data/mp_med/2005_batman_begins.jpg,2005-2009
2005,Charlie and the Chocolate Factory,data/mp_med/2005_charlie_and_the_chocolate_factory.jpg,2005-2009
2005,Madagascar,data/mp_med/2005_madagascar.jpg,2005-2009
2005,Mr. & Mrs. Smith,data/mp_med/2005_mr__mrs_smith.jpg,2005-2009
2005,Hitch,data/mp_med/2005_hitch.jpg,2005-2009
2005,The Longest Yard,data/mp_med/2005_the_longest_yard.jpg,2005-2009
2005,Fantastic Four,data/mp_med/2005_fantastic_four.jpg,2005-2009
2005,Chicken Little,data/mp_med/2005_chicken_little.jpg,2005-2009
2005,Robots,data/mp_med/2005_robots.jpg,2005-2009
2005,Walk the Line,data/mp_med/2005_walk_the_line.jpg,2005-2009
2005,The Pacifier,data/mp_med/2005_the_pacifier.jpg,2005-2009
2005,Fun with Dick and Jane,data/mp_med/2005_fun_with_dick_and_jane.jpg,2005-2009
2005,The 40-Year-Old Virgin,data/mp_med/2005_the_yearold_virgin.jpg,2005-2009
2005,Flightplan,data/mp_med/2005_flightplan.jpg,2005-2009
2005,Saw II,data/mp_med/2005_saw_ii.jpg,2005-2009
2005,Brokeback Mountain,data/mp_med/2005_brokeback_mountain.jpg,2005-2009
2005,Monster-in-Law,data/mp_med/2005_monsterinlaw.jpg,2005-2009
2005,Are We There Yet?,data/mp_med/2005_are_we_there_yet.jpg,2005-2009
2005,Cheaper by the Dozen 2,data/mp_med/2005_cheaper_by_the_dozen_.jpg,2005-2009
2005,The Dukes of Hazzard,data/mp_med/2005_the_dukes_of_hazzard.jpg,2005-2009
2005,The Ring Two,data/mp_med/2005_the_ring_two.jpg,2005-2009
2005,Constantine,data/mp_med/2005_constantine.jpg,2005-2009
2005,The Exorcism of Emily Rose,data/mp_med/2005_the_exorcism_of_emily_rose.jpg,2005-2009
2005,Four Brothers,data/mp_med/2005_four_brothers.jpg,2005-2009
2005,Sin City,data/mp_med/2005_sin_city.jpg,2005-2009
2005,The Interpreter,data/mp_med/2005_the_interpreter.jpg,2005-2009
2005,V for Vendetta,data/mp_med/2005_v_for_vendetta.jpg,2005-2009
2005,Guess Who,data/mp_med/2005_guess_who.jpg,2005-2009
2005,Sahara,data/mp_med/2005_sahara.jpg,2005-2009
2005,Coach Carter,data/mp_med/2005_coach_carter.jpg,2005-2009
2005,Herbie Fully Loaded,data/mp_med/2005_herbie_fully_loaded.jpg,2005-2009
2005,The Amityville Horror,data/mp_med/2005_the_amityville_horror.jpg,2005-2009
2005,Sky High,data/mp_med/2005_sky_high.jpg,2005-2009
2005,Jarhead,data/mp_med/2005_jarhead.jpg,2005-2009
2005,Bewitched,data/mp_med/2005_bewitched.jpg,2005-2009
2005,Cinderella Man,data/mp_med/2005_cinderella_man.jpg,2005-2009
2005,The Family Stone,data/mp_med/2005_the_family_stone.jpg,2005-2009
2005,Red Eye,data/mp_med/2005_red_eye.jpg,2005-2009
2005,Memoirs of a Geisha,data/mp_med/2005_memoirs_of_a_geisha.jpg,2005-2009
2005,White Noise,data/mp_med/2005_white_noise.jpg,2005-2009
2005,Wallace & Gromit: The Curse of the Were-Rabbit,data/mp_med/2005_wallace__gromit_the_curse_of_the_wererabbit.jpg,2005-2009
2005,Be Cool,data/mp_med/2005_be_cool.jpg,2005-2009
2005,"Yours, Mine & Ours",data/mp_med/2005_yours_mine__ours.jpg,2005-2009
2005,Corpse Bride,data/mp_med/2005_corpse_bride.jpg,2005-2009
2005,Kicking & Screaming,data/mp_med/2005_kicking__screaming.jpg,2005-2009
2005,Hoodwinked!,data/mp_med/2005_hoodwinked.jpg,2005-2009
2005,Hide and Seek,data/mp_med/2005_hide_and_seek.jpg,2005-2009
2005,The Hitchhiker's Guide to the Galaxy,data/mp_med/2005_the_hitchhikers_guide_to_the_galaxy.jpg,2005-2009
2005,Syriana,data/mp_med/2005_syriana.jpg,2005-2009
2005,Diary of a Mad Black Woman,data/mp_med/2005_diary_of_a_mad_black_woman.jpg,2005-2009
2005,Racing Stripes,data/mp_med/2005_racing_stripes.jpg,2005-2009
2005,Miss Congeniality 2: Armed & Fabulous,data/mp_med/2005_miss_congeniality__armed__fabulous.jpg,2005-2009
2005,Just Like Heaven,data/mp_med/2005_just_like_heaven.jpg,2005-2009
2005,The Skeleton Key,data/mp_med/2005_the_skeleton_key.jpg,2005-2009
2005,Munich,data/mp_med/2005_munich.jpg,2005-2009
2005,Kingdom of Heaven,data/mp_med/2005_kingdom_of_heaven.jpg,2005-2009
2005,Hostel,data/mp_med/2005_hostel.jpg,2005-2009
2005,Nanny McPhee,data/mp_med/2005_nanny_mcphee.jpg,2005-2009
2005,Boogeyman,data/mp_med/2005_boogeyman.jpg,2005-2009
2005,The Legend of Zorro,data/mp_med/2005_the_legend_of_zorro.jpg,2005-2009
2005,Must Love Dogs,data/mp_med/2005_must_love_dogs.jpg,2005-2009
2005,Transporter 2,data/mp_med/2005_transporter_.jpg,2005-2009
2005,Rumor Has It...,data/mp_med/2005_rumor_has_it.jpg,2005-2009
2005,Fever Pitch,data/mp_med/2005_fever_pitch.jpg,2005-2009
2005,The Adventures of Sharkboy and Lavagirl 3-D,data/mp_med/2005_the_adventures_of_sharkboy_and_lavagirl_d.jpg,2005-2009
2005,The Sisterhood of the Traveling Pants,data/mp_med/2005_the_sisterhood_of_the_traveling_pants.jpg,2005-2009
2005,Pride & Prejudice,data/mp_med/2005_pride__prejudice.jpg,2005-2009
2005,The Brothers Grimm,data/mp_med/2005_the_brothers_grimm.jpg,2005-2009
2005,Beauty Shop,data/mp_med/2005_beauty_shop.jpg,2005-2009
2005,Derailed,data/mp_med/2005_derailed.jpg,2005-2009
2005,The Island,data/mp_med/2005_the_island.jpg,2005-2009
2005,The Ringer,data/mp_med/2005_the_ringer.jpg,2005-2009
2005,Hostage,data/mp_med/2005_hostage.jpg,2005-2009
2005,The Constant Gardener,data/mp_med/2005_the_constant_gardener.jpg,2005-2009
2005,In Her Shoes,data/mp_med/2005_in_her_shoes.jpg,2005-2009
2005,Bad News Bears,data/mp_med/2005_bad_news_bears.jpg,2005-2009
2005,Dreamer: Inspired by a True Story,data/mp_med/2005_dreamer_inspired_by_a_true_story.jpg,2005-2009
2005,Because of Winn-Dixie,data/mp_med/2005_because_of_winndixie.jpg,2005-2009
2005,Just Friends,data/mp_med/2005_just_friends.jpg,2005-2009
2005,Stealth,data/mp_med/2005_stealth.jpg,2005-2009
2005,House of Wax,data/mp_med/2005_house_of_wax.jpg,2005-2009
2005,The Wedding Date,data/mp_med/2005_the_wedding_date.jpg,2005-2009
2005,"Good Night, and Good Luck.",data/mp_med/2005_good_night_and_good_luck.jpg,2005-2009
2005,A History of Violence,data/mp_med/2005_a_history_of_violence.jpg,2005-2009
2005,Get Rich or Die Tryin',data/mp_med/2005_get_rich_or_die_tryin.jpg,2005-2009
2005,The Fog,data/mp_med/2005_the_fog.jpg,2005-2009
2005,Zathura: A Space Adventure,data/mp_med/2005_zathura_a_space_adventure.jpg,2005-2009
2005,Rent,data/mp_med/2005_rent.jpg,2005-2009
2005,Capote,data/mp_med/2005_capote.jpg,2005-2009
2005,Doom,data/mp_med/2005_doom.jpg,2005-2009
2005,xXx: State of the Union,data/mp_med/2005_xxx_state_of_the_union.jpg,2005-2009
2005,Elizabethtown,data/mp_med/2005_elizabethtown.jpg,2005-2009
2005,Æon Flux,data/mp_med/2005_on_flux.jpg,2005-2009
2005,Serenity,data/mp_med/2005_serenity.jpg,2005-2009
2006,Pirates of the Caribbean: Dead Man's Chest,data/mp_med/2006_pirates_of_the_caribbean_dead_mans_chest.jpg,2005-2009
2006,Night at the Museum,data/mp_med/2006_night_at_the_museum.jpg,2005-2009
2006,Cars,data/mp_med/2006_cars.jpg,2005-2009
2006,X-Men: The Last Stand,data/mp_med/2006_xmen_the_last_stand.jpg,2005-2009
2006,The Da Vinci Code,data/mp_med/2006_the_da_vinci_code.jpg,2005-2009
2006,300,data/mp_med/2006_.jpg,2005-2009
2006,Superman Returns,data/mp_med/2006_superman_returns.jpg,2005-2009
2006,Happy Feet,data/mp_med/2006_happy_feet.jpg,2005-2009
2006,Ice Age: The Meltdown,data/mp_med/2006_ice_age_the_meltdown.jpg,2005-2009
2006,Casino Royale,data/mp_med/2006_casino_royale.jpg,2005-2009
2006,The Pursuit of Happyness,data/mp_med/2006_the_pursuit_of_happyness.jpg,2005-2009
2006,Over the Hedge,data/mp_med/2006_over_the_hedge.jpg,2005-2009
2006,Talladega Nights: The Ballad of Ricky Bobby,data/mp_med/2006_talladega_nights_the_ballad_of_ricky_bobby.jpg,2005-2009
2006,Click,data/mp_med/2006_click.jpg,2005-2009
2006,Mission: Impossible III,data/mp_med/2006_mission_impossible_iii.jpg,2005-2009
2006,The Departed,data/mp_med/2006_the_departed.jpg,2005-2009
2006,Borat: Cultural Learnings of America for Make Benefit Glorious Nation of Kazakhstan,data/mp_med/2006_borat_cultural_learnings_of_america_for_make_benefit_glorious_nation_of_kazakhstan.jpg,2005-2009
2006,The Devil Wears Prada,data/mp_med/2006_the_devil_wears_prada.jpg,2005-2009
2006,The Break-Up,data/mp_med/2006_the_breakup.jpg,2005-2009
2006,Dreamgirls,data/mp_med/2006_dreamgirls.jpg,2005-2009
2006,Scary Movie 4,data/mp_med/2006_scary_movie_.jpg,2005-2009
2006,Failure to Launch,data/mp_med/2006_failure_to_launch.jpg,2005-2009
2006,Inside Man,data/mp_med/2006_inside_man.jpg,2005-2009
2006,Open Season,data/mp_med/2006_open_season.jpg,2005-2009
2006,The Santa Clause 3: The Escape Clause,data/mp_med/2006_the_santa_clause__the_escape_clause.jpg,2005-2009
2006,Charlotte's Web,data/mp_med/2006_charlottes_web.jpg,2005-2009
2006,The Pink Panther,data/mp_med/2006_the_pink_panther.jpg,2005-2009
2006,Eight Below,data/mp_med/2006_eight_below.jpg,2005-2009
2006,Saw III,data/mp_med/2006_saw_iii.jpg,2005-2009
2006,Nacho Libre,data/mp_med/2006_nacho_libre.jpg,2005-2009
2006,"You, Me and Dupree",data/mp_med/2006_you_me_and_dupree.jpg,2005-2009
2006,Eragon,data/mp_med/2006_eragon.jpg,2005-2009
2006,Monster House,data/mp_med/2006_monster_house.jpg,2005-2009
2006,Barnyard,data/mp_med/2006_barnyard.jpg,2005-2009
2006,RV,data/mp_med/2006_rv.jpg,2005-2009
2006,World Trade Center,data/mp_med/2006_world_trade_center.jpg,2005-2009
2006,Rocky Balboa,data/mp_med/2006_rocky_balboa.jpg,2005-2009
2006,Big Momma's House 2,data/mp_med/2006_big_mommas_house_.jpg,2005-2009
2006,Step Up,data/mp_med/2006_step_up.jpg,2005-2009
2006,Flushed Away,data/mp_med/2006_flushed_away.jpg,2005-2009
2006,Deja Vu,data/mp_med/2006_deja_vu.jpg,2005-2009
2006,Miami Vice,data/mp_med/2006_miami_vice.jpg,2005-2009
2006,Madea's Family Reunion,data/mp_med/2006_madeas_family_reunion.jpg,2005-2009
2006,The Holiday,data/mp_med/2006_the_holiday.jpg,2005-2009
2006,The Fast and the Furious: Tokyo Drift,data/mp_med/2006_the_fast_and_the_furious_tokyo_drift.jpg,2005-2009
2006,Underworld: Evolution,data/mp_med/2006_underworld_evolution.jpg,2005-2009
2006,The Shaggy Dog,data/mp_med/2006_the_shaggy_dog.jpg,2005-2009
2006,Poseidon,data/mp_med/2006_poseidon.jpg,2005-2009
2006,The Good Shepherd,data/mp_med/2006_the_good_shepherd.jpg,2005-2009
2006,Little Miss Sunshine,data/mp_med/2006_little_miss_sunshine.jpg,2005-2009
2006,Little Man,data/mp_med/2006_little_man.jpg,2005-2009
2006,Curious George,data/mp_med/2006_curious_george.jpg,2005-2009
2006,Invincible,data/mp_med/2006_invincible.jpg,2005-2009
2006,The Benchwarmers,data/mp_med/2006_the_benchwarmers.jpg,2005-2009
2006,Blood Diamond,data/mp_med/2006_blood_diamond.jpg,2005-2009
2006,The Queen,data/mp_med/2006_the_queen.jpg,2005-2009
2006,The Guardian,data/mp_med/2006_the_guardian.jpg,2005-2009
2006,The Omen,data/mp_med/2006_the_omen.jpg,2005-2009
2006,Final Destination 3,data/mp_med/2006_final_destination_.jpg,2005-2009
2006,The Prestige,data/mp_med/2006_the_prestige.jpg,2005-2009
2006,The Lake House,data/mp_med/2006_the_lake_house.jpg,2005-2009
2006,Apocalypto,data/mp_med/2006_apocalypto.jpg,2005-2009
2006,Firewall,data/mp_med/2006_firewall.jpg,2005-2009
2006,Date Movie,data/mp_med/2006_date_movie.jpg,2005-2009
2006,When a Stranger Calls,data/mp_med/2006_when_a_stranger_calls.jpg,2005-2009
2006,Silent Hill,data/mp_med/2006_silent_hill.jpg,2005-2009
2006,We Are Marshall,data/mp_med/2006_we_are_marshall.jpg,2005-2009
2006,Glory Road,data/mp_med/2006_glory_road.jpg,2005-2009
2006,Lady in the Water,data/mp_med/2006_lady_in_the_water.jpg,2005-2009
2006,The Hills Have Eyes,data/mp_med/2006_the_hills_have_eyes.jpg,2005-2009
2006,John Tucker Must Die,data/mp_med/2006_john_tucker_must_die.jpg,2005-2009
2006,Stranger Than Fiction,data/mp_med/2006_stranger_than_fiction.jpg,2005-2009
2006,The Illusionist,data/mp_med/2006_the_illusionist.jpg,2005-2009
2006,The Texas Chainsaw Massacre: The Beginning,data/mp_med/2006_the_texas_chainsaw_massacre_the_beginning.jpg,2005-2009
2006,The Grudge 2,data/mp_med/2006_the_grudge_.jpg,2005-2009
2006,Gridiron Gang,data/mp_med/2006_gridiron_gang.jpg,2005-2009
2006,Last Holiday,data/mp_med/2006_last_holiday.jpg,2005-2009
2006,The Nativity Story,data/mp_med/2006_the_nativity_story.jpg,2005-2009
2006,Man of the Year,data/mp_med/2006_man_of_the_year.jpg,2005-2009
2006,The Wild,data/mp_med/2006_the_wild.jpg,2005-2009
2006,16 Blocks,data/mp_med/2006__blocks.jpg,2005-2009
2006,Accepted,data/mp_med/2006_accepted.jpg,2005-2009
2006,The Sentinel,data/mp_med/2006_the_sentinel.jpg,2005-2009
2006,Smokin' Aces,data/mp_med/2006_smokin_aces.jpg,2005-2009
2006,Children of Men,data/mp_med/2006_children_of_men.jpg,2005-2009
2006,Deck the Halls,data/mp_med/2006_deck_the_halls.jpg,2005-2009
2006,Take the Lead,data/mp_med/2006_take_the_lead.jpg,2005-2009
2006,Babel,data/mp_med/2006_babel.jpg,2005-2009
2006,Snakes on a Plane,data/mp_med/2006_snakes_on_a_plane.jpg,2005-2009
2006,Flags of Our Fathers,data/mp_med/2006_flags_of_our_fathers.jpg,2005-2009
2006,United 93,data/mp_med/2006_united_.jpg,2005-2009
2006,Employee of the Month,data/mp_med/2006_employee_of_the_month.jpg,2005-2009
2006,Garfield: A Tail of Two Kitties,data/mp_med/2006_garfield_a_tail_of_two_kitties.jpg,2005-2009
2006,The Ant Bully,data/mp_med/2006_the_ant_bully.jpg,2005-2009
2006,Crank,data/mp_med/2006_crank.jpg,2005-2009
2006,Stick It,data/mp_med/2006_stick_it.jpg,2005-2009
2006,Clerks II,data/mp_med/2006_clerks_ii.jpg,2005-2009
2006,The Wicker Man,data/mp_med/2006_the_wicker_man.jpg,2005-2009
2006,The Covenant,data/mp_med/2006_the_covenant.jpg,2005-2009
2006,Stay Alive,data/mp_med/2006_stay_alive.jpg,2005-2009
2007,Spider-Man 3,data/mp_med/2007_spiderman_.jpg,2005-2009
2007,Shrek the Third,data/mp_med/2007_shrek_the_third.jpg,2005-2009
2007,Transformers,data/mp_med/2007_transformers.jpg,2005-2009
2007,Pirates of the Caribbean: At World's End,data/mp_med/2007_pirates_of_the_caribbean_at_worlds_end.jpg,2005-2009
2007,Harry Potter and the Order of the Phoenix,data/mp_med/2007_harry_potter_and_the_order_of_the_phoenix.jpg,2005-2009
2007,I Am Legend,data/mp_med/2007_i_am_legend.jpg,2005-2009
2007,The Bourne Ultimatum,data/mp_med/2007_the_bourne_ultimatum.jpg,2005-2009
2007,National Treasure: Book of Secrets,data/mp_med/2007_national_treasure_book_of_secrets.jpg,2005-2009
2007,Alvin and the Chipmunks,data/mp_med/2007_alvin_and_the_chipmunks.jpg,2005-2009
2007,Ratatouille,data/mp_med/2007_ratatouille.jpg,2005-2009
2007,The Simpsons Movie,data/mp_med/2007_the_simpsons_movie.jpg,2005-2009
2007,Wild Hogs,data/mp_med/2007_wild_hogs.jpg,2005-2009
2007,Knocked Up,data/mp_med/2007_knocked_up.jpg,2005-2009
2007,Juno,data/mp_med/2007_juno.jpg,2005-2009
2007,Rush Hour 3,data/mp_med/2007_rush_hour_.jpg,2005-2009
2007,Live Free or Die Hard,data/mp_med/2007_live_free_or_die_hard.jpg,2005-2009
2007,Fantastic Four: Rise of the Silver Surfer,data/mp_med/2007_fantastic_four_rise_of_the_silver_surfer.jpg,2005-2009
2007,American Gangster,data/mp_med/2007_american_gangster.jpg,2005-2009
2007,Enchanted,data/mp_med/2007_enchanted.jpg,2005-2009
2007,Bee Movie,data/mp_med/2007_bee_movie.jpg,2005-2009
2007,Superbad,data/mp_med/2007_superbad.jpg,2005-2009
2007,I Now Pronounce You Chuck & Larry,data/mp_med/2007_i_now_pronounce_you_chuck__larry.jpg,2005-2009
2007,Hairspray,data/mp_med/2007_hairspray.jpg,2005-2009
2007,Blades of Glory,data/mp_med/2007_blades_of_glory.jpg,2005-2009
2007,Ocean's Thirteen,data/mp_med/2007_oceans_thirteen.jpg,2005-2009
2007,Ghost Rider,data/mp_med/2007_ghost_rider.jpg,2005-2009
2007,Paranormal Activity,data/mp_med/2007_paranormal_activity.jpg,2005-2009
2007,Evan Almighty,data/mp_med/2007_evan_almighty.jpg,2005-2009
2007,Meet the Robinsons,data/mp_med/2007_meet_the_robinsons.jpg,2005-2009
2007,Norbit,data/mp_med/2007_norbit.jpg,2005-2009
2007,The Bucket List,data/mp_med/2007_the_bucket_list.jpg,2005-2009
2007,The Game Plan,data/mp_med/2007_the_game_plan.jpg,2005-2009
2007,Bridge to Terabithia,data/mp_med/2007_bridge_to_terabithia.jpg,2005-2009
2007,Beowulf,data/mp_med/2007_beowulf.jpg,2005-2009
2007,Disturbia,data/mp_med/2007_disturbia.jpg,2005-2009
2007,No Country for Old Men,data/mp_med/2007_no_country_for_old_men.jpg,2005-2009
2007,Fred Claus,data/mp_med/2007_fred_claus.jpg,2005-2009
2007,1408,data/mp_med/2007_.jpg,2005-2009
2007,The Golden Compass,data/mp_med/2007_the_golden_compass.jpg,2005-2009
2007,Charlie Wilson's War,data/mp_med/2007_charlie_wilsons_war.jpg,2005-2009
2007,Saw IV,data/mp_med/2007_saw_iv.jpg,2005-2009
2007,Stomp the Yard,data/mp_med/2007_stomp_the_yard.jpg,2005-2009
2007,Surf's Up,data/mp_med/2007_surfs_up.jpg,2005-2009
2007,Halloween,data/mp_med/2007_halloween.jpg,2005-2009
2007,Why Did I Get Married?,data/mp_med/2007_why_did_i_get_married.jpg,2005-2009
2007,TMNT,data/mp_med/2007_tmnt.jpg,2005-2009
2007,P.S. I Love You,data/mp_med/2007_ps_i_love_you.jpg,2005-2009
2007,3:10 to Yuma,data/mp_med/2007__to_yuma.jpg,2005-2009
2007,Sweeney Todd: The Demon Barber of Fleet Street,data/mp_med/2007_sweeney_todd_the_demon_barber_of_fleet_street.jpg,2005-2009
2007,Atonement,data/mp_med/2007_atonement.jpg,2005-2009
2007,Resident Evil: Extinction,data/mp_med/2007_resident_evil_extinction.jpg,2005-2009
2007,Music and Lyrics,data/mp_med/2007_music_and_lyrics.jpg,2005-2009
2007,Are We Done Yet?,data/mp_med/2007_are_we_done_yet.jpg,2005-2009
2007,This Christmas,data/mp_med/2007_this_christmas.jpg,2005-2009
2007,Michael Clayton,data/mp_med/2007_michael_clayton.jpg,2005-2009
2007,Premonition,data/mp_med/2007_premonition.jpg,2005-2009
2007,Dan in Real Life,data/mp_med/2007_dan_in_real_life.jpg,2005-2009
2007,The Kingdom,data/mp_med/2007_the_kingdom.jpg,2005-2009
2007,Shooter,data/mp_med/2007_shooter.jpg,2005-2009
2007,License to Wed,data/mp_med/2007_license_to_wed.jpg,2005-2009
2007,Underdog,data/mp_med/2007_underdog.jpg,2005-2009
2007,No Reservations,data/mp_med/2007_no_reservations.jpg,2005-2009
2007,Because I Said So,data/mp_med/2007_because_i_said_so.jpg,2005-2009
2007,Aliens vs. Predator: Requiem,data/mp_med/2007_aliens_vs_predator_requiem.jpg,2005-2009
2007,There Will Be Blood,data/mp_med/2007_there_will_be_blood.jpg,2005-2009
2007,Epic Movie,data/mp_med/2007_epic_movie.jpg,2005-2009
2007,Hitman,data/mp_med/2007_hitman.jpg,2005-2009
2007,30 Days of Night,data/mp_med/2007__days_of_night.jpg,2005-2009
2007,Fracture,data/mp_med/2007_fracture.jpg,2005-2009
2007,Stardust,data/mp_med/2007_stardust.jpg,2005-2009
2007,The Brave One,data/mp_med/2007_the_brave_one.jpg,2005-2009
2007,The Heartbreak Kid,data/mp_med/2007_the_heartbreak_kid.jpg,2005-2009
2007,Freedom Writers,data/mp_med/2007_freedom_writers.jpg,2005-2009
2007,The Messengers,data/mp_med/2007_the_messengers.jpg,2005-2009
2007,The Number 23,data/mp_med/2007_the_number_.jpg,2005-2009
2007,Good Luck Chuck,data/mp_med/2007_good_luck_chuck.jpg,2005-2009
2007,Breach,data/mp_med/2007_breach.jpg,2005-2009
2007,Zodiac,data/mp_med/2007_zodiac.jpg,2005-2009
2007,Balls of Fury,data/mp_med/2007_balls_of_fury.jpg,2005-2009
2007,Mr. Magorium's Wonder Emporium,data/mp_med/2007_mr_magoriums_wonder_emporium.jpg,2005-2009
2007,August Rush,data/mp_med/2007_august_rush.jpg,2005-2009
2007,Daddy's Little Girls,data/mp_med/2007_daddys_little_girls.jpg,2005-2009
2007,The Great Debaters,data/mp_med/2007_the_great_debaters.jpg,2005-2009
2007,We Own the Night,data/mp_med/2007_we_own_the_night.jpg,2005-2009
2007,Mr. Brooks,data/mp_med/2007_mr_brooks.jpg,2005-2009
2007,Hannibal Rising,data/mp_med/2007_hannibal_rising.jpg,2005-2009
2007,The Nanny Diaries,data/mp_med/2007_the_nanny_diaries.jpg,2005-2009
2007,Mr. Woodcock,data/mp_med/2007_mr_woodcock.jpg,2005-2009
2007,Nancy Drew,data/mp_med/2007_nancy_drew.jpg,2005-2009
2007,The Mist,data/mp_med/2007_the_mist.jpg,2005-2009
2007,The Reaping,data/mp_med/2007_the_reaping.jpg,2005-2009
2007,Grindhouse,data/mp_med/2007_grindhouse.jpg,2005-2009
2007,Across the Universe,data/mp_med/2007_across_the_universe.jpg,2005-2009
2007,Perfect Stranger,data/mp_med/2007_perfect_stranger.jpg,2005-2009
2007,War,data/mp_med/2007_war.jpg,2005-2009
2007,The Last Mimzy,data/mp_med/2007_the_last_mimzy.jpg,2005-2009
2007,The Hills Have Eyes 2,data/mp_med/2007_the_hills_have_eyes_.jpg,2005-2009
2007,The Invisible,data/mp_med/2007_the_invisible.jpg,2005-2009
2007,Reno 911!: Miami,data/mp_med/2007_reno__miami.jpg,2005-2009
2007,Gone Baby Gone,data/mp_med/2007_gone_baby_gone.jpg,2005-2009
2008,The Dark Knight,data/mp_med/2008_the_dark_knight.jpg,2005-2009
2008,Iron Man,data/mp_med/2008_iron_man.jpg,2005-2009
2008,Indiana Jones and the Kingdom of the Crystal Skull,data/mp_med/2008_indiana_jones_and_the_kingdom_of_the_crystal_skull.jpg,2005-2009
2008,Hancock,data/mp_med/2008_hancock.jpg,2005-2009
2008,WALL·E,data/mp_med/2008_walle.jpg,2005-2009
2008,Kung Fu Panda,data/mp_med/2008_kung_fu_panda.jpg,2005-2009
2008,Twilight,data/mp_med/2008_twilight.jpg,2005-2009
2008,Madagascar: Escape 2 Africa,data/mp_med/2008_madagascar_escape__africa.jpg,2005-2009
2008,Quantum of Solace,data/mp_med/2008_quantum_of_solace.jpg,2005-2009
2008,Horton Hears a Who!,data/mp_med/2008_horton_hears_a_who.jpg,2005-2009
2008,Sex and the City,data/mp_med/2008_sex_and_the_city.jpg,2005-2009
2008,Gran Torino,data/mp_med/2008_gran_torino.jpg,2005-2009
2008,Taken,data/mp_med/2008_taken.jpg,2005-2009
2008,Mamma Mia!,data/mp_med/2008_mamma_mia.jpg,2005-2009
2008,Marley & Me,data/mp_med/2008_marley__me.jpg,2005-2009
2008,The Chronicles of Narnia: Prince Caspian,data/mp_med/2008_the_chronicles_of_narnia_prince_caspian.jpg,2005-2009
2008,The Incredible Hulk,data/mp_med/2008_the_incredible_hulk.jpg,2005-2009
2008,Wanted,data/mp_med/2008_wanted.jpg,2005-2009
2008,Get Smart,data/mp_med/2008_get_smart.jpg,2005-2009
2008,The Curious Case of Benjamin Button,data/mp_med/2008_the_curious_case_of_benjamin_button.jpg,2005-2009
2008,Four Christmases,data/mp_med/2008_four_christmases.jpg,2005-2009
2008,Bolt,data/mp_med/2008_bolt.jpg,2005-2009
2008,Tropic Thunder,data/mp_med/2008_tropic_thunder.jpg,2005-2009
2008,Bedtime Stories,data/mp_med/2008_bedtime_stories.jpg,2005-2009
2008,The Mummy: Tomb of the Dragon Emperor,data/mp_med/2008_the_mummy_tomb_of_the_dragon_emperor.jpg,2005-2009
2008,Journey to the Center of the Earth,data/mp_med/2008_journey_to_the_center_of_the_earth.jpg,2005-2009
2008,Eagle Eye,data/mp_med/2008_eagle_eye.jpg,2005-2009
2008,Step Brothers,data/mp_med/2008_step_brothers.jpg,2005-2009
2008,You Don't Mess with the Zohan,data/mp_med/2008_you_dont_mess_with_the_zohan.jpg,2005-2009
2008,Yes Man,data/mp_med/2008_yes_man.jpg,2005-2009
2008,"10,000 BC",data/mp_med/2008__bc.jpg,2005-2009
2008,Beverly Hills Chihuahua,data/mp_med/2008_beverly_hills_chihuahua.jpg,2005-2009
2008,High School Musical 3,data/mp_med/2008_high_school_musical_.jpg,2005-2009
2008,Pineapple Express,data/mp_med/2008_pineapple_express.jpg,2005-2009
2008,Valkyrie,data/mp_med/2008_valkyrie.jpg,2005-2009
2008,21,data/mp_med/2008_.jpg,2005-2009
2008,What Happens in Vegas,data/mp_med/2008_what_happens_in_vegas.jpg,2005-2009
2008,Jumper,data/mp_med/2008_jumper.jpg,2005-2009
2008,Cloverfield,data/mp_med/2008_cloverfield.jpg,2005-2009
2008,The Day the Earth Stood Still,data/mp_med/2008_the_day_the_earth_stood_still.jpg,2005-2009
2008,27 Dresses,data/mp_med/2008__dresses.jpg,2005-2009
2008,Hellboy II: The Golden Army,data/mp_med/2008_hellboy_ii_the_golden_army.jpg,2005-2009
2008,Vantage Point,data/mp_med/2008_vantage_point.jpg,2005-2009
2008,The Spiderwick Chronicles,data/mp_med/2008_the_spiderwick_chronicles.jpg,2005-2009
2008,Fool's Gold,data/mp_med/2008_fools_gold.jpg,2005-2009
2008,Seven Pounds,data/mp_med/2008_seven_pounds.jpg,2005-2009
2008,Role Models,data/mp_med/2008_role_models.jpg,2005-2009
2008,The Happening,data/mp_med/2008_the_happening.jpg,2005-2009
2008,Forgetting Sarah Marshall,data/mp_med/2008_forgetting_sarah_marshall.jpg,2005-2009
2008,Burn After Reading,data/mp_med/2008_burn_after_reading.jpg,2005-2009
2008,Baby Mama,data/mp_med/2008_baby_mama.jpg,2005-2009
2008,Step Up 2: The Streets,data/mp_med/2008_step_up__the_streets.jpg,2005-2009
2008,Saw V,data/mp_med/2008_saw_v.jpg,2005-2009
2008,The Strangers,data/mp_med/2008_the_strangers.jpg,2005-2009
2008,The Forbidden Kingdom,data/mp_med/2008_the_forbidden_kingdom.jpg,2005-2009
2008,The Tale of Despereaux,data/mp_med/2008_the_tale_of_despereaux.jpg,2005-2009
2008,Australia,data/mp_med/2008_australia.jpg,2005-2009
2008,The House Bunny,data/mp_med/2008_the_house_bunny.jpg,2005-2009
2008,Nim's Island,data/mp_med/2008_nims_island.jpg,2005-2009
2008,Made of Honor,data/mp_med/2008_made_of_honor.jpg,2005-2009
2008,College Road Trip,data/mp_med/2008_college_road_trip.jpg,2005-2009
2008,The Sisterhood of the Traveling Pants 2,data/mp_med/2008_the_sisterhood_of_the_traveling_pants_.jpg,2005-2009
2008,Speed Racer,data/mp_med/2008_speed_racer.jpg,2005-2009
2008,Prom Night,data/mp_med/2008_prom_night.jpg,2005-2009
2008,Rambo,data/mp_med/2008_rambo.jpg,2005-2009
2008,"Welcome Home, Roscoe Jenkins",data/mp_med/2008_welcome_home_roscoe_jenkins.jpg,2005-2009
2008,Meet the Browns,data/mp_med/2008_meet_the_browns.jpg,2005-2009
2008,Nights in Rodanthe,data/mp_med/2008_nights_in_rodanthe.jpg,2005-2009
2008,Max Payne,data/mp_med/2008_max_payne.jpg,2005-2009
2008,Righteous Kill,data/mp_med/2008_righteous_kill.jpg,2005-2009
2008,Body of Lies,data/mp_med/2008_body_of_lies.jpg,2005-2009
2008,Lakeview Terrace,data/mp_med/2008_lakeview_terrace.jpg,2005-2009
2008,Meet the Spartans,data/mp_med/2008_meet_the_spartans.jpg,2005-2009
2008,Harold & Kumar Escape from Guantanamo Bay,data/mp_med/2008_harold__kumar_escape_from_guantanamo_bay.jpg,2005-2009
2008,First Sunday,data/mp_med/2008_first_sunday.jpg,2005-2009
2008,The Secret Life of Bees,data/mp_med/2008_the_secret_life_of_bees.jpg,2005-2009
2008,The Family That Preys,data/mp_med/2008_the_family_that_preys.jpg,2005-2009
2008,Death Race,data/mp_med/2008_death_race.jpg,2005-2009
2008,Changeling,data/mp_med/2008_changeling.jpg,2005-2009
2008,Star Wars: The Clone Wars,data/mp_med/2008_star_wars_the_clone_wars.jpg,2005-2009
2008,The Reader,data/mp_med/2008_the_reader.jpg,2005-2009
2008,Semi-Pro,data/mp_med/2008_semipro.jpg,2005-2009
2008,Fireproof,data/mp_med/2008_fireproof.jpg,2005-2009
2008,Doubt,data/mp_med/2008_doubt.jpg,2005-2009
2008,Drillbit Taylor,data/mp_med/2008_drillbit_taylor.jpg,2005-2009
2008,The Love Guru,data/mp_med/2008_the_love_guru.jpg,2005-2009
2008,"Definitely, Maybe",data/mp_med/2008_definitely_maybe.jpg,2005-2009
2008,Milk,data/mp_med/2008_milk.jpg,2005-2009
2008,Transporter 3,data/mp_med/2008_transporter_.jpg,2005-2009
2008,Quarantine,data/mp_med/2008_quarantine.jpg,2005-2009
2008,Nick and Norah's Infinite Playlist,data/mp_med/2008_nick_and_norahs_infinite_playlist.jpg,2005-2009
2008,Zack and Miri Make a Porno,data/mp_med/2008_zack_and_miri_make_a_porno.jpg,2005-2009
2008,The Eye,data/mp_med/2008_the_eye.jpg,2005-2009
2008,Leatherheads,data/mp_med/2008_leatherheads.jpg,2005-2009
2008,Mirrors,data/mp_med/2008_mirrors.jpg,2005-2009
2008,Space Chimps,data/mp_med/2008_space_chimps.jpg,2005-2009
2008,The Bank Job,data/mp_med/2008_the_bank_job.jpg,2005-2009
2008,Untraceable,data/mp_med/2008_untraceable.jpg,2005-2009
2008,Defiance,data/mp_med/2008_defiance.jpg,2005-2009
2008,The Women,data/mp_med/2008_the_women.jpg,2005-2009
2009,Avatar,data/mp_med/2009_avatar.jpg,2005-2009
2009,Transformers: Revenge of the Fallen,data/mp_med/2009_transformers_revenge_of_the_fallen.jpg,2005-2009
2009,Harry Potter and the Half-Blood Prince,data/mp_med/2009_harry_potter_and_the_halfblood_prince.jpg,2005-2009
2009,The Twilight Saga: New Moon,data/mp_med/2009_the_twilight_saga_new_moon.jpg,2005-2009
2009,Up,data/mp_med/2009_up.jpg,2005-2009
2009,The Hangover,data/mp_med/2009_the_hangover.jpg,2005-2009
2009,Star Trek,data/mp_med/2009_star_trek.jpg,2005-2009
2009,The Blind Side,data/mp_med/2009_the_blind_side.jpg,2005-2009
2009,Alvin and the Chipmunks: The Squeakquel,data/mp_med/2009_alvin_and_the_chipmunks_the_squeakquel.jpg,2005-2009
2009,Sherlock Holmes,data/mp_med/2009_sherlock_holmes.jpg,2005-2009
2009,Monsters vs. Aliens,data/mp_med/2009_monsters_vs_aliens.jpg,2005-2009
2009,Ice Age: Dawn of the Dinosaurs,data/mp_med/2009_ice_age_dawn_of_the_dinosaurs.jpg,2005-2009
2009,X-Men Origins: Wolverine,data/mp_med/2009_xmen_origins_wolverine.jpg,2005-2009
2009,Night at the Museum: Battle of the Smithsonian,data/mp_med/2009_night_at_the_museum_battle_of_the_smithsonian.jpg,2005-2009
2009,2012,data/mp_med/2009_.jpg,2005-2009
2009,The Proposal,data/mp_med/2009_the_proposal.jpg,2005-2009
2009,Fast & Furious,data/mp_med/2009_fast__furious.jpg,2005-2009
2009,G.I. Joe: The Rise of Cobra,data/mp_med/2009_gi_joe_the_rise_of_cobra.jpg,2005-2009
2009,A Christmas Carol,data/mp_med/2009_a_christmas_carol.jpg,2005-2009
2009,Angels & Demons,data/mp_med/2009_angels__demons.jpg,2005-2009
2009,Terminator Salvation,data/mp_med/2009_terminator_salvation.jpg,2005-2009
2009,Cloudy with a Chance of Meatballs,data/mp_med/2009_cloudy_with_a_chance_of_meatballs.jpg,2005-2009
2009,Inglourious Basterds,data/mp_med/2009_inglourious_basterds.jpg,2005-2009
2009,G-Force,data/mp_med/2009_gforce.jpg,2005-2009
2009,District 9,data/mp_med/2009_district_.jpg,2005-2009
2009,It's Complicated,data/mp_med/2009_its_complicated.jpg,2005-2009
2009,Couples Retreat,data/mp_med/2009_couples_retreat.jpg,2005-2009
2009,Watchmen,data/mp_med/2009_watchmen.jpg,2005-2009
2009,The Princess and the Frog,data/mp_med/2009_the_princess_and_the_frog.jpg,2005-2009
2009,Public Enemies,data/mp_med/2009_public_enemies.jpg,2005-2009
2009,Julie & Julia,data/mp_med/2009_julie__julia.jpg,2005-2009
2009,He's Just Not That Into You,data/mp_med/2009_hes_just_not_that_into_you.jpg,2005-2009
2009,Madea Goes to Jail,data/mp_med/2009_madea_goes_to_jail.jpg,2005-2009
2009,The Ugly Truth,data/mp_med/2009_the_ugly_truth.jpg,2005-2009
2009,Up in the Air,data/mp_med/2009_up_in_the_air.jpg,2005-2009
2009,Knowing,data/mp_med/2009_knowing.jpg,2005-2009
2009,Hannah Montana: The Movie,data/mp_med/2009_hannah_montana_the_movie.jpg,2005-2009
2009,Where the Wild Things Are,data/mp_med/2009_where_the_wild_things_are.jpg,2005-2009
2009,Zombieland,data/mp_med/2009_zombieland.jpg,2005-2009
2009,Coraline,data/mp_med/2009_coraline.jpg,2005-2009
2009,Law Abiding Citizen,data/mp_med/2009_law_abiding_citizen.jpg,2005-2009
2009,Hotel for Dogs,data/mp_med/2009_hotel_for_dogs.jpg,2005-2009
2009,"I Love You, Man",data/mp_med/2009_i_love_you_man.jpg,2005-2009
2009,Obsessed,data/mp_med/2009_obsessed.jpg,2005-2009
2009,Race to Witch Mountain,data/mp_med/2009_race_to_witch_mountain.jpg,2005-2009
2009,The Final Destination,data/mp_med/2009_the_final_destination.jpg,2005-2009
2009,The Taking of Pelham 123,data/mp_med/2009_the_taking_of_pelham_.jpg,2005-2009
2009,Friday the 13th,data/mp_med/2009_friday_the_th.jpg,2005-2009
2009,17 Again,data/mp_med/2009__again.jpg,2005-2009
2009,The Time Traveler's Wife,data/mp_med/2009_the_time_travelers_wife.jpg,2005-2009
2009,Brüno,data/mp_med/2009_brno.jpg,2005-2009
2009,Bride Wars,data/mp_med/2009_bride_wars.jpg,2005-2009
2009,The Haunting in Connecticut,data/mp_med/2009_the_haunting_in_connecticut.jpg,2005-2009
2009,Ghosts of Girlfriends Past,data/mp_med/2009_ghosts_of_girlfriends_past.jpg,2005-2009
2009,Funny People,data/mp_med/2009_funny_people.jpg,2005-2009
2009,I Can Do Bad All by Myself,data/mp_med/2009_i_can_do_bad_all_by_myself.jpg,2005-2009
2009,My Bloody Valentine,data/mp_med/2009_my_bloody_valentine.jpg,2005-2009
2009,Old Dogs,data/mp_med/2009_old_dogs.jpg,2005-2009
2009,Land of the Lost,data/mp_med/2009_land_of_the_lost.jpg,2005-2009
2009,My Sister's Keeper,data/mp_med/2009_my_sisters_keeper.jpg,2005-2009
2009,Precious,data/mp_med/2009_precious.jpg,2005-2009
2009,Underworld: Rise of the Lycans,data/mp_med/2009_underworld_rise_of_the_lycans.jpg,2005-2009
2009,Confessions of a Shopaholic,data/mp_med/2009_confessions_of_a_shopaholic.jpg,2005-2009
2009,The Lovely Bones,data/mp_med/2009_the_lovely_bones.jpg,2005-2009
2009,Year One,data/mp_med/2009_year_one.jpg,2005-2009
2009,The Unborn,data/mp_med/2009_the_unborn.jpg,2005-2009
2009,Drag Me to Hell,data/mp_med/2009_drag_me_to_hell.jpg,2005-2009
2009,Planet 51,data/mp_med/2009_planet_.jpg,2005-2009
2009,Orphan,data/mp_med/2009_orphan.jpg,2005-2009
2009,Duplicity,data/mp_med/2009_duplicity.jpg,2005-2009
2009,Crazy Heart,data/mp_med/2009_crazy_heart.jpg,2005-2009
2009,Surrogates,data/mp_med/2009_surrogates.jpg,2005-2009
2009,Ninja Assassin,data/mp_med/2009_ninja_assassin.jpg,2005-2009
2009,Invictus,data/mp_med/2009_invictus.jpg,2005-2009
2009,State of Play,data/mp_med/2009_state_of_play.jpg,2005-2009
2009,Notorious,data/mp_med/2009_notorious.jpg,2005-2009
2009,The Pink Panther 2,data/mp_med/2009_the_pink_panther_.jpg,2005-2009
2009,All About Steve,data/mp_med/2009_all_about_steve.jpg,2005-2009
2009,Halloween II,data/mp_med/2009_halloween_ii.jpg,2005-2009
2009,The Informant!,data/mp_med/2009_the_informant.jpg,2005-2009
2009,The Last House on the Left,data/mp_med/2009_the_last_house_on_the_left.jpg,2005-2009
2009,The Men Who Stare at Goats,data/mp_med/2009_the_men_who_stare_at_goats.jpg,2005-2009
2009,500 Days of Summer,data/mp_med/2009__days_of_summer.jpg,2005-2009
2009,Push,data/mp_med/2009_push.jpg,2005-2009
2009,9,data/mp_med/2009_.jpg,2005-2009
2009,The Soloist,data/mp_med/2009_the_soloist.jpg,2005-2009
2009,Daybreakers,data/mp_med/2009_daybreakers.jpg,2005-2009
2009,Did You Hear About the Morgans?,data/mp_med/2009_did_you_hear_about_the_morgans.jpg,2005-2009
2009,The Stepfather,data/mp_med/2009_the_stepfather.jpg,2005-2009
2009,The Uninvited,data/mp_med/2009_the_uninvited.jpg,2005-2009
2009,Brothers,data/mp_med/2009_brothers.jpg,2005-2009
2009,Saw VI,data/mp_med/2009_saw_vi.jpg,2005-2009
2009,Brooklyn's Finest,data/mp_med/2009_brooklyns_finest.jpg,2005-2009
2009,Dance Flick,data/mp_med/2009_dance_flick.jpg,2005-2009
2009,The Fourth Kind,data/mp_med/2009_the_fourth_kind.jpg,2005-2009
2009,The International,data/mp_med/2009_the_international.jpg,2005-2009
2009,Aliens in the Attic,data/mp_med/2009_aliens_in_the_attic.jpg,2005-2009
2009,Nine,data/mp_med/2009_nine.jpg,2005-2009
2009,Observe and Report,data/mp_med/2009_observe_and_report.jpg,2005-2009
2009,Fighting,data/mp_med/2009_fighting.jpg,2005-2009
2010,Toy Story 3,data/mp_med/2010_toy_story_.jpg,2010-2014
2010,Alice in Wonderland,data/mp_med/2010_alice_in_wonderland.jpg,2010-2014
2010,Iron Man 2,data/mp_med/2010_iron_man_.jpg,2010-2014
2010,The Twilight Saga: Eclipse,data/mp_med/2010_the_twilight_saga_eclipse.jpg,2010-2014
2010,Harry Potter and the Deathly Hallows: Part 1,data/mp_med/2010_harry_potter_and_the_deathly_hallows_part_.jpg,2010-2014
2010,Inception,data/mp_med/2010_inception.jpg,2010-2014
2010,Despicable Me,data/mp_med/2010_despicable_me.jpg,2010-2014
2010,Shrek Forever After,data/mp_med/2010_shrek_forever_after.jpg,2010-2014
2010,How to Train Your Dragon,data/mp_med/2010_how_to_train_your_dragon.jpg,2010-2014
2010,Tangled,data/mp_med/2010_tangled.jpg,2010-2014
2010,The Karate Kid,data/mp_med/2010_the_karate_kid.jpg,2010-2014
2010,TRON: Legacy,data/mp_med/2010_tron_legacy.jpg,2010-2014
2010,True Grit,data/mp_med/2010_true_grit.jpg,2010-2014
2010,Clash of the Titans,data/mp_med/2010_clash_of_the_titans.jpg,2010-2014
2010,Grown Ups,data/mp_med/2010_grown_ups.jpg,2010-2014
2010,Megamind,data/mp_med/2010_megamind.jpg,2010-2014
2010,Little Fockers,data/mp_med/2010_little_fockers.jpg,2010-2014
2010,The King's Speech,data/mp_med/2010_the_kings_speech.jpg,2010-2014
2010,The Last Airbender,data/mp_med/2010_the_last_airbender.jpg,2010-2014
2010,Shutter Island,data/mp_med/2010_shutter_island.jpg,2010-2014
2010,The Other Guys,data/mp_med/2010_the_other_guys.jpg,2010-2014
2010,Salt,data/mp_med/2010_salt.jpg,2010-2014
2010,Valentine's Day,data/mp_med/2010_valentines_day.jpg,2010-2014
2010,Black Swan,data/mp_med/2010_black_swan.jpg,2010-2014
2010,Robin Hood,data/mp_med/2010_robin_hood.jpg,2010-2014
2010,The Chronicles of Narnia: The Voyage of the Dawn Treader,data/mp_med/2010_the_chronicles_of_narnia_the_voyage_of_the_dawn_treader.jpg,2010-2014
2010,The Expendables,data/mp_med/2010_the_expendables.jpg,2010-2014
2010,Due Date,data/mp_med/2010_due_date.jpg,2010-2014
2010,Yogi Bear,data/mp_med/2010_yogi_bear.jpg,2010-2014
2010,Date Night,data/mp_med/2010_date_night.jpg,2010-2014
2010,The Social Network,data/mp_med/2010_the_social_network.jpg,2010-2014
2010,Sex and the City 2,data/mp_med/2010_sex_and_the_city_.jpg,2010-2014
2010,The Book of Eli,data/mp_med/2010_the_book_of_eli.jpg,2010-2014
2010,The Fighter,data/mp_med/2010_the_fighter.jpg,2010-2014
2010,The Town,data/mp_med/2010_the_town.jpg,2010-2014
2010,Prince of Persia: The Sands of Time,data/mp_med/2010_prince_of_persia_the_sands_of_time.jpg,2010-2014
2010,RED,data/mp_med/2010_red.jpg,2010-2014
2010,Percy Jackson & the Olympians: The Lightning Thief,data/mp_med/2010_percy_jackson__the_olympians_the_lightning_thief.jpg,2010-2014
2010,Paranormal Activity 2,data/mp_med/2010_paranormal_activity_.jpg,2010-2014
2010,Unstoppable,data/mp_med/2010_unstoppable.jpg,2010-2014
2010,Eat Pray Love,data/mp_med/2010_eat_pray_love.jpg,2010-2014
2010,Dear John,data/mp_med/2010_dear_john.jpg,2010-2014
2010,The A-Team,data/mp_med/2010_the_ateam.jpg,2010-2014
2010,Knight and Day,data/mp_med/2010_knight_and_day.jpg,2010-2014
2010,Dinner for Schmucks,data/mp_med/2010_dinner_for_schmucks.jpg,2010-2014
2010,The Tourist,data/mp_med/2010_the_tourist.jpg,2010-2014
2010,The Bounty Hunter,data/mp_med/2010_the_bounty_hunter.jpg,2010-2014
2010,Diary of a Wimpy Kid,data/mp_med/2010_diary_of_a_wimpy_kid.jpg,2010-2014
2010,The Sorcerer's Apprentice,data/mp_med/2010_the_sorcerers_apprentice.jpg,2010-2014
2010,A Nightmare on Elm Street,data/mp_med/2010_a_nightmare_on_elm_street.jpg,2010-2014
2010,The Last Song,data/mp_med/2010_the_last_song.jpg,2010-2014
2010,The Wolfman,data/mp_med/2010_the_wolfman.jpg,2010-2014
2010,Get Him to the Greek,data/mp_med/2010_get_him_to_the_greek.jpg,2010-2014
2010,Resident Evil: Afterlife,data/mp_med/2010_resident_evil_afterlife.jpg,2010-2014
2010,Why Did I Get Married Too?,data/mp_med/2010_why_did_i_get_married_too.jpg,2010-2014
2010,Tooth Fairy,data/mp_med/2010_tooth_fairy.jpg,2010-2014
2010,Secretariat,data/mp_med/2010_secretariat.jpg,2010-2014
2010,Easy A,data/mp_med/2010_easy_a.jpg,2010-2014
2010,Takers,data/mp_med/2010_takers.jpg,2010-2014
2010,Legend of the Guardians: The Owls of Ga'Hoole,data/mp_med/2010_legend_of_the_guardians_the_owls_of_gahoole.jpg,2010-2014
2010,Insidious,data/mp_med/2010_insidious.jpg,2010-2014
2010,Life as We Know It,data/mp_med/2010_life_as_we_know_it.jpg,2010-2014
2010,Letters to Juliet,data/mp_med/2010_letters_to_juliet.jpg,2010-2014
2010,Wall Street: Money Never Sleeps,data/mp_med/2010_wall_street_money_never_sleeps.jpg,2010-2014
2010,Predators,data/mp_med/2010_predators.jpg,2010-2014
2010,Hot Tub Time Machine,data/mp_med/2010_hot_tub_time_machine.jpg,2010-2014
2010,Kick-Ass,data/mp_med/2010_kickass.jpg,2010-2014
2010,Killers,data/mp_med/2010_killers.jpg,2010-2014
2010,Saw: The Final Chapter,data/mp_med/2010_saw_the_final_chapter.jpg,2010-2014
2010,Cop Out,data/mp_med/2010_cop_out.jpg,2010-2014
2010,Cats & Dogs: The Revenge of Kitty Galore,data/mp_med/2010_cats__dogs_the_revenge_of_kitty_galore.jpg,2010-2014
2010,Edge of Darkness,data/mp_med/2010_edge_of_darkness.jpg,2010-2014
2010,Gulliver's Travels,data/mp_med/2010_gullivers_travels.jpg,2010-2014
2010,Death at a Funeral,data/mp_med/2010_death_at_a_funeral.jpg,2010-2014
2010,Step Up 3D,data/mp_med/2010_step_up_d.jpg,2010-2014
2010,The Last Exorcism,data/mp_med/2010_the_last_exorcism.jpg,2010-2014
2010,Legion,data/mp_med/2010_legion.jpg,2010-2014
2010,Burlesque,data/mp_med/2010_burlesque.jpg,2010-2014
2010,The Crazies,data/mp_med/2010_the_crazies.jpg,2010-2014
2010,For Colored Girls,data/mp_med/2010_for_colored_girls.jpg,2010-2014
2010,The Back-up Plan,data/mp_med/2010_the_backup_plan.jpg,2010-2014
2010,Vampires Suck,data/mp_med/2010_vampires_suck.jpg,2010-2014
2010,The American,data/mp_med/2010_the_american.jpg,2010-2014
2010,Green Zone,data/mp_med/2010_green_zone.jpg,2010-2014
2010,Marmaduke,data/mp_med/2010_marmaduke.jpg,2010-2014
2010,Devil,data/mp_med/2010_devil.jpg,2010-2014
2010,Hereafter,data/mp_med/2010_hereafter.jpg,2010-2014
2010,When in Rome,data/mp_med/2010_when_in_rome.jpg,2010-2014
2010,Love & Other Drugs,data/mp_med/2010_love__other_drugs.jpg,2010-2014
2010,She's Out of My League,data/mp_med/2010_shes_out_of_my_league.jpg,2010-2014
2010,Scott Pilgrim vs. the World,data/mp_med/2010_scott_pilgrim_vs_the_world.jpg,2010-2014
2010,The Debt,data/mp_med/2010_the_debt.jpg,2010-2014
2010,Charlie St. Cloud,data/mp_med/2010_charlie_st_cloud.jpg,2010-2014
2010,Morning Glory,data/mp_med/2010_morning_glory.jpg,2010-2014
2010,How Do You Know,data/mp_med/2010_how_do_you_know.jpg,2010-2014
2010,Nanny McPhee Returns,data/mp_med/2010_nanny_mcphee_returns.jpg,2010-2014
2010,The Switch,data/mp_med/2010_the_switch.jpg,2010-2014
2010,Machete,data/mp_med/2010_machete.jpg,2010-2014
2010,Ramona and Beezus,data/mp_med/2010_ramona_and_beezus.jpg,2010-2014
2010,Leap Year,data/mp_med/2010_leap_year.jpg,2010-2014
2011,Harry Potter and the Deathly Hallows: Part 2,data/mp_med/2011_harry_potter_and_the_deathly_hallows_part_.jpg,2010-2014
2011,Transformers: Dark of the Moon,data/mp_med/2011_transformers_dark_of_the_moon.jpg,2010-2014
2011,The Twilight Saga: Breaking Dawn - Part 1,data/mp_med/2011_the_twilight_saga_breaking_dawn__part_.jpg,2010-2014
2011,The Hangover Part II,data/mp_med/2011_the_hangover_part_ii.jpg,2010-2014
2011,Pirates of the Caribbean: On Stranger Tides,data/mp_med/2011_pirates_of_the_caribbean_on_stranger_tides.jpg,2010-2014
2011,Fast Five,data/mp_med/2011_fast_five.jpg,2010-2014
2011,Mission: Impossible - Ghost Protocol,data/mp_med/2011_mission_impossible__ghost_protocol.jpg,2010-2014
2011,Cars 2,data/mp_med/2011_cars_.jpg,2010-2014
2011,Sherlock Holmes: A Game of Shadows,data/mp_med/2011_sherlock_holmes_a_game_of_shadows.jpg,2010-2014
2011,Thor,data/mp_med/2011_thor.jpg,2010-2014
2011,Rise of the Planet of the Apes,data/mp_med/2011_rise_of_the_planet_of_the_apes.jpg,2010-2014
2011,Captain America: The First Avenger,data/mp_med/2011_captain_america_the_first_avenger.jpg,2010-2014
2011,The Help,data/mp_med/2011_the_help.jpg,2010-2014
2011,Bridesmaids,data/mp_med/2011_bridesmaids.jpg,2010-2014
2011,Kung Fu Panda 2,data/mp_med/2011_kung_fu_panda_.jpg,2010-2014
2011,Puss in Boots,data/mp_med/2011_puss_in_boots.jpg,2010-2014
2011,X: First Class,data/mp_med/2011_x_first_class.jpg,2010-2014
2011,Rio,data/mp_med/2011_rio.jpg,2010-2014
2011,The Smurfs,data/mp_med/2011_the_smurfs.jpg,2010-2014
2011,Alvin and the Chipmunks: Chipwrecked,data/mp_med/2011_alvin_and_the_chipmunks_chipwrecked.jpg,2010-2014
2011,Super 8,data/mp_med/2011_super_.jpg,2010-2014
2011,Rango,data/mp_med/2011_rango.jpg,2010-2014
2011,Horrible Bosses,data/mp_med/2011_horrible_bosses.jpg,2010-2014
2011,Green Lantern,data/mp_med/2011_green_lantern.jpg,2010-2014
2011,Hop,data/mp_med/2011_hop.jpg,2010-2014
2011,Paranormal Activity 3,data/mp_med/2011_paranormal_activity_.jpg,2010-2014
2011,Just Go with It,data/mp_med/2011_just_go_with_it.jpg,2010-2014
2011,The Girl with the Dragon Tattoo,data/mp_med/2011_the_girl_with_the_dragon_tattoo.jpg,2010-2014
2011,Bad Teacher,data/mp_med/2011_bad_teacher.jpg,2010-2014
2011,Cowboys & Aliens,data/mp_med/2011_cowboys__aliens.jpg,2010-2014
2011,Gnomeo & Juliet,data/mp_med/2011_gnomeo__juliet.jpg,2010-2014
2011,The Green Hornet,data/mp_med/2011_the_green_hornet.jpg,2010-2014
2011,The Muppets,data/mp_med/2011_the_muppets.jpg,2010-2014
2011,Real Steel,data/mp_med/2011_real_steel.jpg,2010-2014
2011,"Crazy, Stupid, Love.",data/mp_med/2011_crazy_stupid_love.jpg,2010-2014
2011,Battle Los Angeles,data/mp_med/2011_battle_los_angeles.jpg,2010-2014
2011,Immortals,data/mp_med/2011_immortals.jpg,2010-2014
2011,The Descendants,data/mp_med/2011_the_descendants.jpg,2010-2014
2011,Zookeeper,data/mp_med/2011_zookeeper.jpg,2010-2014
2011,War Horse,data/mp_med/2011_war_horse.jpg,2010-2014
2011,Limitless,data/mp_med/2011_limitless.jpg,2010-2014
2011,Tower Heist,data/mp_med/2011_tower_heist.jpg,2010-2014
2011,The Adventures of Tintin,data/mp_med/2011_the_adventures_of_tintin.jpg,2010-2014
2011,Contagion,data/mp_med/2011_contagion.jpg,2010-2014
2011,We Bought a Zoo,data/mp_med/2011_we_bought_a_zoo.jpg,2010-2014
2011,Moneyball,data/mp_med/2011_moneyball.jpg,2010-2014
2011,Jack and Jill,data/mp_med/2011_jack_and_jill.jpg,2010-2014
2011,Hugo,data/mp_med/2011_hugo.jpg,2010-2014
2011,Dolphin Tale,data/mp_med/2011_dolphin_tale.jpg,2010-2014
2011,No Strings Attached,data/mp_med/2011_no_strings_attached.jpg,2010-2014
2011,Mr. Popper's Penguins,data/mp_med/2011_mr_poppers_penguins.jpg,2010-2014
2011,Happy Feet Two,data/mp_med/2011_happy_feet_two.jpg,2010-2014
2011,Unknown,data/mp_med/2011_unknown.jpg,2010-2014
2011,The Adjustment Bureau,data/mp_med/2011_the_adjustment_bureau.jpg,2010-2014
2011,Water for Elephants,data/mp_med/2011_water_for_elephants.jpg,2010-2014
2011,The Lincoln Lawyer,data/mp_med/2011_the_lincoln_lawyer.jpg,2010-2014
2011,Midnight in Paris,data/mp_med/2011_midnight_in_paris.jpg,2010-2014
2011,Friends with Benefits,data/mp_med/2011_friends_with_benefits.jpg,2010-2014
2011,I Am Number Four,data/mp_med/2011_i_am_number_four.jpg,2010-2014
2011,Source Code,data/mp_med/2011_source_code.jpg,2010-2014
2011,New Year's Eve,data/mp_med/2011_new_years_eve.jpg,2010-2014
2011,Madea's Big Happy Family,data/mp_med/2011_madeas_big_happy_family.jpg,2010-2014
2011,Diary of a Wimpy Kid: Rodrick Rules,data/mp_med/2011_diary_of_a_wimpy_kid_rodrick_rules.jpg,2010-2014
2011,Footloose,data/mp_med/2011_footloose.jpg,2010-2014
2011,Ghost Rider: Spirit of Vengeance,data/mp_med/2011_ghost_rider_spirit_of_vengeance.jpg,2010-2014
2011,The Grey,data/mp_med/2011_the_grey.jpg,2010-2014
2011,The Dilemma,data/mp_med/2011_the_dilemma.jpg,2010-2014
2011,Arthur Christmas,data/mp_med/2011_arthur_christmas.jpg,2010-2014
2011,The Best Exotic Marigold Hotel,data/mp_med/2011_the_best_exotic_marigold_hotel.jpg,2010-2014
2011,Hall Pass,data/mp_med/2011_hall_pass.jpg,2010-2014
2011,The Artist,data/mp_med/2011_the_artist.jpg,2010-2014
2011,Soul Surfer,data/mp_med/2011_soul_surfer.jpg,2010-2014
2011,Final Destination 5,data/mp_med/2011_final_destination_.jpg,2010-2014
2011,The Cabin in the Woods,data/mp_med/2011_the_cabin_in_the_woods.jpg,2010-2014
2011,The Ides of March,data/mp_med/2011_the_ides_of_march.jpg,2010-2014
2011,Hanna,data/mp_med/2011_hanna.jpg,2010-2014
2011,Something Borrowed,data/mp_med/2011_something_borrowed.jpg,2010-2014
2011,Spy Kids 4: All the Time in the World,data/mp_med/2011_spy_kids__all_the_time_in_the_world.jpg,2010-2014
2011,Scream 4,data/mp_med/2011_scream_.jpg,2010-2014
2011,"Big Mommas: Like Father, Like Son",data/mp_med/2011_big_mommas_like_father_like_son.jpg,2010-2014
2011,Red Riding Hood,data/mp_med/2011_red_riding_hood.jpg,2010-2014
2011,In Time,data/mp_med/2011_in_time.jpg,2010-2014
2011,Paul,data/mp_med/2011_paul.jpg,2010-2014
2011,J. Edgar,data/mp_med/2011_j_edgar.jpg,2010-2014
2011,The Roommate,data/mp_med/2011_the_roommate.jpg,2010-2014
2011,Jumping the Broom,data/mp_med/2011_jumping_the_broom.jpg,2010-2014
2011,The Change-Up,data/mp_med/2011_the_changeup.jpg,2010-2014
2011,30 Minutes or Less,data/mp_med/2011__minutes_or_less.jpg,2010-2014
2011,Colombiana,data/mp_med/2011_colombiana.jpg,2010-2014
2011,Sucker Punch,data/mp_med/2011_sucker_punch.jpg,2010-2014
2011,Larry Crowne,data/mp_med/2011_larry_crowne.jpg,2010-2014
2011,Drive,data/mp_med/2011_drive.jpg,2010-2014
2011,A Very Harold & Kumar 3D Christmas,data/mp_med/2011_a_very_harold__kumar_d_christmas.jpg,2010-2014
2011,50/50,data/mp_med/2011_.jpg,2010-2014
2011,Courageous,data/mp_med/2011_courageous.jpg,2010-2014
2011,The Rite,data/mp_med/2011_the_rite.jpg,2010-2014
2011,Arthur,data/mp_med/2011_arthur.jpg,2010-2014
2011,Extremely Loud & Incredibly Close,data/mp_med/2011_extremely_loud__incredibly_close.jpg,2010-2014
2011,The Sitter,data/mp_med/2011_the_sitter.jpg,2010-2014
2011,Priest,data/mp_med/2011_priest.jpg,2010-2014
2012,The Avengers,data/mp_med/2012_the_avengers.jpg,2010-2014
2012,The Dark Knight Rises,data/mp_med/2012_the_dark_knight_rises.jpg,2010-2014
2012,The Hunger Games,data/mp_med/2012_the_hunger_games.jpg,2010-2014
2012,Skyfall,data/mp_med/2012_skyfall.jpg,2010-2014
2012,The Hobbit: An Unexpected Journey,data/mp_med/2012_the_hobbit_an_unexpected_journey.jpg,2010-2014
2012,The Twilight Saga: Breaking Dawn - Part 2,data/mp_med/2012_the_twilight_saga_breaking_dawn__part_.jpg,2010-2014
2012,The Amazing Spider-Man,data/mp_med/2012_the_amazing_spiderman.jpg,2010-2014
2012,Brave,data/mp_med/2012_brave.jpg,2010-2014
2012,Ted,data/mp_med/2012_ted.jpg,2010-2014
2012,Madagascar 3: Europe's Most Wanted,data/mp_med/2012_madagascar__europes_most_wanted.jpg,2010-2014
2012,The Lorax,data/mp_med/2012_the_lorax.jpg,2010-2014
2012,Wreck-It Ralph,data/mp_med/2012_wreckit_ralph.jpg,2010-2014
2012,Lincoln,data/mp_med/2012_lincoln.jpg,2010-2014
2012,Men in Black 3,data/mp_med/2012_men_in_black_.jpg,2010-2014
2012,Django Unchained,data/mp_med/2012_django_unchained.jpg,2010-2014
2012,Ice Age: Continental Drift,data/mp_med/2012_ice_age_continental_drift.jpg,2010-2014
2012,Snow White and the Huntsman,data/mp_med/2012_snow_white_and_the_huntsman.jpg,2010-2014
2012,Les Misérables,data/mp_med/2012_les_misrables.jpg,2010-2014
2012,Hotel Transylvania,data/mp_med/2012_hotel_transylvania.jpg,2010-2014
2012,Taken 2,data/mp_med/2012_taken_.jpg,2010-2014
2012,21 Jump Street,data/mp_med/2012__jump_street.jpg,2010-2014
2012,Argo,data/mp_med/2012_argo.jpg,2010-2014
2012,Silver Linings Playbook,data/mp_med/2012_silver_linings_playbook.jpg,2010-2014
2012,Prometheus,data/mp_med/2012_prometheus.jpg,2010-2014
2012,Safe House,data/mp_med/2012_safe_house.jpg,2010-2014
2012,The Vow,data/mp_med/2012_the_vow.jpg,2010-2014
2012,Life of Pi,data/mp_med/2012_life_of_pi.jpg,2010-2014
2012,Magic Mike,data/mp_med/2012_magic_mike.jpg,2010-2014
2012,The Bourne Legacy,data/mp_med/2012_the_bourne_legacy.jpg,2010-2014
2012,Journey 2: The Mysterious Island,data/mp_med/2012_journey__the_mysterious_island.jpg,2010-2014
2012,Rise of the Guardians,data/mp_med/2012_rise_of_the_guardians.jpg,2010-2014
2012,Zero Dark Thirty,data/mp_med/2012_zero_dark_thirty.jpg,2010-2014
2012,Flight,data/mp_med/2012_flight.jpg,2010-2014
2012,Think Like a Man,data/mp_med/2012_think_like_a_man.jpg,2010-2014
2012,The Campaign,data/mp_med/2012_the_campaign.jpg,2010-2014
2012,The Expendables 2,data/mp_med/2012_the_expendables_.jpg,2010-2014
2012,Wrath of the Titans,data/mp_med/2012_wrath_of_the_titans.jpg,2010-2014
2012,Jack Reacher,data/mp_med/2012_jack_reacher.jpg,2010-2014
2012,Dark Shadows,data/mp_med/2012_dark_shadows.jpg,2010-2014
2012,Parental Guidance,data/mp_med/2012_parental_guidance.jpg,2010-2014
2012,John Carter,data/mp_med/2012_john_carter.jpg,2010-2014
2012,Act of Valor,data/mp_med/2012_act_of_valor.jpg,2010-2014
2012,This Is 40,data/mp_med/2012_this_is_.jpg,2010-2014
2012,Contraband,data/mp_med/2012_contraband.jpg,2010-2014
2012,Looper,data/mp_med/2012_looper.jpg,2010-2014
2012,Madea's Witness Protection,data/mp_med/2012_madeas_witness_protection.jpg,2010-2014
2012,Battleship,data/mp_med/2012_battleship.jpg,2010-2014
2012,Pitch Perfect,data/mp_med/2012_pitch_perfect.jpg,2010-2014
2012,Mirror Mirror,data/mp_med/2012_mirror_mirror.jpg,2010-2014
2012,Chronicle,data/mp_med/2012_chronicle.jpg,2010-2014
2012,Hope Springs,data/mp_med/2012_hope_springs.jpg,2010-2014
2012,Underworld Awakening,data/mp_med/2012_underworld_awakening.jpg,2010-2014
2012,The Lucky One,data/mp_med/2012_the_lucky_one.jpg,2010-2014
2012,The Dictator,data/mp_med/2012_the_dictator.jpg,2010-2014
2012,Total Recall,data/mp_med/2012_total_recall.jpg,2010-2014
2012,American Reunion,data/mp_med/2012_american_reunion.jpg,2010-2014
2012,ParaNorman,data/mp_med/2012_paranorman.jpg,2010-2014
2012,This Means War,data/mp_med/2012_this_means_war.jpg,2010-2014
2012,Project X,data/mp_med/2012_project_x.jpg,2010-2014
2012,Paranormal Activity 4,data/mp_med/2012_paranormal_activity_.jpg,2010-2014
2012,The Devil Inside,data/mp_med/2012_the_devil_inside.jpg,2010-2014
2012,The Odd Life of Timothy Green,data/mp_med/2012_the_odd_life_of_timothy_green.jpg,2010-2014
2012,Red Tails,data/mp_med/2012_red_tails.jpg,2010-2014
2012,The Possession,data/mp_med/2012_the_possession.jpg,2010-2014
2012,Diary of a Wimpy Kid: Dog Days,data/mp_med/2012_diary_of_a_wimpy_kid_dog_days.jpg,2010-2014
2012,Sinister,data/mp_med/2012_sinister.jpg,2010-2014
2012,Savages,data/mp_med/2012_savages.jpg,2010-2014
2012,Moonrise Kingdom,data/mp_med/2012_moonrise_kingdom.jpg,2010-2014
2012,Here Comes the Boom,data/mp_med/2012_here_comes_the_boom.jpg,2010-2014
2012,Red Dawn,data/mp_med/2012_red_dawn.jpg,2010-2014
2012,The Three Stooges,data/mp_med/2012_the_three_stooges.jpg,2010-2014
2012,Resident Evil: Retribution,data/mp_med/2012_resident_evil_retribution.jpg,2010-2014
2012,What to Expect When You're Expecting,data/mp_med/2012_what_to_expect_when_youre_expecting.jpg,2010-2014
2012,End of Watch,data/mp_med/2012_end_of_watch.jpg,2010-2014
2012,Rock of Ages,data/mp_med/2012_rock_of_ages.jpg,2010-2014
2012,Abraham Lincoln: Vampire Hunter,data/mp_med/2012_abraham_lincoln_vampire_hunter.jpg,2010-2014
2012,Lawless,data/mp_med/2012_lawless.jpg,2010-2014
2012,The Guilt Trip,data/mp_med/2012_the_guilt_trip.jpg,2010-2014
2012,That's My Boy,data/mp_med/2012_thats_my_boy.jpg,2010-2014
2012,Trouble with the Curve,data/mp_med/2012_trouble_with_the_curve.jpg,2010-2014
2012,The Watch,data/mp_med/2012_the_watch.jpg,2010-2014
2012,Frankenweenie,data/mp_med/2012_frankenweenie.jpg,2010-2014
2012,Step Up Revolution,data/mp_med/2012_step_up_revolution.jpg,2010-2014
2012,Good Deeds,data/mp_med/2012_good_deeds.jpg,2010-2014
2012,House at the End of the Street,data/mp_med/2012_house_at_the_end_of_the_street.jpg,2010-2014
2012,The Pirates! Band of Misfits,data/mp_med/2012_the_pirates_band_of_misfits.jpg,2010-2014
2012,Joyful Noise,data/mp_med/2012_joyful_noise.jpg,2010-2014
2012,The Five-Year Engagement,data/mp_med/2012_the_fiveyear_engagement.jpg,2010-2014
2012,Cloud Atlas,data/mp_med/2012_cloud_atlas.jpg,2010-2014
2012,One for the Money,data/mp_med/2012_one_for_the_money.jpg,2010-2014
2012,Alex Cross,data/mp_med/2012_alex_cross.jpg,2010-2014
2012,Sparkle,data/mp_med/2012_sparkle.jpg,2010-2014
2012,Mud,data/mp_med/2012_mud.jpg,2010-2014
2012,The Place Beyond the Pines,data/mp_med/2012_the_place_beyond_the_pines.jpg,2010-2014
2012,Premium Rush,data/mp_med/2012_premium_rush.jpg,2010-2014
2012,Big Miracle,data/mp_med/2012_big_miracle.jpg,2010-2014
2012,The Impossible,data/mp_med/2012_the_impossible.jpg,2010-2014
2012,Man on a Ledge,data/mp_med/2012_man_on_a_ledge.jpg,2010-2014
2012,A Thousand Words,data/mp_med/2012_a_thousand_words.jpg,2010-2014
2012,Chernobyl Diaries,data/mp_med/2012_chernobyl_diaries.jpg,2010-2014
2013,The Hunger Games: Catching Fire,data/mp_med/2013_the_hunger_games_catching_fire.jpg,2010-2014
2013,Iron Man Three,data/mp_med/2013_iron_man_three.jpg,2010-2014
2013,Frozen,data/mp_med/2013_frozen.jpg,2010-2014
2013,Despicable Me 2,data/mp_med/2013_despicable_me_.jpg,2010-2014
2013,Man of Steel,data/mp_med/2013_man_of_steel.jpg,2010-2014
2013,Gravity,data/mp_med/2013_gravity.jpg,2010-2014
2013,Monsters University,data/mp_med/2013_monsters_university.jpg,2010-2014
2013,The Hobbit: The Desolation of Smaug,data/mp_med/2013_the_hobbit_the_desolation_of_smaug.jpg,2010-2014
2013,Furious 6,data/mp_med/2013_furious_.jpg,2010-2014
2013,Oz the Great and Powerful,data/mp_med/2013_oz_the_great_and_powerful.jpg,2010-2014
2013,Star Trek Into Darkness,data/mp_med/2013_star_trek_into_darkness.jpg,2010-2014
2013,Thor: The Dark World,data/mp_med/2013_thor_the_dark_world.jpg,2010-2014
2013,World War Z,data/mp_med/2013_world_war_z.jpg,2010-2014
2013,The Croods,data/mp_med/2013_the_croods.jpg,2010-2014
2013,The Heat,data/mp_med/2013_the_heat.jpg,2010-2014
2013,We're the Millers,data/mp_med/2013_were_the_millers.jpg,2010-2014
2013,American Hustle,data/mp_med/2013_american_hustle.jpg,2010-2014
2013,The Great Gatsby,data/mp_med/2013_the_great_gatsby.jpg,2010-2014
2013,The Conjuring,data/mp_med/2013_the_conjuring.jpg,2010-2014
2013,Identity Thief,data/mp_med/2013_identity_thief.jpg,2010-2014
2013,Grown Ups 2,data/mp_med/2013_grown_ups_.jpg,2010-2014
2013,The Wolverine,data/mp_med/2013_the_wolverine.jpg,2010-2014
2013,Anchorman 2: The Legend Continues,data/mp_med/2013_anchorman__the_legend_continues.jpg,2010-2014
2013,Lone Survivor,data/mp_med/2013_lone_survivor.jpg,2010-2014
2013,G.I. Joe: Retaliation,data/mp_med/2013_gi_joe_retaliation.jpg,2010-2014
2013,Cloudy with a Chance of Meatballs 2,data/mp_med/2013_cloudy_with_a_chance_of_meatballs_.jpg,2010-2014
2013,Now You See Me,data/mp_med/2013_now_you_see_me.jpg,2010-2014
2013,The Wolf of Wall Street,data/mp_med/2013_the_wolf_of_wall_street.jpg,2010-2014
2013,The Butler,data/mp_med/2013_the_butler.jpg,2010-2014
2013,The Hangover Part III,data/mp_med/2013_the_hangover_part_iii.jpg,2010-2014
2013,Epic,data/mp_med/2013_epic.jpg,2010-2014
2013,Captain Phillips,data/mp_med/2013_captain_phillips.jpg,2010-2014
2013,Bad Grandpa,data/mp_med/2013_bad_grandpa.jpg,2010-2014
2013,Pacific Rim,data/mp_med/2013_pacific_rim.jpg,2010-2014
2013,This Is the End,data/mp_med/2013_this_is_the_end.jpg,2010-2014
2013,Olympus Has Fallen,data/mp_med/2013_olympus_has_fallen.jpg,2010-2014
2013,42,data/mp_med/2013_.jpg,2010-2014
2013,Elysium,data/mp_med/2013_elysium.jpg,2010-2014
2013,Planes,data/mp_med/2013_planes.jpg,2010-2014
2013,The Lone Ranger,data/mp_med/2013_the_lone_ranger.jpg,2010-2014
2013,Oblivion,data/mp_med/2013_oblivion.jpg,2010-2014
2013,Insidious: Chapter 2,data/mp_med/2013_insidious_chapter_.jpg,2010-2014
2013,Saving Mr. Banks,data/mp_med/2013_saving_mr_banks.jpg,2010-2014
2013,Turbo,data/mp_med/2013_turbo.jpg,2010-2014
2013,2 Guns,data/mp_med/2013__guns.jpg,2010-2014
2013,White House Down,data/mp_med/2013_white_house_down.jpg,2010-2014
2013,Safe Haven,data/mp_med/2013_safe_haven.jpg,2010-2014
2013,The Smurfs 2,data/mp_med/2013_the_smurfs_.jpg,2010-2014
2013,The Best Man Holiday,data/mp_med/2013_the_best_man_holiday.jpg,2010-2014
2013,Percy Jackson: Sea of Monsters,data/mp_med/2013_percy_jackson_sea_of_monsters.jpg,2010-2014
2013,A Good Day to Die Hard,data/mp_med/2013_a_good_day_to_die_hard.jpg,2010-2014
2013,Warm Bodies,data/mp_med/2013_warm_bodies.jpg,2010-2014
2013,The Purge,data/mp_med/2013_the_purge.jpg,2010-2014
2013,Last Vegas,data/mp_med/2013_last_vegas.jpg,2010-2014
2013,Ender's Game,data/mp_med/2013_enders_game.jpg,2010-2014
2013,Prisoners,data/mp_med/2013_prisoners.jpg,2010-2014
2013,After Earth,data/mp_med/2013_after_earth.jpg,2010-2014
2013,The Secret Life of Walter Mitty,data/mp_med/2013_the_secret_life_of_walter_mitty.jpg,2010-2014
2013,Escape from Planet Earth,data/mp_med/2013_escape_from_planet_earth.jpg,2010-2014
2013,12 Years a Slave,data/mp_med/2013__years_a_slave.jpg,2010-2014
2013,Free Birds,data/mp_med/2013_free_birds.jpg,2010-2014
2013,Hansel & Gretel: Witch Hunters,data/mp_med/2013_hansel__gretel_witch_hunters.jpg,2010-2014
2013,Evil Dead,data/mp_med/2013_evil_dead.jpg,2010-2014
2013,RED 2,data/mp_med/2013_red_.jpg,2010-2014
2013,A Madea Christmas,data/mp_med/2013_a_madea_christmas.jpg,2010-2014
2013,Temptation: Confessions of a Marriage Counselor,data/mp_med/2013_temptation_confessions_of_a_marriage_counselor.jpg,2010-2014
2013,The Call,data/mp_med/2013_the_call.jpg,2010-2014
2013,Pain & Gain,data/mp_med/2013_pain__gain.jpg,2010-2014
2013,Gangster Squad,data/mp_med/2013_gangster_squad.jpg,2010-2014
2013,The Internship,data/mp_med/2013_the_internship.jpg,2010-2014
2013,Snitch,data/mp_med/2013_snitch.jpg,2010-2014
2013,Riddick,data/mp_med/2013_riddick.jpg,2010-2014
2013,A Haunted House,data/mp_med/2013_a_haunted_house.jpg,2010-2014
2013,47 Ronin,data/mp_med/2013__ronin.jpg,2010-2014
2013,August: Osage County,data/mp_med/2013_august_osage_county.jpg,2010-2014
2013,Philomena,data/mp_med/2013_philomena.jpg,2010-2014
2013,The Family,data/mp_med/2013_the_family.jpg,2010-2014
2013,Walking with Dinosaurs 3D,data/mp_med/2013_walking_with_dinosaurs_d.jpg,2010-2014
2013,Carrie,data/mp_med/2013_carrie.jpg,2010-2014
2013,Texas Chainsaw 3D,data/mp_med/2013_texas_chainsaw_d.jpg,2010-2014
2013,R.I.P.D.,data/mp_med/2013_ripd.jpg,2010-2014
2013,Blue Jasmine,data/mp_med/2013_blue_jasmine.jpg,2010-2014
2013,Side Effects,data/mp_med/2013_side_effects.jpg,2010-2014
2013,Scary Movie 5,data/mp_med/2013_scary_movie_.jpg,2010-2014
2013,The Mortal Instruments: City of Bones,data/mp_med/2013_the_mortal_instruments_city_of_bones.jpg,2010-2014
2013,Delivery Man,data/mp_med/2013_delivery_man.jpg,2010-2014
2013,Grudge Match,data/mp_med/2013_grudge_match.jpg,2010-2014
2013,Kick-Ass 2,data/mp_med/2013_kickass_.jpg,2010-2014
2013,Oculus,data/mp_med/2013_oculus.jpg,2010-2014
2013,Dallas Buyers Club,data/mp_med/2013_dallas_buyers_club.jpg,2010-2014
2013,Rush,data/mp_med/2013_rush.jpg,2010-2014
2013,The Host,data/mp_med/2013_the_host.jpg,2010-2014
2013,The World's End,data/mp_med/2013_the_worlds_end.jpg,2010-2014
2013,21 & Over,data/mp_med/2013___over.jpg,2010-2014
2013,Her,data/mp_med/2013_her.jpg,2010-2014
2013,Escape Plan,data/mp_med/2013_escape_plan.jpg,2010-2014
2013,Don Jon,data/mp_med/2013_don_jon.jpg,2010-2014
2013,The Incredible Burt Wonderstone,data/mp_med/2013_the_incredible_burt_wonderstone.jpg,2010-2014
2013,The Big Wedding,data/mp_med/2013_the_big_wedding.jpg,2010-2014
2013,Baggage Claim,data/mp_med/2013_baggage_claim.jpg,2010-2014
2014,American Sniper,data/mp_med/2014_american_sniper.jpg,2010-2014
2014,The Hunger Games: Mockingjay - Part 1,data/mp_med/2014_the_hunger_games_mockingjay__part_.jpg,2010-2014
2014,Guardians of the Galaxy,data/mp_med/2014_guardians_of_the_galaxy.jpg,2010-2014
2014,Captain America: The Winter Soldier,data/mp_med/2014_captain_america_the_winter_soldier.jpg,2010-2014
2014,The Lego Movie,data/mp_med/2014_the_lego_movie.jpg,2010-2014
2014,The Hobbit: The Battle of the Five Armies,data/mp_med/2014_the_hobbit_the_battle_of_the_five_armies.jpg,2010-2014
2014,Transformers: Age of Extinction,data/mp_med/2014_transformers_age_of_extinction.jpg,2010-2014
2014,Maleficent,data/mp_med/2014_maleficent.jpg,2010-2014
2014,X-Men: Days of Future Past,data/mp_med/2014_xmen_days_of_future_past.jpg,2010-2014
2014,Big Hero 6,data/mp_med/2014_big_hero_.jpg,2010-2014
2014,Dawn of the Planet of the Apes,data/mp_med/2014_dawn_of_the_planet_of_the_apes.jpg,2010-2014
2014,The Amazing Spider-Man 2,data/mp_med/2014_the_amazing_spiderman_.jpg,2010-2014
2014,Godzilla,data/mp_med/2014_godzilla.jpg,2010-2014
2014,22 Jump Street,data/mp_med/2014__jump_street.jpg,2010-2014
2014,Teenage Mutant Ninja Turtles,data/mp_med/2014_teenage_mutant_ninja_turtles.jpg,2010-2014
2014,Interstellar,data/mp_med/2014_interstellar.jpg,2010-2014
2014,How to Train Your Dragon 2,data/mp_med/2014_how_to_train_your_dragon_.jpg,2010-2014
2014,Gone Girl,data/mp_med/2014_gone_girl.jpg,2010-2014
2014,Divergent,data/mp_med/2014_divergent.jpg,2010-2014
2014,Neighbors,data/mp_med/2014_neighbors.jpg,2010-2014
2014,Ride Along,data/mp_med/2014_ride_along.jpg,2010-2014
2014,Rio 2,data/mp_med/2014_rio_.jpg,2010-2014
2014,Kingsman: The Secret Service,data/mp_med/2014_kingsman_the_secret_service.jpg,2010-2014
2014,Into the Woods,data/mp_med/2014_into_the_woods.jpg,2010-2014
2014,Lucy,data/mp_med/2014_lucy.jpg,2010-2014
2014,The Fault in Our Stars,data/mp_med/2014_the_fault_in_our_stars.jpg,2010-2014
2014,Unbroken,data/mp_med/2014_unbroken.jpg,2010-2014
2014,Night at the Museum: Secret of the Tomb,data/mp_med/2014_night_at_the_museum_secret_of_the_tomb.jpg,2010-2014
2014,Mr. Peabody & Sherman,data/mp_med/2014_mr_peabody__sherman.jpg,2010-2014
2014,300: Rise of an Empire,data/mp_med/2014__rise_of_an_empire.jpg,2010-2014
2014,The Maze Runner,data/mp_med/2014_the_maze_runner.jpg,2010-2014
2014,The Equalizer,data/mp_med/2014_the_equalizer.jpg,2010-2014
2014,Noah,data/mp_med/2014_noah.jpg,2010-2014
2014,Edge of Tomorrow,data/mp_med/2014_edge_of_tomorrow.jpg,2010-2014
2014,Non-Stop,data/mp_med/2014_nonstop.jpg,2010-2014
2014,Heaven Is for Real,data/mp_med/2014_heaven_is_for_real.jpg,2010-2014
2014,The Imitation Game,data/mp_med/2014_the_imitation_game.jpg,2010-2014
2014,Taken 3,data/mp_med/2014_taken_.jpg,2010-2014
2014,Dumb and Dumber To,data/mp_med/2014_dumb_and_dumber_to.jpg,2010-2014
2014,Annie,data/mp_med/2014_annie.jpg,2010-2014
2014,Fury,data/mp_med/2014_fury.jpg,2010-2014
2014,Tammy,data/mp_med/2014_tammy.jpg,2010-2014
2014,Annabelle,data/mp_med/2014_annabelle.jpg,2010-2014
2014,The Other Woman,data/mp_med/2014_the_other_woman.jpg,2010-2014
2014,Penguins of Madagascar,data/mp_med/2014_penguins_of_madagascar.jpg,2010-2014
2014,Let's Be Cops,data/mp_med/2014_lets_be_cops.jpg,2010-2014
2014,The Monuments Men,data/mp_med/2014_the_monuments_men.jpg,2010-2014
2014,Paddington,data/mp_med/2014_paddington.jpg,2010-2014
2014,Hercules,data/mp_med/2014_hercules.jpg,2010-2014
2014,The Purge: Anarchy,data/mp_med/2014_the_purge_anarchy.jpg,2010-2014
2014,"Alexander and the Terrible, Horrible, No Good, Very Bad Day",data/mp_med/2014_alexander_and_the_terrible_horrible_no_good_very_bad_day.jpg,2010-2014
2014,Think Like a Man Too,data/mp_med/2014_think_like_a_man_too.jpg,2010-2014
2014,Exodus: Gods and Kings,data/mp_med/2014_exodus_gods_and_kings.jpg,2010-2014
2014,The Nut Job,data/mp_med/2014_the_nut_job.jpg,2010-2014
2014,God's Not Dead,data/mp_med/2014_gods_not_dead.jpg,2010-2014
2014,Son of God,data/mp_med/2014_son_of_god.jpg,2010-2014
2014,Planes: Fire & Rescue,data/mp_med/2014_planes_fire__rescue.jpg,2010-2014
2014,The Grand Budapest Hotel,data/mp_med/2014_the_grand_budapest_hotel.jpg,2010-2014
2014,RoboCop,data/mp_med/2014_robocop.jpg,2010-2014
2014,Dracula Untold,data/mp_med/2014_dracula_untold.jpg,2010-2014
2014,Horrible Bosses 2,data/mp_med/2014_horrible_bosses_.jpg,2010-2014
2014,The Hundred-Foot Journey,data/mp_med/2014_the_hundredfoot_journey.jpg,2010-2014
2014,No Good Deed,data/mp_med/2014_no_good_deed.jpg,2010-2014
2014,Selma,data/mp_med/2014_selma.jpg,2010-2014
2014,Muppets Most Wanted,data/mp_med/2014_muppets_most_wanted.jpg,2010-2014
2014,Ouija,data/mp_med/2014_ouija.jpg,2010-2014
2014,The Boxtrolls,data/mp_med/2014_the_boxtrolls.jpg,2010-2014
2014,Jack Ryan: Shadow Recruit,data/mp_med/2014_jack_ryan_shadow_recruit.jpg,2010-2014
2014,If I Stay,data/mp_med/2014_if_i_stay.jpg,2010-2014
2014,The Book of Life,data/mp_med/2014_the_book_of_life.jpg,2010-2014
2014,About Last Night,data/mp_med/2014_about_last_night.jpg,2010-2014
2014,Into the Storm,data/mp_med/2014_into_the_storm.jpg,2010-2014
2014,The Judge,data/mp_med/2014_the_judge.jpg,2010-2014
2014,Jersey Boys,data/mp_med/2014_jersey_boys.jpg,2010-2014
2014,Blended,data/mp_med/2014_blended.jpg,2010-2014
2014,The Giver,data/mp_med/2014_the_giver.jpg,2010-2014
2014,St. Vincent,data/mp_med/2014_st_vincent.jpg,2010-2014
2014,Need for Speed,data/mp_med/2014_need_for_speed.jpg,2010-2014
2014,A Million Ways to Die in the West,data/mp_med/2014_a_million_ways_to_die_in_the_west.jpg,2010-2014
2014,John Wick,data/mp_med/2014_john_wick.jpg,2010-2014
2014,Birdman or (The Unexpected Virtue of Ignorance),data/mp_med/2014_birdman_or_the_unexpected_virtue_of_ignorance.jpg,2010-2014
2014,Dolphin Tale 2,data/mp_med/2014_dolphin_tale_.jpg,2010-2014
2014,The Expendables 3,data/mp_med/2014_the_expendables_.jpg,2010-2014
2014,Earth to Echo,data/mp_med/2014_earth_to_echo.jpg,2010-2014
2014,Sex Tape,data/mp_med/2014_sex_tape.jpg,2010-2014
2014,Wild,data/mp_med/2014_wild.jpg,2010-2014
2014,Million Dollar Arm,data/mp_med/2014_million_dollar_arm.jpg,2010-2014
2014,The Theory of Everything,data/mp_med/2014_the_theory_of_everything.jpg,2010-2014
2014,This Is Where I Leave You,data/mp_med/2014_this_is_where_i_leave_you.jpg,2010-2014
2014,The Gambler,data/mp_med/2014_the_gambler.jpg,2010-2014
2014,Unfriended,data/mp_med/2014_unfriended.jpg,2010-2014
2014,Paranormal Activity: The Marked Ones,data/mp_med/2014_paranormal_activity_the_marked_ones.jpg,2010-2014
2014,Nightcrawler,data/mp_med/2014_nightcrawler.jpg,2010-2014
2014,3 Days to Kill,data/mp_med/2014__days_to_kill.jpg,2010-2014
2014,Chef,data/mp_med/2014_chef.jpg,2010-2014
2014,Deliver Us from Evil,data/mp_med/2014_deliver_us_from_evil.jpg,2010-2014
2014,Get on Up,data/mp_med/2014_get_on_up.jpg,2010-2014
2014,When the Game Stands Tall,data/mp_med/2014_when_the_game_stands_tall.jpg,2010-2014
2014,Draft Day,data/mp_med/2014_draft_day.jpg,2010-2014
2014,The Best of Me,data/mp_med/2014_the_best_of_me.jpg,2010-2014
2015,Star Wars: Episode VII - The Force Awakens,data/mp_med/2015_star_wars_episode_vii__the_force_awakens.jpg,2015-2019
2015,Jurassic World,data/mp_med/2015_jurassic_world.jpg,2015-2019
2015,Avengers: Age of Ultron,data/mp_med/2015_avengers_age_of_ultron.jpg,2015-2019
2015,Inside Out,data/mp_med/2015_inside_out.jpg,2015-2019
2015,Furious 7,data/mp_med/2015_furious_.jpg,2015-2019
2015,Minions,data/mp_med/2015_minions.jpg,2015-2019
2015,The Hunger Games: Mockingjay - Part 2,data/mp_med/2015_the_hunger_games_mockingjay__part_.jpg,2015-2019
2015,The Martian,data/mp_med/2015_the_martian.jpg,2015-2019
2015,Cinderella,data/mp_med/2015_cinderella.jpg,2015-2019
2015,Spectre,data/mp_med/2015_spectre.jpg,2015-2019
2015,Mission: Impossible - Rogue Nation,data/mp_med/2015_mission_impossible__rogue_nation.jpg,2015-2019
2015,Pitch Perfect 2,data/mp_med/2015_pitch_perfect_.jpg,2015-2019
2015,The Revenant,data/mp_med/2015_the_revenant.jpg,2015-2019
2015,Ant-Man,data/mp_med/2015_antman.jpg,2015-2019
2015,Home,data/mp_med/2015_home.jpg,2015-2019
2015,Hotel Transylvania 2,data/mp_med/2015_hotel_transylvania_.jpg,2015-2019
2015,Fifty Shades of Grey,data/mp_med/2015_fifty_shades_of_grey.jpg,2015-2019
2015,The SpongeBob Movie: Sponge Out of Water,data/mp_med/2015_the_spongebob_movie_sponge_out_of_water.jpg,2015-2019
2015,Straight Outta Compton,data/mp_med/2015_straight_outta_compton.jpg,2015-2019
2015,San Andreas,data/mp_med/2015_san_andreas.jpg,2015-2019
2015,Mad Max: Fury Road,data/mp_med/2015_mad_max_fury_road.jpg,2015-2019
2015,Daddy's Home,data/mp_med/2015_daddys_home.jpg,2015-2019
2015,Insurgent,data/mp_med/2015_insurgent.jpg,2015-2019
2015,The Peanuts Movie,data/mp_med/2015_the_peanuts_movie.jpg,2015-2019
2015,The Good Dinosaur,data/mp_med/2015_the_good_dinosaur.jpg,2015-2019
2015,Spy,data/mp_med/2015_spy.jpg,2015-2019
2015,Trainwreck,data/mp_med/2015_trainwreck.jpg,2015-2019
2015,Creed,data/mp_med/2015_creed.jpg,2015-2019
2015,Tomorrowland,data/mp_med/2015_tomorrowland.jpg,2015-2019
2015,Get Hard,data/mp_med/2015_get_hard.jpg,2015-2019
2015,Terminator Genisys,data/mp_med/2015_terminator_genisys.jpg,2015-2019
2015,Sisters,data/mp_med/2015_sisters.jpg,2015-2019
2015,Alvin and the Chipmunks: The Road Chip,data/mp_med/2015_alvin_and_the_chipmunks_the_road_chip.jpg,2015-2019
2015,Maze Runner: The Scorch Trials,data/mp_med/2015_maze_runner_the_scorch_trials.jpg,2015-2019
2015,Ted 2,data/mp_med/2015_ted_.jpg,2015-2019
2015,Goosebumps,data/mp_med/2015_goosebumps.jpg,2015-2019
2015,Pixels,data/mp_med/2015_pixels.jpg,2015-2019
2015,The Intern,data/mp_med/2015_the_intern.jpg,2015-2019
2015,Bridge of Spies,data/mp_med/2015_bridge_of_spies.jpg,2015-2019
2015,Paul Blart: Mall Cop 2,data/mp_med/2015_paul_blart_mall_cop_.jpg,2015-2019
2015,The Big Short,data/mp_med/2015_the_big_short.jpg,2015-2019
2015,War Room,data/mp_med/2015_war_room.jpg,2015-2019
2015,Magic Mike XXL,data/mp_med/2015_magic_mike_xxl.jpg,2015-2019
2015,The Visit,data/mp_med/2015_the_visit.jpg,2015-2019
2015,The Wedding Ringer,data/mp_med/2015_the_wedding_ringer.jpg,2015-2019
2015,Black Mass,data/mp_med/2015_black_mass.jpg,2015-2019
2015,Vacation,data/mp_med/2015_vacation.jpg,2015-2019
2015,The Perfect Guy,data/mp_med/2015_the_perfect_guy.jpg,2015-2019
2015,Joy,data/mp_med/2015_joy.jpg,2015-2019
2015,Fantastic Four,data/mp_med/2015_fantastic_four.jpg,2015-2019
2015,The Hateful Eight,data/mp_med/2015_the_hateful_eight.jpg,2015-2019
2015,Focus,data/mp_med/2015_focus.jpg,2015-2019
2015,Southpaw,data/mp_med/2015_southpaw.jpg,2015-2019
2015,Insidious: Chapter 3,data/mp_med/2015_insidious_chapter_.jpg,2015-2019
2015,Poltergeist,data/mp_med/2015_poltergeist.jpg,2015-2019
2015,Jupiter Ascending,data/mp_med/2015_jupiter_ascending.jpg,2015-2019
2015,Sicario,data/mp_med/2015_sicario.jpg,2015-2019
2015,The Man from U.N.C.L.E.,data/mp_med/2015_the_man_from_uncle.jpg,2015-2019
2015,Spotlight,data/mp_med/2015_spotlight.jpg,2015-2019
2015,"McFarland, USA",data/mp_med/2015_mcfarland_usa.jpg,2015-2019
2015,The Gift,data/mp_med/2015_the_gift.jpg,2015-2019
2015,Everest,data/mp_med/2015_everest.jpg,2015-2019
2015,The Night Before,data/mp_med/2015_the_night_before.jpg,2015-2019
2015,Max,data/mp_med/2015_max.jpg,2015-2019
2015,Krampus,data/mp_med/2015_krampus.jpg,2015-2019
2015,The Age of Adaline,data/mp_med/2015_the_age_of_adaline.jpg,2015-2019
2015,The Longest Ride,data/mp_med/2015_the_longest_ride.jpg,2015-2019
2015,The Boy Next Door,data/mp_med/2015_the_boy_next_door.jpg,2015-2019
2015,Pan,data/mp_med/2015_pan.jpg,2015-2019
2015,Concussion,data/mp_med/2015_concussion.jpg,2015-2019
2015,Hot Pursuit,data/mp_med/2015_hot_pursuit.jpg,2015-2019
2015,The Duff,data/mp_med/2015_the_duff.jpg,2015-2019
2015,The Second Best Exotic Marigold Hotel,data/mp_med/2015_the_second_best_exotic_marigold_hotel.jpg,2015-2019
2015,Entourage,data/mp_med/2015_entourage.jpg,2015-2019
2015,Paper Towns,data/mp_med/2015_paper_towns.jpg,2015-2019
2015,Chappie,data/mp_med/2015_chappie.jpg,2015-2019
2015,Crimson Peak,data/mp_med/2015_crimson_peak.jpg,2015-2019
2015,A Walk in the Woods,data/mp_med/2015_a_walk_in_the_woods.jpg,2015-2019
2015,Point Break,data/mp_med/2015_point_break.jpg,2015-2019
2015,Sinister 2,data/mp_med/2015_sinister_.jpg,2015-2019
2015,The Last Witch Hunter,data/mp_med/2015_the_last_witch_hunter.jpg,2015-2019
2015,No Escape,data/mp_med/2015_no_escape.jpg,2015-2019
2015,Ricki and the Flash,data/mp_med/2015_ricki_and_the_flash.jpg,2015-2019
2015,Run All Night,data/mp_med/2015_run_all_night.jpg,2015-2019
2015,Love the Coopers,data/mp_med/2015_love_the_coopers.jpg,2015-2019
2015,The Lazarus Effect,data/mp_med/2015_the_lazarus_effect.jpg,2015-2019
2015,The VVitch: A New-England Folktale,data/mp_med/2015_the_vvitch_a_newengland_folktale.jpg,2015-2019
2015,In the Heart of the Sea,data/mp_med/2015_in_the_heart_of_the_sea.jpg,2015-2019
2015,The Gallows,data/mp_med/2015_the_gallows.jpg,2015-2019
2015,Hitman: Agent 47,data/mp_med/2015_hitman_agent_.jpg,2015-2019
2015,Project Almanac,data/mp_med/2015_project_almanac.jpg,2015-2019
2015,Aloha,data/mp_med/2015_aloha.jpg,2015-2019
2015,Secret in Their Eyes,data/mp_med/2015_secret_in_their_eyes.jpg,2015-2019
2015,Shaun the Sheep Movie,data/mp_med/2015_shaun_the_sheep_movie.jpg,2015-2019
2015,Paranormal Activity: The Ghost Dimension,data/mp_med/2015_paranormal_activity_the_ghost_dimension.jpg,2015-2019
2015,Steve Jobs,data/mp_med/2015_steve_jobs.jpg,2015-2019
2015,Mr. Holmes,data/mp_med/2015_mr_holmes.jpg,2015-2019
2015,Dope,data/mp_med/2015_dope.jpg,2015-2019
2015,Eddie the Eagle,data/mp_med/2015_eddie_the_eagle.jpg,2015-2019
2015,Room,data/mp_med/2015_room.jpg,2015-2019
2016,Rogue One: A Star Wars Story,data/mp_med/2016_rogue_one_a_star_wars_story.jpg,2015-2019
2016,Finding Dory,data/mp_med/2016_finding_dory.jpg,2015-2019
2016,Captain America: Civil War,data/mp_med/2016_captain_america_civil_war.jpg,2015-2019
2016,The Secret Life of Pets,data/mp_med/2016_the_secret_life_of_pets.jpg,2015-2019
2016,The Jungle Book,data/mp_med/2016_the_jungle_book.jpg,2015-2019
2016,Deadpool,data/mp_med/2016_deadpool.jpg,2015-2019
2016,Zootopia,data/mp_med/2016_zootopia.jpg,2015-2019
2016,Batman v Superman: Dawn of Justice,data/mp_med/2016_batman_v_superman_dawn_of_justice.jpg,2015-2019
2016,Suicide Squad,data/mp_med/2016_suicide_squad.jpg,2015-2019
2016,Sing,data/mp_med/2016_sing.jpg,2015-2019
2016,Moana,data/mp_med/2016_moana.jpg,2015-2019
2016,Fantastic Beasts and Where to Find Them,data/mp_med/2016_fantastic_beasts_and_where_to_find_them.jpg,2015-2019
2016,Doctor Strange,data/mp_med/2016_doctor_strange.jpg,2015-2019
2016,Hidden Figures,data/mp_med/2016_hidden_figures.jpg,2015-2019
2016,Jason Bourne,data/mp_med/2016_jason_bourne.jpg,2015-2019
2016,Star Trek Beyond,data/mp_med/2016_star_trek_beyond.jpg,2015-2019
2016,X-Men: Apocalypse,data/mp_med/2016_xmen_apocalypse.jpg,2015-2019
2016,Trolls,data/mp_med/2016_trolls.jpg,2015-2019
2016,La La Land,data/mp_med/2016_la_la_land.jpg,2015-2019
2016,Kung Fu Panda 3,data/mp_med/2016_kung_fu_panda_.jpg,2015-2019
2016,Split,data/mp_med/2016_split.jpg,2015-2019
2016,Ghostbusters,data/mp_med/2016_ghostbusters.jpg,2015-2019
2016,Central Intelligence,data/mp_med/2016_central_intelligence.jpg,2015-2019
2016,The Legend of Tarzan,data/mp_med/2016_the_legend_of_tarzan.jpg,2015-2019
2016,Sully,data/mp_med/2016_sully.jpg,2015-2019
2016,Bad Moms,data/mp_med/2016_bad_moms.jpg,2015-2019
2016,Angry Birds,data/mp_med/2016_angry_birds.jpg,2015-2019
2016,Independence Day: Resurgence,data/mp_med/2016_independence_day_resurgence.jpg,2015-2019
2016,The Conjuring 2,data/mp_med/2016_the_conjuring_.jpg,2015-2019
2016,Arrival,data/mp_med/2016_arrival.jpg,2015-2019
2016,Passengers,data/mp_med/2016_passengers.jpg,2015-2019
2016,Sausage Party,data/mp_med/2016_sausage_party.jpg,2015-2019
2016,The Magnificent Seven,data/mp_med/2016_the_magnificent_seven.jpg,2015-2019
2016,Ride Along 2,data/mp_med/2016_ride_along_.jpg,2015-2019
2016,Don't Breathe,data/mp_med/2016_dont_breathe.jpg,2015-2019
2016,Miss Peregrine's Home for Peculiar Children,data/mp_med/2016_miss_peregrines_home_for_peculiar_children.jpg,2015-2019
2016,The Accountant,data/mp_med/2016_the_accountant.jpg,2015-2019
2016,Teenage Mutant Ninja Turtles: Out of the Shadows,data/mp_med/2016_teenage_mutant_ninja_turtles_out_of_the_shadows.jpg,2015-2019
2016,The Purge: Election Year,data/mp_med/2016_the_purge_election_year.jpg,2015-2019
2016,Alice Through the Looking Glass,data/mp_med/2016_alice_through_the_looking_glass.jpg,2015-2019
2016,Pete's Dragon,data/mp_med/2016_petes_dragon.jpg,2015-2019
2016,The Girl on the Train,data/mp_med/2016_the_girl_on_the_train.jpg,2015-2019
2016,Tyler Perry's Boo! A Madea Halloween,data/mp_med/2016_tyler_perrys_boo_a_madea_halloween.jpg,2015-2019
2016,Storks,data/mp_med/2016_storks.jpg,2015-2019
2016,10 Cloverfield Lane,data/mp_med/2016__cloverfield_lane.jpg,2015-2019
2016,Lights Out,data/mp_med/2016_lights_out.jpg,2015-2019
2016,Hacksaw Ridge,data/mp_med/2016_hacksaw_ridge.jpg,2015-2019
2016,Allegiant,data/mp_med/2016_allegiant.jpg,2015-2019
2016,Now You See Me 2,data/mp_med/2016_now_you_see_me_.jpg,2015-2019
2016,Ice Age: Collision Course,data/mp_med/2016_ice_age_collision_course.jpg,2015-2019
2016,The Boss,data/mp_med/2016_the_boss.jpg,2015-2019
2016,London Has Fallen,data/mp_med/2016_london_has_fallen.jpg,2015-2019
2016,Miracles from Heaven,data/mp_med/2016_miracles_from_heaven.jpg,2015-2019
2016,Deepwater Horizon,data/mp_med/2016_deepwater_horizon.jpg,2015-2019
2016,Why Him?,data/mp_med/2016_why_him.jpg,2015-2019
2016,My Big Fat Greek Wedding 2,data/mp_med/2016_my_big_fat_greek_wedding_.jpg,2015-2019
2016,Jack Reacher: Never Go Back,data/mp_med/2016_jack_reacher_never_go_back.jpg,2015-2019
2016,Fences,data/mp_med/2016_fences.jpg,2015-2019
2016,Me Before You,data/mp_med/2016_me_before_you.jpg,2015-2019
2016,The BFG,data/mp_med/2016_the_bfg.jpg,2015-2019
2016,Neighbors 2: Sorority Rising,data/mp_med/2016_neighbors__sorority_rising.jpg,2015-2019
2016,The Shallows,data/mp_med/2016_the_shallows.jpg,2015-2019
2016,Office Christmas Party,data/mp_med/2016_office_christmas_party.jpg,2015-2019
2016,Assassin's Creed,data/mp_med/2016_assassins_creed.jpg,2015-2019
2016,Barbershop: The Next Cut,data/mp_med/2016_barbershop_the_next_cut.jpg,2015-2019
2016,13 Hours,data/mp_med/2016__hours.jpg,2015-2019
2016,Lion,data/mp_med/2016_lion.jpg,2015-2019
2016,The Huntsman: Winter's War,data/mp_med/2016_the_huntsman_winters_war.jpg,2015-2019
2016,Kubo and the Two Strings,data/mp_med/2016_kubo_and_the_two_strings.jpg,2015-2019
2016,Manchester by the Sea,data/mp_med/2016_manchester_by_the_sea.jpg,2015-2019
2016,Warcraft,data/mp_med/2016_warcraft.jpg,2015-2019
2016,How to Be Single,data/mp_med/2016_how_to_be_single.jpg,2015-2019
2016,Mike and Dave Need Wedding Dates,data/mp_med/2016_mike_and_dave_need_wedding_dates.jpg,2015-2019
2016,The Great Wall,data/mp_med/2016_the_great_wall.jpg,2015-2019
2016,War Dogs,data/mp_med/2016_war_dogs.jpg,2015-2019
2016,Almost Christmas,data/mp_med/2016_almost_christmas.jpg,2015-2019
2016,Money Monster,data/mp_med/2016_money_monster.jpg,2015-2019
2016,Allied,data/mp_med/2016_allied.jpg,2015-2019
2016,Nerve,data/mp_med/2016_nerve.jpg,2015-2019
2016,Risen,data/mp_med/2016_risen.jpg,2015-2019
2016,The Nice Guys,data/mp_med/2016_the_nice_guys.jpg,2015-2019
2016,The Boy,data/mp_med/2016_the_boy.jpg,2015-2019
2016,Dirty Grandpa,data/mp_med/2016_dirty_grandpa.jpg,2015-2019
2016,The 5th Wave,data/mp_med/2016_the_th_wave.jpg,2015-2019
2016,Ouija: Origin of Evil,data/mp_med/2016_ouija_origin_of_evil.jpg,2015-2019
2016,Inferno,data/mp_med/2016_inferno.jpg,2015-2019
2016,Mother's Day,data/mp_med/2016_mothers_day.jpg,2015-2019
2016,Patriots Day,data/mp_med/2016_patriots_day.jpg,2015-2019
2016,Gods of Egypt,data/mp_med/2016_gods_of_egypt.jpg,2015-2019
2016,Collateral Beauty,data/mp_med/2016_collateral_beauty.jpg,2015-2019
2016,Underworld: Blood Wars,data/mp_med/2016_underworld_blood_wars.jpg,2015-2019
2016,"Hail, Caesar!",data/mp_med/2016_hail_caesar.jpg,2015-2019
2016,When the Bough Breaks,data/mp_med/2016_when_the_bough_breaks.jpg,2015-2019
2016,Zoolander 2,data/mp_med/2016_zoolander_.jpg,2015-2019
2016,Moonlight,data/mp_med/2016_moonlight.jpg,2015-2019
2016,The Finest Hours,data/mp_med/2016_the_finest_hours.jpg,2015-2019
2016,Hell or High Water,data/mp_med/2016_hell_or_high_water.jpg,2015-2019
2016,Resident Evil: The Final Chapter,data/mp_med/2016_resident_evil_the_final_chapter.jpg,2015-2019
2016,The Forest,data/mp_med/2016_the_forest.jpg,2015-2019
2016,Ben-Hur,data/mp_med/2016_benhur.jpg,2015-2019
2017,Star Wars: Episode VIII - The Last Jedi,data/mp_med/2017_star_wars_episode_viii__the_last_jedi.jpg,2015-2019
2017,Beauty and the Beast,data/mp_med/2017_beauty_and_the_beast.jpg,2015-2019
2017,Wonder Woman,data/mp_med/2017_wonder_woman.jpg,2015-2019
2017,Jumanji: Welcome to the Jungle,data/mp_med/2017_jumanji_welcome_to_the_jungle.jpg,2015-2019
2017,Guardians of the Galaxy Vol. 2,data/mp_med/2017_guardians_of_the_galaxy_vol_.jpg,2015-2019
2017,Spider-Man: Homecoming,data/mp_med/2017_spiderman_homecoming.jpg,2015-2019
2017,It,data/mp_med/2017_it.jpg,2015-2019
2017,Thor: Ragnarok,data/mp_med/2017_thor_ragnarok.jpg,2015-2019
2017,Despicable Me 3,data/mp_med/2017_despicable_me_.jpg,2015-2019
2017,Justice League,data/mp_med/2017_justice_league.jpg,2015-2019
2017,Logan,data/mp_med/2017_logan.jpg,2015-2019
2017,The Fate of the Furious,data/mp_med/2017_the_fate_of_the_furious.jpg,2015-2019
2017,Coco,data/mp_med/2017_coco.jpg,2015-2019
2017,Dunkirk,data/mp_med/2017_dunkirk.jpg,2015-2019
2017,Get Out,data/mp_med/2017_get_out.jpg,2015-2019
2017,The Lego Batman Movie,data/mp_med/2017_the_lego_batman_movie.jpg,2015-2019
2017,The Boss Baby,data/mp_med/2017_the_boss_baby.jpg,2015-2019
2017,The Greatest Showman,data/mp_med/2017_the_greatest_showman.jpg,2015-2019
2017,Pirates of the Caribbean: Dead Men Tell No Tales,data/mp_med/2017_pirates_of_the_caribbean_dead_men_tell_no_tales.jpg,2015-2019
2017,Kong: Skull Island,data/mp_med/2017_kong_skull_island.jpg,2015-2019
2017,Cars 3,data/mp_med/2017_cars_.jpg,2015-2019
2017,War for the Planet of the Apes,data/mp_med/2017_war_for_the_planet_of_the_apes.jpg,2015-2019
2017,Wonder,data/mp_med/2017_wonder.jpg,2015-2019
2017,Transformers: The Last Knight,data/mp_med/2017_transformers_the_last_knight.jpg,2015-2019
2017,Girls Trip,data/mp_med/2017_girls_trip.jpg,2015-2019
2017,Fifty Shades Darker,data/mp_med/2017_fifty_shades_darker.jpg,2015-2019
2017,The Upside,data/mp_med/2017_the_upside.jpg,2015-2019
2017,Baby Driver,data/mp_med/2017_baby_driver.jpg,2015-2019
2017,Pitch Perfect 3,data/mp_med/2017_pitch_perfect_.jpg,2015-2019
2017,Daddy's Home 2,data/mp_med/2017_daddys_home_.jpg,2015-2019
2017,Murder on the Orient Express,data/mp_med/2017_murder_on_the_orient_express.jpg,2015-2019
2017,Annabelle: Creation,data/mp_med/2017_annabelle_creation.jpg,2015-2019
2017,Kingsman: The Golden Circle,data/mp_med/2017_kingsman_the_golden_circle.jpg,2015-2019
2017,Blade Runner 2049,data/mp_med/2017_blade_runner_.jpg,2015-2019
2017,John Wick: Chapter 2,data/mp_med/2017_john_wick_chapter_.jpg,2015-2019
2017,The Emoji Movie,data/mp_med/2017_the_emoji_movie.jpg,2015-2019
2017,Power Rangers,data/mp_med/2017_power_rangers.jpg,2015-2019
2017,Ferdinand,data/mp_med/2017_ferdinand.jpg,2015-2019
2017,The Post,data/mp_med/2017_the_post.jpg,2015-2019
2017,The Mummy,data/mp_med/2017_the_mummy.jpg,2015-2019
2017,The Hitman's Bodyguard,data/mp_med/2017_the_hitmans_bodyguard.jpg,2015-2019
2017,Alien: Covenant,data/mp_med/2017_alien_covenant.jpg,2015-2019
2017,Captain Underpants: The First Epic Movie,data/mp_med/2017_captain_underpants_the_first_epic_movie.jpg,2015-2019
2017,A Bad Moms Christmas,data/mp_med/2017_a_bad_moms_christmas.jpg,2015-2019
2017,A Dog's Purpose,data/mp_med/2017_a_dogs_purpose.jpg,2015-2019
2017,The Shape of Water,data/mp_med/2017_the_shape_of_water.jpg,2015-2019
2017,The Lego Ninjago Movie,data/mp_med/2017_the_lego_ninjago_movie.jpg,2015-2019
2017,Baywatch,data/mp_med/2017_baywatch.jpg,2015-2019
2017,The Shack,data/mp_med/2017_the_shack.jpg,2015-2019
2017,Darkest Hour,data/mp_med/2017_darkest_hour.jpg,2015-2019
2017,Happy Death Day,data/mp_med/2017_happy_death_day.jpg,2015-2019
2017,"Three Billboards Outside Ebbing, Missouri",data/mp_med/2017_three_billboards_outside_ebbing_missouri.jpg,2015-2019
2017,Atomic Blonde,data/mp_med/2017_atomic_blonde.jpg,2015-2019
2017,American Made,data/mp_med/2017_american_made.jpg,2015-2019
2017,The Dark Tower,data/mp_med/2017_the_dark_tower.jpg,2015-2019
2017,Lady Bird,data/mp_med/2017_lady_bird.jpg,2015-2019
2017,Boo 2! A Madea Halloween,data/mp_med/2017_boo__a_madea_halloween.jpg,2015-2019
2017,Snatched,data/mp_med/2017_snatched.jpg,2015-2019
2017,Smurfs: The Lost Village,data/mp_med/2017_smurfs_the_lost_village.jpg,2015-2019
2017,Going in Style,data/mp_med/2017_going_in_style.jpg,2015-2019
2017,All Eyez on Me,data/mp_med/2017_all_eyez_on_me.jpg,2015-2019
2017,xXx: Return of Xander Cage,data/mp_med/2017_xxx_return_of_xander_cage.jpg,2015-2019
2017,47 Meters Down,data/mp_med/2017__meters_down.jpg,2015-2019
2017,The Big Sick,data/mp_med/2017_the_big_sick.jpg,2015-2019
2017,Valerian and the City of a Thousand Planets,data/mp_med/2017_valerian_and_the_city_of_a_thousand_planets.jpg,2015-2019
2017,The Star,data/mp_med/2017_the_star.jpg,2015-2019
2017,Ghost in the Shell,data/mp_med/2017_ghost_in_the_shell.jpg,2015-2019
2017,Paddington 2,data/mp_med/2017_paddington_.jpg,2015-2019
2017,King Arthur: Legend of the Sword,data/mp_med/2017_king_arthur_legend_of_the_sword.jpg,2015-2019
2017,Jigsaw,data/mp_med/2017_jigsaw.jpg,2015-2019
2017,American Assassin,data/mp_med/2017_american_assassin.jpg,2015-2019
2017,The Foreigner,data/mp_med/2017_the_foreigner.jpg,2015-2019
2017,"Everything, Everything",data/mp_med/2017_everything_everything.jpg,2015-2019
2017,Wind River,data/mp_med/2017_wind_river.jpg,2015-2019
2017,Geostorm,data/mp_med/2017_geostorm.jpg,2015-2019
2017,Fist Fight,data/mp_med/2017_fist_fight.jpg,2015-2019
2017,How to Be a Latin Lover,data/mp_med/2017_how_to_be_a_latin_lover.jpg,2015-2019
2017,Kidnap,data/mp_med/2017_kidnap.jpg,2015-2019
2017,The Mountain Between Us,data/mp_med/2017_the_mountain_between_us.jpg,2015-2019
2017,Life,data/mp_med/2017_life.jpg,2015-2019
2017,"I, Tonya",data/mp_med/2017_i_tonya.jpg,2015-2019
2017,Hostiles,data/mp_med/2017_hostiles.jpg,2015-2019
2017,Molly's Game,data/mp_med/2017_mollys_game.jpg,2015-2019
2017,Logan Lucky,data/mp_med/2017_logan_lucky.jpg,2015-2019
2017,Rings,data/mp_med/2017_rings.jpg,2015-2019
2017,Home Again,data/mp_med/2017_home_again.jpg,2015-2019
2017,The House,data/mp_med/2017_the_house.jpg,2015-2019
2017,All the Money in the World,data/mp_med/2017_all_the_money_in_the_world.jpg,2015-2019
2017,Gifted,data/mp_med/2017_gifted.jpg,2015-2019
2017,Downsizing,data/mp_med/2017_downsizing.jpg,2015-2019
2017,The Bye Bye Man,data/mp_med/2017_the_bye_bye_man.jpg,2015-2019
2017,Victoria & Abdul,data/mp_med/2017_victoria__abdul.jpg,2015-2019
2017,Rough Night,data/mp_med/2017_rough_night.jpg,2015-2019
2017,My Little Pony: The Movie,data/mp_med/2017_my_little_pony_the_movie.jpg,2015-2019
2017,The Disaster Artist,data/mp_med/2017_the_disaster_artist.jpg,2015-2019
2017,Phantom Thread,data/mp_med/2017_phantom_thread.jpg,2015-2019
2017,Sleepless,data/mp_med/2017_sleepless.jpg,2015-2019
2017,Diary of a Wimpy Kid: The Long Haul,data/mp_med/2017_diary_of_a_wimpy_kid_the_long_haul.jpg,2015-2019
2017,The Circle,data/mp_med/2017_the_circle.jpg,2015-2019
2017,CHIPS,data/mp_med/2017_chips.jpg,2015-2019
2018,Black Panther,data/mp_med/2018_black_panther.jpg,2015-2019
2018,Avengers: Infinity War,data/mp_med/2018_avengers_infinity_war.jpg,2015-2019
2018,Incredibles 2,data/mp_med/2018_incredibles_.jpg,2015-2019
2018,Jurassic World: Fallen Kingdom,data/mp_med/2018_jurassic_world_fallen_kingdom.jpg,2015-2019
2018,Aquaman,data/mp_med/2018_aquaman.jpg,2015-2019
2018,Deadpool 2,data/mp_med/2018_deadpool_.jpg,2015-2019
2018,Dr. Seuss' The Grinch,data/mp_med/2018_dr_seuss_the_grinch.jpg,2015-2019
2018,Mission: Impossible - Fallout,data/mp_med/2018_mission_impossible__fallout.jpg,2015-2019
2018,Ant-Man and the Wasp,data/mp_med/2018_antman_and_the_wasp.jpg,2015-2019
2018,Bohemian Rhapsody,data/mp_med/2018_bohemian_rhapsody.jpg,2015-2019
2018,A Star Is Born,data/mp_med/2018_a_star_is_born.jpg,2015-2019
2018,Solo: A Star Wars Story,data/mp_med/2018_solo_a_star_wars_story.jpg,2015-2019
2018,Venom,data/mp_med/2018_venom.jpg,2015-2019
2018,Ralph Breaks the Internet,data/mp_med/2018_ralph_breaks_the_internet.jpg,2015-2019
2018,Spider-Man: Into the Spider-Verse,data/mp_med/2018_spiderman_into_the_spiderverse.jpg,2015-2019
2018,A Quiet Place,data/mp_med/2018_a_quiet_place.jpg,2015-2019
2018,Crazy Rich Asians,data/mp_med/2018_crazy_rich_asians.jpg,2015-2019
2018,Mary Poppins Returns,data/mp_med/2018_mary_poppins_returns.jpg,2015-2019
2018,Hotel Transylvania 3: Summer Vacation,data/mp_med/2018_hotel_transylvania__summer_vacation.jpg,2015-2019
2018,Fantastic Beasts: The Crimes of Grindelwald,data/mp_med/2018_fantastic_beasts_the_crimes_of_grindelwald.jpg,2015-2019
2018,Halloween,data/mp_med/2018_halloween.jpg,2015-2019
2018,The Meg,data/mp_med/2018_the_meg.jpg,2015-2019
2018,Ocean's 8,data/mp_med/2018_oceans_.jpg,2015-2019
2018,Ready Player One,data/mp_med/2018_ready_player_one.jpg,2015-2019
2018,Bumblebee,data/mp_med/2018_bumblebee.jpg,2015-2019
2018,Mamma Mia! Here We Go Again,data/mp_med/2018_mamma_mia_here_we_go_again.jpg,2015-2019
2018,The Nun,data/mp_med/2018_the_nun.jpg,2015-2019
2018,Creed II,data/mp_med/2018_creed_ii.jpg,2015-2019
2018,Peter Rabbit,data/mp_med/2018_peter_rabbit.jpg,2015-2019
2018,The Mule,data/mp_med/2018_the_mule.jpg,2015-2019
2018,The Equalizer 2,data/mp_med/2018_the_equalizer_.jpg,2015-2019
2018,Rampage,data/mp_med/2018_rampage.jpg,2015-2019
2018,A Wrinkle in Time,data/mp_med/2018_a_wrinkle_in_time.jpg,2015-2019
2018,Fifty Shades Freed,data/mp_med/2018_fifty_shades_freed.jpg,2015-2019
2018,Christopher Robin,data/mp_med/2018_christopher_robin.jpg,2015-2019
2018,Green Book,data/mp_med/2018_green_book.jpg,2015-2019
2018,I Can Only Imagine,data/mp_med/2018_i_can_only_imagine.jpg,2015-2019
2018,Smallfoot,data/mp_med/2018_smallfoot.jpg,2015-2019
2018,Night School,data/mp_med/2018_night_school.jpg,2015-2019
2018,The First Purge,data/mp_med/2018_the_first_purge.jpg,2015-2019
2018,Game Night,data/mp_med/2018_game_night.jpg,2015-2019
2018,Book Club,data/mp_med/2018_book_club.jpg,2015-2019
2018,The House with a Clock in Its Walls,data/mp_med/2018_the_house_with_a_clock_in_its_walls.jpg,2015-2019
2018,Skyscraper,data/mp_med/2018_skyscraper.jpg,2015-2019
2018,Insidious: The Last Key,data/mp_med/2018_insidious_the_last_key.jpg,2015-2019
2018,Instant Family,data/mp_med/2018_instant_family.jpg,2015-2019
2018,Pacific Rim: Uprising,data/mp_med/2018_pacific_rim_uprising.jpg,2015-2019
2018,Blockers,data/mp_med/2018_blockers.jpg,2015-2019
2018,Tomb Raider,data/mp_med/2018_tomb_raider.jpg,2015-2019
2018,Maze Runner: The Death Cure,data/mp_med/2018_maze_runner_the_death_cure.jpg,2015-2019
2018,The Nutcracker and the Four Realms,data/mp_med/2018_the_nutcracker_and_the_four_realms.jpg,2015-2019
2018,Tag,data/mp_med/2018_tag.jpg,2015-2019
2018,A Simple Favor,data/mp_med/2018_a_simple_favor.jpg,2015-2019
2018,Life of the Party,data/mp_med/2018_life_of_the_party.jpg,2015-2019
2018,The Predator,data/mp_med/2018_the_predator.jpg,2015-2019
2018,Overboard,data/mp_med/2018_overboard.jpg,2015-2019
2018,Sicario: Day of the Soldado,data/mp_med/2018_sicario_day_of_the_soldado.jpg,2015-2019
2018,I Feel Pretty,data/mp_med/2018_i_feel_pretty.jpg,2015-2019
2018,BlacKkKlansman,data/mp_med/2018_blackkklansman.jpg,2015-2019
2018,Vice,data/mp_med/2018_vice.jpg,2015-2019
2018,Red Sparrow,data/mp_med/2018_red_sparrow.jpg,2015-2019
2018,Goosebumps 2: Haunted Halloween,data/mp_med/2018_goosebumps__haunted_halloween.jpg,2015-2019
2018,Breaking In,data/mp_med/2018_breaking_in.jpg,2015-2019
2018,12 Strong,data/mp_med/2018__strong.jpg,2015-2019
2018,Den of Thieves,data/mp_med/2018_den_of_thieves.jpg,2015-2019
2018,First Man,data/mp_med/2018_first_man.jpg,2015-2019
2018,Hereditary,data/mp_med/2018_hereditary.jpg,2015-2019
2018,Tyler Perry's Acrimony,data/mp_med/2018_tyler_perrys_acrimony.jpg,2015-2019
2018,Sherlock Gnomes,data/mp_med/2018_sherlock_gnomes.jpg,2015-2019
2018,Uncle Drew,data/mp_med/2018_uncle_drew.jpg,2015-2019
2018,Widows,data/mp_med/2018_widows.jpg,2015-2019
2018,Blumhouse's Truth or Dare,data/mp_med/2018_blumhouses_truth_or_dare.jpg,2015-2019
2018,"Love, Simon",data/mp_med/2018_love_simon.jpg,2015-2019
2018,Second Act,data/mp_med/2018_second_act.jpg,2015-2019
2018,The Commuter,data/mp_med/2018_the_commuter.jpg,2015-2019
2018,The 15:17 to Paris,data/mp_med/2018_the__to_paris.jpg,2015-2019
2018,Mile 22,data/mp_med/2018_mile_.jpg,2015-2019
2018,Alpha,data/mp_med/2018_alpha.jpg,2015-2019
2018,Peppermint,data/mp_med/2018_peppermint.jpg,2015-2019
2018,The Favourite,data/mp_med/2018_the_favourite.jpg,2015-2019
2018,Death Wish,data/mp_med/2018_death_wish.jpg,2015-2019
2018,The Spy Who Dumped Me,data/mp_med/2018_the_spy_who_dumped_me.jpg,2015-2019
2018,Annihilation,data/mp_med/2018_annihilation.jpg,2015-2019
2018,Isle of Dogs,data/mp_med/2018_isle_of_dogs.jpg,2015-2019
2018,Nobody's Fool,data/mp_med/2018_nobodys_fool.jpg,2015-2019
2018,Adrift,data/mp_med/2018_adrift.jpg,2015-2019
2018,Robin Hood,data/mp_med/2018_robin_hood.jpg,2015-2019
2018,Super Troopers 2,data/mp_med/2018_super_troopers_.jpg,2015-2019
2018,Holmes & Watson,data/mp_med/2018_holmes__watson.jpg,2015-2019
2018,Slender Man,data/mp_med/2018_slender_man.jpg,2015-2019
2018,The Hate U Give,data/mp_med/2018_the_hate_u_give.jpg,2015-2019
2018,Teen Titans GO! to the Movies,data/mp_med/2018_teen_titans_go_to_the_movies.jpg,2015-2019
2018,Searching,data/mp_med/2018_searching.jpg,2015-2019
2018,Winchester,data/mp_med/2018_winchester.jpg,2015-2019
2018,On the Basis of Sex,data/mp_med/2018_on_the_basis_of_sex.jpg,2015-2019
2018,The Strangers: Prey at Night,data/mp_med/2018_the_strangers_prey_at_night.jpg,2015-2019
2018,White Boy Rick,data/mp_med/2018_white_boy_rick.jpg,2015-2019
2018,Overlord,data/mp_med/2018_overlord.jpg,2015-2019
2018,Proud Mary,data/mp_med/2018_proud_mary.jpg,2015-2019
2018,The Happytime Murders,data/mp_med/2018_the_happytime_murders.jpg,2015-2019
2019,Avengers: Endgame,data/mp_med/2019_avengers_endgame.jpg,2015-2019
2019,The Lion King,data/mp_med/2019_the_lion_king.jpg,2015-2019
2019,Toy Story 4,data/mp_med/2019_toy_story_.jpg,2015-2019
2019,Captain Marvel,data/mp_med/2019_captain_marvel.jpg,2015-2019
2019,Spider-Man: Far from Home,data/mp_med/2019_spiderman_far_from_home.jpg,2015-2019
2019,Aladdin,data/mp_med/2019_aladdin.jpg,2015-2019
2019,It Chapter Two,data/mp_med/2019_it_chapter_two.jpg,2015-2019
2019,Joker,data/mp_med/2019_joker.jpg,2015-2019
2019,Us,data/mp_med/2019_us.jpg,2015-2019
2019,John Wick: Chapter 3 - Parabellum,data/mp_med/2019_john_wick_chapter___parabellum.jpg,2015-2019
2019,Fast & Furious Presents: Hobbs & Shaw,data/mp_med/2019_fast__furious_presents_hobbs__shaw.jpg,2015-2019
2019,How to Train Your Dragon: The Hidden World,data/mp_med/2019_how_to_train_your_dragon_the_hidden_world.jpg,2015-2019
2019,The Secret Life of Pets 2,data/mp_med/2019_the_secret_life_of_pets_.jpg,2015-2019
2019,Pokémon Detective Pikachu,data/mp_med/2019_pokmon_detective_pikachu.jpg,2015-2019
2019,Shazam!,data/mp_med/2019_shazam.jpg,2015-2019
2019,Once Upon a Time... in Hollywood,data/mp_med/2019_once_upon_a_time_in_hollywood.jpg,2015-2019
2019,Dumbo,data/mp_med/2019_dumbo.jpg,2015-2019
2019,Glass,data/mp_med/2019_glass.jpg,2015-2019
2019,Godzilla: King of the Monsters,data/mp_med/2019_godzilla_king_of_the_monsters.jpg,2015-2019
2019,The Lego Movie 2: The Second Part,data/mp_med/2019_the_lego_movie__the_second_part.jpg,2015-2019
2019,Rocketman,data/mp_med/2019_rocketman.jpg,2015-2019
2019,Alita: Battle Angel,data/mp_med/2019_alita_battle_angel.jpg,2015-2019
2019,Hustlers,data/mp_med/2019_hustlers.jpg,2015-2019
2019,Men in Black: International,data/mp_med/2019_men_in_black_international.jpg,2015-2019
2019,Annabelle Comes Home,data/mp_med/2019_annabelle_comes_home.jpg,2015-2019
2019,Tyler Perry's A Madea Family Funeral,data/mp_med/2019_tyler_perrys_a_madea_family_funeral.jpg,2015-2019
2019,Good Boys,data/mp_med/2019_good_boys.jpg,2015-2019
2019,Angel Has Fallen,data/mp_med/2019_angel_has_fallen.jpg,2015-2019
2019,X-Men: Dark Phoenix,data/mp_med/2019_xmen_dark_phoenix.jpg,2015-2019
2019,Scary Stories to Tell in the Dark,data/mp_med/2019_scary_stories_to_tell_in_the_dark.jpg,2015-2019
2019,Escape Room,data/mp_med/2019_escape_room.jpg,2015-2019
2019,Dora and the Lost City of Gold,data/mp_med/2019_dora_and_the_lost_city_of_gold.jpg,2015-2019
2019,The Curse of La Llorona,data/mp_med/2019_the_curse_of_la_llorona.jpg,2015-2019
2019,Pet Sematary,data/mp_med/2019_pet_sematary.jpg,2015-2019
2019,What Men Want,data/mp_med/2019_what_men_want.jpg,2015-2019
2019,Isn't It Romantic,data/mp_med/2019_isnt_it_romantic.jpg,2015-2019
2019,Five Feet Apart,data/mp_med/2019_five_feet_apart.jpg,2015-2019
2019,Ma,data/mp_med/2019_ma.jpg,2015-2019
2019,Wonder Park,data/mp_med/2019_wonder_park.jpg,2015-2019
2019,A Dog's Way Home,data/mp_med/2019_a_dogs_way_home.jpg,2015-2019
2019,Breakthrough,data/mp_med/2019_breakthrough.jpg,2015-2019
2019,Little,data/mp_med/2019_little.jpg,2015-2019
2019,Crawl,data/mp_med/2019_crawl.jpg,2015-2019
2019,The Angry Birds Movie 2,data/mp_med/2019_the_angry_birds_movie_.jpg,2015-2019
2019,Maleficent: Mistress of Evil,data/mp_med/2019_maleficent_mistress_of_evil.jpg,2015-2019
2019,The Intruder,data/mp_med/2019_the_intruder.jpg,2015-2019
2019,The Hustle,data/mp_med/2019_the_hustle.jpg,2015-2019
2019,Ad Astra,data/mp_med/2019_ad_astra.jpg,2015-2019
2019,Cold Pursuit,data/mp_med/2019_cold_pursuit.jpg,2015-2019
2019,Downton Abbey,data/mp_med/2019_downton_abbey.jpg,2015-2019
2019,Long Shot,data/mp_med/2019_long_shot.jpg,2015-2019
2019,The Addams Family,data/mp_med/2019_the_addams_family.jpg,2015-2019
2019,Child's Play,data/mp_med/2019_childs_play.jpg,2015-2019
2019,Happy Death Day 2U,data/mp_med/2019_happy_death_day_u.jpg,2015-2019
2019,Midsommar,data/mp_med/2019_midsommar.jpg,2015-2019
2019,Zombieland: Double Tap,data/mp_med/2019_zombieland_double_tap.jpg,2015-2019
2019,Ready or Not,data/mp_med/2019_ready_or_not.jpg,2015-2019
2019,Overcomer,data/mp_med/2019_overcomer.jpg,2015-2019
2019,The Art of Racing in the Rain,data/mp_med/2019_the_art_of_racing_in_the_rain.jpg,2015-2019
2019,Fighting with My Family,data/mp_med/2019_fighting_with_my_family.jpg,2015-2019
2019,Booksmart,data/mp_med/2019_booksmart.jpg,2015-2019
2019,A Dog's Journey,data/mp_med/2019_a_dogs_journey.jpg,2015-2019
2019,Stuber,data/mp_med/2019_stuber.jpg,2015-2019
2019,Hellboy,data/mp_med/2019_hellboy.jpg,2015-2019
2019,Shaft,data/mp_med/2019_shaft.jpg,2015-2019
2019,47 Meters Down: Uncaged,data/mp_med/2019__meters_down_uncaged.jpg,2015-2019
2019,Abominable,data/mp_med/2019_abominable.jpg,2015-2019
2019,Gemini Man,data/mp_med/2019_gemini_man.jpg,2015-2019
2019,UglyDolls,data/mp_med/2019_uglydolls.jpg,2015-2019
2019,Unplanned,data/mp_med/2019_unplanned.jpg,2015-2019
2019,Rambo: Last Blood,data/mp_med/2019_rambo_last_blood.jpg,2015-2019
2019,Brightburn,data/mp_med/2019_brightburn.jpg,2015-2019
2019,The Farewell,data/mp_med/2019_the_farewell.jpg,2015-2019
2019,The Kid Who Would Be King,data/mp_med/2019_the_kid_who_would_be_king.jpg,2015-2019
2019,Missing Link,data/mp_med/2019_missing_link.jpg,2015-2019
2019,Late Night,data/mp_med/2019_late_night.jpg,2015-2019
2019,Miss Bala,data/mp_med/2019_miss_bala.jpg,2015-2019
2019,The Prodigy,data/mp_med/2019_the_prodigy.jpg,2015-2019
2019,Poms,data/mp_med/2019_poms.jpg,2015-2019
2019,The Peanut Butter Falcon,data/mp_med/2019_the_peanut_butter_falcon.jpg,2015-2019
2019,After,data/mp_med/2019_after.jpg,2015-2019
2019,The Kitchen,data/mp_med/2019_the_kitchen.jpg,2015-2019
2019,Blinded by the Light,data/mp_med/2019_blinded_by_the_light.jpg,2015-2019
2019,The Best of Enemies,data/mp_med/2019_the_best_of_enemies.jpg,2015-2019
2019,No Manches Frida 2,data/mp_med/2019_no_manches_frida_.jpg,2015-2019
2019,"Where'd You Go, Bernadette",data/mp_med/2019_whered_you_go_bernadette.jpg,2015-2019
2019,Serenity,data/mp_med/2019_serenity.jpg,2015-2019
2019,Anna,data/mp_med/2019_anna.jpg,2015-2019
2019,The Dead Don't Die,data/mp_med/2019_the_dead_dont_die.jpg,2015-2019
2019,Captive State,data/mp_med/2019_captive_state.jpg,2015-2019
2019,The Sun Is Also a Star,data/mp_med/2019_the_sun_is_also_a_star.jpg,2015-2019
2019,Don't Let Go,data/mp_med/2019_dont_let_go.jpg,2015-2019
2019,Tolkien,data/mp_med/2019_tolkien.jpg,2015-2019
2019,The Last Black Man in San Francisco,data/mp_med/2019_the_last_black_man_in_san_francisco.jpg,2015-2019
2019,The Beach Bum,data/mp_med/2019_the_beach_bum.jpg,2015-2019
2019,The Art of Self-Defense,data/mp_med/2019_the_art_of_selfdefense.jpg,2015-2019
2019,Luce,data/mp_med/2019_luce.jpg,2015-2019
2019,The Other Side of Heaven 2: Fire of Faith,data/mp_med/2019_the_other_side_of_heaven__fire_of_faith.jpg,2015-2019
2019,The Aftermath,data/mp_med/2019_the_aftermath.jpg,2015-2019
2019,The Kid,data/mp_med/2019_the_kid.jpg,2015-2019
