lemme;genre;freq
homme;m;1398,85
jour;m;1341,76
temps;m;1289,39
oeil;m;1234,59
fois;f;1140,00
chose;f;1057,64
peu;m;1023,38
femme;f;995,74
heure;f;924,05
tête;f;923,45
vie;f;853,31
coup;m;837,70
mère;f;761,28
monde;m;741,35
nuit;f;738,24
père;m;723,51
air;m;690,81
moment;m;688,24
an;m;685,81
porte;f;617,43
voix;f;612,70
fille;f;592,23
côté;m;566,49
visage;m;565,00
soir;m;562,64
mot;m;553,78
bras;m;487,97
pied;m;486,42
corps;m;480,34
place;f;468,58
eau;f;459,86
terre;f;452,91
regard;m;423,18
chambre;f;413,31
coeur;m;400,74
peine;f;399,53
bout;m;398,11
matin;m;396,76
dieu;m;396,49
nom;m;395,00
table;f;379,80
fond;m;376,15
année;f;375,54
histoire;f;359,53
fait;m;355,54
guerre;f;354,59
ville;f;352,97
doute;m;350,07
force;f;344,73
instant;m;340,20
lit;m;338,18
soleil;m;334,39
idée;f;328,45
question;f;328,45
silence;m;325,54
monsieur;m;324,86
point;m;323,58
mur;m;317,77
peur;f;311,69
raison;f;308,78
sorte;f;307,16
ciel;m;305,20
mois;m;304,86
bois;m;299,46
épaule;f;288,72
train;m;288,65
route;f;288,04
bouche;f;283,45
bruit;m;281,49
tout;m;281,01
fenêtre;f;280,20
façon;f;277,30
pièce;f;276,35
suite;f;275,81
famille;f;274,39
lumière;f;274,26
face;f;270,88
cheveu;m;270,68
lieu;m;267,57
besoin;m;266,62
travail;m;263,45
garçon;m;262,50
envie;f;258,11
mer;f;257,57
doigt;m;256,15
milieu;m;256,08
lettre;f;256,01
affaire;f;253,38
fils;m;247,64
travers;m;247,64
pays;m;241,55
feu;m;236,15
ordre;m;235,34
plaisir;m;233,85
chemin;m;231,42
verre;m;230,07
bord;m;228,11
lèvre;f;222,03
jambe;f;220,95
vent;m;220,27
état;m;218,18
sens;m;217,50
âge;m;217,43
cas;m;217,36
frère;m;216,35
esprit;m;216,28
salle;f;215,81
sourire;m;215,34
dos;m;213,99
partie;f;211,49
personne;f;209,80
arbre;m;208,58
compte;m;208,38
sang;m;207,30
madame;f;203,45
papier;m;203,11
minute;f;201,42
coin;m;199,26
couleur;f;198,72
journal;m;197,70
semaine;f;197,50
cause;f;197,30
souvenir;m;197,03
odeur;f;195,68
argent;m;194,39
oreille;f;194,12
mal;m;193,92
effet;m;192,36
pierre;f;189,86
image;f;188,92
peau;f;187,77
jardin;m;185,81
type;m;184,19
mouvement;m;182,97
journée;f;179,39
cheval;m;179,26
parole;f;178,31
nez;m;177,64
café;m;177,30
forme;f;176,69
sac;m;174,26
jeu;m;173,31
long;m;171,35
reste;m;168,58
fleur;f;164,39
droit;m;163,72
bonheur;m;162,36
ligne;f;162,30
signe;m;161,28
soeur;f;161,01
front;m;159,12
hôtel;m;158,92
retour;m;158,65
genre;m;157,91
manière;f;157,77
sentiment;m;157,30
rire;m;155,47
cri;m;155,41
impression;f;155,27
habitude;f;154,46
passage;m;154,39
marche;f;152,97
âme;f;151,62
pensée;f;151,55
maître;m;151,49
dame;f;151,35
sol;m;150,34
joie;f;150,20
cour;f;150,14
bureau;m;150,07
lendemain;m;149,26
escalier;m;148,85
robe;f;148,18
armée;f;146,55
ton;m;146,35
église;f;145,07
maman;f;144,39
vue;f;144,39
village;m;143,99
école;f;143,99
service;m;142,77
ventre;m;141,96
goût;m;141,82
espèce;f;141,69
début;m;141,49
présent;m;141,01
vérité;f;140,88
phrase;f;140,47
voyage;m;140,07
époque;f;138,51
feuille;f;138,04
endroit;m;137,57
effort;m;136,62
accord;m;136,15
intérieur;m;135,88
présence;f;135,54
cuisine;f;135,41
boîte;f;134,05
larme;f;133,51
siècle;m;132,91
mesure;f;132,84
gouvernement;m;132,03
rapport;m;130,95
mètre;m;130,07
or;m;130,00
rêve;m;128,58
genou;m;127,91
oncle;m;127,70
exemple;m;126,62
langue;f;126,28
contraire;m;126,01
dent;f;125,68
été;m;125,47
haut;m;125,07
attention;f;124,53
objet;m;124,32
mari;m;124,26
hasard;m;124,19
départ;m;123,04
pluie;f;122,57
être;m;122,57
groupe;m;122,50
joue;f;121,76
seconde;f;121,49
bas;m;119,86
entrée;f;118,78
herbe;f;118,51
tante;f;118,38
chaise;f;118,31
droite;f;117,97
bête;f;117,36
désir;m;117,09
chaleur;f;116,22
conversation;f;115,34
cou;m;115,34
cigarette;f;114,93
scène;f;114,93
sommeil;m;114,80
musique;f;114,32
avenir;m;113,72
passé;m;113,51
forêt;f;113,31
oiseau;m;113,04
côte;f;112,50
foule;f;112,30
quartier;m;112,16
arme;f;111,49
carte;f;111,42
vin;m;110,47
classe;f;108,92
trou;m;108,38
île;f;108,24
direction;f;108,04
pouvoir;m;107,91
prix;m;107,50
peuple;m;107,30
campagne;f;107,23
moyen;m;107,03
toile;f;106,62
champ;m;106,49
propos;m;106,28
occasion;f;105,74
sujet;m;105,74
pain;m;105,41
troupe;f;105,41
situation;f;104,86
couloir;m;104,53
poitrine;f;104,46
bouteille;f;104,05
enfance;f;103,99
paix;f;103,72
fauteuil;m;102,03
espoir;m;101,89
chair;f;101,69
salon;m;101,22
dimanche;m;101,15
souffle;m;100,20
colère;f;100,07
réponse;f;99,93
fil;m;99,73
hiver;m;99,53
morceau;m;99,32
visite;f;99,32
appartement;m;99,26
roi;m;98,92
liberté;f;97,97
existence;f;97,36
honneur;m;97,36
intérêt;m;97,36
trait;m;97,30
camp;m;97,23
compagnie;f;97,16
rôle;m;96,96
téléphone;m;96,82
sable;m;96,55
étage;m;96,55
grand-père;m;96,49
secret;m;96,01
nature;f;95,88
figure;f;95,34
faute;f;95,20
arrière;m;95,00
problème;m;95,00
balle;f;94,59
grand-mère;f;94,59
photo;f;94,59
fête;f;94,05
lampe;f;93,11
beauté;f;92,64
malheur;m;92,64
capitaine;m;92,57
confiance;f;91,96
douleur;f;91,89
toit;m;91,76
condition;f;91,62
art;m;91,49
chemise;f;91,42
détail;m;91,15
glace;f;91,01
pont;m;90,81
vêtement;m;90,14
tableau;m;90,00
paquet;m;89,19
poids;m;89,05
veille;f;89,05
plan;m;88,99
chapeau;m;88,04
truc;m;87,77
passion;f;87,64
action;f;87,43
parti;m;87,36
trottoir;m;87,36
personnage;m;86,96
plage;f;86,89
branche;f;85,61
jeunesse;f;85,14
patte;f;85,14
machine;f;85,00
aventure;f;84,86
événement;m;84,59
gare;f;84,53
métier;m;84,53
centre;m;84,46
conseil;m;84,46
sein;m;84,05
pointe;f;83,85
tas;m;83,78
police;f;83,72
honte;f;83,45
bain;m;83,04
franc;m;82,84
réalité;f;82,77
éclat;m;82,77
animal;m;82,64
vacance;f;82,57
bateau;m;82,36
pomme;f;82,36
avance;f;82,30
montagne;f;81,82
étoile;f;81,82
rencontre;f;81,76
conscience;f;81,55
course;f;81,22
neige;f;80,88
trace;f;80,27
arrivée;f;80,00
masse;f;79,80
courant;m;79,73
cuir;m;79,19
moitié;f;79,05
vide;m;78,85
mariage;m;78,72
cinéma;m;78,51
poussière;f;78,45
nombre;m;78,38
avion;m;78,04
amitié;f;77,77
bataille;f;77,77
hauteur;f;77,70
note;f;77,43
quart;m;77,30
papa;m;77,16
surprise;f;77,16
autorité;f;77,03
expression;f;76,89
nuage;m;76,82
soirée;f;76,69
repas;m;76,62
foi;f;76,49
taille;f;76,49
port;m;76,42
absence;f;76,28
vitre;f;76,22
froid;m;76,08
poing;m;76,08
poil;m;76,01
faim;f;75,95
importance;f;75,81
médecin;m;75,61
lunette;f;75,27
sortie;f;75,27
volonté;f;74,93
roman;m;74,80
terrain;m;74,73
château;m;74,12
drap;m;74,12
film;m;74,12
terrasse;f;74,05
quai;m;73,99
spectacle;m;73,78
appel;m;73,45
silhouette;f;73,31
combat;m;72,57
flic;m;72,43
prison;f;72,43
blanc;m;72,36
loi;f;72,30
mec;m;72,30
nord;m;72,30
bande;f;72,23
cesse;f;71,96
flamme;f;71,82
pantalon;m;71,76
croix;f;71,62
tache;f;71,28
titre;m;71,22
voie;f;71,01
bon;m;70,95
courage;m;70,34
valise;f;70,34
bien;m;70,20
opération;f;70,20
numéro;m;70,07
douceur;f;70,00
projet;m;70,00
cuisse;f;69,73
solitude;f;69,73
amant;m;69,59
fatigue;f;69,46
horreur;f;69,46
caisse;f;69,39
angoisse;f;68,99
immeuble;m;68,78
intention;f;68,65
dîner;m;68,58
midi;m;68,38
cul;m;68,31
soin;m;68,24
théâtre;m;68,18
manteau;m;68,11
attitude;f;67,91
son;m;67,84
peinture;f;67,64
connaissance;f;67,50
fumée;f;67,36
destin;m;67,23
lune;f;66,69
banc;m;66,42
horizon;m;66,15
allure;f;65,88
mine;f;65,88
parfum;m;65,74
égard;m;65,61
magasin;m;65,54
contact;m;65,47
preuve;f;65,34
avis;m;65,14
membre;m;64,86
goutte;f;64,32
lueur;f;64,19
paysage;m;64,12
fruit;m;64,05
miroir;m;63,99
attente;f;63,85
comité;m;63,65
billet;m;63,58
empire;m;63,51
ensemble;m;63,45
paupière;f;63,45
position;f;63,38
victoire;f;63,24
élément;m;63,04
étude;f;63,04
lait;m;62,91
merde;f;62,77
distance;f;62,43
marché;m;62,43
allée;f;62,36
mademoiselle;f;62,36
kilomètre;m;62,23
société;f;62,23
caractère;m;62,16
couverture;f;62,03
salut;m;61,82
tendresse;f;61,69
veste;f;61,62
bar;m;61,35
boule;f;61,22
souci;m;61,22
boulevard;m;61,15
printemps;m;60,88
tapis;m;60,88
folie;f;60,74
maladie;f;60,68
aile;f;60,47
but;m;60,41
sueur;f;60,34
seigneur;m;60,14
décision;f;60,00
menton;m;60,00
terme;m;59,73
déjeuner;m;59,66
émotion;f;59,59
chasse;f;59,46
gars;m;59,26
qualité;f;59,12
sort;m;58,92
expérience;f;58,72
palais;m;58,72
a;m;58,65
matière;f;58,45
univers;m;58,45
circonstance;f;58,24
grille;f;58,24
rang;m;58,24
territoire;m;58,24
pitié;f;58,11
promenade;f;58,11
ferme;f;58,04
humeur;f;58,04
siège;m;57,91
queue;f;57,84
vitesse;f;57,84
aube;f;57,77
chaîne;f;57,77
grâce;f;57,70
angle;m;57,64
col;m;57,43
acte;m;57,30
surface;f;57,09
crâne;m;56,82
abri;m;56,76
assiette;f;56,62
ennui;m;56,62
chaussure;f;56,49
résistance;f;56,49
violence;f;56,49
cave;f;56,35
dessin;m;56,28
bleu;m;56,22
récit;m;56,15
costume;m;55,88
fusil;m;55,68
colline;f;55,61
devoir;m;55,54
danger;m;55,27
bonne;f;55,20
puissance;f;55,20
tort;m;55,00
hôpital;m;54,93
lieutenant;m;54,93
diable;m;54,80
recherche;f;54,80
baiser;m;54,59
portrait;m;54,59
lecture;f;54,53
plateau;m;54,53
poisson;m;54,46
curiosité;f;54,39
cercle;m;54,26
coude;m;54,19
cadavre;m;54,05
million;m;54,05
meuble;m;53,99
arrêt;m;53,92
maîtresse;f;53,92
rendez-vous;m;53,72
succès;m;53,72
charme;m;53,45
vache;f;53,45
boue;f;53,31
région;f;53,31
calme;m;53,24
naissance;f;52,91
santé;f;52,70
sexe;m;52,70
aise;f;52,64
couteau;m;52,64
crainte;f;52,64
haine;f;52,50
relation;f;52,36
défense;f;52,30
valeur;f;52,30
erreur;f;52,09
curé;m;51,82
génie;m;51,62
soie;f;51,62
bonjour;m;51,55
réserve;f;51,55
fortune;f;51,49
choix;m;51,42
juin;m;51,28
moteur;m;51,08
mystère;m;51,01
nuque;f;50,95
cadeau;m;50,81
camion;m;50,74
reflet;m;50,74
discours;m;50,54
article;m;50,34
plafond;m;50,34
risque;m;50,27
navire;m;50,20
oeuf;m;50,14
uniforme;m;50,14
colonne;f;50,07
creux;m;49,93
règle;f;49,93
seuil;m;49,86
adresse;f;49,80
commandant;m;49,80
difficulté;f;49,80
crise;f;49,73
est;m;49,73
os;m;49,73
août;m;49,66
pente;f;49,66
jupe;f;49,59
saison;f;49,59
obscurité;f;49,39
talon;m;49,26
source;f;49,19
dossier;m;49,12
canon;m;48,99
restaurant;m;48,99
boutique;f;48,92
leçon;f;48,72
tristesse;f;48,72
clé;f;48,58
imagination;f;48,58
apparence;f;48,51
mission;f;48,45
corde;f;48,38
vol;m;48,31
pot;m;48,04
usage;m;47,97
montre;f;47,84
avenue;f;47,70
sourcil;m;47,64
juillet;m;47,57
principe;m;47,57
sommet;m;47,50
illusion;f;47,36
linge;m;47,30
commandement;m;47,23
limite;f;47,23
misère;f;47,23
nation;f;47,23
souffrance;f;47,16
système;m;46,96
désespoir;m;46,89
flanc;m;46,89
fleuve;m;46,89
mouche;f;46,89
sensation;f;46,89
origine;f;46,82
taxi;m;46,82
façade;f;46,76
inquiétude;f;46,76
retard;m;46,62
style;m;46,62
chanson;f;46,55
cellule;f;46,28
explication;f;46,28
épreuve;f;46,28
domaine;m;46,22
victime;f;46,22
plaque;f;46,15
rive;f;46,15
poignée;f;46,08
révolution;f;46,08
grange;f;46,01
témoin;m;46,01
flot;m;45,95
prière;f;45,95
rythme;m;45,95
écho;m;45,95
date;f;45,74
toilette;f;45,68
décor;m;45,61
hippo;m;45,61
accent;m;45,54
armoire;f;45,54
ongle;m;45,47
rage;f;45,34
bébé;m;45,20
hâte;f;45,20
fesse;f;45,14
atelier;m;45,07
crime;m;45,07
disposition;f;45,07
moustache;f;45,07
libération;f;45,00
viande;f;45,00
botte;f;44,93
carton;m;44,86
clef;f;44,86
thé;m;44,86
accident;m;44,80
dizaine;f;44,73
métal;m;44,73
élan;m;44,73
appareil;m;44,66
opinion;f;44,66
tâche;f;44,53
base;f;44,46
bouton;m;44,46
différence;f;44,46
juge;m;44,46
choc;m;44,19
cimetière;m;44,19
dépit;m;44,12
menace;f;44,12
chagrin;m;44,05
paille;f;44,05
cheminée;f;43,99
parc;m;43,99
respect;m;43,85
gendarme;m;43,72
rivière;f;43,72
automne;m;43,65
repos;m;43,58
septembre;m;43,58
séjour;m;43,58
division;f;43,51
solution;f;43,51
texte;m;43,24
marbre;m;43,04
vers;m;43,04
usine;f;42,97
prétexte;m;42,91
alcool;m;42,84
cadre;m;42,84
poignet;m;42,84
statue;f;42,84
fièvre;f;42,64
brume;f;42,57
message;m;42,57
ange;m;42,50
zone;f;42,50
millier;m;42,43
roue;f;42,43
coupe;f;42,23
désordre;m;42,23
disque;m;42,16
miracle;m;42,16
chant;m;42,03
certitude;f;41,89
désert;m;41,89
période;f;41,89
tabac;m;41,89
cage;f;41,82
centaine;f;41,82
lutte;f;41,82
presse;f;41,82
vision;f;41,82
carreau;m;41,69
revanche;f;41,62
comptoir;m;41,55
planche;f;41,55
volet;m;41,55
filet;m;41,49
pli;m;41,42
savoir;m;41,42
enfer;m;41,35
métro;m;41,35
aspect;m;41,28
barque;f;41,28
charge;f;41,28
chute;f;41,28
satisfaction;f;41,22
sou;m;41,22
piste;f;41,15
photographie;f;41,08
bibliothèque;f;40,74
frontière;f;40,47
secours;m;40,47
balcon;m;40,41
putain;f;40,41
unité;f;40,41
rigueur;f;40,34
promesse;f;40,20
retraite;f;40,14
demande;f;40,07
regret;m;40,00
drame;m;39,93
évidence;f;39,93
don;m;39,86
mise;f;39,86
plaine;f;39,86
régime;m;39,73
équilibre;m;39,73
série;f;39,59
rocher;m;39,53
ruine;f;39,39
organisation;f;39,12
sécurité;f;39,12
mieux;m;38,99
activité;f;38,92
luxe;m;38,85
bloc;m;38,78
lycée;m;38,78
télégramme;m;38,78
chapitre;m;38,65
masque;m;38,65
caillou;m;38,58
casquette;f;38,58
défaut;m;38,45
empereur;m;38,45
vertu;f;38,45
lien;m;38,38
résultat;m;38,38
entreprise;f;38,31
indifférence;f;38,31
huile;f;38,18
bière;f;38,11
talent;m;38,11
adieu;m;38,04
prise;f;38,04
public;m;38,04
soupe;f;38,04
rumeur;f;37,97
fonction;f;37,91
salaud;m;37,84
génération;f;37,77
vrai;m;37,77
marque;f;37,70
dehors;m;37,64
drapeau;m;37,64
rat;m;37,64
drifter;m;37,50
samedi;m;37,43
langage;m;37,36
culotte;f;37,30
ouvrage;m;37,30
volant;m;37,30
conviction;f;37,23
manque;m;37,23
intelligence;f;37,16
bouquet;m;37,09
lame;f;37,09
tiroir;m;37,09
attaque;f;37,03
laine;f;37,03
réflexion;f;37,03
littérature;f;36,89
bâtiment;m;36,82
perspective;f;36,76
atmosphère;f;36,69
large;m;36,62
sentier;m;36,62
tronc;m;36,62
information;f;36,55
mépris;m;36,55
cabinet;m;36,49
changement;m;36,42
reprise;f;36,42
pote;m;36,35
écriture;f;36,35
octobre;m;36,28
perte;f;36,28
chevalier;m;36,15
cuivre;m;36,08
instrument;m;36,08
gant;m;36,01
précaution;f;36,01
revoir;m;36,01
carrefour;m;35,95
grain;m;35,95
modèle;m;35,95
soupir;m;35,95
chapelle;f;35,88
fantôme;m;35,88
velours;m;35,88
messe;f;35,68
soulier;m;35,68
vallée;f;35,68
boulot;m;35,61
enthousiasme;m;35,61
soif;f;35,54
fraîcheur;f;35,47
paume;f;35,47
mensonge;m;35,41
orage;m;35,41
veine;f;35,41
mémé;f;35,34
pouce;m;35,34
danse;f;35,27
instinct;m;35,27
brouillard;m;35,20
ceinture;f;35,20
assemblée;f;35,14
pompe;f;35,14
cabine;f;35,07
religion;f;35,07
serviette;f;35,07
plante;f;35,00
éclair;m;35,00
race;f;34,93
chocolat;m;34,86
conséquence;f;34,86
tombe;f;34,86
moine;m;34,73
tissu;m;34,66
trésor;m;34,66
vert;m;34,66
cloche;f;34,59
mouchoir;m;34,59
muscle;m;34,53
écart;m;34,53
acier;m;34,46
formule;f;34,39
placard;m;34,39
canne;f;34,32
équipe;f;34,32
bagnole;f;34,26
fuite;f;34,26
aiguille;f;34,19
cravate;f;34,12
tasse;f;34,12
matinée;f;34,05
rein;m;34,05
vitrine;f;33,99
fureur;f;33,92
revue;f;33,92
tradition;f;33,92
portée;f;33,85
impatience;f;33,78
nécessité;f;33,78
reine;f;33,78
oreiller;m;33,72
tranchée;f;33,72
villa;f;33,72
échec;m;33,72
population;f;33,65
rond;m;33,65
patience;f;33,58
discussion;f;33,51
orgueil;m;33,45
marin;m;33,38
merveille;f;33,31
assurance;f;33,24
mme;f;33,24
sel;m;33,24
panier;m;33,18
chiffre;m;33,11
caresse;f;33,04
novembre;m;33,04
couche;f;32,91
démarche;f;32,91
ménage;m;32,91
niveau;m;32,91
enveloppe;f;32,84
lac;m;32,84
paire;f;32,84
pipe;f;32,84
dignité;f;32,77
sucre;m;32,77
wagon;m;32,77
admiration;f;32,70
apparition;f;32,64
blouse;f;32,64
profondeur;f;32,64
blessure;f;32,57
proie;f;32,50
pré;m;32,50
index;m;32,43
pile;f;32,43
échange;m;32,43
hanche;f;32,36
séance;f;32,36
quant;f;32,30
carré;m;32,23
assaut;m;32,16
avantage;m;32,16
galerie;f;32,16
gâteau;m;32,16
semblant;m;32,09
avril;m;32,03
liaison;f;31,96
manivelle;f;31,96
racine;f;31,96
étonnement;m;31,96
pire;m;31,89
tenue;f;31,89
carnet;m;31,82
obus;m;31,82
poule;f;31,82
respiration;f;31,82
échelle;f;31,76
concours;m;31,69
faiblesse;f;31,62
faveur;f;31,62
murmure;m;31,62
éternité;f;31,62
brique;f;31,55
cahier;m;31,55
grimace;f;31,49
phare;m;31,49
dire;m;31,42
individu;m;31,42
mars;m;31,42
piano;m;31,28
second;m;31,28
tempête;f;31,28
virginie;m;31,28
affection;f;31,22
décembre;m;31,22
poème;m;31,22
allusion;f;31,15
motif;m;31,15
plancher;m;31,15
science;f;31,08
mèche;f;31,01
mélange;m;31,01
nourriture;f;31,01
cérémonie;f;30,95
estomac;m;30,95
banque;f;30,88
banquette;f;30,88
cerveau;m;30,88
foyer;m;30,88
outil;m;30,88
appui;m;30,81
bombe;f;30,81
clarté;f;30,68
mille;m;30,68
province;f;30,68
reproche;m;30,68
réaction;f;30,68
janvier;m;30,61
occupation;f;30,61
possibilité;f;30,54
baraque;f;30,47
crayon;m;30,47
mouton;m;30,47
nerf;m;30,47
prénom;m;30,47
ruelle;f;30,47
pêche;f;30,41
ambition;f;30,34
tablier;m;30,34
bâton;m;30,27
instruction;f;30,27
poudre;f;30,27
péché;m;30,27
piège;m;30,20
catastrophe;f;30,14
concert;m;30,14
dégoût;m;30,14
union;f;30,07
paroi;f;30,00
commerce;m;29,93
fierté;f;29,93
incident;m;29,93
boucle;f;29,86
bougie;f;29,86
champagne;m;29,86
minuit;m;29,86
bonhomme;m;29,80
palier;m;29,80
comédie;f;29,73
connerie;f;29,73
progrès;m;29,73
énergie;f;29,66
bataillon;m;29,53
découverte;f;29,53
encre;f;29,53
cabane;f;29,46
dessous;m;29,46
essence;f;29,46
tempe;f;29,46
barre;f;29,39
coffre;m;29,32
jugement;m;29,26
casque;m;29,19
dalle;f;29,19
emploi;m;29,19
patrie;f;29,19
triomphe;m;29,19
profil;m;29,12
sanglot;m;29,12
essentiel;m;29,05
e;m;28,99
four;m;28,99
monnaie;f;28,99
cendre;f;28,85
océan;m;28,78
responsabilité;f;28,72
blé;m;28,65
gaz;m;28,65
réveil;m;28,58
bicyclette;f;28,51
culture;f;28,51
longueur;f;28,45
vélo;m;28,45
bêtise;f;28,38
grandeur;f;28,38
musée;m;28,38
sud;m;28,38
pénombre;f;28,24
étoffe;f;28,24
réunion;f;28,18
demeure;f;28,11
gré;m;28,04
paradis;m;28,04
beurre;m;27,97
degré;m;27,97
centimètre;m;27,84
volume;m;27,84
entretien;m;27,77
ouest;m;27,77
bouquin;m;27,70
flotte;f;27,64
possession;f;27,64
remords;m;27,64
char;m;27,57
poupée;f;27,57
chevelure;f;27,50
clou;m;27,50
habit;m;27,50
canal;m;27,43
légende;f;27,43
abandon;m;27,36
espérance;f;27,36
exercice;m;27,36
gaieté;f;27,36
vivant;m;27,36
comble;m;27,30
gêne;f;27,30
créature;f;27,23
dessus;m;27,23
éducation;f;27,23
examen;m;27,16
indépendance;f;27,16
buisson;m;27,09
extrémité;f;27,09
terreur;f;27,09
voûte;f;27,09
refus;m;27,03
bec;m;26,96
fromage;m;26,96
monstre;m;26,96
marée;f;26,89
pardon;m;26,89
collège;m;26,82
communication;f;26,82
appétit;m;26,76
conduite;f;26,76
hall;m;26,76
ordinaire;m;26,76
choeur;m;26,69
ouverture;f;26,69
panneau;m;26,69
plainte;f;26,69
capitale;f;26,62
cauchemar;m;26,62
pavé;m;26,62
pin;m;26,62
vertige;m;26,62
y;m;26,62
grève;f;26,55
ordure;f;26,55
plaisanterie;f;26,49
programme;m;26,49
administration;f;26,42
fossé;m;26,42
fric;m;26,42
bouffée;f;26,35
crépuscule;m;26,35
autobus;m;26,28
sapin;m;26,28
coton;m;26,22
crête;f;26,22
deuil;m;26,22
matériel;m;26,22
tente;f;26,22
couvent;m;26,15
dommage;m;26,15
sympathie;f;26,15
télé;f;26,15
ténèbres;f;26,15
haie;f;26,08
sacrifice;m;26,08
obstacle;m;26,01
pan;m;26,01
matelas;m;25,95
vaisselle;f;25,95
ascenseur;m;25,88
narine;f;25,81
thomas;m;25,81
ardeur;f;25,74
bond;m;25,74
gris;m;25,74
collection;f;25,68
explosion;f;25,68
nappe;f;25,68
tronche;f;25,68
trouble;m;25,68
panique;f;25,61
pavillon;m;25,61
vierge;f;25,61
bal;m;25,54
cerf;m;25,54
file;f;25,54
régiment;m;25,54
troupeau;m;25,54
whisky;m;25,47
approche;f;25,41
poulet;m;25,34
épaisseur;f;25,34
bassin;m;25,20
blouson;m;25,20
jalousie;f;25,20
revolver;m;25,20
tailleur;m;25,20
épée;f;25,20
bol;m;25,14
coutume;f;25,14
couvert;m;25,14
hésitation;f;25,14
dentelle;f;25,07
ras;m;25,07
révolte;f;25,07
flèche;f;25,00
profit;m;25,00
revers;m;25,00
cigare;m;24,93
détour;m;24,86
méthode;f;24,86
exception;f;24,80
alliance;f;24,73
philosophie;f;24,73
sabot;m;24,66
charbon;m;24,59
outre;f;24,59
ruisseau;m;24,59
confidence;f;24,53
buste;m;24,46
complicité;f;24,46
courrier;m;24,46
divan;m;24,46
fontaine;f;24,46
lundi;m;24,46
étendue;f;24,46
bagage;m;24,39
extérieur;m;24,39
grenier;m;24,39
chaussée;f;24,32
humanité;f;24,32
liste;f;24,32
procès;m;24,32
télévision;f;24,32
noeud;m;24,26
plaie;f;24,26
précision;f;24,26
ride;f;24,26
salade;f;24,26
station;f;24,26
teint;m;24,26
ben;m;24,19
identité;f;24,19
ironie;f;24,19
kilo;m;24,19
rien;m;24,19
construction;f;24,12
garage;m;24,12
intimité;f;24,12
scandale;m;24,05
seau;m;24,05
stupeur;f;24,05
cité;f;23,99
flaque;f;23,99
néant;m;23,99
produit;m;23,99
banlieue;f;23,85
douche;f;23,85
perle;f;23,85
tournée;f;23,85
accès;m;23,78
économie;f;23,78
désastre;m;23,72
feuillage;m;23,72
sergent;m;23,65
étape;f;23,65
mâchoire;f;23,58
soupçon;m;23,58
chêne;m;23,51
excuse;f;23,51
exécution;f;23,51
influence;f;23,51
jeudi;m;23,51
élégance;f;23,51
légume;m;23,45
disparition;f;23,38
roche;f;23,38
écran;m;23,31
descente;f;23,24
demi-heure;f;23,18
ruban;m;23,18
dimension;f;23,11
signal;m;23,11
urgence;f;23,11
haleine;f;23,04
jus;m;23,04
fillette;f;22,97
portail;m;22,97
barrière;f;22,91
diamant;m;22,91
planète;f;22,91
poubelle;f;22,91
renseignement;m;22,91
casserole;f;22,84
chaussette;f;22,84
vocation;f;22,84
commun;m;22,77
reconnaissance;f;22,77
blague;f;22,70
coussin;m;22,70
insecte;m;22,70
issue;f;22,70
plomb;m;22,64
majesté;f;22,57
singe;m;22,57
barbier;m;22,50
chantier;m;22,50
février;m;22,50
lenteur;f;22,50
ressource;f;22,50
réputation;f;22,50
incendie;m;22,43
parquet;m;22,43
état-major;m;22,43
bague;f;22,36
loge;f;22,36
adjudant;m;22,23
bonsoir;m;22,23
excès;m;22,23
section;f;22,23
établissement;m;22,23
cercueil;m;22,16
cheville;f;22,16
richesse;f;22,16
tige;f;22,16
transport;m;22,16
couvercle;m;22,09
faubourg;m;22,09
studio;m;22,09
véhicule;m;22,09
conférence;f;22,03
discipline;f;22,03
grotte;f;21,96
immobilité;f;21,96
république;f;21,96
semelle;f;21,96
bordel;m;21,89
poésie;f;21,89
déclaration;f;21,82
défaite;f;21,82
tranche;f;21,82
pression;f;21,76
venue;f;21,76
cent;m;21,69
frisson;m;21,69
puits;m;21,69
simplicité;f;21,69
congé;m;21,62
aveu;m;21,55
demain;m;21,55
poumon;m;21,55
sagesse;f;21,55
morale;f;21,49
rupture;f;21,49
ballon;m;21,42
club;m;21,42
fourrure;f;21,42
agitation;f;21,35
avant;m;21,35
buffet;m;21,35
passe;f;21,35
sieur;m;21,35
cathédrale;f;21,28
enquête;f;21,28
songe;m;21,28
sursaut;m;21,28
voeu;m;21,28
discrétion;f;21,22
enterrement;m;21,22
ficelle;f;21,22
soulagement;m;21,22
portefeuille;m;21,15
moeurs;f;21,08
serpent;m;21,08
torse;m;21,08
bijoux;m;21,01
boeuf;m;21,01
jouet;m;21,01
mélancolie;f;21,01
noce;f;21,01
charrette;f;20,95
hurlement;m;20,95
jet;m;20,95
allumette;f;20,88
muraille;f;20,88
tendance;f;20,88
vedette;f;20,88
commentaire;m;20,81
loisir;m;20,81
nuance;f;20,81
rampe;f;20,81
ronde;f;20,81
sport;m;20,81
timbre;m;20,81
réussite;f;20,74
conclusion;f;20,68
falaise;f;20,68
royaume;m;20,68
abîme;m;20,61
borne;f;20,61
chèvre;f;20,61
confusion;f;20,61
couronne;f;20,61
guise;f;20,61
propriété;f;20,61
révélation;f;20,61
tentation;f;20,61
tuyau;m;20,61
politesse;f;20,54
ressort;m;20,54
salope;f;20,54
gaffe;f;20,47
rangée;f;20,47
tube;m;20,47
tremblement;m;20,41
vigne;f;20,41
assassin;m;20,34
considération;f;20,34
cortège;m;20,34
plus;m;20,34
secteur;m;20,34
tournant;m;20,34
canapé;m;20,27
crédit;m;20,27
gorgée;f;20,27
pute;f;20,27
hôte;m;20,20
temple;m;20,20
proposition;f;20,14
nostalgie;f;20,07
opéra;m;20,07
papillon;m;20,07
prudence;f;20,07
pudeur;f;20,07
assistance;f;20,00
collier;m;20,00
innocence;f;20,00
rempart;m;20,00
pose;f;19,93
rock;m;19,93
ruse;f;19,93
ève;f;19,93
affiche;f;19,86
calcul;m;19,86
car;m;19,86
personnalité;f;19,86
baie;f;19,80
bonté;f;19,80
délire;m;19,80
valet;m;19,80
orchestre;m;19,73
témoignage;m;19,73
barrage;m;19,66
contrôle;m;19,66
prairie;f;19,66
brosse;f;19,59
barreau;m;19,53
bille;f;19,53
cirque;m;19,53
talus;m;19,53
tentative;f;19,53
audace;f;19,46
automobile;f;19,46
clin;m;19,46
corne;f;19,46
envers;m;19,46
flacon;m;19,46
méfiance;f;19,46
rafale;f;19,46
rêverie;f;19,46
saloperie;f;19,46
amertume;f;19,39
durée;f;19,39
pelouse;f;19,39
tonnerre;m;19,39
civilisation;f;19,32
inscription;f;19,32
loulou;m;19,32
monument;m;19,32
pape;m;19,32
personnel;m;19,32
relief;m;19,32
tambour;m;19,32
évêque;m;19,32
battement;m;19,26
brin;m;19,26
bronze;m;19,26
cil;m;19,26
laisse;f;19,26
moto;f;19,26
serrure;f;19,26
dialogue;m;19,19
foulard;m;19,19
liquide;m;19,19
pension;f;19,19
rouleau;m;19,19
ampoule;f;19,12
coq;m;19,12
corbeille;f;19,12
intervalle;m;19,12
permission;f;19,12
abord;m;19,05
colonie;f;19,05
détresse;f;19,05
moulin;m;19,05
selle;f;19,05
vendredi;m;19,05
chiffon;m;18,99
climat;m;18,99
maillot;m;18,99
mérite;m;18,99
quantité;f;18,99
représentation;f;18,99
vente;f;18,99
chevet;m;18,92
mont;m;18,92
réseau;m;18,92
suicide;m;18,92
symbole;m;18,92
ciment;m;18,85
délai;m;18,85
hangar;m;18,85
nid;m;18,85
réflexe;m;18,85
tir;m;18,85
clientèle;f;18,78
convoi;m;18,78
pistolet;m;18,78
commande;f;18,72
croissant;m;18,72
création;f;18,72
rebord;m;18,65
refuge;m;18,65
salive;f;18,65
steppe;f;18,65
bonnet;m;18,58
douzaine;f;18,58
moue;f;18,58
âne;m;18,58
cristal;m;18,51
trahison;f;18,51
traité;m;18,51
épisode;m;18,51
engagement;m;18,45
musette;f;18,45
vice;m;18,45
album;m;18,38
gouverneur;m;18,38
manie;f;18,38
tabouret;m;18,38
tard;m;18,38
caprice;m;18,31
fidélité;f;18,31
fouet;m;18,31
graisse;f;18,31
infini;m;18,31
sonnerie;f;18,31
cloison;f;18,24
invitation;f;18,24
lisière;f;18,24
perron;m;18,24
robinet;m;18,24
tribu;f;18,24
zéro;m;18,24
épingle;f;18,24
argument;m;18,18
fracas;m;18,18
courbe;f;18,11
ivresse;f;18,11
capote;f;18,04
inspiration;f;18,04
provision;f;18,04
savon;m;18,04
tribunal;m;18,04
camionnette;f;17,97
foie;m;17,97
vanité;f;17,97
zingaro;m;17,97
foin;m;17,91
pinceau;m;17,91
sifflet;m;17,91
araignée;f;17,84
bible;f;17,84
détachement;m;17,84
fur et à mesure;m;17,84
rite;m;17,84
agence;f;17,77
clairière;f;17,77
jumeau;m;17,77
serviteur;m;17,77
tourbillon;m;17,77
balai;m;17,70
onde;f;17,70
privilège;m;17,70
riz;m;17,70
parcours;m;17,64
protection;f;17,64
pyjama;m;17,57
anneau;m;17,50
gentillesse;f;17,50
ministère;m;17,50
sirène;f;17,50
combinaison;f;17,43
commission;f;17,43
composition;f;17,43
excellence;f;17,43
artillerie;f;17,36
défi;m;17,36
exigence;f;17,36
manuscrit;m;17,36
mousson;f;17,36
arc;m;17,30
auberge;f;17,30
croûte;f;17,30
faculté;f;17,30
fût;m;17,30
mégot;m;17,30
zinc;m;17,30
institution;f;17,23
notaire;m;17,23
rancune;f;17,23
rivage;m;17,23
bombardement;m;17,16
gravité;f;17,16
lot;m;17,16
manifestation;f;17,16
miette;f;17,16
règlement;m;17,16
équipage;m;17,16
lassitude;f;17,09
piscine;f;17,09
comportement;m;17,03
confort;m;17,03
moins;m;17,03
pneu;m;17,03
porche;m;17,03
sabre;m;17,03
saut;m;17,03
surcroît;m;17,03
torture;f;17,03
vengeance;f;17,03
achat;m;16,96
cachette;f;16,96
dollar;m;16,96
dur;m;16,96
forteresse;f;16,96
peignoir;m;16,96
prestige;m;16,96
pépé;m;16,96
rez-de-chaussée;m;16,96
veau;m;16,96
estime;f;16,89
fantaisie;f;16,89
lavabo;m;16,89
tartine;f;16,89
contenu;m;16,82
déception;f;16,82
hypothèse;f;16,82
ignorance;f;16,82
initiative;f;16,82
lanterne;f;16,82
perfection;f;16,82
rasoir;m;16,82
réception;f;16,82
réplique;f;16,82
corvée;f;16,76
gémissement;m;16,76
humour;m;16,76
signification;f;16,76
biais;m;16,69
environ;m;16,69
excitation;f;16,69
hommage;m;16,69
injure;f;16,69
rectangle;m;16,69
square;m;16,69
touffe;f;16,69
trajet;m;16,69
étagère;f;16,69
annonce;f;16,62
fonds;m;16,62
impuissance;f;16,62
monture;f;16,62
édition;f;16,62
bulle;f;16,55
caoutchouc;m;16,55
cap;m;16,55
commencement;m;16,55
pâté;m;16,55
roseau;m;16,55
veston;m;16,55
berge;f;16,49
caserne;f;16,49
horloge;f;16,49
massacre;m;16,49
accueil;m;16,42
clan;m;16,42
conquête;f;16,42
scrupule;m;16,42
volée;f;16,42
étreinte;f;16,42
indulgence;f;16,35
légion;f;16,35
pommette;f;16,35
torrent;m;16,35
bidon;m;16,28
contour;m;16,28
indignation;f;16,28
mardi;m;16,28
parapluie;m;16,28
secousse;f;16,28
touche;f;16,28
exaltation;f;16,22
harmonie;f;16,22
rail;m;16,22
magazine;m;16,15
pilier;m;16,15
sonnette;f;16,15
écume;f;16,15
bac;m;16,08
demi-tour;m;16,08
médaille;f;16,08
document;m;16,01
engin;m;16,01
gifle;f;16,01
intervention;f;16,01
maquis;m;16,01
cierge;m;15,95
continent;m;15,95
foire;f;15,95
harem;m;15,95
longue;f;15,95
mairie;f;15,95
moquette;f;15,95
mâle;m;15,95
pour;m;15,95
application;f;15,88
bourg;m;15,88
cire;f;15,88
cruauté;f;15,88
fragment;m;15,88
insulte;f;15,88
cervelle;f;15,81
coiffure;f;15,81
consigne;f;15,81
crochet;m;15,81
débat;m;15,81
hostilité;f;15,81
képi;m;15,81
marchandise;f;15,81
maximum;m;15,81
mouette;f;15,81
plâtre;m;15,81
profession;f;15,81
ticket;m;15,81
fermeture;f;15,74
galet;m;15,74
obligation;f;15,74
poutre;f;15,74
prunelle;f;15,74
trouille;f;15,74
étiquette;f;15,74
béton;m;15,68
démocratie;f;15,68
invention;f;15,68
organe;m;15,68
besogne;f;15,61
empreinte;f;15,61
exploit;m;15,61
fente;f;15,61
gonzesse;f;15,61
marteau;m;15,61
montée;f;15,61
pelle;f;15,61
recul;m;15,61
tension;f;15,61
vacarme;m;15,61
vigueur;f;15,61
armistice;m;15,54
batterie;f;15,54
miel;m;15,54
oignon;m;15,54
derrière;m;15,47
meurtre;m;15,47
poursuite;f;15,47
vingtaine;f;15,47
étang;m;15,47
aisance;f;15,41
confiture;f;15,41
gravier;m;15,41
pétrole;m;15,41
tôle;f;15,41
ambassade;f;15,34
autel;m;15,34
destruction;f;15,34
domicile;m;15,34
double;m;15,34
fourneau;m;15,34
recours;m;15,34
rentrée;f;15,34
baignoire;f;15,27
blancheur;f;15,27
manège;m;15,27
observation;f;15,27
théorie;f;15,27
magie;f;15,20
signature;f;15,20
corsage;m;15,14
expédition;f;15,14
gilet;m;15,14
lustre;m;15,14
malle;f;15,14
mécanique;f;15,14
béret;m;15,07
conte;m;15,07
facilité;f;15,07
poire;f;15,07
propre;m;15,07
autoroute;f;15,00
bonbon;m;15,00
code;m;15,00
compliment;m;15,00
contrat;m;15,00
débarquement;m;15,00
fourré;m;15,00
taillis;m;15,00
université;f;15,00
culte;m;14,93
mollet;m;14,93
dessein;m;14,86
essai;m;14,86
humidité;f;14,86
marge;f;14,86
sieste;f;14,86
grondement;m;14,80
guitare;f;14,80
stade;m;14,80
traversée;f;14,80
bribe;f;14,73
cendrier;m;14,73
chiotte;f;14,73
claquement;m;14,73
défilé;m;14,73
fiche;f;14,73
galon;m;14,73
m;m;14,73
pince;f;14,73
taule;f;14,73
jumelle;f;14,66
marmite;f;14,66
publicité;f;14,66
remous;m;14,66
traitement;m;14,66
agonie;f;14,59
insistance;f;14,59
production;f;14,59
splendeur;f;14,59
tunnel;m;14,59
brigadier;m;14,53
calendrier;m;14,53
case;f;14,53
charité;f;14,53
menu;m;14,53
quête;f;14,53
s;m;14,53
vieillesse;f;14,53
éponge;f;14,53
bouchon;m;14,46
circulation;f;14,46
porc;m;14,46
proximité;f;14,46
tragédie;f;14,46
capacité;f;14,39
mi-voix;f;14,39
milliard;m;14,39
pige;f;14,39
résolution;f;14,39
substance;f;14,39
séparation;f;14,39
lance;f;14,32
machin;m;14,32
mandat;m;14,32
naturel;m;14,32
week-end;m;14,32
conserve;f;14,26
copie;f;14,26
exemplaire;m;14,26
lambeau;m;14,26
palmier;m;14,26
thème;m;14,26
aubain;m;14,19
chandail;m;14,19
fourchette;f;14,19
gerbe;f;14,19
jouissance;f;14,19
moral;m;14,19
tonne;f;14,19
tricot;m;14,19
évolution;f;14,19
chariot;m;14,12
concession;f;14,12
conflit;m;14,12
désarroi;m;14,12
élection;f;14,12
croupe;f;14,05
distraction;f;14,05
fosse;f;14,05
notion;f;14,05
exil;m;13,99
exposition;f;13,99
feutre;m;13,99
laboratoire;m;13,99
platane;m;13,99
pureté;f;13,99
édifice;m;13,99
éventail;m;13,99
biche;f;13,92
griffe;f;13,92
neveu;m;13,92
préférence;f;13,92
écharpe;f;13,92
écrit;m;13,92
bagarre;f;13,85
carcasse;f;13,85
ciseau;m;13,85
débris;m;13,85
adolescence;f;13,78
cadence;f;13,78
lacet;m;13,78
péril;m;13,78
ronce;f;13,78
sifflement;m;13,78
aviation;f;13,72
comparaison;f;13,72
drogue;f;13,72
farine;f;13,72
ferraille;f;13,72
galop;m;13,72
gamelle;f;13,72
phénomène;m;13,72
pois;m;13,72
retrait;m;13,72
sauce;f;13,72
toubib;m;13,72
briquet;m;13,65
clocher;m;13,65
hache;f;13,65
humiliation;f;13,65
logement;m;13,65
nana;f;13,65
asile;m;13,58
boyau;m;13,58
compartiment;m;13,58
délicatesse;f;13,58
pascal;m;13,58
règne;m;13,58
tripe;f;13,58
amiral;m;13,51
buée;f;13,51
correspondance;f;13,51
graine;f;13,51
injustice;f;13,51
nudité;f;13,51
baguette;f;13,45
coquille;f;13,45
craquement;m;13,45
crasse;f;13,45
entrailles;f;13,45
frange;f;13,45
haricot;m;13,45
lointain;m;13,45
pansement;m;13,45
protestation;f;13,45
remède;m;13,45
renfort;m;13,45
trentaine;f;13,45
bâche;f;13,38
fauve;m;13,38
gouffre;m;13,38
plein;m;13,38
pogne;f;13,38
recette;f;13,38
supplice;m;13,38
taureau;m;13,38
torpeur;f;13,38
tuile;f;13,38
berceau;m;13,31
sérail;m;13,31
tomate;f;13,31
violon;m;13,31
boisson;f;13,24
catégorie;f;13,24
intensité;f;13,24
jambon;m;13,24
tennis;m;13,24
traînée;f;13,24
traître;m;13,24
triangle;m;13,24
bourse;f;13,18
bûche;f;13,18
carrelage;m;13,18
frein;m;13,18
intrigue;f;13,18
alerte;f;13,11
locomotive;f;13,11
pâtisserie;f;13,11
tumulte;m;13,11
bretelle;f;13,04
communion;f;13,04
mare;f;13,04
poteau;m;13,04
anniversaire;m;12,97
champignon;m;12,97
contradiction;f;12,97
cuvette;f;12,97
grenade;f;12,97
logique;f;12,97
méchanceté;f;12,97
répétition;f;12,97
version;f;12,97
électricité;f;12,97
étincelle;f;12,97
anecdote;f;12,91
bordure;f;12,91
bourreau;m;12,91
chapelet;m;12,91
effroi;m;12,91
parapet;m;12,91
pilule;f;12,91
projecteur;m;12,91
saleté;f;12,91
sérénité;f;12,91
teinte;f;12,91
virage;m;12,91
bungalow;m;12,84
dune;f;12,84
logis;m;12,84
montant;m;12,84
olivier;m;12,84
possible;m;12,84
registre;m;12,84
écurie;f;12,84
chef-d'oeuvre;m;12,77
chignon;m;12,77
dose;f;12,77
décharge;f;12,77
délégation;f;12,77
fourmi;f;12,77
halte;f;12,77
marine;f;12,77
querelle;f;12,77
routine;f;12,77
slip;m;12,77
stylo;m;12,77
vestibule;m;12,77
éclairage;m;12,77
avant-bras;m;12,70
cavalerie;f;12,70
commissariat;m;12,70
emplacement;m;12,70
fort;m;12,70
légèreté;f;12,70
petit-fils;m;12,70
proportion;f;12,70
rhum;m;12,70
communauté;f;12,64
convention;f;12,64
coque;f;12,64
femelle;f;12,64
mercredi;m;12,64
museau;m;12,64
noblesse;f;12,64
osier;m;12,64
permanence;f;12,64
vibration;f;12,64
chandelle;f;12,57
dessert;m;12,57
flingue;m;12,57
installation;f;12,57
majorité;f;12,57
médicament;m;12,57
pari;m;12,57
ravitaillement;m;12,57
sentinelle;f;12,57
tapisserie;f;12,57
vif;m;12,57
brûlure;f;12,50
collaboration;f;12,50
contraste;m;12,50
corridor;m;12,50
enseignement;m;12,50
farce;f;12,50
pleur;m;12,50
salaire;m;12,50
analyse;f;12,43
brigade;f;12,43
dispute;f;12,43
indication;f;12,43
médecine;f;12,43
nièce;f;12,43
objectif;m;12,43
paresse;f;12,43
pic;m;12,43
porcelaine;f;12,43
puce;f;12,43
tonton;m;12,43
vaisseau;m;12,43
vestiaire;m;12,43
épine;f;12,43
arcade;f;12,36
crabe;m;12,36
dortoir;m;12,36
département;m;12,36
ingénieur;m;12,36
recoin;m;12,36
saveur;f;12,36
sensibilité;f;12,36
astre;m;12,30
grappe;f;12,30
offensive;f;12,30
sillon;m;12,30
tourment;m;12,30
architecture;f;12,23
billard;m;12,23
braise;f;12,23
cicatrice;f;12,23
cordon;m;12,23
dureté;f;12,23
démonstration;f;12,23
idéal;m;12,23
massif;m;12,23
noix;f;12,23
obstination;f;12,23
poison;m;12,23
rédaction;f;12,23
serment;m;12,23
surveillance;f;12,23
toux;f;12,23
épave;f;12,23
assassinat;m;12,16
cantine;f;12,16
dette;f;12,16
formation;f;12,16
par;m;12,16
piaule;f;12,16
tonneau;m;12,16
évier;m;12,16
brute;f;12,09
châle;m;12,09
commode;f;12,09
embarras;m;12,09
humilité;f;12,09
remise;f;12,09
algue;f;12,03
grillage;m;12,03
héritage;m;12,03
trône;m;12,03
verrou;m;12,03
averse;f;11,96
bijou;m;11,96
chanoine;m;11,96
cliché;m;11,96
crosse;f;11,96
dépôt;m;11,96
pacha;m;11,96
pognon;m;11,96
pédal;f;11,96
tombeau;m;11,96
torche;f;11,96
allégresse;f;11,89
cuillère;f;11,89
futur;m;11,89
globe;m;11,89
incertitude;f;11,89
largeur;f;11,89
local;m;11,89
pacte;m;11,89
pause;f;11,89
quinzaine;f;11,89
blanche;f;11,82
clinique;f;11,82
fringue;f;11,82
industrie;f;11,82
minimum;m;11,82
préoccupation;f;11,82
puzzle;m;11,82
sottise;f;11,82
cube;m;11,76
décoration;f;11,76
exclamation;f;11,76
roc;m;11,76
répit;m;11,76
écorce;f;11,76
ambulance;f;11,69
cape;f;11,69
gibier;m;11,69
irruption;f;11,69
liasse;f;11,69
panne;f;11,69
senteur;f;11,69
squelette;m;11,69
verger;m;11,69
aurore;f;11,62
imperméable;m;11,62
maquillage;m;11,62
naufrage;m;11,62
ambiance;f;11,55
biscuit;m;11,55
cascade;f;11,55
conception;f;11,55
dé;m;11,55
extase;f;11,55
générosité;f;11,55
impossible;m;11,55
offre;f;11,55
rame;f;11,55
ridicule;m;11,55
timidité;f;11,55
bouchée;f;11,49
brise;f;11,49
description;f;11,49
déplacement;m;11,49
o;m;11,49
opposition;f;11,49
passerelle;f;11,49
bénéfice;m;11,42
couille;f;11,42
guéridon;m;11,42
trêve;f;11,42
volupté;f;11,42
étalage;m;11,42
affût;m;11,35
fée;f;11,35
garnison;f;11,35
mitraillette;f;11,35
pasteur;m;11,35
raisonnement;m;11,35
ravin;m;11,35
réforme;f;11,35
succession;f;11,35
transparence;f;11,35
vainqueur;m;11,35
écaille;f;11,35
balustrade;f;11,28
cartable;m;11,28
confrère;m;11,28
estrade;f;11,28
fouille;f;11,28
lard;m;11,28
négociation;f;11,28
récréation;f;11,28
syllabe;f;11,28
bougre;m;11,22
complaisance;f;11,22
destinée;f;11,22
invasion;f;11,22
métamorphose;f;11,22
parade;f;11,22
poussée;f;11,22
brutalité;f;11,15
carabine;f;11,15
divorce;m;11,15
développement;m;11,15
obsession;f;11,15
parcelle;f;11,15
plate-forme;f;11,15
sécheresse;f;11,15
traduction;f;11,15
coupure;f;11,08
devant;m;11,08
intuition;f;11,08
ne;m;11,08
barman;m;11,01
brousse;f;11,01
cognac;m;11,01
provocation;f;11,01
raie;f;11,01
tilleul;m;11,01
tranquillité;f;11,01
artifice;m;10,95
attachement;m;10,95
gouttière;f;10,95
lucidité;f;10,95
malice;f;10,95
piqûre;f;10,95
résidence;f;10,95
soumission;f;10,95
surplus;m;10,95
température;f;10,95
verdure;f;10,95
émission;f;10,95
axe;m;10,88
dictionnaire;m;10,88
ferveur;f;10,88
fraction;f;10,88
habileté;f;10,88
rade;f;10,88
sillage;m;10,88
énigme;f;10,88
arête;f;10,81
casino;m;10,81
citron;m;10,81
entente;f;10,81
goulot;m;10,81
néon;m;10,81
organisme;m;10,81
peigne;m;10,81
réverbère;m;10,81
souveraineté;f;10,81
cible;f;10,74
consolation;f;10,74
entourage;m;10,74
métropole;f;10,74
nuée;f;10,74
patate;f;10,74
peloton;m;10,74
clôture;f;10,68
craie;f;10,68
détente;f;10,68
fagot;m;10,68
marais;m;10,68
naïveté;f;10,68
prétention;f;10,68
refrain;m;10,68
versant;m;10,68
zèle;m;10,68
îlot;m;10,68
association;f;10,61
enceinte;f;10,61
flûte;f;10,61
hameau;m;10,61
préjugé;m;10,61
ralenti;m;10,61
renaissance;f;10,61
sortir;m;10,61
va-et-vient;m;10,61
bourdonnement;m;10,54
bus;m;10,54
caverne;f;10,54
colis;m;10,54
complet;m;10,54
couture;f;10,54
froissement;m;10,54
préparation;f;10,54
rapidité;f;10,54
ressemblance;f;10,54
souche;f;10,54
sous-sol;m;10,54
apprentissage;m;10,47
carriole;f;10,47
coquillage;m;10,47
fermeté;f;10,47
galer;f;10,47
grenouille;f;10,47
impasse;f;10,47
itinéraire;m;10,47
lande;f;10,47
lieue;f;10,47
méditation;f;10,47
patrouille;f;10,47
trot;m;10,47
arrestation;f;10,41
concentration;f;10,41
coudrier;m;10,41
mythe;m;10,41
pâleur;f;10,41
ronflement;m;10,41
roulement;m;10,41
vocabulaire;m;10,41
voisinage;m;10,41
écureuil;m;10,41
balance;f;10,34
baptême;m;10,34
frémissement;m;10,34
jument;f;10,34
modestie;f;10,34
mécanisme;m;10,34
rappel;m;10,34
tarte;f;10,34
vivre;m;10,34
anxiété;f;10,27
bourgeoisie;f;10,27
commune;f;10,27
crinière;f;10,27
jardinier;m;10,27
jeton;m;10,27
lire;f;10,27
multitude;f;10,27
pauvreté;f;10,27
tiédeur;f;10,27
trafic;m;10,27
tunique;f;10,27
élite;f;10,27
appréhension;f;10,20
cachet;m;10,20
chaos;m;10,20
cuiller;f;10,20
digue;f;10,20
hêtre;m;10,20
insu;m;10,20
jean;m;10,20
malentendu;m;10,20
natte;f;10,20
pharmacie;f;10,20
procession;f;10,20
usure;f;10,20
véranda;f;10,20
destination;f;10,14
distinction;f;10,14
interrogatoire;m;10,14
maintien;m;10,14
poignard;m;10,14
pyramide;f;10,14
quarantaine;f;10,14
repli;m;10,14
ricanement;m;10,14
torchon;m;10,14
toucher;m;10,14
visière;f;10,14
autorisation;f;10,07
bouc;m;10,07
bride;f;10,07
cerise;f;10,07
consul;m;10,07
dédain;m;10,07
fraise;f;10,07
granit;m;10,07
houle;f;10,07
idole;f;10,07
infanterie;f;10,07
intonation;f;10,07
miniature;f;10,07
mirage;m;10,07
pipi;m;10,07
pompier;m;10,07
propagande;f;10,07
scie;f;10,07
sûreté;f;10,07
écoute;f;10,07
évasion;f;10,07
commis;m;10,00
compréhension;f;10,00
confession;f;10,00
faisceau;m;10,00
feuillet;m;10,00
gravure;f;10,00
guerrier;m;10,00
gymnastique;f;10,00
lucarne;f;10,00
lâcheté;f;10,00
match;m;10,00
nausée;f;10,00
passeport;m;10,00
certificat;m;9,93
cinquantaine;f;9,93
gomme;f;9,93
juron;m;9,93
peuplier;m;9,93
pétard;m;9,93
résignation;f;9,93
sandwich;m;9,93
tempérament;m;9,93
verbe;m;9,93
abeille;f;9,86
capital;m;9,86
chèque;m;9,86
désinvolture;f;9,86
faïence;f;9,86
hiérarchie;f;9,86
miss;f;9,86
parking;m;9,86
souplesse;f;9,86
star;f;9,86
tablette;f;9,86
tic;m;9,86
approbation;f;9,80
ardoise;f;9,80
armement;m;9,80
cafard;m;9,80
change;m;9,80
coulée;f;9,80
fable;f;9,80
insolence;f;9,80
labeur;m;9,80
miche;f;9,80
saindoux;m;9,80
tire;f;9,80
vernis;m;9,80
épouvante;f;9,80
bavardage;m;9,73
bouillie;f;9,73
cime;f;9,73
clameur;f;9,73
dégât;m;9,73
maladresse;f;9,73
récompense;f;9,73
spécialité;f;9,73
variété;f;9,73
argile;f;9,66
assise;f;9,66
brouhaha;m;9,66
communisme;m;9,66
consommation;f;9,66
contemplation;f;9,66
loque;f;9,66
maille;f;9,66
noyau;m;9,66
réfectoire;m;9,66
sincérité;f;9,66
total;m;9,66
brèche;f;9,59
bâtisse;f;9,59
bûcher;m;9,59
chronique;f;9,59
circuit;m;9,59
cocktail;m;9,59
entrevue;f;9,59
faille;f;9,59
girl;f;9,59
grincement;m;9,59
librairie;f;9,59
manoir;m;9,59
mât;m;9,59
perruque;f;9,59
repère;m;9,59
tombée;f;9,59
addition;f;9,53
audience;f;9,53
avertissement;m;9,53
azur;m;9,53
bracelet;m;9,53
grognement;m;9,53
imprimerie;f;9,53
menthe;f;9,53
palme;f;9,53
raisin;m;9,53
sous-officier;m;9,53
soutien;m;9,53
végétation;f;9,53
égoïsme;m;9,53
académie;f;9,46
apéritif;m;9,46
cancer;m;9,46
douane;f;9,46
entonnoir;m;9,46
latte;f;9,46
malédiction;f;9,46
posture;f;9,46
punition;f;9,46
rosée;f;9,46
râle;m;9,46
sollicitude;f;9,46
épicerie;f;9,46
étable;f;9,46
abondance;f;9,39
arrangement;m;9,39
attrait;m;9,39
crèche;f;9,39
débauche;f;9,39
fusillade;f;9,39
indice;m;9,39
inspection;f;9,39
irritation;f;9,39
marronnier;m;9,39
niche;f;9,39
piquet;m;9,39
séduction;f;9,39
totalité;f;9,39
tract;m;9,39
amas;m;9,32
colle;f;9,32
crissement;m;9,32
dévouement;m;9,32
finesse;f;9,32
gendarmerie;f;9,32
halle;f;9,32
jenny;f;9,32
laurier;m;9,32
mercerie;f;9,32
oie;f;9,32
parenthèse;f;9,32
phase;f;9,32
thèse;f;9,32
trombe;f;9,32
valse;f;9,32
zézette;f;9,32
applaudissement;m;9,26
clerc;m;9,26
détonation;f;9,26
fusée;f;9,26
sang-froid;m;9,26
scénario;m;9,26
supériorité;f;9,26
canot;m;9,19
clown;m;9,19
crapaud;m;9,19
grands-parents;m;9,19
motte;f;9,19
rigolade;f;9,19
sphère;f;9,19
alentour;m;9,12
autre;m;9,12
châtiment;m;9,12
constitution;f;9,12
cure;f;9,12
décret;m;9,12
lever;m;9,12
netteté;f;9,12
orteil;m;9,12
relent;m;9,12
aplomb;m;9,05
brasserie;f;9,05
brun;m;9,05
coulisse;f;9,05
demi-soeur;f;9,05
guirlande;f;9,05
inconvénient;m;9,05
pardessus;m;9,05
parler;m;9,05
puanteur;f;9,05
solidarité;f;9,05
aisselle;f;8,99
aéroport;m;8,99
bassine;f;8,99
communiqué;m;8,99
flanelle;f;8,99
harde;f;8,99
laideur;f;8,99
mule;f;8,99
pancarte;f;8,99
récolte;f;8,99
réduit;m;8,99
tribune;f;8,99
boucherie;f;8,92
bouillon;m;8,92
coucher;m;8,92
coupole;f;8,92
escale;f;8,92
flocon;m;8,92
godasse;f;8,92
interrogation;f;8,92
lagune;f;8,92
trousse;f;8,92
accusation;f;8,85
aquarelle;f;8,85
autocar;m;8,85
bandit;m;8,85
condamnation;f;8,85
corbeau;m;8,85
distribution;f;8,85
duvet;m;8,85
fatalité;f;8,85
glaise;f;8,85
olive;f;8,85
partage;m;8,85
pochette;f;8,85
procédé;m;8,85
quotidien;m;8,85
recommandation;f;8,85
rouille;f;8,85
soucoupe;f;8,85
échine;f;8,85
éloge;m;8,85
agneau;m;8,78
bien-être;m;8,78
congrès;m;8,78
escadron;m;8,78
finance;f;8,78
fonte;f;8,78
garce;f;8,78
lessive;f;8,78
marraine;f;8,78
pantoufle;f;8,78
perroquet;m;8,78
pommier;m;8,78
prodige;m;8,78
rondin;m;8,78
roulette;f;8,78
sanglier;m;8,78
saucisse;f;8,78
tintement;m;8,78
transition;f;8,78
actualité;f;8,72
arquebuse;f;8,72
attentat;m;8,72
attribution;f;8,72
bise;f;8,72
court;m;8,72
dépense;f;8,72
facture;f;8,72
nouveauté;f;8,72
pressentiment;m;8,72
tampon;m;8,72
évocation;f;8,72
asperge;f;8,65
b;m;8,65
banalité;f;8,65
déesse;f;8,65
fragilité;f;8,65
pull;m;8,65
saule;m;8,65
souhait;m;8,65
soutien-gorge;m;8,65
abus;m;8,58
antichambre;f;8,58
bide;m;8,58
boxe;f;8,58
déluge;m;8,58
entrepôt;m;8,58
espadrille;f;8,58
forge;f;8,58
justesse;f;8,58
lacs;m;8,58
livraison;f;8,58
notre-dame;f;8,58
participation;f;8,58
patois;m;8,58
pèlerinage;m;8,58
satin;m;8,58
veilleuse;f;8,58
vivacité;f;8,58
archive;f;8,51
boy;m;8,51
cyprès;m;8,51
dérision;f;8,51
efficacité;f;8,51
extrême;m;8,51
for;m;8,51
frénésie;f;8,51
géographie;f;8,51
pou;m;8,51
relais;m;8,51
sandal;f;8,51
taverne;f;8,51
viol;m;8,51
équipement;m;8,51
antenne;f;8,45
artilleur;m;8,45
complexe;m;8,45
dedans;m;8,45
eunuque;m;8,45
gradé;m;8,45
guichet;m;8,45
immensité;f;8,45
munition;f;8,45
préfet;m;8,45
socle;m;8,45
syndicat;m;8,45
égout;m;8,45
arrondissement;m;8,38
bahut;m;8,38
barbelé;m;8,38
carapace;f;8,38
complication;f;8,38
dépression;f;8,38
gratitude;f;8,38
halo;m;8,38
impulsion;f;8,38
ivoire;m;8,38
jungle;f;8,38
meule;f;8,38
moineau;m;8,38
nourrice;f;8,38
nécessaire;m;8,38
présentation;f;8,38
sardine;f;8,38
trac;m;8,38
animation;f;8,31
carotte;f;8,31
envahisseur;m;8,31
frime;f;8,31
hôtesse;f;8,31
labyrinthe;m;8,31
orbite;f;8,31
peste;f;8,31
pignon;m;8,31
traction;f;8,31
veillée;f;8,31
vodka;f;8,31
abat-jour;m;8,24
acharnement;m;8,24
ballet;m;8,24
bruissement;m;8,24
bûcheron;m;8,24
calvaire;m;8,24
combine;f;8,24
consultation;f;8,24
garantie;f;8,24
insomnie;f;8,24
lentille;f;8,24
pourboire;m;8,24
psychologie;f;8,24
pétale;m;8,24
rassemblement;m;8,24
short;m;8,24
testament;m;8,24
tournure;f;8,24
vareuse;f;8,24
émerveillement;m;8,24
évangile;m;8,24
amande;f;8,18
bénédiction;f;8,18
capot;m;8,18
courtoisie;f;8,18
crépitement;m;8,18
entraînement;m;8,18
fourche;f;8,18
grade;m;8,18
kiosque;m;8,18
mammouth;m;8,18
pédé;m;8,18
ralliement;m;8,18
ration;f;8,18
sirop;m;8,18
tenture;f;8,18
vigilance;f;8,18
égal;m;8,18
égalité;f;8,18
éperon;m;8,18
armure;f;8,11
boulet;m;8,11
casier;m;8,11
chalet;m;8,11
chuchotement;m;8,11
citation;f;8,11
cran;m;8,11
dévotion;f;8,11
euphorie;f;8,11
fissure;f;8,11
format;m;8,11
fougère;f;8,11
gendre;m;8,11
jazz;m;8,11
paradoxe;m;8,11
prime;f;8,11
résurrection;f;8,11
solennité;f;8,11
tap;f;8,11
ascension;f;8,04
bled;m;8,04
boulangerie;f;8,04
cliquetis;m;8,04
cornet;m;8,04
retenue;f;8,04
saucisson;m;8,04
stupéfaction;f;8,04
zanzi;m;8,04
ail;m;7,97
atteinte;f;7,97
avidité;f;7,97
caïd;m;7,97
chemisier;m;7,97
déclic;m;7,97
délit;m;7,97
entrain;m;7,97
fabrication;f;7,97
franchise;f;7,97
frigo;m;7,97
haut-commissaire;m;7,97
isolement;m;7,97
maisonnette;f;7,97
mets;m;7,97
monastère;m;7,97
objection;f;7,97
propreté;f;7,97
péniche;f;7,97
reproduction;f;7,97
réparation;f;7,97
sommier;m;7,97
vizir;m;7,97
étui;m;7,97
avant-garde;f;7,91
encens;m;7,91
friche;f;7,91
gamme;f;7,91
hoquet;m;7,91
horaire;m;7,91
hérésie;f;7,91
illustration;f;7,91
insouciance;f;7,91
moisson;f;7,91
préfecture;f;7,91
répugnance;f;7,91
sculpture;f;7,91
stock;m;7,91
suspension;f;7,91
sève;f;7,91
truite;f;7,91
épuisement;m;7,91
alarme;f;7,84
croc;m;7,84
froideur;f;7,84
goûter;m;7,84
hutte;f;7,84
licence;f;7,84
menotte;f;7,84
monceau;m;7,84
punaise;f;7,84
trouvaille;f;7,84
ère;f;7,84
brune;f;7,77
capitulation;f;7,77
devise;f;7,77
doctrine;f;7,77
faillite;f;7,77
fifi;m;7,77
gazon;m;7,77
grisaille;f;7,77
hublot;m;7,77
interprétation;f;7,77
moyenne;f;7,77
mélodie;f;7,77
palace;m;7,77
suggestion;f;7,77
vestige;m;7,77
vitrail;m;7,77
émoi;m;7,77
cadran;m;7,70
cinquante;m;7,70
cohue;f;7,70
coteau;m;7,70
enchantement;m;7,70
fardeau;m;7,70
fourgon;m;7,70
guet;m;7,70
maîtrise;f;7,70
piété;f;7,70
sauvagerie;f;7,70
souper;m;7,70
soviet;m;7,70
structure;f;7,70
attendrissement;m;7,64
attraction;f;7,64
chantage;m;7,64
croisé;m;7,64
croquis;m;7,64
devanture;f;7,64
effectif;m;7,64
fondation;f;7,64
froc;m;7,64
goudron;m;7,64
huître;f;7,64
mésange;f;7,64
mêlée;f;7,64
parrain;m;7,64
polka;f;7,64
promotion;f;7,64
réticence;f;7,64
tramway;m;7,64
trompe;f;7,64
agacement;m;7,57
ampleur;f;7,57
aura;f;7,57
banane;f;7,57
barricade;f;7,57
baïonnette;f;7,57
boudin;m;7,57
cygne;m;7,57
douanier;m;7,57
défaillance;f;7,57
fard;m;7,57
gelée;f;7,57
lord;m;7,57
moustique;m;7,57
portion;f;7,57
rabbin;m;7,57
sous-bois;m;7,57
surlendemain;m;7,57
toiture;f;7,57
toque;f;7,57
bocal;m;7,50
bulletin;m;7,50
fascination;f;7,50
glissement;m;7,50
godet;m;7,50
impossibilité;f;7,50
inventaire;m;7,50
paye;f;7,50
samba;f;7,50
supplément;m;7,50
éloignement;m;7,50
bazar;m;7,43
bibelot;m;7,43
consistance;f;7,43
crucifix;m;7,43
fibre;f;7,43
fraternité;f;7,43
grief;m;7,43
infirmerie;f;7,43
mulet;m;7,43
occurrence;f;7,43
paquebot;m;7,43
perche;f;7,43
plain;f;7,43
radiateur;m;7,43
salve;f;7,43
servitude;f;7,43
suie;f;7,43
suspens;m;7,43
traverse;f;7,43
bilan;m;7,36
bouffe;f;7,36
cageot;m;7,36
chaux;f;7,36
diplôme;m;7,36
haut-parleur;m;7,36
initiale;f;7,36
kid;m;7,36
marron;m;7,36
meute;f;7,36
panache;m;7,36
préparatif;m;7,36
raffinement;m;7,36
rayure;f;7,36
sursis;m;7,36
vanne;f;7,36
accessoire;m;7,30
amusement;m;7,30
arbuste;m;7,30
bienveillance;f;7,30
bouclier;m;7,30
bouleversement;m;7,30
brancard;m;7,30
compassion;f;7,30
confins;m;7,30
cru;m;7,30
familiarité;f;7,30
foulée;f;7,30
golf;m;7,30
imitation;f;7,30
interview;f;7,30
piton;m;7,30
planque;f;7,30
turban;m;7,30
absolu;m;7,23
apaisement;m;7,23
buis;m;7,23
ceinturon;m;7,23
cloître;m;7,23
culot;m;7,23
définition;f;7,23
escargot;m;7,23
lavande;f;7,23
nationale;f;7,23
pif;m;7,23
publication;f;7,23
rapprochement;m;7,23
référence;f;7,23
stratégie;f;7,23
agrément;m;7,16
arche;f;7,16
attache;f;7,16
broussaille;f;7,16
caniveau;m;7,16
catalogue;m;7,16
charogne;f;7,16
couchant;m;7,16
coïncidence;f;7,16
doux;m;7,16
embrasure;f;7,16
fouillis;m;7,16
fugue;f;7,16
mamelon;m;7,16
pare-brise;m;7,16
persienne;f;7,16
reportage;m;7,16
sévérité;f;7,16
artère;f;7,09
brioche;f;7,09
cachot;m;7,09
cargo;m;7,09
chaume;m;7,09
f;m;7,09
flambeau;m;7,09
jonc;m;7,09
litanie;f;7,09
plombe;f;7,09
store;m;7,09
tome;m;7,09
utilité;f;7,09
brebis;f;7,03
butte;f;7,03
coquetterie;f;7,03
corniche;f;7,03
déchirure;f;7,03
escorte;f;7,03
fabrique;f;7,03
faîte;m;7,03
formalité;f;7,03
guidon;m;7,03
horde;f;7,03
jetée;f;7,03
lièvre;m;7,03
mathématique;f;7,03
morgue;f;7,03
ornement;m;7,03
permis;m;7,03
prévision;f;7,03
raideur;f;7,03
éclatement;m;7,03
altitude;f;6,96
amirauté;f;6,96
avoine;f;6,96
bannière;f;6,96
bourbon;m;6,96
coopération;f;6,96
débarras;m;6,96
envoi;m;6,96
esclavage;m;6,96
fiançailles;f;6,96
hospice;m;6,96
matelot;m;6,96
melon;m;6,96
pesanteur;f;6,96
plénitude;f;6,96
régularité;f;6,96
slogan;m;6,96
soubresaut;m;6,96
spectre;m;6,96
successeur;m;6,96
échantillon;m;6,96
amour-propre;m;6,89
asphalte;m;6,89
auvent;m;6,89
donnée;f;6,89
dérive;f;6,89
frayeur;f;6,89
gonze;m;6,89
jupon;m;6,89
layon;m;6,89
mufle;m;6,89
mutisme;m;6,89
méchant;m;6,89
nationalité;f;6,89
nef;f;6,89
offrande;f;6,89
orientation;f;6,89
pinard;m;6,89
poivre;m;6,89
pourriture;f;6,89
pupitre;m;6,89
soutane;f;6,89
vallon;m;6,89
violette;f;6,89
alibi;m;6,82
badaud;m;6,82
colosse;m;6,82
commando;m;6,82
costard;m;6,82
découragement;m;6,82
désolation;f;6,82
effondrement;m;6,82
exploitation;f;6,82
jais;m;6,82
meeting;m;6,82
oppression;f;6,82
ortie;f;6,82
parterre;m;6,82
pellicule;f;6,82
renoncement;m;6,82
retrouvaille;f;6,82
réchaud;m;6,82
sacoche;f;6,82
tien;m;6,82
tracteur;m;6,82
troquet;m;6,82
amante;f;6,76
bestiole;f;6,76
brouette;f;6,76
caravane;f;6,76
constellation;f;6,76
crotte;f;6,76
doudou;f;6,76
enjambée;f;6,76
famine;f;6,76
fascisme;m;6,76
fresque;f;6,76
gage;m;6,76
interdiction;f;6,76
justification;f;6,76
lampadaire;m;6,76
loufiat;m;6,76
martyr;m;6,76
millimètre;m;6,76
sensualité;f;6,76
socialisme;m;6,76
spasme;m;6,76
stop;m;6,76
épice;f;6,76
braguette;f;6,69
cabaret;m;6,69
caleçon;m;6,69
chérif;m;6,69
connivence;f;6,69
débâcle;f;6,69
déménagement;m;6,69
encolure;f;6,69
gel;m;6,69
inconscience;f;6,69
lanière;f;6,69
noël;m;6,69
parasol;m;6,69
projection;f;6,69
péripétie;f;6,69
rayonnement;m;6,69
relève;f;6,69
restriction;f;6,69
rubrique;f;6,69
tactique;f;6,69
virilité;f;6,69
volute;f;6,69
échéance;f;6,69
aliment;m;6,62
budget;m;6,62
canette;f;6,62
cantique;m;6,62
cardinal;m;6,62
croisée;f;6,62
dépouille;f;6,62
fantassin;m;6,62
galoche;f;6,62
inertie;f;6,62
jardinet;m;6,62
joint;m;6,62
labour;m;6,62
mallette;f;6,62
pair;m;6,62
paroisse;f;6,62
progression;f;6,62
redressement;m;6,62
réel;m;6,62
serre;f;6,62
urine;f;6,62
adhésion;f;6,55
antiquité;f;6,55
bouille;f;6,55
brindille;f;6,55
carrosserie;f;6,55
croyance;f;6,55
demi-douzaine;f;6,55
décombre;m;6,55
impôt;m;6,55
jubilation;f;6,55
khan;m;6,55
mlle;f;6,55
optimisme;m;6,55
plongée;f;6,55
ravissement;m;6,55
rhubarbe;f;6,55
transmission;f;6,55
bandeau;m;6,49
campement;m;6,49
caricature;f;6,49
complot;m;6,49
condé;m;6,49
cynisme;m;6,49
effluve;m;6,49
encadrement;m;6,49
golfe;m;6,49
gourmandise;f;6,49
loyer;m;6,49
prospectus;m;6,49
rondeur;f;6,49
révérence;f;6,49
ski;m;6,49
sourdine;f;6,49
surnom;m;6,49
tirailleur;m;6,49
trappe;f;6,49
vitalité;f;6,49
volaille;f;6,49
zoo;m;6,49
affirmation;f;6,42
brasier;m;6,42
capuchon;m;6,42
cassette;f;6,42
chargement;m;6,42
citadelle;f;6,42
coffret;m;6,42
déchet;m;6,42
déchéance;f;6,42
déclin;m;6,42
effusion;f;6,42
encouragement;m;6,42
flux;m;6,42
foutre;m;6,42
galette;f;6,42
guêpe;f;6,42
hirondelle;f;6,42
honnêteté;f;6,42
iris;m;6,42
janissaire;m;6,42
maïs;m;6,42
mollesse;f;6,42
nylon;m;6,42
oasis;f;6,42
omelette;f;6,42
ornière;f;6,42
panthéon;m;6,42
parenté;f;6,42
patio;m;6,42
pioche;f;6,42
pope;m;6,42
réconfort;m;6,42
sanctuaire;m;6,42
sermon;m;6,42
sous-marin;m;6,42
support;m;6,42
trajectoire;f;6,42
virus;m;6,42
échafaudage;m;6,42
émail;m;6,42
éveil;m;6,42
acacia;m;6,35
apocalypse;f;6,35
arrière-boutique;f;6,35
auréole;f;6,35
bestiau;m;6,35
caméra;f;6,35
cinoche;m;6,35
contentement;m;6,35
débit;m;6,35
défenseur;m;6,35
esplanade;f;6,35
fantasme;m;6,35
gangster;m;6,35
gaîté;f;6,35
hectare;m;6,35
hygiène;f;6,35
impératrice;f;6,35
lierre;m;6,35
limace;f;6,35
louange;f;6,35
mi-chemin;m;6,35
moquerie;f;6,35
nettoyage;m;6,35
nichon;m;6,35
petite-fille;f;6,35
plantation;f;6,35
précipitation;f;6,35
pull-over;m;6,35
revenu;m;6,35
rictus;m;6,35
scotch;m;6,35
toison;f;6,35
élastique;m;6,35
absurdité;f;6,28
andouille;f;6,28
apôtre;m;6,28
archevêque;m;6,28
balade;f;6,28
bousculade;f;6,28
connard;m;6,28
couchette;f;6,28
enfilade;f;6,28
entier;m;6,28
feuilleton;m;6,28
football;m;6,28
monologue;m;6,28
nage;f;6,28
parvis;m;6,28
purée;f;6,28
tango;m;6,28
titi;m;6,28
variation;f;6,28
aspiration;f;6,22
bourrelet;m;6,22
broderie;f;6,22
chevalet;m;6,22
crin;m;6,22
croisement;m;6,22
culpabilité;f;6,22
diversion;f;6,22
groupement;m;6,22
grue;f;6,22
manchette;f;6,22
mimique;f;6,22
potage;m;6,22
rameau;m;6,22
remerciement;m;6,22
rituel;m;6,22
simulacre;m;6,22
soufflet;m;6,22
tortue;f;6,22
traite;f;6,22
transformation;f;6,22
édredon;m;6,22
agression;f;6,15
bambou;m;6,15
blockhaus;m;6,15
béquille;f;6,15
cale;f;6,15
calibre;m;6,15
cocotte;f;6,15
contenance;f;6,15
croisade;f;6,15
empressement;m;6,15
grossièreté;f;6,15
grêle;f;6,15
guignol;m;6,15
heurt;m;6,15
imprudence;f;6,15
limonade;f;6,15
litière;f;6,15
marécage;m;6,15
mauvais;m;6,15
moelle;f;6,15
rancoeur;f;6,15
réclame;f;6,15
saccade;f;6,15
sonorité;f;6,15
vis;f;6,15
éventualité;f;6,15
agenda;m;6,08
amoncellement;m;6,08
anse;f;6,08
bite;f;6,08
brillant;m;6,08
chauffage;m;6,08
cheminement;m;6,08
correction;f;6,08
câble;m;6,08
emballage;m;6,08
escadre;f;6,08
hareng;m;6,08
lin;m;6,08
oeillet;m;6,08
pradelle;f;6,08
sciure;f;6,08
spirale;f;6,08
squaw;f;6,08
survie;f;6,08
tapage;m;6,08
échelon;m;6,08
aga;m;6,01
articulation;f;6,01
attribut;m;6,01
bitume;m;6,01
bourrasque;f;6,01
bruyère;f;6,01
centrale;f;6,01
chouette;f;6,01
contre-jour;m;6,01
crac;m;6,01
crampe;f;6,01
enclos;m;6,01
fonctionnement;m;6,01
frôlement;m;6,01
grammaire;f;6,01
mention;f;6,01
migraine;f;6,01
mirette;f;6,01
ondulation;f;6,01
pelage;m;6,01
pelote;f;6,01
phonographe;m;6,01
porte-monnaie;m;6,01
tif;m;6,01
tirage;m;6,01
tympan;m;6,01
ça;m;6,01
aboiement;m;5,95
acajou;m;5,95
arrière-pensée;f;5,95
bascule;f;5,95
chausson;m;5,95
compteur;m;5,95
consentement;m;5,95
demi-siècle;m;5,95
divinité;f;5,95
duel;m;5,95
déroulement;m;5,95
déroute;f;5,95
fusion;f;5,95
huissier;m;5,95
héroïsme;m;5,95
marionnette;f;5,95
mentalité;f;5,95
morsure;f;5,95
ogre;m;5,95
partition;f;5,95
plumard;m;5,95
présidence;f;5,95
pénitence;f;5,95
record;m;5,95
relique;f;5,95
réservoir;m;5,95
sape;f;5,95
superstition;f;5,95
trousseau;m;5,95
tête-à-tête;m;5,95
verrière;f;5,95
éblouissement;m;5,95
aquarium;m;5,88
assemblage;m;5,88
ballot;m;5,88
banquet;m;5,88
bobine;f;5,88
cafetière;f;5,88
carillon;m;5,88
compromis;m;5,88
domination;f;5,88
dédale;m;5,88
escabeau;m;5,88
exposé;m;5,88
gain;m;5,88
garde-à-vous;m;5,88
gouttelette;f;5,88
infirmité;f;5,88
levant;m;5,88
orthographe;f;5,88
pantin;m;5,88
sacré;m;5,88
âtre;m;5,88
ancre;f;5,81
aubaine;f;5,81
bosquet;m;5,81
calot;m;5,81
carnaval;m;5,81
chaudron;m;5,81
compensation;f;5,81
contrainte;f;5,81
contre;m;5,81
croisière;f;5,81
cycle;m;5,81
dure;f;5,81
hosto;m;5,81
nymphe;f;5,81
pastille;f;5,81
quille;f;5,81
sénéchal;m;5,81
terre-plein;m;5,81
trouée;f;5,81
élu;m;5,81
émeute;f;5,81
épi;m;5,81
arsenal;m;5,74
bignole;f;5,74
broche;f;5,74
béatitude;f;5,74
chaire;f;5,74
clochette;f;5,74
daim;m;5,74
densité;f;5,74
dispositif;m;5,74
délivrance;f;5,74
entracte;m;5,74
entêtement;m;5,74
fréquentation;f;5,74
furie;f;5,74
humus;m;5,74
indiscrétion;f;5,74
klaxon;m;5,74
mie;f;5,74
mobilier;m;5,74
omoplate;f;5,74
otage;m;5,74
paperasse;f;5,74
parage;m;5,74
rêne;f;5,74
statut;m;5,74
templier;m;5,74
équivalent;m;5,74
avalanche;f;5,68
biberon;m;5,68
blues;m;5,68
bricole;f;5,68
cabas;m;5,68
caveau;m;5,68
centime;m;5,68
chenille;f;5,68
diplomatie;f;5,68
déchirement;m;5,68
festin;m;5,68
guitoune;f;5,68
haussement;m;5,68
hochement;m;5,68
housse;f;5,68
mosquée;f;5,68
mouflet;m;5,68
palette;f;5,68
parlement;m;5,68
prune;f;5,68
restant;m;5,68
répertoire;m;5,68
sentence;f;5,68
sofa;m;5,68
supermarché;m;5,68
thune;f;5,68
vulgarité;f;5,68
étrangeté;f;5,68
attelage;m;5,61
butin;m;5,61
clairon;m;5,61
convulsion;f;5,61
courroie;f;5,61
dit;m;5,61
gras;m;5,61
guillotine;f;5,61
habitation;f;5,61
hallucination;f;5,61
hypocrisie;f;5,61
interruption;f;5,61
mi;m;5,61
mortier;m;5,61
morue;f;5,61
opium;m;5,61
patin;m;5,61
protocole;m;5,61
rhume;m;5,61
rigole;f;5,61
salopette;f;5,61
sous-lieutenant;m;5,61
test;m;5,61
triporteur;m;5,61
ver;m;5,61
vinaigre;m;5,61
arène;f;5,54
bourdon;m;5,54
chimère;f;5,54
cuirassier;m;5,54
déserteur;m;5,54
engourdissement;m;5,54
foot;m;5,54
grippe;f;5,54
marchepied;m;5,54
médiocrité;f;5,54
nombril;m;5,54
peluche;f;5,54
perplexité;f;5,54
pouls;m;5,54
prêt;m;5,54
ravage;m;5,54
remorque;f;5,54
rousseur;f;5,54
résine;f;5,54
saillie;f;5,54
sainteté;f;5,54
satyre;m;5,54
stage;m;5,54
supporter;m;5,54
symphonie;f;5,54
trimestre;m;5,54
étal;m;5,54
accordéon;m;5,47
bouée;f;5,47
carafe;f;5,47
caïque;m;5,47
convenance;f;5,47
divertissement;m;5,47
démission;f;5,47
frite;f;5,47
fronton;m;5,47
glaçon;m;5,47
imprévu;m;5,47
lilas;m;5,47
loupe;f;5,47
lourdeur;f;5,47
paluche;f;5,47
phono;m;5,47
pirate;m;5,47
processus;m;5,47
proue;f;5,47
réconciliation;f;5,47
syrte;f;5,47
trio;m;5,47
verdict;m;5,47
ébauche;f;5,47
écrevisse;f;5,47
balancement;m;5,41
bétail;m;5,41
chômage;m;5,41
clapotis;m;5,41
coiffe;f;5,41
commissure;f;5,41
contrée;f;5,41
copeau;m;5,41
escouade;f;5,41
livret;m;5,41
lorgnon;m;5,41
matraque;f;5,41
micheton;m;5,41
millénaire;m;5,41
navigation;f;5,41
panthère;f;5,41
pet;m;5,41
poigne;f;5,41
rai;m;5,41
raton;m;5,41
rosier;m;5,41
réalisme;m;5,41
sachet;m;5,41
tapin;m;5,41
trame;f;5,41
vacherie;f;5,41
verge;f;5,41
vipère;f;5,41
étalon;m;5,41
affolement;m;5,34
amabilité;f;5,34
bas-côté;m;5,34
biographie;f;5,34
cagibi;m;5,34
colombe;f;5,34
contribution;f;5,34
corniaud;m;5,34
couplet;m;5,34
créneau;m;5,34
dépendance;f;5,34
envergure;f;5,34
genêt;m;5,34
hanneton;m;5,34
harpe;f;5,34
homard;m;5,34
illustré;m;5,34
isba;f;5,34
lavoir;m;5,34
lingerie;f;5,34
location;f;5,34
monseigneur;m;5,34
mémère;f;5,34
nacre;f;5,34
occase;f;5,34
opposé;m;5,34
palissade;f;5,34
pieu;m;5,34
piétinement;m;5,34
remblai;m;5,34
rondelle;f;5,34
sous-entendu;m;5,34
supposition;f;5,34
tweed;m;5,34
volcan;m;5,34
affectation;f;5,27
bienvenue;f;5,27
cataclysme;m;5,27
charpente;f;5,27
cocher;m;5,27
confirmation;f;5,27
cow-boy;m;5,27
dictature;f;5,27
emphase;f;5,27
fanfare;f;5,27
festival;m;5,27
futaie;f;5,27
fétiche;m;5,27
gland;m;5,27
jury;m;5,27
levier;m;5,27
oranger;m;5,27
particule;f;5,27
penchant;m;5,27
physionomie;f;5,27
provenance;f;5,27
restauration;f;5,27
ronronnement;m;5,27
réprobation;f;5,27
répulsion;f;5,27
résonance;f;5,27
semence;f;5,27
tee-shirt;m;5,27
thermomètre;m;5,27
ustensile;m;5,27
accoudoir;m;5,20
boulette;f;5,20
cantonnement;m;5,20
cerne;m;5,20
charcuterie;f;5,20
chimie;f;5,20
conservateur;m;5,20
convoitise;f;5,20
crique;f;5,20
crocodile;m;5,20
cylindre;m;5,20
dépêche;f;5,20
désaccord;m;5,20
enclume;f;5,20
envol;m;5,20
fiacre;m;5,20
guérison;f;5,20
géométrie;f;5,20
incarnation;f;5,20
mansarde;f;5,20
miséricorde;f;5,20
ménagement;m;5,20
naseau;m;5,20
phalange;f;5,20
radeau;m;5,20
repentir;m;5,20
rétroviseur;m;5,20
sans-pareil;m;5,20
sida;m;5,20
subtilité;f;5,20
tare;f;5,20
tyran;m;5,20
vrac;m;5,20
aire;f;5,14
alignement;m;5,14
arnaque;f;5,14
bifteck;m;5,14
bouse;f;5,14
chevreuil;m;5,14
cuirasse;f;5,14
escadrille;f;5,14
escarpin;m;5,14
familier;m;5,14
fiction;f;5,14
fiole;f;5,14
fougue;f;5,14
frappe;f;5,14
givre;m;5,14
jasmin;m;5,14
madone;f;5,14
matériau;m;5,14
outrage;m;5,14
paillette;f;5,14
panorama;m;5,14
piaf;m;5,14
prospérité;f;5,14
prouesse;f;5,14
quiétude;f;5,14
sexualité;f;5,14
silex;m;5,14
transe;f;5,14
zèbre;m;5,14
adoration;f;5,07
astuce;f;5,07
compétence;f;5,07
coucou;m;5,07
déguisement;m;5,07
frottement;m;5,07
félicitation;f;5,07
gradin;m;5,07
guérite;f;5,07
hantise;f;5,07
jésuite;m;5,07
lignée;f;5,07
louis;m;5,07
mas;m;5,07
nervosité;f;5,07
obéissance;f;5,07
poitrail;m;5,07
pouf;m;5,07
pousse;f;5,07
redingote;f;5,07
revient;m;5,07
réveillon;m;5,07
souterrain;m;5,07
sperme;m;5,07
t;m;5,07
tracé;m;5,07
transistor;m;5,07
trente;m;5,07
verticale;f;5,07
véhémence;f;5,07
z;m;5,07
écroulement;m;5,07
épidémie;f;5,07
agressivité;f;5,00
baleine;f;5,00
boiserie;f;5,00
bouge;m;5,00
chichi;m;5,00
concurrence;f;5,00
crevette;f;5,00
direct;m;5,00
découvert;m;5,00
exactitude;f;5,00
expert;m;5,00
incrédulité;f;5,00
maturité;f;5,00
moutarde;f;5,00
nonchalance;f;5,00
nounou;f;5,00
négligence;f;5,00
particularité;f;5,00
porto;m;5,00
ressentiment;m;5,00
scepticisme;m;5,00
seringue;f;5,00
terminus;m;5,00
trèfle;m;5,00
v;m;5,00
voltigeur;m;5,00
étrier;m;5,00
absurde;m;4,93
aspirine;f;4,93
avatar;m;4,93
brassard;m;4,93
brouillon;m;4,93
canif;m;4,93
catéchisme;m;4,93
cieux;m;4,93
cigale;f;4,93
coma;m;4,93
directive;f;4,93
dôme;m;4,93
fichu;m;4,93
gadoue;f;4,93
gondole;f;4,93
gosier;m;4,93
gramme;m;4,93
grossesse;f;4,93
guibolle;f;4,93
moiteur;f;4,93
monotonie;f;4,93
mou;m;4,93
rivalité;f;4,93
rugissement;m;4,93
sacrement;m;4,93
sandwiche;m;4,93
sceau;m;4,93
sourd;m;4,93
statuette;f;4,93
tranchant;m;4,93
trophée;m;4,93
vaccin;m;4,93
val;m;4,93
vermine;f;4,93
vioque;f;4,93
antan;m;4,86
apparat;m;4,86
argot;m;4,86
baquet;m;4,86
bottine;f;4,86
cintre;m;4,86
constatation;f;4,86
costaud;m;4,86
crevasse;f;4,86
druide;m;4,86
détermination;f;4,86
fixité;f;4,86
framboise;f;4,86
inflexion;f;4,86
loterie;f;4,86
momi;f;4,86
monarchie;f;4,86
orée;f;4,86
puissant;m;4,86
quinte;f;4,86
rasade;f;4,86
représaille;f;4,86
sanction;f;4,86
seigneurie;f;4,86
sobriquet;m;4,86
tank;m;4,86
traîne;f;4,86
voilier;m;4,86
étau;m;4,86
acide;m;4,80
amende;f;4,80
anarchie;f;4,80
anatomie;f;4,80
bourrade;f;4,80
bécane;f;4,80
camelote;f;4,80
clandestinité;f;4,80
compétition;f;4,80
célébrité;f;4,80
demi-cercle;m;4,80
détritus;m;4,80
embarcation;f;4,80
flair;m;4,80
féminité;f;4,80
gruyère;m;4,80
guêtre;f;4,80
lamentation;f;4,80
malchance;f;4,80
nouveau-né;m;4,80
obsèques;f;4,80
ombrelle;f;4,80
pagaille;f;4,80
parchemin;m;4,80
priorité;f;4,80
remue-ménage;m;4,80
renvoi;m;4,80
requin;m;4,80
roulotte;f;4,80
salopard;m;4,80
sapeur;m;4,80
supplication;f;4,80
tact;m;4,80
tanière;f;4,80
tarif;m;4,80
tignasse;f;4,80
tisane;f;4,80
yacht;m;4,80
à-coup;m;4,80
étendard;m;4,80
alphabet;m;4,73
austérité;f;4,73
blâme;m;4,73
calotte;f;4,73
came;f;4,73
canton;m;4,73
chenal;m;4,73
chic;m;4,73
ciné;m;4,73
continuité;f;4,73
denrée;f;4,73
décadence;f;4,73
eau-de-vie;f;4,73
emprunt;m;4,73
faction;f;4,73
gouvernante;f;4,73
grouillement;m;4,73
icône;f;4,73
jacques;m;4,73
leu;m;4,73
levée;f;4,73
malfrat;m;4,73
maternité;f;4,73
mirador;m;4,73
mousseline;f;4,73
mythologie;f;4,73
panoplie;f;4,73
pastis;m;4,73
pernod;m;4,73
pirogue;f;4,73
profusion;f;4,73
psychanalyse;f;4,73
rayonnage;m;4,73
ruée;f;4,73
saumon;m;4,73
séquence;f;4,73
tresse;f;4,73
truffe;f;4,73
virgule;f;4,73
yaourt;m;4,73
épopée;f;4,73
abattoir;m;4,66
acclamation;f;4,66
adaptation;f;4,66
amarre;f;4,66
antre;m;4,66
bile;f;4,66
boussole;f;4,66
chaton;m;4,66
chauve-souris;f;4,66
cratère;m;4,66
décès;m;4,66
déferlement;m;4,66
emmerdement;m;4,66
g;m;4,66
glande;f;4,66
grelot;m;4,66
inquisition;f;4,66
langueur;f;4,66
persécution;f;4,66
piment;m;4,66
plonge;f;4,66
popeline;f;4,66
prolongement;m;4,66
randonnée;f;4,66
ring;m;4,66
sarcasme;m;4,66
saute;f;4,66
solidité;f;4,66
tac;m;4,66
tourisme;m;4,66
ventouse;f;4,66
violet;m;4,66
étain;m;4,66
alcôve;f;4,59
amorce;f;4,59
aptitude;f;4,59
bravo;m;4,59
caille;f;4,59
cambouis;m;4,59
candeur;f;4,59
cohésion;f;4,59
combe;f;4,59
croiseur;m;4,59
dot;f;4,59
enchaînement;m;4,59
enjeu;m;4,59
excursion;f;4,59
flash;m;4,59
forfait;m;4,59
führer;m;4,59
gourde;f;4,59
grillon;m;4,59
incompréhension;f;4,59
instance;f;4,59
lainage;m;4,59
landau;m;4,59
liane;f;4,59
patriarche;m;4,59
préau;m;4,59
présage;m;4,59
remplacement;m;4,59
rengaine;f;4,59
séminaire;m;4,59
venu;m;4,59
écu;m;4,59
abomination;f;4,53
arabesque;f;4,53
atout;m;4,53
basse;f;4,53
broc;m;4,53
carrure;f;4,53
carrée;f;4,53
cohorte;f;4,53
comptabilité;f;4,53
condescendance;f;4,53
consternation;f;4,53
corrida;f;4,53
doublure;f;4,53
engrenage;m;4,53
entassement;m;4,53
essaim;m;4,53
exode;m;4,53
exploration;f;4,53
funérailles;f;4,53
hargne;f;4,53
immortalité;f;4,53
institut;m;4,53
macadam;m;4,53
mosaïque;f;4,53
nourrisson;m;4,53
originalité;f;4,53
parasite;m;4,53
plant;m;4,53
portique;m;4,53
privation;f;4,53
pâturage;m;4,53
ruissellement;m;4,53
scintillement;m;4,53
smoking;m;4,53
soixantaine;f;4,53
solide;m;4,53
soufre;m;4,53
traîneau;m;4,53
unisson;m;4,53
varenne;f;4,53
zef;m;4,53
aberration;f;4,46
accomplissement;m;4,46
affinité;f;4,46
arc-en-ciel;m;4,46
archange;m;4,46
aveuglement;m;4,46
bicot;m;4,46
branchage;m;4,46
captivité;f;4,46
casse-croûte;m;4,46
chuintement;m;4,46
châssis;m;4,46
civière;f;4,46
cruche;f;4,46
cuillerée;f;4,46
cuistot;m;4,46
cérémonial;m;4,46
disgrâce;f;4,46
errance;f;4,46
escroc;m;4,46
exaspération;f;4,46
gobelet;m;4,46
guenille;f;4,46
hebdomadaire;m;4,46
jeûne;m;4,46
menuisier;m;4,46
ouïe;f;4,46
porte-fenêtre;f;4,46
projectile;m;4,46
ragoût;m;4,46
serpillière;f;4,46
site;m;4,46
tenant;m;4,46
tracas;m;4,46
tragique;m;4,46
trique;f;4,46
vote;m;4,46
écoulement;m;4,46
éloquence;f;4,46
acceptation;f;4,39
ambre;m;4,39
avancée;f;4,39
bique;f;4,39
cahot;m;4,39
canadienne;f;4,39
cirage;m;4,39
embrouille;f;4,39
esquisse;f;4,39
fléau;m;4,39
frichti;m;4,39
gin;m;4,39
glaive;m;4,39
initiation;f;4,39
invisible;m;4,39
loquet;m;4,39
magot;m;4,39
milice;f;4,39
mobilisation;f;4,39
mousqueton;m;4,39
oxygène;m;4,39
paillasson;m;4,39
parloir;m;4,39
psaume;m;4,39
ressac;m;4,39
sacristie;f;4,39
sanatorium;m;4,39
symptôme;m;4,39
taupe;f;4,39
toast;m;4,39
tolérance;f;4,39
vautour;m;4,39
verset;m;4,39
aigreur;f;4,32
alouette;f;4,32
aluminium;m;4,32
bastille;f;4,32
branle;m;4,32
brusquerie;f;4,32
buvard;m;4,32
casbah;f;4,32
cavale;f;4,32
charrue;f;4,32
christianisme;m;4,32
condoléance;f;4,32
cuve;f;4,32
diagonale;f;4,32
emblème;m;4,32
fossette;f;4,32
fourreau;m;4,32
homosexuel;m;4,32
intégrité;f;4,32
jargon;m;4,32
masure;f;4,32
mat;m;4,32
mitard;m;4,32
music-hall;m;4,32
mutation;f;4,32
oseille;f;4,32
paralysie;f;4,32
paravent;m;4,32
pie;f;4,32
poterie;f;4,32
quarante;m;4,32
raccourci;m;4,32
ragot;m;4,32
serpe;f;4,32
apothéose;f;4,26
aérodrome;m;4,26
bienfait;m;4,26
cargaison;f;4,26
caviar;m;4,26
chambranle;m;4,26
déférence;f;4,26
encrier;m;4,26
fumet;m;4,26
gencive;f;4,26
glissade;f;4,26
glycine;f;4,26
grand-oncle;m;4,26
immédiat;m;4,26
incursion;f;4,26
injonction;f;4,26
liqueur;f;4,26
livrée;f;4,26
légionnaire;m;4,26
marmaille;f;4,26
microbe;m;4,26
modification;f;4,26
mouron;m;4,26
murette;f;4,26
mésaventure;f;4,26
nouille;f;4,26
ordinateur;m;4,26
pieux;m;4,26
plaquette;f;4,26
pommeau;m;4,26
pourri;m;4,26
promiscuité;f;4,26
rebut;m;4,26
reich;m;4,26
sous-off;m;4,26
utilisation;f;4,26
victuaille;f;4,26
ébène;f;4,26
alimentation;f;4,19
auditoire;m;4,19
banderole;f;4,19
bandoulière;f;4,19
basilique;f;4,19
belote;f;4,19
buffle;m;4,19
bâillement;m;4,19
carcan;m;4,19
caste;f;4,19
chevauchée;f;4,19
clébard;m;4,19
corbillard;m;4,19
dispersion;f;4,19
effigie;f;4,19
embarquement;m;4,19
encoignure;f;4,19
extrait;m;4,19
favori;m;4,19
forestier;m;4,19
gentleman;m;4,19
graffiti;m;4,19
illumination;f;4,19
impudeur;f;4,19
infortune;f;4,19
invite;f;4,19
langouste;f;4,19
merle;m;4,19
motocyclette;f;4,19
opérette;f;4,19
ouragan;m;4,19
performance;f;4,19
phoque;m;4,19
proclamation;f;4,19
proverbe;m;4,19
pulsation;f;4,19
reconstruction;f;4,19
réalisation;f;4,19
secte;f;4,19
théologie;f;4,19
turbin;m;4,19
allocution;f;4,12
arrière-grand-père;m;4,12
atome;m;4,12
bavure;f;4,12
betterave;f;4,12
bonhomie;f;4,12
bridge;m;4,12
brodequin;m;4,12
chandelier;m;4,12
chemisette;f;4,12
concombre;m;4,12
cuite;f;4,12
embuscade;f;4,12
escalade;f;4,12
floraison;f;4,12
galaxie;f;4,12
gravats;m;4,12
géranium;m;4,12
hilarité;f;4,12
louche;f;4,12
matou;m;4,12
pique-nique;m;4,12
proprio;m;4,12
raidillon;m;4,12
ramure;f;4,12
reliure;f;4,12
récipient;m;4,12
tornade;f;4,12
treillis;m;4,12
établi;m;4,12
aboutissement;m;4,05
affrontement;m;4,05
altesse;f;4,05
apéro;m;4,05
balancier;m;4,05
bouleau;m;4,05
box;m;4,05
carrosse;m;4,05
clodo;m;4,05
cochonnerie;f;4,05
colon;m;4,05
conduit;m;4,05
cotte;f;4,05
dictée;f;4,05
dénouement;m;4,05
friandise;f;4,05
glas;m;4,05
grenadier;m;4,05
grès;m;4,05
hébétude;f;4,05
idéologie;f;4,05
intendance;f;4,05
jointure;f;4,05
manger;m;4,05
moignon;m;4,05
monocle;m;4,05
mécano;m;4,05
mécontentement;m;4,05
orifice;m;4,05
parure;f;4,05
plongeon;m;4,05
portemanteau;m;4,05
pseudonyme;m;4,05
rouage;m;4,05
répression;f;4,05
stature;f;4,05
tirade;f;4,05
toc;m;4,05
vergogne;f;4,05
érection;f;4,05
éther;m;4,05
appréciation;f;3,99
argenterie;f;3,99
attirail;m;3,99
augmentation;f;3,99
aval;m;3,99
bave;f;3,99
bibine;f;3,99
boniment;m;3,99
bourgade;f;3,99
brocart;m;3,99
brochet;m;3,99
brochure;f;3,99
bélier;m;3,99
caniche;m;3,99
cidre;m;3,99
clergé;m;3,99
comprimé;m;3,99
contrariété;f;3,99
contremaître;m;3,99
croissance;f;3,99
dock;m;3,99
dorure;f;3,99
dépens;m;3,99
embouchure;f;3,99
excrément;m;3,99
exubérance;f;3,99
grenadine;f;3,99
hérédité;f;3,99
incapacité;f;3,99
insignifiance;f;3,99
interstice;m;3,99
lampion;m;3,99
lancée;f;3,99
maigreur;f;3,99
noisette;f;3,99
percée;f;3,99
plombier;m;3,99
ponton;m;3,99
pôle;m;3,99
revenant;m;3,99
savate;f;3,99
suffisance;f;3,99
suffrage;m;3,99
surin;m;3,99
tendon;m;3,99
tronçon;m;3,99
tréteau;m;3,99
vasque;f;3,99
veilleur;m;3,99
éboulis;m;3,99
abreuvoir;m;3,92
accouchement;m;3,92
appât;m;3,92
aristocratie;f;3,92
avènement;m;3,92
boudoir;m;3,92
brancardier;m;3,92
calomnie;f;3,92
chasteté;f;3,92
coffre-fort;m;3,92
conversion;f;3,92
cor;m;3,92
crispation;f;3,92
damnation;f;3,92
décalage;m;3,92
décolleté;m;3,92
dénuement;m;3,92
entaille;f;3,92
exclusion;f;3,92
fine;f;3,92
flou;m;3,92
fournil;m;3,92
frondaison;f;3,92
gazelle;f;3,92
gigot;m;3,92
harnais;m;3,92
intestin;m;3,92
jarre;f;3,92
jarret;m;3,92
larve;f;3,92
lascar;m;3,92
losange;m;3,92
maquette;f;3,92
marxisme;m;3,92
muguet;m;3,92
méduse;f;3,92
nurse;f;3,92
pincement;m;3,92
poissonnière;f;3,92
poker;m;3,92
pompon;m;3,92
rejeton;m;3,92
réminiscence;f;3,92
savonnette;f;3,92
spéculation;f;3,92
toupie;f;3,92
tourelle;f;3,92
velléité;f;3,92
virée;f;3,92
étouffement;m;3,92
affront;m;3,85
amont;m;3,85
archipel;m;3,85
arrogance;f;3,85
attroupement;m;3,85
bachot;m;3,85
bagne;m;3,85
bananier;m;3,85
basse-cour;f;3,85
bicoque;f;3,85
bivouac;m;3,85
bouilloire;f;3,85
camembert;m;3,85
compère;m;3,85
cordage;m;3,85
cèdre;m;3,85
diagnostic;m;3,85
diversité;f;3,85
docilité;f;3,85
effervescence;f;3,85
enlèvement;m;3,85
frustration;f;3,85
férocité;f;3,85
gaine;f;3,85
gamberge;f;3,85
gang;m;3,85
gaze;f;3,85
grésillement;m;3,85
gâchis;m;3,85
hospitalité;f;3,85
hostie;f;3,85
hélice;f;3,85
insuffisance;f;3,85
jactance;f;3,85
lardu;m;3,85
loggia;f;3,85
malveillance;f;3,85
pentecôte;f;3,85
pierraille;f;3,85
potin;m;3,85
recrue;f;3,85
renouveau;m;3,85
romantisme;m;3,85
rébellion;f;3,85
rétablissement;m;3,85
transfert;m;3,85
tressaillement;m;3,85
trogne;f;3,85
vantail;m;3,85
vasistas;m;3,85
éminence;f;3,85
évêché;m;3,85
abbaye;f;3,78
accumulation;f;3,78
acquisition;f;3,78
affreux;m;3,78
agresseur;m;3,78
alternance;f;3,78
annuaire;m;3,78
aumône;f;3,78
barbiche;f;3,78
battue;f;3,78
bidoche;f;3,78
blaireau;m;3,78
bordeaux;m;3,78
cancre;m;3,78
cassure;f;3,78
commère;f;3,78
confetti;m;3,78
croûton;m;3,78
do;m;3,78
débordement;m;3,78
enchevêtrement;m;3,78
essor;m;3,78
estafette;f;3,78
extravagance;f;3,78
folklore;m;3,78
fondement;m;3,78
friture;f;3,78
germe;m;3,78
haillon;m;3,78
hamac;m;3,78
improvisation;f;3,78
inondation;f;3,78
intermittence;f;3,78
intrusion;f;3,78
k;m;3,78
liège;m;3,78
merlan;m;3,78
moisissure;f;3,78
monticule;m;3,78
norme;f;3,78
obscénité;f;3,78
orient;m;3,78
ossement;m;3,78
perchoir;m;3,78
pied-noir;m;3,78
porte-plume;m;3,78
possesseur;m;3,78
profond;m;3,78
recueil;m;3,78
rente;f;3,78
revendication;f;3,78
rhumatisme;m;3,78
rizière;f;3,78
révision;f;3,78
samovar;m;3,78
sangle;f;3,78
sultane;f;3,78
superbe;f;3,78
terreau;m;3,78
to;m;3,78
trapèze;m;3,78
unanimité;f;3,78
western;m;3,78
écrin;m;3,78
écusson;m;3,78
équivoque;f;3,78
étuve;f;3,78
accablement;m;3,72
accalmie;f;3,72
anglo-saxon;m;3,72
assaillant;m;3,72
avant-poste;m;3,72
babouchka;f;3,72
barbarie;f;3,72
bas-fond;m;3,72
biceps;m;3,72
brigand;m;3,72
bêche;f;3,72
calepin;m;3,72
calèche;f;3,72
cavalcade;f;3,72
chargeur;m;3,72
charnier;m;3,72
collet;m;3,72
console;f;3,72
contagion;f;3,72
cordelette;f;3,72
crachat;m;3,72
cravache;f;3,72
drôlerie;f;3,72
embryon;m;3,72
encombrement;m;3,72
fusain;m;3,72
féerie;f;3,72
glacier;m;3,72
gloussement;m;3,72
halètement;m;3,72
hélicoptère;m;3,72
ignominie;f;3,72
infamie;f;3,72
insurrection;f;3,72
larbin;m;3,72
mamelle;f;3,72
maniement;m;3,72
matrone;f;3,72
méandre;m;3,72
neveux;m;3,72
nonne;f;3,72
nénette;f;3,72
orgie;f;3,72
ouate;f;3,72
perception;f;3,72
pinède;f;3,72
résumé;m;3,72
sauvetage;m;3,72
stand;m;3,72
écheveau;m;3,72
écrasement;m;3,72
élysée;m;3,72
émissaire;m;3,72
épanouissement;m;3,72
adultère;m;3,65
appelé;m;3,65
avant-veille;f;3,65
barbu;m;3,65
bassesse;f;3,65
boutonnière;f;3,65
capitalisme;m;3,65
cellier;m;3,65
combiné;m;3,65
contrefort;m;3,65
convocation;f;3,65
cordialité;f;3,65
corolle;f;3,65
cécité;f;3,65
dynastie;f;3,65
emprise;f;3,65
extinction;f;3,65
flirt;m;3,65
gala;m;3,65
galopade;f;3,65
garçonnet;m;3,65
giclée;f;3,65
gong;m;3,65
grand-route;f;3,65
inversion;f;3,65
lime;f;3,65
lèpre;f;3,65
martèlement;m;3,65
mousquetaire;m;3,65
médaillon;m;3,65
napperon;m;3,65
navette;f;3,65
négation;f;3,65
oisiveté;f;3,65
oraison;f;3,65
palpitation;f;3,65
paragraphe;m;3,65
patriotisme;m;3,65
perfidie;f;3,65
pisse;f;3,65
pittoresque;m;3,65
plain-pied;m;3,65
poirier;m;3,65
privé;m;3,65
prolétariat;m;3,65
pruneau;m;3,65
rudesse;f;3,65
rénovation;f;3,65
rétro;m;3,65
synagogue;f;3,65
travée;f;3,65
écriteau;m;3,65
égarement;m;3,65
équipée;f;3,65
abnégation;f;3,58
aboi;m;3,58
arrosoir;m;3,58
baffe;f;3,58
bagatelle;f;3,58
baisse;f;3,58
brame;m;3,58
brevet;m;3,58
cacahuète;f;3,58
cadastre;m;3,58
camaraderie;f;3,58
canicule;f;3,58
chewing-gum;m;3,58
clarinette;f;3,58
clavier;m;3,58
conciliabule;m;3,58
corruption;f;3,58
crue;f;3,58
disponibilité;f;3,58
déshabillé;m;3,58
embrasse;f;3,58
enfantillage;m;3,58
figue;f;3,58
figuier;m;3,58
glacis;m;3,58
inconscient;m;3,58
inutilité;f;3,58
iode;m;3,58
minutie;f;3,58
mitan;m;3,58
mitron;m;3,58
municipalité;f;3,58
orme;m;3,58
parachute;m;3,58
procédure;f;3,58
proviseur;m;3,58
rotation;f;3,58
récepteur;m;3,58
somnolence;f;3,58
station-service;f;3,58
sucrerie;f;3,58
venelle;f;3,58
virginité;f;3,58
vogue;f;3,58
vérole;f;3,58
zombi;m;3,58
énervement;m;3,58
étrange;m;3,58
accélérateur;m;3,51
adjectif;m;3,51
ananas;m;3,51
boulon;m;3,51
cataracte;f;3,51
censure;f;3,51
cerisier;m;3,51
chaudière;f;3,51
cohérence;f;3,51
complément;m;3,51
concurrent;m;3,51
confection;f;3,51
corail;m;3,51
culasse;f;3,51
cyclone;m;3,51
cézigue;m;3,51
dancing;m;3,51
dandy;m;3,51
douille;f;3,51
débandade;f;3,51
déboire;m;3,51
débouché;m;3,51
emmerde;f;3,51
emportement;m;3,51
engueulade;f;3,51
entrebâillement;m;3,51
escapade;f;3,51
fanion;m;3,51
faucon;m;3,51
futilité;f;3,51
gentilhomme;m;3,51
harmonium;m;3,51
intempérie;f;3,51
irréalité;f;3,51
jade;m;3,51
journalisme;m;3,51
jules;m;3,51
lave;f;3,51
magnétophone;m;3,51
maïa;m;3,51
mélopée;f;3,51
niaiserie;f;3,51
outrance;f;3,51
patelin;m;3,51
pelisse;f;3,51
pirouette;f;3,51
pore;m;3,51
poulailler;m;3,51
presbytère;m;3,51
prophétie;f;3,51
pépin;m;3,51
rainure;f;3,51
raquette;f;3,51
recrutement;m;3,51
renfoncement;m;3,51
ronron;m;3,51
rossignol;m;3,51
ruche;f;3,51
sierra;f;3,51
sud-ouest;m;3,51
tintamarre;m;3,51
tonnelle;f;3,51
tulle;m;3,51
tutu;m;3,51
échassier;m;3,51
éclaboussure;f;3,51
épouvantail;m;3,51
anémone;f;3,45
appartenance;f;3,45
assentiment;m;3,45
baudrier;m;3,45
bergerie;f;3,45
bidet;m;3,45
bigoudi;m;3,45
blanchisserie;f;3,45
blason;m;3,45
bordée;f;3,45
cantonade;f;3,45
chapiteau;m;3,45
cloque;f;3,45
coalition;f;3,45
confrontation;f;3,45
constat;m;3,45
crapule;f;3,45
côtelette;f;3,45
doge;m;3,45
décomposition;f;3,45
fief;m;3,45
frigidaire;m;3,45
frise;f;3,45
gabardine;f;3,45
incroyable;m;3,45
infériorité;f;3,45
ingéniosité;f;3,45
javel;f;3,45
limon;m;3,45
lis;m;3,45
magma;m;3,45
mayonnaise;f;3,45
métaphysique;f;3,45
ogive;f;3,45
pigeonnier;m;3,45
pissotière;f;3,45
quatuor;m;3,45
ra;m;3,45
reflux;m;3,45
snobisme;m;3,45
statistique;f;3,45
tam-tam;m;3,45
vérification;f;3,45
agilité;f;3,38
anéantissement;m;3,38
augure;m;3,38
babine;f;3,38
beaux-arts;m;3,38
bison;m;3,38
bizarrerie;f;3,38
cabriolet;m;3,38
caramel;m;3,38
carnage;m;3,38
celluloïd;m;3,38
chardon;m;3,38
chevreau;m;3,38
châtaignier;m;3,38
classeur;m;3,38
contrecoeur;m;3,38
coursive;f;3,38
coït;m;3,38
cuisson;f;3,38
cône;m;3,38
déchaînement;m;3,38
délectation;f;3,38
embouteillage;m;3,38
félicité;f;3,38
gémellité;f;3,38
hold-up;m;3,38
hystérie;f;3,38
imminence;f;3,38
imposture;f;3,38
imprécation;f;3,38
laisser-aller;m;3,38
libellule;f;3,38
lys;m;3,38
marc;m;3,38
maths;f;3,38
missel;m;3,38
moi;m;3,38
non;m;3,38
orgasme;m;3,38
ostentation;f;3,38
ovale;m;3,38
passivité;f;3,38
pillage;m;3,38
portant;m;3,38
précipice;m;3,38
pédéraste;m;3,38
pénétration;f;3,38
ranger;m;3,38
rotin;m;3,38
solex;m;3,38
solo;m;3,38
tatouage;m;3,38
teinture;f;3,38
tournoi;m;3,38
trognon;m;3,38
urne;f;3,38
valoche;f;3,38
vanille;f;3,38
vendange;f;3,38
vertèbre;f;3,38
violoncelle;m;3,38
visa;m;3,38
zénith;m;3,38
élevage;m;3,38
érotisme;m;3,38
évacuation;f;3,38
abcès;m;3,31
anguille;f;3,31
appellation;f;3,31
aspirateur;m;3,31
avoir;m;3,31
blindé;m;3,31
bombardier;m;3,31
commodité;f;3,31
compote;f;3,31
conformisme;m;3,31
contraint;f;3,31
croque-mort;m;3,31
crépi;m;3,31
donjon;m;3,31
draperie;f;3,31
dégel;m;3,31
démarrage;m;3,31
engrais;m;3,31
flambée;f;3,31
fortin;m;3,31
idylle;f;3,31
lampée;f;3,31
moisi;m;3,31
moleskine;f;3,31
moutard;m;3,31
myriade;f;3,31
métaphore;f;3,31
opulence;f;3,31
osselet;m;3,31
pincée;f;3,31
prose;f;3,31
pâture;f;3,31
péninsule;f;3,31
pétrin;m;3,31
rejet;m;3,31
repaire;m;3,31
secrétariat;m;3,31
spécimen;m;3,31
stupidité;f;3,31
terrine;f;3,31
trempe;f;3,31
volte-face;f;3,31
ya;m;3,31
échancrure;f;3,31
échoppe;f;3,31
éclaircie;f;3,31
écluse;f;3,31
étrave;f;3,31
évanouissement;m;3,31
avarice;f;3,24
blazer;m;3,24
bric-à-brac;m;3,24
bru;f;3,24
building;m;3,24
camping;m;3,24
candélabre;m;3,24
chenil;m;3,24
chronologie;f;3,24
cocon;m;3,24
concept;m;3,24
conservation;f;3,24
contestation;f;3,24
convalescence;f;3,24
coquelicot;m;3,24
couscous;m;3,24
céramique;f;3,24
fanal;m;3,24
fraude;f;3,24
frusque;f;3,24
furieux;m;3,24
ghetto;m;3,24
godillot;m;3,24
hameçon;m;3,24
hirondeau;f;3,24
imaginaire;m;3,24
joyau;m;3,24
lady;f;3,24
lavage;m;3,24
madrier;m;3,24
malfaiteur;m;3,24
muret;m;3,24
nervure;f;3,24
noirceur;f;3,24
noisetier;m;3,24
offense;f;3,24
optique;f;3,24
pacotille;f;3,24
paroxysme;m;3,24
patronyme;m;3,24
pelure;f;3,24
philo;f;3,24
pissenlit;m;3,24
pizza;f;3,24
portillon;m;3,24
potager;m;3,24
promontoire;m;3,24
prédiction;f;3,24
raclée;f;3,24
reddition;f;3,24
regain;m;3,24
rôti;m;3,24
sacrilège;m;3,24
sente;f;3,24
sommation;f;3,24
soupirail;m;3,24
taudis;m;3,24
tournevis;m;3,24
transpiration;f;3,24
vampire;m;3,24
van;m;3,24
variante;f;3,24
volière;f;3,24
écrou;m;3,24
acuité;f;3,18
aigu;m;3,18
alvéole;m;3,18
ascendant;m;3,18
asthme;m;3,18
avancement;m;3,18
barbaque;f;3,18
blaze;m;3,18
brassée;f;3,18
bravoure;f;3,18
capsule;f;3,18
casemate;f;3,18
cassis;m;3,18
chalutier;m;3,18
christ;m;3,18
clos;m;3,18
contretemps;m;3,18
cotonnade;f;3,18
crypte;f;3,18
docker;m;3,18
domino;m;3,18
dégaine;f;3,18
embûche;f;3,18
envolée;f;3,18
facette;f;3,18
filière;f;3,18
fourbi;m;3,18
fournaise;f;3,18
girafe;f;3,18
griotte;f;3,18
insigne;m;3,18
limbe;m;3,18
litron;m;3,18
maillon;m;3,18
massage;m;3,18
mitraille;f;3,18
molletière;f;3,18
moulinet;m;3,18
observatoire;m;3,18
orphelinat;m;3,18
piazza;f;3,18
pis;m;3,18
piston;m;3,18
pourquoi;m;3,18
prédilection;f;3,18
prédécesseur;m;3,18
rescousse;f;3,18
robot;m;3,18
réduction;f;3,18
scribe;m;3,18
simagrée;f;3,18
soixante;m;3,18
sortilège;m;3,18
stabilité;f;3,18
suc;m;3,18
talion;m;3,18
tringle;f;3,18
vouivre;f;3,18
écoeurement;m;3,18
épluchure;f;3,18
équinoxe;m;3,18
accroc;m;3,11
accélération;f;3,11
albâtre;m;3,11
arrachement;m;3,11
arrondi;m;3,11
balançoire;f;3,11
benne;f;3,11
bouillonnement;m;3,11
chaland;m;3,11
clebs;m;3,11
clique;f;3,11
concile;m;3,11
couvre-feu;m;3,11
drague;f;3,11
dépaysement;m;3,11
embranchement;m;3,11
engeance;f;3,11
enregistrement;m;3,11
escroquerie;f;3,11
eucalyptus;m;3,11
forçat;m;3,11
frégate;f;3,11
hampe;f;3,11
havre;m;3,11
hémorragie;f;3,11
ingratitude;f;3,11
jeunot;m;3,11
kawa;m;3,11
liquidation;f;3,11
littoral;m;3,11
loyauté;f;3,11
lyrisme;m;3,11
mandarine;f;3,11
mausolée;m;3,11
monopole;m;3,11
nationalisme;m;3,11
nomination;f;3,11
ourlet;m;3,11
paternel;m;3,11
paternité;f;3,11
penderie;f;3,11
placement;m;3,11
pluriel;m;3,11
porte-bagages;m;3,11
poulie;f;3,11
poulpe;m;3,11
prisunic;m;3,11
punch;m;3,11
radis;m;3,11
rafle;f;3,11
renommée;f;3,11
rubis;m;3,11
rugby;m;3,11
récrimination;f;3,11
répartition;f;3,11
sablier;m;3,11
singularité;f;3,11
soubrette;f;3,11
soupente;f;3,11
stigmate;m;3,11
tabou;m;3,11
torsion;f;3,11
venin;m;3,11
verrue;f;3,11
élévation;f;3,11
émanation;f;3,11
allant;m;3,04
ambiguïté;f;3,04
anonymat;m;3,04
arceau;m;3,04
arrêté;m;3,04
autruche;f;3,04
baril;m;3,04
bibiche;f;3,04
bistro;m;3,04
boqueteau;m;3,04
boum;m;3,04
brochette;f;3,04
buvette;f;3,04
bâtardise;f;3,04
caisson;m;3,04
canotier;m;3,04
choucroute;f;3,04
chrome;m;3,04
dais;m;3,04
dallage;m;3,04
derche;m;3,04
dissertation;f;3,04
dragée;f;3,04
déploiement;m;3,04
détriment;m;3,04
extraordinaire;m;3,04
faire-part;m;3,04
gratte-ciel;m;3,04
guinguette;f;3,04
horizontale;f;3,04
hâle;m;3,04
impératif;m;3,04
inceste;m;3,04
inclinaison;f;3,04
internat;m;3,04
intransigeance;f;3,04
introduction;f;3,04
isolé;m;3,04
luzerne;f;3,04
magnolia;m;3,04
mauser;m;3,04
maçonnerie;f;3,04
moralité;f;3,04
muet;m;3,04
nacelle;f;3,04
néné;m;3,04
panse;f;3,04
petit-enfant;m;3,04
pommade;f;3,04
poussin;m;3,04
périphérie;f;3,04
raillerie;f;3,04
rambarde;f;3,04
recueillement;m;3,04
renverse;f;3,04
reporter;m;3,04
rimmel;m;3,04
rougeur;f;3,04
roulis;m;3,04
réclusion;f;3,04
sphinx;m;3,04
tibia;m;3,04
tonalité;f;3,04
tri;m;3,04
tuberculose;f;3,04
vape;f;3,04
verve;f;3,04
électrophone;m;3,04
énormité;f;3,04
épargne;f;3,04
abstraction;f;2,97
agrégation;f;2,97
aimant;m;2,97
annexe;f;2,97
bandage;m;2,97
baratin;m;2,97
blasphème;m;2,97
bourrique;f;2,97
cafetier;m;2,97
calice;m;2,97
cannelle;f;2,97
championnat;m;2,97
chevalière;f;2,97
cloporte;m;2,97
conservatoire;m;2,97
constance;f;2,97
contraction;f;2,97
digestion;f;2,97
dinde;f;2,97
duce;m;2,97
embauche;f;2,97
embrun;m;2,97
filigrane;m;2,97
fiston;m;2,97
fleurette;f;2,97
gond;m;2,97
grosseur;f;2,97
hibou;m;2,97
hébreu;m;2,97
idiotie;f;2,97
imprimeur;m;2,97
jeep;f;2,97
machinerie;f;2,97
mafia;f;2,97
marguerite;f;2,97
membrane;f;2,97
missive;f;2,97
mugissement;m;2,97
météore;m;2,97
neutralité;f;2,97
négro;m;2,97
patrimoine;m;2,97
pieuvre;f;2,97
pointillé;m;2,97
potion;f;2,97
poupe;f;2,97
prostitution;f;2,97
préface;f;2,97
pâtée;f;2,97
racaille;f;2,97
racisme;m;2,97
rendement;m;2,97
reçu;m;2,97
riposte;f;2,97
régal;m;2,97
rétine;f;2,97
sabotage;m;2,97
somnifère;m;2,97
spaghetti;m;2,97
symétrie;f;2,97
sépulture;f;2,97
talisman;m;2,97
terrassier;m;2,97
u;m;2,97
viscère;m;2,97
vison;m;2,97
voilette;f;2,97
écuelle;f;2,97
épaulette;f;2,97
épiderme;m;2,97
absinthe;f;2,91
adoption;f;2,91
armature;f;2,91
attirance;f;2,91
au-delà;m;2,91
baromètre;m;2,91
bey;m;2,91
bonniche;f;2,91
brimade;f;2,91
canaille;f;2,91
chanvre;m;2,91
citrouille;f;2,91
collectivité;f;2,91
colo;f;2,91
conspiration;f;2,91
corset;m;2,91
couché;m;2,91
couleuvre;f;2,91
demi-frère;m;2,91
diligence;f;2,91
dégradation;f;2,91
essuie-glace;m;2,91
expérimentation;f;2,91
fatras;m;2,91
fichier;m;2,91
glacière;f;2,91
gourbi;m;2,91
goéland;m;2,91
gâterie;f;2,91
hennissement;m;2,91
hic;m;2,91
imper;m;2,91
j;m;2,91
jaquette;f;2,91
kleenex;m;2,91
latitude;f;2,91
leurre;m;2,91
légation;f;2,91
marmelade;f;2,91
mi-hauteur;f;2,91
miché;m;2,91
mimosa;m;2,91
montage;m;2,91
mémorandum;m;2,91
nénuphar;m;2,91
paquetage;m;2,91
patine;f;2,91
planton;m;2,91
plaza;f;2,91
prélude;m;2,91
quincaillerie;f;2,91
quolibet;m;2,91
retournement;m;2,91
rongeur;m;2,91
récitation;f;2,91
réjouissance;f;2,91
souillure;f;2,91
stérilité;f;2,91
surenchère;f;2,91
tarin;m;2,91
terrier;m;2,91
théière;f;2,91
tic-tac;m;2,91
torpédo;f;2,91
torsade;f;2,91
tréfonds;m;2,91
tulipe;f;2,91
veneur;m;2,91
vraisemblance;f;2,91
yourte;f;2,91
écharde;f;2,91
acquiescement;m;2,84
baby;m;2,84
bafouille;f;2,84
baignade;f;2,84
bat-flanc;m;2,84
bifton;m;2,84
bocage;m;2,84
bourgeon;m;2,84
buse;f;2,84
bâtonnet;m;2,84
cachemire;m;2,84
caillot;m;2,84
calamité;f;2,84
calvitie;f;2,84
casaque;f;2,84
clapier;m;2,84
colonnade;f;2,84
compas;m;2,84
coupé;m;2,84
credo;m;2,84
dard;m;2,84
demi-sourire;m;2,84
devenir;m;2,84
divergence;f;2,84
djebel;m;2,84
décence;f;2,84
déshonneur;m;2,84
détention;f;2,84
entorse;f;2,84
entrelacs;m;2,84
essayage;m;2,84
fanatisme;m;2,84
fer-blanc;m;2,84
frivolité;f;2,84
gourdin;m;2,84
haute;f;2,84
imprimé;m;2,84
intermède;m;2,84
invective;f;2,84
living;m;2,84
majuscule;f;2,84
marne;f;2,84
massue;f;2,84
minorité;f;2,84
mobile;m;2,84
nord-est;m;2,84
normal;m;2,84
notoriété;f;2,84
oriflamme;f;2,84
pagode;f;2,84
papeterie;f;2,84
perdreau;m;2,84
perruche;f;2,84
poireau;m;2,84
pourtour;m;2,84
préhistoire;f;2,84
purgatoire;m;2,84
pénurie;f;2,84
périmètre;m;2,84
raid;m;2,84
rançon;f;2,84
rink;m;2,84
round;m;2,84
royale;f;2,84
saignée;f;2,84
semis;m;2,84
silencieux;m;2,84
surtout;m;2,84
tourmente;f;2,84
vaguelette;f;2,84
veuvage;m;2,84
violent;m;2,84
vénération;f;2,84
zizi;m;2,84
échiquier;m;2,84
équation;f;2,84
érudition;f;2,84
affliction;f;2,77
agriculture;f;2,77
aine;f;2,77
aménagement;m;2,77
aspérité;f;2,77
baldaquin;m;2,77
beignet;m;2,77
biquet;m;2,77
bruine;f;2,77
cambriolage;m;2,77
canari;m;2,77
caractéristique;f;2,77
carlingue;f;2,77
carne;f;2,77
cerceau;m;2,77
chaumière;f;2,77
chaînette;f;2,77
cogne;m;2,77
commutateur;m;2,77
concerto;m;2,77
corporation;f;2,77
couvre-lit;m;2,77
dentier;m;2,77
dogme;m;2,77
dérobade;f;2,77
dû;m;2,77
effacement;m;2,77
en-tête;m;2,77
environnement;m;2,77
exhibition;f;2,77
exotisme;m;2,77
extension;f;2,77
flan;m;2,77
fourniture;f;2,77
garde-manger;m;2,77
garde-robe;f;2,77
gorille;m;2,77
important;m;2,77
inauguration;f;2,77
infusion;f;2,77
investissement;m;2,77
job;m;2,77
jute;m;2,77
kermesse;f;2,77
kif;m;2,77
los;m;2,77
lubie;f;2,77
mica;m;2,77
monstruosité;f;2,77
navet;m;2,77
nullité;f;2,77
oracle;m;2,77
passe-temps;m;2,77
pensionnat;m;2,77
plate-bande;f;2,77
poupon;m;2,77
préambule;m;2,77
prélat;m;2,77
pépiement;m;2,77
pétoche;f;2,77
rechange;m;2,77
râtelier;m;2,77
réfrigérateur;m;2,77
rémission;f;2,77
réquisition;f;2,77
sabbat;m;2,77
samouraï;m;2,77
sauterelles;f;2,77
scooter;m;2,77
sous-vêtement;m;2,77
subordonné;m;2,77
super;m;2,77
survêtement;m;2,77
tourniquet;m;2,77
tuerie;f;2,77
untel;m;2,77
âpreté;f;2,77
accoutrement;m;2,70
adjudant-chef;m;2,70
anesthésie;f;2,70
arrière-plan;m;2,70
arôme;m;2,70
avortement;m;2,70
bacchante;f;2,70
baryton;m;2,70
bastion;m;2,70
besace;f;2,70
bolide;m;2,70
bracelet-montre;m;2,70
cache-cache;m;2,70
caillasse;f;2,70
canonnade;f;2,70
chahut;m;2,70
chalumeau;m;2,70
chancellerie;f;2,70
chiot;m;2,70
chopine;f;2,70
chrétienté;f;2,70
chèvrefeuille;m;2,70
circonspection;f;2,70
ciré;m;2,70
confesseur;m;2,70
courbette;f;2,70
devinette;f;2,70
démenti;m;2,70
embellie;f;2,70
employeur;m;2,70
entendement;m;2,70
esgourde;f;2,70
esthétique;f;2,70
fiente;f;2,70
firme;f;2,70
fossoyeur;m;2,70
foutaise;f;2,70
fringale;f;2,70
go;m;2,70
handicap;m;2,70
imbécillité;f;2,70
incohérence;f;2,70
jalon;m;2,70
laque;f;2,70
lessiveur;f;2,70
lichen;m;2,70
linceul;m;2,70
léopard;m;2,70
moulure;f;2,70
mutilé;m;2,70
méninge;f;2,70
oral;m;2,70
outillage;m;2,70
pitance;f;2,70
plumeau;m;2,70
pronostic;m;2,70
prospection;f;2,70
radar;m;2,70
rapace;m;2,70
relâchement;m;2,70
rombier;f;2,70
rosé;m;2,70
récré;f;2,70
résidu;m;2,70
sautoir;m;2,70
signalement;m;2,70
substitut;m;2,70
tournage;m;2,70
treille;f;2,70
tremble;m;2,70
trépied;m;2,70
ténor;m;2,70
varech;m;2,70
villégiature;f;2,70
w;m;2,70
zouave;m;2,70
ânerie;f;2,70
éboueur;m;2,70
abattement;m;2,64
affluence;f;2,64
aigrette;f;2,64
animosité;f;2,64
annulaire;m;2,64
appentis;m;2,64
audition;f;2,64
aversion;f;2,64
babouche;f;2,64
baraquement;m;2,64
belle lurette;f;2,64
bicorne;m;2,64
biffeton;m;2,64
blondeur;f;2,64
boghei;m;2,64
bulldozer;m;2,64
caftan;m;2,64
cagna;f;2,64
chalon;m;2,64
complexité;f;2,64
contingent;m;2,64
cuirassé;m;2,64
célébration;f;2,64
dames;f;2,64
datte;f;2,64
dépouillement;m;2,64
désagrément;m;2,64
déséquilibre;m;2,64
encaustique;f;2,64
encyclopédie;f;2,64
estuaire;m;2,64
expédient;m;2,64
favorite;f;2,64
filin;m;2,64
filon;m;2,64
filtre;m;2,64
fion;m;2,64
flatterie;f;2,64
folk;m;2,64
garnement;m;2,64
gentil;m;2,64
goulée;f;2,64
hardiesse;f;2,64
lamelle;f;2,64
linoléum;m;2,64
longue-vue;f;2,64
luisant;m;2,64
manette;f;2,64
martinet;m;2,64
mazout;m;2,64
migration;f;2,64
mondanité;f;2,64
méfait;m;2,64
négatif;m;2,64
officine;f;2,64
ombrage;m;2,64
paddock;m;2,64
pick-up;m;2,64
pingouin;m;2,64
plumage;m;2,64
porte-voix;m;2,64
prie-dieu;m;2,64
progéniture;f;2,64
prémonition;f;2,64
périple;m;2,64
roncier;m;2,64
schéma;m;2,64
scorpion;m;2,64
serge;f;2,64
show;m;2,64
singulier;m;2,64
sommité;f;2,64
souk;m;2,64
stationnement;m;2,64
suaire;m;2,64
sucette;f;2,64
sélection;f;2,64
tatane;f;2,64
taux;m;2,64
transit;m;2,64
trille;m;2,64
trop-plein;m;2,64
ventilateur;m;2,64
zigzag;m;2,64
éclipse;f;2,64
accompagnement;m;2,57
acrobatie;f;2,57
amphithéâtre;m;2,57
anchois;m;2,57
angine;f;2,57
aperçu;m;2,57
approvisionnement;m;2,57
arrière-grand-mère;f;2,57
artichaut;m;2,57
bagnard;m;2,57
bail;m;2,57
ballast;m;2,57
belle-fille;f;2,57
bougeoir;m;2,57
bougnat;m;2,57
breuvage;m;2,57
bât;m;2,57
béguin;m;2,57
casa;f;2,57
castagnette;f;2,57
chacal;m;2,57
chamois;m;2,57
chope;f;2,57
controverse;f;2,57
crottin;m;2,57
dada;m;2,57
damier;m;2,57
dialecte;m;2,57
drachme;f;2,57
emplette;f;2,57
espionnage;m;2,57
faucille;f;2,57
figuration;f;2,57
flammèche;f;2,57
foetus;m;2,57
fracture;f;2,57
gisant;m;2,57
glu;f;2,57
gogues;m;2,57
groom;m;2,57
herse;f;2,57
homosexualité;f;2,57
hotte;f;2,57
hérisson;m;2,57
inclination;f;2,57
indolence;f;2,57
infidélité;f;2,57
infinité;f;2,57
investigation;f;2,57
jacquet;m;2,57
loukoum;m;2,57
mage;m;2,57
manager;m;2,57
maquignon;m;2,57
mess;m;2,57
meuf;f;2,57
miaulement;m;2,57
mue;f;2,57
mutilation;f;2,57
mâchefer;m;2,57
naïf;m;2,57
notice;f;2,57
odorat;m;2,57
orchidée;f;2,57
parabole;f;2,57
piaillement;m;2,57
plastron;m;2,57
popote;f;2,57
prunier;m;2,57
prévention;f;2,57
ramage;m;2,57
reconstitution;f;2,57
référendum;m;2,57
réglisse;f;2,57
sauvegarde;f;2,57
savane;f;2,57
secrète;f;2,57
sir;m;2,57
souille;f;2,57
steak;m;2,57
stèle;f;2,57
susceptibilité;f;2,57
suspicion;f;2,57
tabatière;f;2,57
taie;f;2,57
traversin;m;2,57
truchement;m;2,57
vagabondage;m;2,57
vessie;f;2,57
vicaire;m;2,57
visée;f;2,57
volatile;m;2,57
vouloir;m;2,57
vrille;f;2,57
abricot;m;2,50
absolution;f;2,50
accouplement;m;2,50
aiguillon;m;2,50
anis;m;2,50
atrocité;f;2,50
bajoue;f;2,50
barrette;f;2,50
billot;m;2,50
boss;m;2,50
brouille;f;2,50
cambuse;f;2,50
camelot;m;2,50
capeline;f;2,50
carrousel;m;2,50
chaloupe;f;2,50
chambrette;f;2,50
charpie;f;2,50
cheminot;m;2,50
chevron;m;2,50
châtaigne;f;2,50
cigogne;f;2,50
commisération;f;2,50
comète;f;2,50
conjoncture;f;2,50
content;m;2,50
courbure;f;2,50
cureton;m;2,50
dahlia;m;2,50
demi-sommeil;m;2,50
discernement;m;2,50
dissolution;f;2,50
dodo;m;2,50
duo;m;2,50
dynamite;f;2,50
décarrade;f;2,50
déclenchement;m;2,50
dénonciation;f;2,50
dénégation;f;2,50
entrave;f;2,50
ermite;m;2,50
expansion;f;2,50
fiel;m;2,50
foreign office;m;2,50
frêne;m;2,50
galanterie;f;2,50
gargouillis;m;2,50
gaucherie;f;2,50
gaule;f;2,50
gui;m;2,50
habillement;m;2,50
impact;m;2,50
incantation;f;2,50
indicateur;m;2,50
joug;m;2,50
jugé;m;2,50
latrine;f;2,50
liséré;m;2,50
légalité;f;2,50
marchandage;m;2,50
maudit;m;2,50
minus;m;2,50
mocassin;m;2,50
moellon;m;2,50
muette;f;2,50
normale;f;2,50
noyer;m;2,50
nul;m;2,50
névrose;f;2,50
opportunité;f;2,50
ovation;f;2,50
pastèque;f;2,50
pilori;m;2,50
planchette;f;2,50
prescription;f;2,50
procuration;f;2,50
providence;f;2,50
prévenance;f;2,50
pépère;m;2,50
rendu;m;2,50
restau;m;2,50
rhinocéros;m;2,50
risée;f;2,50
rond-point;m;2,50
râteau;m;2,50
réquisitoire;m;2,50
shoot;m;2,50
sole;f;2,50
spontanéité;f;2,50
sévices;m;2,50
tentacule;m;2,50
tertre;m;2,50
tombereau;m;2,50
transatlantique;m;2,50
tyrannie;f;2,50
ulcère;m;2,50
veulerie;f;2,50
vieillissement;m;2,50
échappée;f;2,50
épineux;m;2,50
agrafe;f;2,43
aller-retour;m;2,43
amélioration;f;2,43
antipode;m;2,43
authenticité;f;2,43
baise;f;2,43
battoir;m;2,43
biscotte;f;2,43
bonbonne;f;2,43
caddie;m;2,43
cadenas;m;2,43
cantatrice;f;2,43
caoua;m;2,43
catholicisme;m;2,43
cellophane;f;2,43
chansonnette;f;2,43
choléra;m;2,43
chuchotis;m;2,43
civet;m;2,43
claie;f;2,43
claire-voie;f;2,43
clavecin;m;2,43
clémence;f;2,43
cocotier;m;2,43
conjonction;f;2,43
consulat;m;2,43
coqueluche;f;2,43
coran;m;2,43
courtine;f;2,43
documentation;f;2,43
décennie;f;2,43
déformation;f;2,43
démence;f;2,43
déposition;f;2,43
désertion;f;2,43
endurance;f;2,43
fiesta;f;2,43
figurine;f;2,43
flegme;m;2,43
fleuret;m;2,43
flipper;m;2,43
flottement;m;2,43
fluide;m;2,43
flânerie;f;2,43
fouine;f;2,43
fréquence;f;2,43
fuseau;m;2,43
garrot;m;2,43
gazette;f;2,43
gourmette;f;2,43
guimauve;f;2,43
gymnase;m;2,43
houppette;f;2,43
hyène;f;2,43
impassibilité;f;2,43
inquisiteur;m;2,43
kimono;m;2,43
laboureur;m;2,43
laitue;f;2,43
macaroni;m;2,43
maternel;f;2,43
miroitement;m;2,43
moucheron;m;2,43
mouflette;f;2,43
narration;f;2,43
nippe;f;2,43
noyade;f;2,43
pa;f;2,43
papelard;m;2,43
parodie;f;2,43
patronage;m;2,43
plinthe;f;2,43
pont-neuf;m;2,43
poulaga;m;2,43
pourcentage;m;2,43
poussette;f;2,43
quignon;m;2,43
rameur;m;2,43
rareté;f;2,43
renom;m;2,43
renouvellement;m;2,43
rillettes;f;2,43
rogne;f;2,43
résiné;m;2,43
saladier;m;2,43
sana;m;2,43
soupière;f;2,43
stalle;f;2,43
tenaille;f;2,43
tesson;m;2,43
timbale;f;2,43
tire-bouchon;m;2,43
topo;m;2,43
torero;m;2,43
trompe-l'oeil;m;2,43
tropique;m;2,43
truelle;f;2,43
tutelle;f;2,43
vétéran;m;2,43
échafaud;m;2,43
étron;m;2,43
affre;f;2,36
arrière-salle;f;2,36
ave;m;2,36
aviron;m;2,36
bistouri;m;2,36
blocus;m;2,36
boucan;m;2,36
bronchite;f;2,36
calva;m;2,36
camionneur;m;2,36
carpette;f;2,36
comté;m;2,36
corneille;f;2,36
couillon;m;2,36
criquet;m;2,36
cyclope;m;2,36
demi-lune;f;2,36
dentellière;f;2,36
déjection;f;2,36
démolition;f;2,36
dérapage;m;2,36
désoeuvrement;m;2,36
enflure;f;2,36
esclandre;m;2,36
exagération;f;2,36
express;m;2,36
fac;f;2,36
feinte;f;2,36
filiation;f;2,36
fortification;f;2,36
fourmillement;m;2,36
fournée;f;2,36
friction;f;2,36
frousse;f;2,36
fébrilité;f;2,36
fédération;f;2,36
geôle;f;2,36
girouette;f;2,36
grand-rue;f;2,36
hausse;f;2,36
hongrois;m;2,36
hure;f;2,36
héron;m;2,36
immondice;f;2,36
impresario;m;2,36
inaction;f;2,36
indemnité;f;2,36
indignité;f;2,36
julot;m;2,36
laquais;m;2,36
lie;f;2,36
lingot;m;2,36
loriot;m;2,36
louveteau;m;2,36
mandibule;f;2,36
marmot;m;2,36
minceur;f;2,36
minuterie;f;2,36
modulation;f;2,36
modération;f;2,36
multiplication;f;2,36
obédience;f;2,36
ouzo;m;2,36
perdition;f;2,36
persil;m;2,36
pesée;f;2,36
phantasme;m;2,36
ping-pong;m;2,36
plaidoirie;f;2,36
populace;f;2,36
porter;m;2,36
puberté;f;2,36
pulpe;f;2,36
pétarade;f;2,36
quéquette;f;2,36
relevé;m;2,36
remugle;m;2,36
reptile;m;2,36
retombée;f;2,36
ribambelle;f;2,36
salutation;f;2,36
seigle;m;2,36
soulèvement;m;2,36
séquelle;f;2,36
truie;f;2,36
turbulence;f;2,36
turpitude;f;2,36
vêpre;f;2,36
éboulement;m;2,36
étroitesse;f;2,36
abjection;f;2,30
afflux;m;2,30
archet;m;2,30
armateur;m;2,30
avorton;m;2,30
baluchon;m;2,30
bas-ventre;m;2,30
berline;f;2,30
boa;m;2,30
boubou;m;2,30
branchette;f;2,30
cactus;m;2,30
cadi;m;2,30
charte;f;2,30
circoncision;f;2,30
complainte;f;2,30
contexte;m;2,30
cornichon;m;2,30
crève;f;2,30
dissimulation;f;2,30
découpe;f;2,30
dédicace;f;2,30
démangeaison;f;2,30
fourrage;m;2,30
franc-tireur;m;2,30
garniture;f;2,30
gaspillage;m;2,30
gestion;f;2,30
gigolo;m;2,30
humanisme;m;2,30
inattention;f;2,30
inflation;f;2,30
interrupteur;m;2,30
islam;m;2,30
java;f;2,30
larcin;m;2,30
lettré;m;2,30
luciole;f;2,30
luxure;f;2,30
lévrier;m;2,30
mamie;f;2,30
max;m;2,30
modalité;f;2,30
nageoire;f;2,30
naphtaline;f;2,30
ondée;f;2,30
perquisition;f;2,30
pessimisme;m;2,30
pichenette;f;2,30
pilotis;m;2,30
platitude;f;2,30
postérité;f;2,30
prestance;f;2,30
prestation;f;2,30
procès-verbal;m;2,30
prétoire;m;2,30
pécule;m;2,30
quinquet;m;2,30
respectabilité;f;2,30
retouche;f;2,30
rigolo;m;2,30
scierie;f;2,30
session;f;2,30
shampooing;m;2,30
sollicitation;f;2,30
spahi;m;2,30
standard;m;2,30
substitution;f;2,30
sud-est;m;2,30
toupet;m;2,30
tram;m;2,30
ténacité;f;2,30
vieillerie;f;2,30
vitamine;f;2,30
ébat;m;2,30
élancement;m;2,30
émulation;f;2,30
accolade;f;2,23
acquit;m;2,23
alternative;f;2,23
amandier;m;2,23
amazone;f;2,23
anticipation;f;2,23
arithmétique;f;2,23
ascendance;f;2,23
assortiment;m;2,23
asticot;m;2,23
atterrissage;m;2,23
auge;f;2,23
aviso;m;2,23
aérogare;f;2,23
bienséance;f;2,23
bobo;m;2,23
boutoir;m;2,23
bronche;f;2,23
burin;m;2,23
business;m;2,23
bégaiement;m;2,23
caca;m;2,23
calembour;m;2,23
camélia;m;2,23
carat;m;2,23
caution;f;2,23
chape;f;2,23
chevalerie;f;2,23
chique;f;2,23
chronomètre;m;2,23
collision;f;2,23
colloque;m;2,23
conque;f;2,23
contorsion;f;2,23
coquette;f;2,23
dialectique;f;2,23
diamètre;m;2,23
divagation;f;2,23
démarreur;m;2,23
déportation;f;2,23
désillusion;f;2,23
encoche;f;2,23
estampe;f;2,23
fauvette;f;2,23
fourgue;m;2,23
frac;m;2,23
fripouille;f;2,23
gangrène;f;2,23
gousset;m;2,23
griserie;f;2,23
gym;f;2,23
hochet;m;2,23
importation;f;2,23
lacune;f;2,23
laps;m;2,23
largesse;f;2,23
liesse;f;2,23
living-room;m;2,23
légat;m;2,23
malignité;f;2,23
marelle;f;2,23
martini;m;2,23
midinette;f;2,23
mite;f;2,23
ménagerie;f;2,23
obsédé;m;2,23
passionné;m;2,23
passoire;f;2,23
planteur;m;2,23
poli;m;2,23
pourparlers;m;2,23
probabilité;f;2,23
promptitude;f;2,23
précepte;m;2,23
pur-sang;m;2,23
purin;m;2,23
pétrolier;m;2,23
quidam;m;2,23
racontar;m;2,23
renversement;m;2,23
singerie;f;2,23
siphon;m;2,23
soubassement;m;2,23
soudard;m;2,23
soupirant;m;2,23
sprint;m;2,23
surplomb;m;2,23
torchis;m;2,23
vulgaire;m;2,23
écoutant;m;2,23
égratignure;f;2,23
éphèbe;m;2,23
épinard;m;2,23
abaissement;m;2,16
adversité;f;2,16
agglomération;f;2,16
aiguillage;m;2,16
allégorie;f;2,16
anomalie;f;2,16
antilope;f;2,16
arrivé;m;2,16
atlas;m;2,16
aulne;m;2,16
autonomie;f;2,16
ballerine;f;2,16
ban;m;2,16
barda;m;2,16
beigne;f;2,16
boutanche;f;2,16
brasse;f;2,16
camouflage;m;2,16
cartouchière;f;2,16
cavité;f;2,16
chicane;f;2,16
chiendent;m;2,16
contre-attaque;f;2,16
contrepartie;f;2,16
coordination;f;2,16
denture;f;2,16
dextérité;f;2,16
déconvenue;f;2,16
déduction;f;2,16
défroque;f;2,16
délicat;m;2,16
embarcadère;m;2,16
exclusivité;f;2,16
fiasco;m;2,16
filament;m;2,16
flashe;m;2,16
genièvre;m;2,16
gratin;m;2,16
havresac;m;2,16
home;m;2,16
inconfort;m;2,16
indécence;f;2,16
indécision;f;2,16
jabot;m;2,16
liturgie;f;2,16
léthargie;f;2,16
machination;f;2,16
maillet;m;2,16
manif;f;2,16
manipulation;f;2,16
merguez;f;2,16
mire;f;2,16
myopie;f;2,16
myrtille;f;2,16
méprise;f;2,16
nougat;m;2,16
onze;m;2,16
panard;m;2,16
partouze;f;2,16
petit-bourgeois;m;2,16
petitesse;f;2,16
phosphore;m;2,16
pintade;f;2,16
rangement;m;2,16
rime;f;2,16
rixe;f;2,16
rocaille;f;2,16
rosace;f;2,16
rumination;f;2,16
saint-père;m;2,16
salpêtre;m;2,16
sinistre;m;2,16
slow;m;2,16
socquette;f;2,16
sondage;m;2,16
soute;f;2,16
strophe;f;2,16
surdité;f;2,16
tabernacle;m;2,16
thon;m;2,16
tirelire;f;2,16
tiroir-caisse;m;2,16
tison;m;2,16
treuil;m;2,16
tribut;m;2,16
tromperie;f;2,16
tune;f;2,16
vagin;m;2,16
vicissitude;f;2,16
vocable;m;2,16
éclosion;f;2,16
éditorial;m;2,16
énumération;f;2,16
éventaire;m;2,16
bikini;m;2,09
bouledogue;m;2,09
break;m;2,09
cabanon;m;2,09
cache-nez;m;2,09
calicot;m;2,09
campanile;m;2,09
causerie;f;2,09
charentais;f;2,09
chrysanthème;m;2,09
citerne;f;2,09
classement;m;2,09
clocheton;m;2,09
collerette;f;2,09
concupiscence;f;2,09
couperet;m;2,09
coupon;m;2,09
courette;f;2,09
couronnement;m;2,09
courroux;m;2,09
dague;f;2,09
delta;m;2,09
diatribe;f;2,09
directoire;m;2,09
discorde;f;2,09
défiance;f;2,09
déflagration;f;2,09
désintéressement;m;2,09
détournement;m;2,09
entité;f;2,09
faciès;m;2,09
fermoir;m;2,09
fifre;m;2,09
fioriture;f;2,09
firmament;m;2,09
fume-cigarette;m;2,09
goujat;m;2,09
gouvernant;m;2,09
grabat;m;2,09
houppelande;f;2,09
imagerie;f;2,09
instructeur;m;2,09
kamikaze;m;2,09
layette;f;2,09
ligue;f;2,09
lobe;m;2,09
lorgnette;f;2,09
lumignon;m;2,09
mangue;f;2,09
manifeste;m;2,09
mansuétude;f;2,09
margelle;f;2,09
marotte;f;2,09
marqueterie;f;2,09
maxime;f;2,09
mille-pattes;m;2,09
mobylette;f;2,09
montre-bracelet;f;2,09
moustiquaire;f;2,09
médecin-chef;m;2,09
nestorien;m;2,09
nirvâna;m;2,09
négoce;m;2,09
omission;f;2,09
option;f;2,09
pageot;m;2,09
paria;m;2,09
pathétique;m;2,09
pectoral;m;2,09
perpétuité;f;2,09
persuasion;f;2,09
persévérance;f;2,09
pitaine;m;2,09
piédestal;m;2,09
polichinelle;m;2,09
pouffiasse;f;2,09
pouliche;f;2,09
provincial;m;2,09
provisoire;m;2,09
pâquerette;f;2,09
raclement;m;2,09
rallonge;f;2,09
reniement;m;2,09
ricochet;m;2,09
ruade;f;2,09
rut;m;2,09
serra;f;2,09
sonnet;m;2,09
suppression;f;2,09
sylvie;f;2,09
tarot;m;2,09
taré;m;2,09
thym;m;2,09
timon;m;2,09
tintouin;m;2,09
top;m;2,09
vallonnement;m;2,09
voltige;f;2,09
écritoire;f;2,09
écueil;m;2,09
éruption;f;2,09
étole;f;2,09
absorption;f;2,03
algèbre;f;2,03
amalgame;m;2,03
analogie;f;2,03
appart;m;2,03
arrière-garde;f;2,03
aubépine;f;2,03
autour;m;2,03
babiole;f;2,03
barillet;m;2,03
bastingage;m;2,03
bidule;m;2,03
blue-jean;m;2,03
boire;m;2,03
boiteux;m;2,03
bonne-maman;f;2,03
calife;m;2,03
charognard;m;2,03
charre;m;2,03
chirurgie;f;2,03
clignement;m;2,03
colique;f;2,03
collation;f;2,03
compresse;f;2,03
connasse;f;2,03
connétable;m;2,03
contrecoup;m;2,03
couette;f;2,03
crachin;m;2,03
croisillon;m;2,03
déprime;f;2,03
effraction;f;2,03
entrefaite;f;2,03
escrime;f;2,03
flicard;m;2,03
formica;m;2,03
fécondité;f;2,03
gangue;f;2,03
giron;m;2,03
glotte;f;2,03
gnome;m;2,03
gué;m;2,03
harpon;m;2,03
hortensia;m;2,03
imparfait;m;2,03
incartade;f;2,03
indigestion;f;2,03
inexpérience;f;2,03
innovation;f;2,03
intérim;m;2,03
inventeur;m;2,03
jappement;m;2,03
jardinage;m;2,03
jeté;m;2,03
joute;f;2,03
lancement;m;2,03
lancer;m;2,03
lisse;f;2,03
literie;f;2,03
luminosité;f;2,03
lé;m;2,03
mameluk;m;2,03
manufacture;f;2,03
mascarade;f;2,03
masturbation;f;2,03
matador;m;2,03
matrice;f;2,03
mistral;m;2,03
national-socialisme;m;2,03
nounours;m;2,03
objurgation;f;2,03
octroi;m;2,03
onomatopée;f;2,03
opacité;f;2,03
orangeade;f;2,03
oursin;m;2,03
paie;f;2,03
paiement;m;2,03
paletot;m;2,03
pancréas;m;2,03
pelletée;f;2,03
permanente;f;2,03
placidité;f;2,03
plaisance;f;2,03
pliant;m;2,03
plumet;m;2,03
polo;m;2,03
poster;m;2,03
potence;f;2,03
poterne;f;2,03
poutrelle;f;2,03
préalable;m;2,03
préjudice;m;2,03
prêche;m;2,03
puma;m;2,03
remuement;m;2,03
repassage;m;2,03
retardement;m;2,03
rhétorique;f;2,03
ritournelle;f;2,03
rosette;f;2,03
récif;m;2,03
salière;f;2,03
savoir-faire;m;2,03
souillard;f;2,03
standing;m;2,03
suif;m;2,03
syntaxe;f;2,03
tandem;m;2,03
thorax;m;2,03
tiercé;m;2,03
tourbe;f;2,03
toute-puissance;f;2,03
trappeur;m;2,03
troc;m;2,03
tâtonnement;m;2,03
vaillance;f;2,03
vocifération;f;2,03
églantine;f;2,03
érable;m;2,03
abdication;f;1,96
acolyte;m;1,96
acétylène;m;1,96
alchimie;f;1,96
algarade;f;1,96
aménité;f;1,96
appendice;m;1,96
arbitraire;m;1,96
arrivage;m;1,96
bercail;m;1,96
bienfaisance;f;1,96
bobard;m;1,96
borborygme;m;1,96
bouillotte;f;1,96
boulier;m;1,96
brigadier-chef;m;1,96
brillantine;f;1,96
bâillon;m;1,96
bénitier;m;1,96
cador;m;1,96
cake;m;1,96
cambrousse;f;1,96
carême;m;1,96
catacombe;f;1,96
censeur;m;1,96
chorale;f;1,96
clair-obscur;m;1,96
contre-courant;m;1,96
contrebande;f;1,96
convalescent;m;1,96
cordial;m;1,96
cotre;m;1,96
couffin;m;1,96
crudité;f;1,96
cuistance;f;1,96
cupidité;f;1,96
demi-obscurité;f;1,96
descendance;f;1,96
dey;m;1,96
dèche;f;1,96
découpage;m;1,96
déplaisir;m;1,96
embardée;f;1,96
embonpoint;m;1,96
empiétement;m;1,96
escarmouche;f;1,96
exportation;f;1,96
facétie;f;1,96
fange;f;1,96
fixation;f;1,96
fondrière;f;1,96
garrigue;f;1,96
gaufre;f;1,96
geindre;m;1,96
glissière;f;1,96
gogo;m;1,96
gougnafier;m;1,96
gus;m;1,96
généalogie;f;1,96
généralité;f;1,96
horoscope;m;1,96
hors-d'oeuvre;m;1,96
hypothèque;f;1,96
idéalisme;m;1,96
imposteur;m;1,96
indigence;f;1,96
invocation;f;1,96
jonction;f;1,96
jugulaire;f;1,96
laissez-passer;m;1,96
land;m;1,96
look;m;1,96
macchabée;m;1,96
magnificence;f;1,96
maréchal-ferrant;m;1,96
merdier;m;1,96
mesquinerie;f;1,96
minaret;m;1,96
mirabelle;f;1,96
mitre;f;1,96
mobilité;f;1,96
monarque;m;1,96
morve;f;1,96
oscillation;f;1,96
pitre;m;1,96
pivoine;f;1,96
post-scriptum;m;1,96
primeur;f;1,96
propension;f;1,96
pylône;m;1,96
pénis;m;1,96
rapatriement;m;1,96
rature;f;1,96
requête;f;1,96
râble;m;1,96
réfection;f;1,96
réprimande;f;1,96
résille;f;1,96
sadisme;m;1,96
saisissement;m;1,96
saphir;m;1,96
satellite;m;1,96
soierie;f;1,96
sous-main;m;1,96
sparadrap;m;1,96
stridence;f;1,96
surréalisme;m;1,96
suée;f;1,96
synthèse;f;1,96
tambouille;f;1,96
termite;m;1,96
tractation;f;1,96
traîtrise;f;1,96
tribun;m;1,96
trépidation;f;1,96
turne;f;1,96
verso;m;1,96
vignoble;m;1,96
vilain;m;1,96
violation;f;1,96
éclaircissement;m;1,96
élimination;f;1,96
épithète;f;1,96
agencement;m;1,89
alexandrin;m;1,89
almanach;m;1,89
aloi;m;1,89
amnistie;f;1,89
appareillage;m;1,89
armoirie;f;1,89
arrosage;m;1,89
avertisseur;m;1,89
baba;m;1,89
baccalauréat;m;1,89
batelier;m;1,89
bouddhisme;m;1,89
brio;m;1,89
c;m;1,89
chambrée;f;1,89
chrono;m;1,89
clairvoyance;f;1,89
clause;f;1,89
cloaque;m;1,89
combustion;f;1,89
confessionnal;m;1,89
conscrit;m;1,89
consonance;f;1,89
critère;m;1,89
crustacé;m;1,89
cueillette;f;1,89
cymbale;f;1,89
diminutif;m;1,89
dolmen;m;1,89
drugstore;m;1,89
défensive;f;1,89
dégringolade;f;1,89
délibération;f;1,89
dérangement;m;1,89
embrassade;f;1,89
enchère;f;1,89
enduit;m;1,89
fève;f;1,89
garde-fou;m;1,89
gibet;m;1,89
glaïeul;m;1,89
graminée;f;1,89
groin;m;1,89
groseille;f;1,89
guenon;f;1,89
ineptie;f;1,89
infection;f;1,89
jonchée;f;1,89
juke-box;m;1,89
jérémiade;f;1,89
kipa;f;1,89
lacis;m;1,89
lippe;f;1,89
lut;m;1,89
madeleine;f;1,89
malhonnêteté;f;1,89
meublé;m;1,89
moka;m;1,89
mors;m;1,89
musculature;f;1,89
mysticisme;m;1,89
mécène;m;1,89
ogresse;f;1,89
once;f;1,89
opprobre;m;1,89
ortolan;m;1,89
papillote;f;1,89
pastel;m;1,89
pierreries;f;1,89
piécette;f;1,89
poinçon;m;1,89
pollen;m;1,89
porte-jarretelles;m;1,89
probité;f;1,89
purge;f;1,89
ralentissement;m;1,89
rebondissement;m;1,89
rechute;f;1,89
rigidité;f;1,89
roquet;m;1,89
rudiment;m;1,89
récital;m;1,89
récupération;f;1,89
sabord;m;1,89
safran;m;1,89
sarabande;f;1,89
soc;m;1,89
sono;f;1,89
souteneur;m;1,89
strapontin;m;1,89
stuc;m;1,89
sureau;m;1,89
testicule;m;1,89
tirant;m;1,89
toutou;m;1,89
traquenard;m;1,89
travesti;m;1,89
tumeur;f;1,89
tutoiement;m;1,89
typhon;m;1,89
têtard;m;1,89
vadrouille;f;1,89
végétal;m;1,89
wagon-lit;m;1,89
whiskies;m;1,89
éphémère;m;1,89
achèvement;m;1,82
admission;f;1,82
ahurissement;m;1,82
anthracite;m;1,82
antipathie;f;1,82
anus;m;1,82
apport;m;1,82
artiche;m;1,82
assiduité;f;1,82
autographe;m;1,82
barmaid;f;1,82
bienvenu;m;1,82
blocage;m;1,82
bossu;m;1,82
boursouflure;f;1,82
branle-bas;m;1,82
brasero;m;1,82
broutille;f;1,82
bulbe;m;1,82
bénard;m;1,82
caneton;m;1,82
carbone;m;1,82
carrelet;m;1,82
central;m;1,82
cerf-volant;m;1,82
chantre;m;1,82
charnière;f;1,82
charroi;m;1,82
chef-lieu;m;1,82
chouïa;m;1,82
chérubin;m;1,82
coccinelle;f;1,82
colonnette;f;1,82
colt;m;1,82
conciliation;f;1,82
constructeur;m;1,82
contrepoids;m;1,82
correctionnel;f;1,82
couenne;f;1,82
crécelle;f;1,82
cyprin;m;1,82
deux-pièces;m;1,82
diarrhée;f;1,82
distrait;m;1,82
doctorat;m;1,82
dressage;m;1,82
dynamisme;m;1,82
dégustation;f;1,82
dépotoir;m;1,82
effarement;m;1,82
envoûtement;m;1,82
exorcisme;m;1,82
fadeur;f;1,82
fourrier;m;1,82
frelon;m;1,82
frimousse;f;1,82
fritz;m;1,82
fronde;f;1,82
gabarit;m;1,82
gagne-pain;m;1,82
gargouille;f;1,82
gestation;f;1,82
gnon;m;1,82
grive;f;1,82
gâche;f;1,82
gâchette;f;1,82
généralissime;m;1,82
hobereau;m;1,82
huis;m;1,82
hululement;m;1,82
hôtellerie;f;1,82
identification;f;1,82
ingrédient;m;1,82
jaillissement;m;1,82
jardinière;f;1,82
jarretelle;f;1,82
kiosk;m;1,82
larron;m;1,82
licorne;f;1,82
mac;m;1,82
maisonnée;f;1,82
mandarin;m;1,82
merdeux;m;1,82
mollard;m;1,82
mousseux;m;1,82
muqueux;f;1,82
médium;m;1,82
nasse;f;1,82
octave;f;1,82
oeillade;f;1,82
oeillère;f;1,82
onguent;m;1,82
pantomime;f;1,82
pare-chocs;m;1,82
pedigree;m;1,82
pinson;m;1,82
pipelette;f;1,82
placette;f;1,82
plouc;m;1,82
pléiade;f;1,82
popularité;f;1,82
préméditation;f;1,82
péquenot;m;1,82
questionnaire;m;1,82
repartie;f;1,82
régleur;m;1,82
répondant;m;1,82
skaï;m;1,82
spatule;f;1,82
strie;f;1,82
sénat;m;1,82
tamis;m;1,82
taxe;f;1,82
terroir;m;1,82
tortore;f;1,82
tout-puissant;m;1,82
transfusion;f;1,82
turf;m;1,82
ubiquité;f;1,82
vaudeville;m;1,82
vernissage;m;1,82
vexation;f;1,82
virtuosité;f;1,82
vivats;m;1,82
vénitien;m;1,82
épanchement;m;1,82
étourdissement;m;1,82
alhambra;f;1,76
amadou;m;1,76
amplitude;f;1,76
annales;f;1,76
apogée;m;1,76
apostrophe;f;1,76
appoint;m;1,76
athéisme;m;1,76
attouchement;m;1,76
automitrailleur;f;1,76
bedeau;m;1,76
berlingot;m;1,76
blot;m;1,76
bricolage;m;1,76
burnous;m;1,76
cagoule;f;1,76
cancan;m;1,76
candidature;f;1,76
capture;f;1,76
carence;f;1,76
castor;m;1,76
causette;f;1,76
chasuble;f;1,76
colimaçon;m;1,76
componction;f;1,76
comptine;f;1,76
congestion;f;1,76
contingence;f;1,76
contrition;f;1,76
coron;m;1,76
corpulence;f;1,76
couinement;m;1,76
court-circuit;m;1,76
crucifié;m;1,76
derviche;m;1,76
desserte;f;1,76
diadème;m;1,76
dirlo;m;1,76
disette;f;1,76
doléance;f;1,76
droiture;f;1,76
déballage;m;1,76
déhanchement;m;1,76
démarcation;f;1,76
désenchantement;m;1,76
engagé;m;1,76
esquif;m;1,76
exiguïté;f;1,76
expulsion;f;1,76
fatalisme;m;1,76
ferment;m;1,76
fessée;f;1,76
florin;m;1,76
flottille;f;1,76
fourgonnette;f;1,76
frasque;f;1,76
fêlure;f;1,76
garni;m;1,76
glapissement;m;1,76
grand-tante;f;1,76
gril;m;1,76
génisse;f;1,76
hallier;m;1,76
harmonica;m;1,76
haut-le-corps;m;1,76
hémisphère;m;1,76
immobilier;m;1,76
ingérence;f;1,76
intimidation;f;1,76
invraisemblance;f;1,76
judas;m;1,76
jusant;m;1,76
laie;f;1,76
laissé;m;1,76
lansquenet;m;1,76
lardon;m;1,76
li;m;1,76
légitimité;f;1,76
magnum;m;1,76
manchon;m;1,76
mappemonde;f;1,76
mark;m;1,76
maroquin;m;1,76
maxillaire;m;1,76
mercure;m;1,76
moire;f;1,76
molaire;f;1,76
molosse;m;1,76
morpion;m;1,76
moufle;f;1,76
net;m;1,76
opiniâtreté;f;1,76
parement;m;1,76
partance;f;1,76
patère;f;1,76
pavement;m;1,76
pendant;m;1,76
percussion;f;1,76
permanent;m;1,76
persistance;f;1,76
piquant;m;1,76
pourliche;m;1,76
praline;f;1,76
précis;m;1,76
présomption;f;1,76
pétition;f;1,76
quadrilatère;m;1,76
rab;m;1,76
rancart;m;1,76
ratiche;f;1,76
regroupement;m;1,76
reliquat;m;1,76
remontée;f;1,76
rotule;f;1,76
saumure;f;1,76
savoir-vivre;m;1,76
serrement;m;1,76
stratagème;m;1,76
supercherie;f;1,76
syncope;f;1,76
taffetas;m;1,76
trimard;m;1,76
troufion;m;1,76
typhus;m;1,76
téton;m;1,76
varice;f;1,76
velouté;m;1,76
verveine;f;1,76
vignette;f;1,76
voyelle;f;1,76
yack;m;1,76
échalas;m;1,76
égoutier;m;1,76
élaboration;f;1,76
élasticité;f;1,76
élytre;m;1,76
énoncé;m;1,76
épilogue;m;1,76
éraflure;f;1,76
achélème;m;1,69
acquis;m;1,69
agrandissement;m;1,69
airain;m;1,69
ajonc;m;1,69
alcazar;m;1,69
aparté;m;1,69
archéologie;f;1,69
ardent;m;1,69
armurier;m;1,69
arrière-train;m;1,69
astrakan;m;1,69
azimut;m;1,69
balafre;f;1,69
bistre;m;1,69
bouderie;f;1,69
bravade;f;1,69
breloque;f;1,69
bréviaire;m;1,69
buanderie;f;1,69
cahute;f;1,69
calebasse;f;1,69
camisole;f;1,69
carabinier;m;1,69
carburant;m;1,69
catafalque;m;1,69
chicorée;f;1,69
chimpanzé;m;1,69
chouchou;m;1,69
claire;f;1,69
confiserie;f;1,69
confrérie;f;1,69
conjuration;f;1,69
conquistador;m;1,69
consonne;f;1,69
constipation;f;1,69
criaillerie;f;1,69
crédulité;f;1,69
céréale;f;1,69
dam;m;1,69
dispensaire;m;1,69
district;m;1,69
djellaba;f;1,69
dosage;m;1,69
dépliant;m;1,69
encombre;m;1,69
ermitage;m;1,69
ex-voto;m;1,69
exaction;f;1,69
exhalaison;f;1,69
exhortation;f;1,69
final;m;1,69
froidure;f;1,69
froncement;m;1,69
futaille;f;1,69
fétu;m;1,69
gestapo;f;1,69
gesticulation;f;1,69
gloriole;f;1,69
gouvernail;m;1,69
gratuité;f;1,69
grondin;m;1,69
guimbarde;f;1,69
habitacle;m;1,69
hermine;f;1,69
hécatombe;f;1,69
imbroglio;m;1,69
imperfection;f;1,69
impertinence;f;1,69
intitulé;m;1,69
jersey;m;1,69
laurier-rose;m;1,69
leader;m;1,69
lino;m;1,69
lope;f;1,69
maléfice;m;1,69
mandragore;f;1,69
mante;f;1,69
marigot;m;1,69
modelé;m;1,69
muscadet;m;1,69
médius;m;1,69
métrage;m;1,69
météo;f;1,69
occident;m;1,69
occiput;m;1,69
ouléma;m;1,69
pagne;m;1,69
passe-montagne;m;1,69
pastaga;m;1,69
perversion;f;1,69
philtre;m;1,69
pilon;m;1,69
pistache;f;1,69
pivot;m;1,69
prononciation;f;1,69
prothèse;f;1,69
prédicateur;m;1,69
pulsion;f;1,69
quartz;m;1,69
raffut;m;1,69
rapine;f;1,69
remontrance;f;1,69
retranchement;m;1,69
rot;m;1,69
rougeole;f;1,69
roussette;f;1,69
rustine;f;1,69
réapparition;f;1,69
régence;f;1,69
répercussion;f;1,69
réverbération;f;1,69
sceptre;m;1,69
silo;m;1,69
sonate;f;1,69
songerie;f;1,69
sornette;f;1,69
stalinien;m;1,69
strass;m;1,69
succion;f;1,69
surplis;m;1,69
tapioca;m;1,69
texture;f;1,69
toboggan;m;1,69
tortillard;m;1,69
tribulation;f;1,69
tussor;m;1,69
tuyauterie;f;1,69
vantardise;f;1,69
vigie;f;1,69
vive;f;1,69
voracité;f;1,69
échappement;m;1,69
épitaphe;f;1,69
épuration;f;1,69
étourderie;f;1,69
abonnement;m;1,62
abside;f;1,62
abstinence;f;1,62
acabit;m;1,62
agréable;m;1,62
amicale;f;1,62
amputation;f;1,62
antienne;f;1,62
antisémitisme;m;1,62
avant-goût;m;1,62
aéroplane;m;1,62
bastos;f;1,62
bedaine;f;1,62
biffin;m;1,62
big bang;m;1,62
bluff;m;1,62
bourrin;m;1,62
boy-scout;m;1,62
braquage;m;1,62
bronzage;m;1,62
burette;f;1,62
campus;m;1,62
carabosse;f;1,62
cassoulet;m;1,62
chai;m;1,62
chansonnier;m;1,62
chemineau;m;1,62
chiffe;f;1,62
clepsydre;f;1,62
coloris;m;1,62
compromission;f;1,62
contrepoint;m;1,62
courbature;f;1,62
dattier;m;1,62
dealer;m;1,62
denier;m;1,62
devis;m;1,62
dicton;m;1,62
digression;f;1,62
douairier;f;1,62
débarcadère;m;1,62
décrépitude;f;1,62
délabrement;m;1,62
désignation;f;1,62
désinfectant;m;1,62
effendi;m;1,62
embrasement;m;1,62
ersatz;m;1,62
essoufflement;m;1,62
ex-femme;f;1,62
extrême-onction;f;1,62
faconde;f;1,62
ferrailleur;m;1,62
flemme;f;1,62
flotteur;m;1,62
foutoir;m;1,62
fox-trot;m;1,62
gadget;m;1,62
gazogène;m;1,62
gazouillis;m;1,62
geai;m;1,62
gladiateur;m;1,62
goupillon;m;1,62
grogne;f;1,62
haque;f;1,62
haut-de-forme;m;1,62
hautbois;m;1,62
inanition;f;1,62
incinération;f;1,62
incrustation;f;1,62
indispensable;m;1,62
inexistence;f;1,62
infarctus;m;1,62
insolation;f;1,62
interférence;f;1,62
inégalité;f;1,62
jeter;m;1,62
lange;m;1,62
lapsus;m;1,62
limpidité;f;1,62
lit-cage;m;1,62
loir;m;1,62
loutre;f;1,62
luth;m;1,62
mail;m;1,62
main-d'oeuvre;f;1,62
mambo;m;1,62
manigance;f;1,62
mastic;m;1,62
microscope;m;1,62
mixture;f;1,62
molécule;f;1,62
morphine;f;1,62
mousseron;m;1,62
mâture;f;1,62
médisance;f;1,62
nazisme;m;1,62
obligeance;f;1,62
officiant;m;1,62
ossature;f;1,62
ostensoir;m;1,62
oubliette;f;1,62
palazzo;m;1,62
pale;f;1,62
pater;m;1,62
picotement;m;1,62
primate;m;1,62
pâtre;m;1,62
pébroque;m;1,62
pérégrination;f;1,62
pétoire;f;1,62
rabat;m;1,62
rafraîchissement;m;1,62
ramassis;m;1,62
rapt;m;1,62
resto;m;1,62
revirement;m;1,62
reître;m;1,62
ripaille;f;1,62
saisie;f;1,62
salamandre;f;1,62
sauterelle;f;1,62
sbire;m;1,62
scellé;m;1,62
sigle;m;1,62
sobriété;f;1,62
sonatine;f;1,62
sous-préfecture;f;1,62
stratège;m;1,62
superflu;m;1,62
survenue;f;1,62
torpille;f;1,62
torpilleur;m;1,62
tournis;m;1,62
train-train;m;1,62
traiteur;m;1,62
troubadour;m;1,62
téloche;f;1,62
verglas;m;1,62
vinasse;f;1,62
youyou;m;1,62
élocution;f;1,62
abdomen;m;1,55
ablution;f;1,55
académicien;m;1,55
affaissement;m;1,55
allocation;f;1,55
ancienneté;f;1,55
antagonisme;m;1,55
antibiotique;m;1,55
arbalète;f;1,55
aridité;f;1,55
autopsie;f;1,55
baliverne;f;1,55
banquise;f;1,55
barrique;f;1,55
berceur;f;1,55
beuverie;f;1,55
bidonville;m;1,55
bigorneau;m;1,55
bijouterie;f;1,55
blase;m;1,55
bon-papa;m;1,55
bonze;m;1,55
bouddha;m;1,55
bristol;m;1,55
calcaire;m;1,55
calmant;m;1,55
carbure;m;1,55
cassine;f;1,55
charabia;m;1,55
charmille;f;1,55
ciboulot;m;1,55
clash;m;1,55
cognée;f;1,55
configuration;f;1,55
conjecture;f;1,55
contresens;m;1,55
convaincu;m;1,55
coordonnée;f;1,55
corvette;f;1,55
coterie;f;1,55
coudée;f;1,55
couvre-chef;m;1,55
créance;f;1,55
cuistre;m;1,55
cul-de-sac;m;1,55
dorée;f;1,55
déconfiture;f;1,55
délation;f;1,55
désapprobation;f;1,55
détroit;m;1,55
dînette;f;1,55
ecclésiastique;m;1,55
eczéma;m;1,55
engouement;m;1,55
entrefilet;m;1,55
euphémisme;m;1,55
excentricité;f;1,55
excroissance;f;1,55
extra;m;1,55
falbala;m;1,55
fausset;m;1,55
flore;f;1,55
foisonnement;m;1,55
formulaire;m;1,55
fusant;m;1,55
galipette;f;1,55
gargote;f;1,55
gibecière;f;1,55
glisse;f;1,55
gnôle;f;1,55
goal;m;1,55
gouache;f;1,55
gourmet;m;1,55
griot;m;1,55
guillemet;m;1,55
guérilla;f;1,55
hachure;f;1,55
halage;m;1,55
hammam;m;1,55
harnachement;m;1,55
if;m;1,55
impair;m;1,55
inadvertance;f;1,55
incognito;m;1,55
inculpation;f;1,55
indicatif;m;1,55
infiltration;f;1,55
inquiet;m;1,55
insensibilité;f;1,55
insinuation;f;1,55
irrigation;f;1,55
irrégularité;f;1,55
jupette;f;1,55
khâgne;f;1,55
laiton;m;1,55
lambris;m;1,55
larynx;m;1,55
limaille;f;1,55
localité;f;1,55
luge;f;1,55
mandore;f;1,55
manquement;m;1,55
matos;m;1,55
mi-corps;m;1,55
miaou;m;1,55
mil;m;1,55
mimétisme;m;1,55
minois;m;1,55
minou;m;1,55
mulot;m;1,55
multiplicité;f;1,55
myrte;m;1,55
méfiant;m;1,55
nickel;m;1,55
négus;m;1,55
oripeau;m;1,55
paraphe;m;1,55
pars;m;1,55
perturbation;f;1,55
pneumatique;m;1,55
ponctuation;f;1,55
populo;m;1,55
putsch;m;1,55
pêcher;m;1,55
rabais;m;1,55
rationnement;m;1,55
remorqueur;m;1,55
repris;m;1,55
retentissement;m;1,55
retourne;f;1,55
râpe;f;1,55
réciprocité;f;1,55
régression;f;1,55
réincarnation;f;1,55
répondeur;m;1,55
similitude;f;1,55
skunks;m;1,55
soda;m;1,55
sorbet;m;1,55
spleen;m;1,55
suavité;f;1,55
subjonctif;m;1,55
subordination;f;1,55
subsistance;f;1,55
tain;m;1,55
tantinet;m;1,55
tilt;m;1,55
tinette;f;1,55
tissage;m;1,55
toge;f;1,55
tonnage;m;1,55
tonnelet;m;1,55
tralala;m;1,55
trench-coat;m;1,55
triage;m;1,55
trépas;m;1,55
ultimatum;m;1,55
us;m;1,55
vandalisme;m;1,55
vidange;f;1,55
visibilité;f;1,55
volubilité;f;1,55
vomissement;m;1,55
vécu;m;1,55
water;m;1,55
ébranlement;m;1,55
écorchure;f;1,55
épilepsie;f;1,55
équateur;m;1,55
équerre;f;1,55
éternuement;m;1,55
abolition;f;1,49
abordage;m;1,49
accrochage;m;1,49
actif;m;1,49
affaiblissement;m;1,49
affichage;m;1,49
aileron;m;1,49
aliénation;f;1,49
altercation;f;1,49
altération;f;1,49
angelot;m;1,49
apathie;f;1,49
arpenteur;m;1,49
arpège;m;1,49
assimilation;f;1,49
basset;m;1,49
beaujolais;m;1,49
benêt;m;1,49
berne;f;1,49
berzingue;f;1,49
bestialité;f;1,49
binette;f;1,49
bla-bla;m;1,49
bouclette;f;1,49
bourgmestre;m;1,49
boutade;f;1,49
bovin;m;1,49
brisée;f;1,49
brème;f;1,49
burne;f;1,49
caban;m;1,49
caboche;f;1,49
cabot;m;1,49
caddy;m;1,49
campo;m;1,49
canasson;m;1,49
canoë;m;1,49
capharnaüm;m;1,49
cataplasme;m;1,49
catin;f;1,49
cep;m;1,49
chiasse;f;1,49
chorus;m;1,49
citronnier;m;1,49
clignotement;m;1,49
cocarde;f;1,49
collecte;f;1,49
colombier;m;1,49
coloration;f;1,49
coléoptère;m;1,49
combustible;m;1,49
croquet;m;1,49
demi-mot;m;1,49
diapason;m;1,49
diaphragme;m;1,49
diction;f;1,49
différend;m;1,49
dilemme;m;1,49
dysenterie;f;1,49
dénommé;m;1,49
enclave;f;1,49
entrejambe;m;1,49
entremise;f;1,49
envahissement;m;1,49
espalier;m;1,49
fadaise;f;1,49
faribole;f;1,49
faux-semblant;m;1,49
felouque;f;1,49
feston;m;1,49
flageolet;m;1,49
flamboiement;m;1,49
fumoir;m;1,49
féminin;m;1,49
gaullisme;m;1,49
gouaille;f;1,49
grattement;m;1,49
grattoir;m;1,49
grolle;f;1,49
gueulante;f;1,49
harcèlement;m;1,49
hebdo;m;1,49
hiéroglyphe;m;1,49
honoraire;m;1,49
hors-la-loi;m;1,49
huée;f;1,49
imprésario;m;1,49
incongruité;f;1,49
indéfrisable;f;1,49
insanité;f;1,49
insécurité;f;1,49
irresponsabilité;f;1,49
item;m;1,49
joujou;m;1,49
juridiction;f;1,49
lavandière;f;1,49
legs;m;1,49
libation;f;1,49
libéralisme;m;1,49
liquette;f;1,49
loustic;m;1,49
madras;m;1,49
margay;m;1,49
marinier;m;1,49
martien;m;1,49
matérialisme;m;1,49
mordant;m;1,49
myosotis;m;1,49
mystification;f;1,49
mélodrame;m;1,49
métayer;m;1,49
mûr;f;1,49
no man's land;m;1,49
oratoire;m;1,49
para;m;1,49
pavois;m;1,49
pavot;m;1,49
peignée;f;1,49
perdrix;f;1,49
perversité;f;1,49
pincette;f;1,49
pointure;f;1,49
polar;m;1,49
porphyre;m;1,49
pourpoint;m;1,49
presqu'île;f;1,49
précurseur;m;1,49
péristyle;m;1,49
pétanque;f;1,49
raclure;f;1,49
ratière;f;1,49
renflement;m;1,49
reps;m;1,49
robert;m;1,49
rouget;m;1,49
rutabaga;m;1,49
réformateur;m;1,49
salamalec;m;1,49
scrutin;m;1,49
semestre;m;1,49
semonce;f;1,49
sergent-chef;m;1,49
serviette-éponge;f;1,49
speed;m;1,49
spot;m;1,49
sécateur;m;1,49
sécrétion;f;1,49
séquoia;m;1,49
tablée;f;1,49
talbin;m;1,49
talc;m;1,49
tournoiement;m;1,49
trèpe;m;1,49
tumulus;m;1,49
typo;m;1,49
télex;m;1,49
vermouth;m;1,49
vomi;m;1,49
vu;m;1,49
vélomoteur;m;1,49
zébrure;f;1,49
épervier;m;1,49
épuisette;f;1,49
équité;f;1,49
érosion;f;1,49
abattu;m;1,42
abrutissement;m;1,42
accotement;m;1,42
allégeance;f;1,42
animalité;f;1,42
apprêt;m;1,42
assertion;f;1,42
attendu;m;1,42
attrape;f;1,42
avanie;f;1,42
badge;m;1,42
badine;f;1,42
bec-de-cane;m;1,42
blabla;m;1,42
black;m;1,42
bougainvillée;f;1,42
bringue;f;1,42
brocante;f;1,42
brève;f;1,42
cacao;m;1,42
cartilage;m;1,42
chevrotine;f;1,42
civilité;f;1,42
compte-gouttes;m;1,42
concentré;m;1,42
cosmos;m;1,42
couvée;f;1,42
cric;m;1,42
cricri;m;1,42
criée;f;1,42
croquant;m;1,42
créancier;m;1,42
cul-de-jatte;m;1,42
dabe;m;1,42
diabète;m;1,42
dogue;m;1,42
douve;f;1,42
déambulation;f;1,42
débardeur;m;1,42
déficit;m;1,42
délinquance;f;1,42
départementale;f;1,42
elfe;m;1,42
ellipse;f;1,42
empêchement;m;1,42
encadré;m;1,42
endosse;f;1,42
entour;m;1,42
entremets;m;1,42
escalope;f;1,42
escarbille;f;1,42
espagnolette;f;1,42
extraction;f;1,42
fanfreluche;f;1,42
farandole;f;1,42
feldwebel;m;1,42
ferrure;f;1,42
feuillée;f;1,42
figaro;m;1,42
filature;f;1,42
flip;m;1,42
fonderie;f;1,42
frisette;f;1,42
garde-chasse;m;1,42
gisquette;f;1,42
gourou;m;1,42
gravosse;f;1,42
griffon;m;1,42
grog;m;1,42
gyrophare;m;1,42
han;m;1,42
harpie;f;1,42
hautesse;f;1,42
hourra;m;1,42
hégémonie;f;1,42
iceberg;m;1,42
immunité;f;1,42
impunité;f;1,42
impureté;f;1,42
incisive;f;1,42
inconséquence;f;1,42
injection;f;1,42
intersection;f;1,42
jonque;f;1,42
junkie;m;1,42
kaléidoscope;m;1,42
kangourou;m;1,42
kyrielle;f;1,42
labo;m;1,42
lance-pierres;m;1,42
lice;f;1,42
lieutenant-colonel;m;1,42
litige;m;1,42
lyre;f;1,42
législation;f;1,42
magnat;m;1,42
mainmise;f;1,42
majordome;m;1,42
manguier;m;1,42
matche;m;1,42
mensuration;f;1,42
meurtrissure;f;1,42
moutonnement;m;1,42
mélasse;f;1,42
nan;m;1,42
non-lieu;m;1,42
orthodoxie;f;1,42
pamphlet;m;1,42
panzer;m;1,42
parfumerie;f;1,42
parpaing;m;1,42
paturon;m;1,42
pavage;m;1,42
perme;f;1,42
phallus;m;1,42
physiologie;f;1,42
pichet;m;1,42
pizzeria;f;1,42
poisse;f;1,42
ponctualité;f;1,42
pont-levis;m;1,42
postillon;m;1,42
poudrier;m;1,42
prisme;m;1,42
prologue;m;1,42
prostate;f;1,42
prévôt;m;1,42
pègre;f;1,42
quinconce;m;1,42
rafiot;m;1,42
ramification;f;1,42
recoupement;m;1,42
rencard;m;1,42
rif;m;1,42
roucoulement;m;1,42
rougeoiement;m;1,42
réclamation;f;1,42
réorganisation;f;1,42
saccage;m;1,42
sagacité;f;1,42
salé;m;1,42
sapinière;f;1,42
sarrau;m;1,42
satiété;f;1,42
scarabée;m;1,42
segment;m;1,42
shrapnell;m;1,42
solstice;m;1,42
succursale;f;1,42
séant;m;1,42
tocsin;m;1,42
tohu-bohu;m;1,42
torchère;f;1,42
trombone;m;1,42
télègue;f;1,42
vacuité;f;1,42
vamp;f;1,42
verroterie;f;1,42
verse;f;1,42
vivier;m;1,42
zigoto;m;1,42
à-pic;m;1,42
éjaculation;f;1,42
élixir;m;1,42
équitation;f;1,42
étranglement;m;1,42
ablation;f;1,35
abstrait;m;1,35
affichette;f;1,35
ailier;m;1,35
alezan;m;1,35
allumage;m;1,35
amer;m;1,35
amphore;f;1,35
antidote;m;1,35
applique;f;1,35
approximation;f;1,35
aprèm;f;1,35
arcane;m;1,35
argousin;m;1,35
armada;f;1,35
arrière-cour;f;1,35
artificier;m;1,35
ascèse;f;1,35
asphyxie;f;1,35
atour;m;1,35
aubergine;f;1,35
autobiographie;f;1,35
aération;f;1,35
balustre;m;1,35
baroud;m;1,35
bauge;f;1,35
berlue;f;1,35
biquette;f;1,35
blair;m;1,35
bock;m;1,35
bonbonnière;f;1,35
bonneteau;m;1,35
bottin;m;1,35
bourbier;m;1,35
bourgogne;m;1,35
bris;m;1,35
brisant;m;1,35
brièveté;f;1,35
brûlot;m;1,35
bâtonnier;m;1,35
cabochon;m;1,35
cache-col;m;1,35
cacophonie;f;1,35
cafeteria;f;1,35
calligraphie;f;1,35
calvados;m;1,35
canadien;m;1,35
canevas;m;1,35
carmélite;f;1,35
chamade;f;1,35
chambrière;f;1,35
chaperon;m;1,35
chatoiement;m;1,35
chauffe;f;1,35
cheptel;m;1,35
chevesne;m;1,35
clandé;m;1,35
clignotant;m;1,35
compo;f;1,35
contamination;f;1,35
contreplaqué;m;1,35
coupée;f;1,35
courtepointe;f;1,35
coût;m;1,35
croco;m;1,35
célibat;m;1,35
dab;m;1,35
dindon;m;1,35
dislocation;f;1,35
duplex;m;1,35
défection;f;1,35
dégelée;f;1,35
délié;m;1,35
démagogie;f;1,35
déraison;f;1,35
désagrégation;f;1,35
emplâtre;m;1,35
enjouement;m;1,35
entresol;m;1,35
estaminet;m;1,35
faussaire;m;1,35
fifille;f;1,35
flonflon;m;1,35
fluidité;f;1,35
friselis;m;1,35
froment;m;1,35
glaire;f;1,35
glaviot;m;1,35
goguette;f;1,35
goujon;m;1,35
grand-place;f;1,35
guigne;f;1,35
gélatine;f;1,35
hallali;m;1,35
haltère;m;1,35
haro;m;1,35
herbage;m;1,35
hippodrome;m;1,35
héro;f;1,35
idiome;m;1,35
impudence;f;1,35
impérialisme;m;1,35
incidence;f;1,35
incompétence;f;1,35
incorporation;f;1,35
indic;m;1,35
individualisme;m;1,35
iniquité;f;1,35
intolérance;f;1,35
javelot;m;1,35
jouvence;f;1,35
lazzi;m;1,35
lebel;m;1,35
lente;f;1,35
libertinage;m;1,35
loco;m;1,35
longe;f;1,35
loto;m;1,35
lutrin;m;1,35
macaron;m;1,35
machette;f;1,35
magouille;f;1,35
manne;f;1,35
mantille;f;1,35
margarine;f;1,35
meringue;f;1,35
meuglement;m;1,35
mi-cuisse;f;1,35
minot;m;1,35
mm;m;1,35
modernité;f;1,35
monosyllabe;m;1,35
muse;f;1,35
mécréant;m;1,35
médoc;m;1,35
métronome;m;1,35
national;m;1,35
nativité;f;1,35
oeilleton;m;1,35
opalin;f;1,35
ovaire;m;1,35
paludisme;m;1,35
panama;m;1,35
parlote;f;1,35
partant;m;1,35
perfectionnement;m;1,35
peuplade;f;1,35
picot;m;1,35
picrate;m;1,35
pierrot;m;1,35
pilotage;m;1,35
pince-nez;m;1,35
plumier;m;1,35
polémique;f;1,35
postérieur;m;1,35
potée;f;1,35
proconsul;m;1,35
prote;m;1,35
précarité;f;1,35
précocité;f;1,35
prémices;f;1,35
prérogative;f;1,35
présente;f;1,35
présentoir;m;1,35
pustule;f;1,35
raisiné;m;1,35
ramassage;m;1,35
rebuffade;f;1,35
roll;m;1,35
réanimation;f;1,35
rédemption;f;1,35
sauveteur;m;1,35
semoule;f;1,35
sergent-major;m;1,35
shit;m;1,35
sorcellerie;f;1,35
souricière;f;1,35
steward;m;1,35
subterfuge;m;1,35
suffocation;f;1,35
superstructure;f;1,35
surabondance;f;1,35
sésame;m;1,35
tempo;m;1,35
topinambour;m;1,35
topographie;f;1,35
totem;m;1,35
touffeur;f;1,35
tourne-disque;m;1,35
transmutation;f;1,35
témérité;f;1,35
uniformité;f;1,35
urinoir;m;1,35
usurpation;f;1,35
vermeil;m;1,35
volte;f;1,35
volubilis;m;1,35
vrombissement;m;1,35
vulve;f;1,35
zob;m;1,35
ébullition;f;1,35
échauffourée;f;1,35
étouffée;f;1,35
évaluation;f;1,35
abattage;m;1,28
abstention;f;1,28
accoutumance;f;1,28
accroissement;m;1,28
affabilité;f;1,28
alpaga;m;1,28
andouiller;m;1,28
anfractuosité;f;1,28
angélus;m;1,28
apothicaire;m;1,28
arbrisseau;m;1,28
are;m;1,28
arrière-goût;m;1,28
assesseur;m;1,28
base-ball;m;1,28
bestiaire;m;1,28
bip;m;1,28
blanchon;m;1,28
bourgeron;m;1,28
cafétéria;f;1,28
canalisation;f;1,28
canebière;f;1,28
carotide;f;1,28
carton-pâte;m;1,28
castration;f;1,28
chouan;m;1,28
choux-fleurs;m;1,28
chéchia;f;1,28
cimeterre;m;1,28
circonférence;f;1,28
clavicule;f;1,28
clip;m;1,28
collecteur;m;1,28
commérage;m;1,28
converse;f;1,28
couchage;m;1,28
coutil;m;1,28
cul-terreux;m;1,28
dadais;m;1,28
demi-jour;m;1,28
dentifrice;m;1,28
diablesse;f;1,28
diffusion;f;1,28
dissension;f;1,28
diva;f;1,28
ducat;m;1,28
dupe;f;1,28
duplicité;f;1,28
décontraction;f;1,28
démobilisation;f;1,28
dérèglement;m;1,28
dévastation;f;1,28
dîme;f;1,28
enrichissement;m;1,28
entournure;f;1,28
escarpement;m;1,28
escogriffe;m;1,28
excavation;f;1,28
excommunication;f;1,28
expiration;f;1,28
exécration;f;1,28
fantoche;m;1,28
fayot;m;1,28
fermentation;f;1,28
filou;m;1,28
finition;f;1,28
fisc;m;1,28
flicaille;f;1,28
flottaison;f;1,28
fléchette;f;1,28
foc;m;1,28
fourberie;f;1,28
gag;m;1,28
gageure;f;1,28
galbe;m;1,28
galetas;m;1,28
galtouse;f;1,28
gandin;m;1,28
gaucho;m;1,28
giboulée;f;1,28
glass;m;1,28
globule;m;1,28
goret;m;1,28
gourance;f;1,28
gousse;f;1,28
grand-messe;f;1,28
hallebarde;f;1,28
herbier;m;1,28
houx;m;1,28
hypnose;f;1,28
hypokhâgne;f;1,28
inanité;f;1,28
inconvenance;f;1,28
inhumation;f;1,28
interjection;f;1,28
jacinthe;f;1,28
jacquard;m;1,28
jean-foutre;m;1,28
jogging;m;1,28
jovialité;f;1,28
kir;m;1,28
lasso;m;1,28
lavette;f;1,28
luette;f;1,28
lésion;f;1,28
madrigal;m;1,28
malabar;m;1,28
malaga;m;1,28
mammifère;m;1,28
mangeaille;f;1,28
marabout;m;1,28
marathon;m;1,28
martingale;f;1,28
miasme;m;1,28
mile;m;1,28
morlingue;m;1,28
motel;m;1,28
motion;f;1,28
motivation;f;1,28
muscat;m;1,28
médina;f;1,28
napoléon;m;1,28
neurasthénie;f;1,28
nicotine;f;1,28
nécropole;f;1,28
odalisque;f;1,28
oisif;m;1,28
omnibus;m;1,28
onction;f;1,28
oublie;f;1,28
overdose;f;1,28
palmeraie;f;1,28
parlant;m;1,28
passade;f;1,28
percolateur;m;1,28
perspicacité;f;1,28
petro;m;1,28
pi;m;1,28
pitrerie;f;1,28
piétaille;f;1,28
plaidoyer;m;1,28
pollution;f;1,28
pontife;m;1,28
préciosité;f;1,28
prélèvement;m;1,28
prévoyance;f;1,28
putois;m;1,28
puérilité;f;1,28
pékin;m;1,28
pélican;m;1,28
rabot;m;1,28
raccord;m;1,28
rafraîchissoir;m;1,28
rapatrié;m;1,28
raphia;m;1,28
rate;f;1,28
raz;m;1,28
razzia;f;1,28
reniflement;m;1,28
rex;m;1,28
rognon;m;1,28
roulade;f;1,28
royauté;f;1,28
rugbyman;m;1,28
rébus;m;1,28
safari;m;1,28
saint-siège;m;1,28
sangsue;f;1,28
sarcophage;m;1,28
sarment;m;1,28
saxophone;m;1,28
schiste;m;1,28
schpile;m;1,28
semi;m;1,28
shérif;m;1,28
sketch;m;1,28
sociologie;f;1,28
soudaineté;f;1,28
soupape;f;1,28
subconscient;m;1,28
séchoir;m;1,28
tergiversation;f;1,28
timbre-poste;m;1,28
tortillon;m;1,28
transaction;f;1,28
transgression;f;1,28
tremplin;m;1,28
tribord;m;1,28
tricherie;f;1,28
trombine;f;1,28
troène;m;1,28
turbine;f;1,28
térébenthine;f;1,28
uppercut;m;1,28
utopie;f;1,28
vaseline;f;1,28
viatique;m;1,28
vocalise;f;1,28
wagonnet;m;1,28
walkman;m;1,28
échalote;f;1,28
édification;f;1,28
épousée;f;1,28
épure;f;1,28
étoupe;f;1,28
accession;f;1,22
affabulation;f;1,22
agate;f;1,22
aigre;m;1,22
alambic;m;1,22
amaryllis;f;1,22
amen;m;1,22
apanage;m;1,22
apologie;f;1,22
arrière-saison;f;1,22
arsenic;m;1,22
assouvissement;m;1,22
atavisme;m;1,22
autocritique;f;1,22
automatisme;m;1,22
auvergne;f;1,22
azalée;f;1,22
ballade;f;1,22
barbouilleur;m;1,22
bas-relief;m;1,22
beaux-parents;m;1,22
belle-famille;f;1,22
bielle;f;1,22
biologie;f;1,22
biture;f;1,22
bleuet;m;1,22
boléro;m;1,22
boniche;f;1,22
breakfast;m;1,22
bévue;f;1,22
bêlement;m;1,22
café-tabac;m;1,22
capucine;f;1,22
caquetage;m;1,22
carburateur;m;1,22
chiquenaude;f;1,22
circulaire;f;1,22
claquette;f;1,22
cocaïne;f;1,22
coefficient;m;1,22
colombelle;f;1,22
colonial;m;1,22
commémoration;f;1,22
concorde;f;1,22
condensation;f;1,22
conformité;f;1,22
contravention;f;1,22
contre-torpilleur;m;1,22
cormoran;m;1,22
cornée;f;1,22
couic;m;1,22
coutelas;m;1,22
curée;f;1,22
demi-verre;m;1,22
deux-chevaux;f;1,22
donzelle;f;1,22
drille;m;1,22
dromadaire;m;1,22
déchiffrement;m;1,22
déficience;f;1,22
démêlé;m;1,22
dénivellation;f;1,22
dépossession;f;1,22
dérouillée;f;1,22
ecchymose;f;1,22
effleurement;m;1,22
effronterie;f;1,22
ego;m;1,22
errements;m;1,22
esquimau;m;1,22
estimation;f;1,22
fakir;m;1,22
faux-fuyant;m;1,22
fornication;f;1,22
fouaille;f;1,22
fuyant;m;1,22
fêtard;m;1,22
garçonnière;f;1,22
gigue;f;1,22
glouglou;m;1,22
graillon;m;1,22
gravillon;m;1,22
gravitation;f;1,22
grimoire;m;1,22
grisbi;m;1,22
grisou;m;1,22
guêpière;f;1,22
géo;f;1,22
hachis;m;1,22
hamster;m;1,22
harangue;f;1,22
haut-commandement;m;1,22
hostellerie;f;1,22
impala;m;1,22
infraction;f;1,22
inhibition;f;1,22
intercesseur;m;1,22
internement;m;1,22
interphone;m;1,22
interviewer;m;1,22
judo;m;1,22
kirsch;m;1,22
lamento;m;1,22
leitmotiv;m;1,22
libido;f;1,22
loup-garou;m;1,22
lunch;m;1,22
lynx;m;1,22
maie;f;1,22
manant;m;1,22
marmotte;f;1,22
martre;f;1,22
marâtre;f;1,22
menuiserie;f;1,22
mercurochrome;m;1,22
mister;m;1,22
mollusque;m;1,22
mortification;f;1,22
mouillage;m;1,22
mâtine;f;1,22
média;m;1,22
natation;f;1,22
nichée;f;1,22
nihilisme;m;1,22
nord-ouest;m;1,22
nébuleux;f;1,22
obole;f;1,22
obélisque;m;1,22
oesophage;m;1,22
oisillon;m;1,22
opinel;m;1,22
orbe;m;1,22
organdi;m;1,22
ouvrant;m;1,22
paillote;f;1,22
panade;f;1,22
parangon;m;1,22
partialité;f;1,22
passe-partout;m;1,22
pendentif;m;1,22
pensum;m;1,22
pestilence;f;1,22
pipeau;m;1,22
poix;f;1,22
porcherie;f;1,22
pornographie;f;1,22
porte-avions;m;1,22
procréation;f;1,22
psychiatrie;f;1,22
puritanisme;m;1,22
pâmoison;f;1,22
pédagogie;f;1,22
quant-à-soi;m;1,22
quintessence;f;1,22
quintette;m;1,22
rancard;m;1,22
rapin;m;1,22
ravioli;m;1,22
relativité;f;1,22
rotond;f;1,22
roussi;m;1,22
sacrificateur;m;1,22
sage-femme;f;1,22
sagouin;m;1,22
salaison;f;1,22
saussaie;f;1,22
science-fiction;f;1,22
scoop;m;1,22
sentimentalité;f;1,22
servilité;f;1,22
shako;m;1,22
soliloque;m;1,22
sosie;m;1,22
soufflé;m;1,22
souffre-douleur;m;1,22
starlette;f;1,22
stéréotype;m;1,22
séisme;m;1,22
taloche;f;1,22
tapotement;m;1,22
taupinière;f;1,22
terrorisme;m;1,22
textile;m;1,22
tirette;f;1,22
tournesol;m;1,22
treillage;m;1,22
trip;m;1,22
tripot;m;1,22
troupier;m;1,22
tubulure;f;1,22
vertex;m;1,22
vichy;m;1,22
vide-ordures;m;1,22
videur;m;1,22
viseur;m;1,22
voirie;f;1,22
vétille;f;1,22
wharf;m;1,22
élargissement;m;1,22
éprouvette;f;1,22
épître;f;1,22
étamine;f;1,22
étourneau;m;1,22
étrenne;f;1,22
accouchée;f;1,15
acompte;m;1,15
albatros;m;1,15
aloès;m;1,15
amnésie;f;1,15
amourette;f;1,15
ampli;m;1,15
amusette;f;1,15
anisette;f;1,15
aqueduc;m;1,15
arrière-pays;m;1,15
artisanat;m;1,15
asservissement;m;1,15
bacille;m;1,15
balbutiement;m;1,15
bandelette;f;1,15
baobab;m;1,15
beuglement;m;1,15
bibi;m;1,15
bilboquet;m;1,15
blanchet;m;1,15
bobonne;f;1,15
bougeotte;f;1,15
bouthéon;m;1,15
brandebourg;m;1,15
broquille;f;1,15
burlingue;m;1,15
bégonia;m;1,15
cabriole;f;1,15
caissette;f;1,15
canapé-lit;m;1,15
canine;f;1,15
capucin;m;1,15
cardon;m;1,15
carie;f;1,15
cellulite;f;1,15
centurie;f;1,15
chapka;f;1,15
chausse;f;1,15
ciboire;m;1,15
clapet;m;1,15
cohabitation;f;1,15
confédération;f;1,15
congère;f;1,15
conjugaison;f;1,15
consécration;f;1,15
contrefaçon;f;1,15
contrevent;m;1,15
cotisation;f;1,15
coucherie;f;1,15
crampon;m;1,15
craquelure;f;1,15
creuset;m;1,15
crible;m;1,15
cèpe;m;1,15
césar;m;1,15
datcha;f;1,15
diacre;m;1,15
diminution;f;1,15
diocèse;m;1,15
doigté;m;1,15
dolman;m;1,15
dominante;f;1,15
dona;f;1,15
donné;m;1,15
décade;f;1,15
décollage;m;1,15
dégradé;m;1,15
dégueulis;m;1,15
dégénérescence;f;1,15
démesure;f;1,15
dénomination;f;1,15
détracteur;m;1,15
déviation;f;1,15
exécutant;m;1,15
factotum;m;1,15
fez;m;1,15
flamant;m;1,15
fleuron;m;1,15
fléchissement;m;1,15
foison;f;1,15
formulation;f;1,15
frimas;m;1,15
galion;m;1,15
gargouillement;m;1,15
gent;f;1,15
germain;m;1,15
gniard;m;1,15
gonflement;m;1,15
gringue;m;1,15
guimpe;f;1,15
guipure;f;1,15
gâteux;m;1,15
génocide;m;1,15
gérance;f;1,15
holocauste;m;1,15
holà;m;1,15
honorabilité;f;1,15
immersion;f;1,15
impuissant;m;1,15
incandescence;f;1,15
ingénuité;f;1,15
insatisfaction;f;1,15
insuline;f;1,15
interpellation;f;1,15
judaïsme;m;1,15
kaki;m;1,15
loyalisme;m;1,15
maldonne;f;1,15
mandoline;f;1,15
marbrure;f;1,15
marmiton;m;1,15
maroquinerie;f;1,15
merisier;m;1,15
mirliton;m;1,15
modernisme;m;1,15
moujik;m;1,15
moulage;m;1,15
muscade;f;1,15
mutinerie;f;1,15
métairie;f;1,15
métissage;m;1,15
narcissisme;m;1,15
neurone;m;1,15
nord-africain;m;1,15
otarie;f;1,15
ouaille;f;1,15
papille;f;1,15
paranoïa;f;1,15
parution;f;1,15
passe-passe;m;1,15
pendulette;f;1,15
pilastre;m;1,15
piquette;f;1,15
plaid;m;1,15
plaisant;m;1,15
planisphère;m;1,15
plastic;m;1,15
plumitif;m;1,15
poivron;m;1,15
portefaix;m;1,15
potiche;f;1,15
poudroiement;m;1,15
poulette;f;1,15
pressoir;m;1,15
psychisme;m;1,15
pubis;m;1,15
pucelage;m;1,15
putréfaction;f;1,15
pénitencier;m;1,15
périphérique;m;1,15
pétillement;m;1,15
quadrature;f;1,15
quatre-saisons;f;1,15
qui-vive;m;1,15
quittance;f;1,15
raki;m;1,15
reconquête;f;1,15
remboursement;m;1,15
renne;m;1,15
repérage;m;1,15
ressaut;m;1,15
resserrement;m;1,15
retable;m;1,15
roblot;m;1,15
rocking-chair;m;1,15
rogaton;m;1,15
réglage;m;1,15
rôtie;f;1,15
sensiblerie;f;1,15
simultanéité;f;1,15
soixante-dix;m;1,15
sommelier;m;1,15
sonnaille;f;1,15
sous-secrétaire;m;1,15
spadassin;m;1,15
spiritualité;f;1,15
stuka;m;1,15
stéréo;f;1,15
sujétion;f;1,15
sépia;f;1,15
tabor;m;1,15
tangente;f;1,15
tanneur;m;1,15
tapette;f;1,15
teigne;f;1,15
tournelle;f;1,15
transcription;f;1,15
transfuge;m;1,15
truquage;m;1,15
trémolo;m;1,15
tub;m;1,15
tuilerie;f;1,15
tétine;f;1,15
uhlan;m;1,15
utile;m;1,15
veinule;f;1,15
vilenie;f;1,15
vindicte;f;1,15
visionnaire;m;1,15
vomissure;f;1,15
ébahissement;m;1,15
ébriété;f;1,15
échasse;f;1,15
élucubration;f;1,15
émancipation;f;1,15
émigration;f;1,15
abattis;m;1,08
acquéreur;m;1,08
agissement;m;1,08
amigo;m;1,08
amphi;m;1,08
amulette;f;1,08
amérique;f;1,08
anathème;m;1,08
antéchrist;m;1,08
apostolat;m;1,08
appendicite;f;1,08
archevêché;m;1,08
arpion;m;1,08
arraché;m;1,08
arrière-grand-parent;m;1,08
aréopage;m;1,08
aspic;m;1,08
atermoiement;m;1,08
athénien;m;1,08
avarie;f;1,08
baccara;m;1,08
bakélite;f;1,08
baliveau;m;1,08
banjo;m;1,08
barbeau;m;1,08
baroque;m;1,08
bartavelle;f;1,08
bastringue;m;1,08
bataclan;m;1,08
bateleur;m;1,08
baveux;m;1,08
berlure;f;1,08
bisou;m;1,08
bolchevisme;m;1,08
bourricot;m;1,08
bourré;f;1,08
bowling;m;1,08
butane;m;1,08
butor;m;1,08
bécasse;f;1,08
cabri;m;1,08
carnation;f;1,08
castel;m;1,08
centuple;m;1,08
certif;m;1,08
chancre;m;1,08
charivari;m;1,08
charlatan;m;1,08
chien-loup;m;1,08
chiqué;m;1,08
chiure;f;1,08
cigarillo;m;1,08
circonvolution;f;1,08
clapotement;m;1,08
classification;f;1,08
clic;m;1,08
cocker;m;1,08
colifichet;m;1,08
cornue;f;1,08
corral;m;1,08
corso;m;1,08
croupion;m;1,08
crémaillère;f;1,08
demi-journée;f;1,08
dessus-de-lit;m;1,08
devin;m;1,08
dilatation;f;1,08
divination;f;1,08
droguet;m;1,08
déclivité;f;1,08
décoction;f;1,08
déglutition;f;1,08
dépannage;m;1,08
désespérance;f;1,08
déveine;f;1,08
embêtement;m;1,08
en-cas;m;1,08
enluminure;f;1,08
ergot;m;1,08
escient;m;1,08
esthétisme;m;1,08
ex-mari;m;1,08
extermination;f;1,08
fa;m;1,08
faon;m;1,08
fausseté;f;1,08
feuillette;f;1,08
feulement;m;1,08
fonts;m;1,08
forum;m;1,08
fragrance;f;1,08
franchissement;m;1,08
fusilier-marin;m;1,08
félin;m;1,08
galure;m;1,08
garde-boue;m;1,08
gardon;m;1,08
gardénal;m;1,08
gazier;m;1,08
goualante;f;1,08
gouape;f;1,08
gramophone;m;1,08
gras-double;m;1,08
graveur;m;1,08
grillade;f;1,08
griveton;m;1,08
gueuleton;m;1,08
haut-fond;m;1,08
hibiscus;m;1,08
horlogerie;f;1,08
houseau;m;1,08
idolâtrie;f;1,08
impiété;f;1,08
inimitié;f;1,08
intégration;f;1,08
jambage;m;1,08
joseph;m;1,08
laïus;m;1,08
linteau;m;1,08
liseron;m;1,08
loche;f;1,08
lotus;m;1,08
luisance;f;1,08
législateur;m;1,08
magister;m;1,08
magnésium;m;1,08
malfaisance;f;1,08
mangeoire;f;1,08
masculin;m;1,08
mille-feuille;m;1,08
mime;m;1,08
min;m;1,08
mironton;m;1,08
morosité;f;1,08
morte-saison;f;1,08
mulâtre;m;1,08
mâche;f;1,08
mélo;m;1,08
mélèze;m;1,08
métallo;m;1,08
météorologie;f;1,08
nationalisation;f;1,08
neutralisation;f;1,08
notation;f;1,08
négligé;m;1,08
obésité;f;1,08
oreillette;f;1,08
ormeau;m;1,08
osmose;f;1,08
ostracisme;m;1,08
pagaie;f;1,08
palmarès;m;1,08
papas;m;1,08
papy;m;1,08
paros;m;1,08
peccadille;f;1,08
pendaison;f;1,08
pendeloque;f;1,08
phobie;f;1,08
play-boy;m;1,08
plissement;m;1,08
plongeoir;m;1,08
podium;m;1,08
pogrom;m;1,08
ponction;f;1,08
porno;m;1,08
porte-bonheur;m;1,08
positif;m;1,08
poucet;m;1,08
profanation;f;1,08
prolifération;f;1,08
prototype;m;1,08
préavis;m;1,08
précipité;m;1,08
préliminaire;m;1,08
pseudo;m;1,08
psyché;f;1,08
pugilat;m;1,08
purification;f;1,08
péroraison;f;1,08
rani;f;1,08
ratification;f;1,08
recensement;m;1,08
refoulement;m;1,08
remaniement;m;1,08
resserre;f;1,08
retourné;m;1,08
risette;f;1,08
rivet;m;1,08
rotative;f;1,08
rouge-gorge;m;1,08
roule;m;1,08
roupillon;m;1,08
ruminant;m;1,08
rusticité;f;1,08
résurgence;f;1,08
samaritaine;f;1,08
sanie;f;1,08
santal;m;1,08
saturation;f;1,08
sauna;m;1,08
sauternes;m;1,08
schnaps;m;1,08
serf;m;1,08
sevrage;m;1,08
shantung;m;1,08
side-car;m;1,08
signalisation;f;1,08
somptuosité;f;1,08
soudure;f;1,08
soustraction;f;1,08
statu quo;m;1,08
suivi;m;1,08
supplique;f;1,08
suprématie;f;1,08
surhomme;m;1,08
survivance;f;1,08
sycomore;m;1,08
syndic;m;1,08
sépulcre;m;1,08
sérénade;f;1,08
tambourin;m;1,08
tangage;m;1,08
tantôt;m;1,08
tocard;m;1,08
torgnole;f;1,08
traumatisme;m;1,08
travelo;m;1,08
trolleybus;m;1,08
tronçonneur;f;1,08
trust;m;1,08
té;m;1,08
téléscripteur;m;1,08
têt;m;1,08
vaporisateur;m;1,08
verdeur;f;1,08
vermillon;m;1,08
vécés;m;1,08
vélocité;f;1,08
yoga;m;1,08
zibeline;f;1,08
écarlate;f;1,08
éthique;f;1,08
étymologie;f;1,08
abat;m;1,01
accommodement;m;1,01
adhérent;m;1,01
adja;m;1,01
agrès;m;1,01
alfa;m;1,01
alliage;m;1,01
aléa;m;1,01
année-lumière;f;1,01
assoupissement;m;1,01
astronomie;f;1,01
auriculaire;m;1,01
badigeon;m;1,01
basalte;m;1,01
basilic;m;1,01
beau-fils;m;1,01
bellâtre;m;1,01
belon;f;1,01
bigre;m;1,01
binocle;m;1,01
bitte;f;1,01
blanquette;f;1,01
blindage;m;1,01
bosco;m;1,01
bouffarde;f;1,01
bouffonnerie;f;1,01
bouvier;m;1,01
boxon;m;1,01
brocard;m;1,01
bémol;m;1,01
caboteur;m;1,01
cadène;f;1,01
cagnotte;f;1,01
cambrure;f;1,01
camée;m;1,01
camériste;f;1,01
caraco;m;1,01
chassé-croisé;m;1,01
chinetoque;m;1,01
chou-fleur;m;1,01
chouia;m;1,01
citronnade;f;1,01
claustration;f;1,01
clinquant;m;1,01
cm;m;1,01
coca-cola;m;1,01
cocorico;m;1,01
container;m;1,01
conteste;m;1,01
continuation;f;1,01
couac;m;1,01
couguar;m;1,01
couvreur;m;1,01
cresson;m;1,01
croisette;f;1,01
cueva;f;1,01
culbute;f;1,01
cyclisme;m;1,01
céleri;m;1,01
demi-seconde;f;1,01
dernier-né;m;1,01
diam;m;1,01
ducon;m;1,01
durillon;m;1,01
découpure;f;1,01
dédoublement;m;1,01
démiurge;m;1,01
embrayage;m;1,01
empoignade;f;1,01
encensoir;m;1,01
encorbellement;m;1,01
entourloupe;f;1,01
entrecôte;f;1,01
espièglerie;f;1,01
expectative;f;1,01
falzar;m;1,01
fane;f;1,01
fertilité;f;1,01
festivité;f;1,01
fibrome;m;1,01
fondu;m;1,01
forban;m;1,01
fortif;f;1,01
fourniment;m;1,01
franciscain;m;1,01
fripier;m;1,01
funiculaire;m;1,01
férule;f;1,01
galérien;m;1,01
gamma;m;1,01
ganglion;m;1,01
gaspard;m;1,01
gaudriole;f;1,01
genèse;f;1,01
geyser;m;1,01
gibus;m;1,01
gigolpince;m;1,01
gin-fizz;m;1,01
gnole;f;1,01
gnouf;m;1,01
gomina;f;1,01
gorgeon;m;1,01
gouge;f;1,01
goulag;m;1,01
greluche;f;1,01
gribouillis;m;1,01
grimpette;f;1,01
grumeau;m;1,01
grêlon;m;1,01
génuflexion;f;1,01
haras;m;1,01
hauban;m;1,01
haut-le-coeur;m;1,01
heaume;m;1,01
hernie;f;1,01
hiatus;m;1,01
hippopotame;m;1,01
huitaine;f;1,01
imagier;m;1,01
implication;f;1,01
imploration;f;1,01
imprécision;f;1,01
inaptitude;f;1,01
indiscipline;f;1,01
instantané;m;1,01
intercession;f;1,01
jambonneau;m;1,01
jugeote;f;1,01
laverie;f;1,01
levrette;f;1,01
lionceau;m;1,01
littérateur;m;1,01
locution;f;1,01
lotissement;m;1,01
loupiote;f;1,01
lunule;f;1,01
lutin;m;1,01
malotru;m;1,01
marasme;m;1,01
masochisme;m;1,01
meccano;m;1,01
mensualité;f;1,01
menée;f;1,01
mijaurée;f;1,01
millésime;m;1,01
minerai;m;1,01
misogynie;f;1,01
mitraillade;f;1,01
mièvrerie;f;1,01
molette;f;1,01
mouise;f;1,01
muflerie;f;1,01
munificence;f;1,01
ménopause;f;1,01
narguilé;m;1,01
naturalisation;f;1,01
nomenclature;f;1,01
négrillon;m;1,01
odyssée;f;1,01
opus;m;1,01
ouighour;m;1,01
ouï-dire;m;1,01
pachyderme;m;1,01
pampre;m;1,01
passementerie;f;1,01
pastiche;m;1,01
perm;f;1,01
plâtrier;m;1,01
poney;m;1,01
porte-glaive;m;1,01
potentiel;m;1,01
prescience;f;1,01
primevère;f;1,01
principauté;f;1,01
probloque;m;1,01
prodigalité;f;1,01
prostration;f;1,01
protectorat;m;1,01
prédestination;f;1,01
pâques;m;1,01
péage;m;1,01
pédalier;m;1,01
pétunia;m;1,01
quadrillage;m;1,01
quadrupède;m;1,01
quintal;m;1,01
rachat;m;1,01
raffinerie;f;1,01
ramdam;m;1,01
ramier;m;1,01
ratage;m;1,01
rave;f;1,01
ravier;m;1,01
recel;m;1,01
refroidissement;m;1,01
remontant;m;1,01
reposoir;m;1,01
romarin;m;1,01
roquette;f;1,01
roulier;m;1,01
ruisselet;m;1,01
révérend;m;1,01
saga;f;1,01
saint-cyrien;m;1,01
saligaud;m;1,01
salsifis;m;1,01
sauf-conduit;m;1,01
saxo;m;1,01
scalpel;m;1,01
scarlatin;f;1,01
scribouillard;m;1,01
secondaire;m;1,01
simili;m;1,01
sinus;m;1,01
social;m;1,01
sourd-muet;m;1,01
sous-préfet;m;1,01
sphincter;m;1,01
stalinisme;m;1,01
strip-tease;m;1,01
superficie;f;1,01
surgissement;m;1,01
sweater;m;1,01
syphilis;f;1,01
sémaphore;m;1,01
targette;f;1,01
teckel;m;1,01
toise;f;1,01
tout-paris;m;1,01
tranquillisant;m;1,01
transept;m;1,01
turquoise;f;1,01
typhoïde;f;1,01
téléviseur;m;1,01
tétée;f;1,01
ursuline;f;1,01
valetaille;f;1,01
valve;f;1,01
vulnérabilité;f;1,01
wagon-restaurant;m;1,01
yali;m;1,01
zombie;m;1,01
éclaboussement;m;1,01
étampe;f;1,01
étirement;m;1,01
ablette;f;0,95
aboutissant;m;0,95
abréviation;f;0,95
acidité;f;0,95
affluent;m;0,95
aiglon;m;0,95
alcoolisme;m;0,95
alluvion;f;0,95
alu;m;0,95
ameublement;m;0,95
amygdale;f;0,95
ankylose;f;0,95
apoplexie;f;0,95
appas;m;0,95
archiprêtre;m;0,95
arpent;m;0,95
arrière-fond;m;0,95
arçon;m;0,95
assiettée;f;0,95
assiégeant;m;0,95
auguste;m;0,95
auspice;m;0,95
bain-marie;m;0,95
banditisme;m;0,95
basane;f;0,95
bavette;f;0,95
bectance;f;0,95
biroute;f;0,95
bis;m;0,95
biseau;m;0,95
blondinet;m;0,95
bombarde;f;0,95
boots;m;0,95
bourde;f;0,95
bref;m;0,95
brisure;f;0,95
brouillage;m;0,95
bâbord;m;0,95
bâti;m;0,95
cachalot;m;0,95
café-crème;m;0,95
calorie;f;0,95
cancrelat;m;0,95
cannelure;f;0,95
canonnier;m;0,95
caravelle;f;0,95
cari;m;0,95
cassation;f;0,95
casse-dalle;m;0,95
casse-graine;m;0,95
castagne;f;0,95
causse;m;0,95
cerfeuil;m;0,95
cessation;f;0,95
chauffard;m;0,95
cheik;m;0,95
chianti;m;0,95
chiée;f;0,95
chocotte;f;0,95
choral;m;0,95
chêne-liège;m;0,95
cisaille;f;0,95
cithare;f;0,95
cobaye;m;0,95
colin-maillard;m;0,95
comment;m;0,95
complies;f;0,95
conditionnement;m;0,95
confesse;f;0,95
connexion;f;0,95
contre-ordre;m;0,95
cosy;m;0,95
coupe-papier;m;0,95
couveuse;f;0,95
crocus;m;0,95
croquenot;m;0,95
crotale;m;0,95
crucifixion;f;0,95
crédence;f;0,95
cuissot;m;0,95
cyanure;m;0,95
daurade;f;0,95
demi-saison;f;0,95
demi-teinte;f;0,95
disproportion;f;0,95
dissipation;f;0,95
doberman;m;0,95
documentaire;m;0,95
dynamo;f;0,95
défonce;f;0,95
dépravation;f;0,95
déversoir;m;0,95
ectoplasme;m;0,95
embrassement;m;0,95
emporte-pièce;m;0,95
endive;f;0,95
entrechat;m;0,95
enveloppement;m;0,95
esquive;f;0,95
essieux;m;0,95
extincteur;m;0,95
fascicule;m;0,95
fatma;f;0,95
fatuité;f;0,95
fluctuation;f;0,95
forceps;m;0,95
fripe;f;0,95
fusilier;m;0,95
garde-barrière;m;0,95
gentiane;f;0,95
gisement;m;0,95
glèbe;f;0,95
grelottement;m;0,95
grognasse;f;0,95
gâtisme;m;0,95
habitat;m;0,95
havane;m;0,95
henné;m;0,95
hivernage;m;0,95
huerta;f;0,95
immatriculation;f;0,95
impartialité;f;0,95
imprudent;m;0,95
impétuosité;f;0,95
inconstance;f;0,95
infaillibilité;f;0,95
intellect;m;0,95
intelligentsia;f;0,95
inter;m;0,95
jeunette;f;0,95
jonchet;m;0,95
karaté;m;0,95
kraft;m;0,95
lampe-tempête;f;0,95
laser;m;0,95
lavallière;f;0,95
lexique;m;0,95
limitation;f;0,95
lourdaud;m;0,95
lupanar;m;0,95
magistrature;f;0,95
mam;f;0,95
manille;f;0,95
maxi;m;0,95
mendicité;f;0,95
menuet;m;0,95
messer;m;0,95
millième;m;0,95
minium;m;0,95
mitaine;f;0,95
monogramme;m;0,95
montgolfière;f;0,95
mousquet;m;0,95
narcisse;m;0,95
ninas;m;0,95
non-sens;m;0,95
non-être;m;0,95
oeil-de-boeuf;m;0,95
origan;m;0,95
orphéon;m;0,95
oye;f;0,95
pampa;f;0,95
papyrus;m;0,95
parachutage;m;0,95
parcimonie;f;0,95
passereau;m;0,95
pauvrette;f;0,95
petit-beurre;m;0,95
petit-neveu;m;0,95
pilou;m;0,95
piquouse;f;0,95
pisteur;m;0,95
plaisantin;m;0,95
pliure;f;0,95
plâtras;m;0,95
plébiscite;m;0,95
pochoir;m;0,95
polaroïd;m;0,95
poncif;m;0,95
postulat;m;0,95
potiron;m;0,95
pourceau;m;0,95
primauté;f;0,95
propagation;f;0,95
provende;f;0,95
prêt-à-porter;m;0,95
psychose;f;0,95
pâque;f;0,95
pèze;m;0,95
pénicilline;f;0,95
pépinière;f;0,95
pétasse;f;0,95
quinine;f;0,95
ramadan;m;0,95
ravine;f;0,95
recto;m;0,95
reinette;f;0,95
relèvement;m;0,95
rosse;f;0,95
rouerie;f;0,95
roupie;f;0,95
rémouleur;m;0,95
révélateur;m;0,95
sapement;m;0,95
sarbacane;f;0,95
schizophrénie;f;0,95
scorbut;m;0,95
slalom;m;0,95
snack;m;0,95
soeurette;f;0,95
soigneur;m;0,95
solfège;m;0,95
solive;f;0,95
sonde;f;0,95
sournoiserie;f;0,95
sous-titre;m;0,95
stick;m;0,95
strabisme;m;0,95
subversion;f;0,95
succédané;m;0,95
superposition;f;0,95
supputation;f;0,95
suppôt;m;0,95
syndicalisme;m;0,95
séquestre;m;0,95
tambourinement;m;0,95
taïga;f;0,95
tender;m;0,95
terrassement;m;0,95
tiraillement;m;0,95
tisonnier;m;0,95
totalitarisme;m;0,95
tracasserie;f;0,95
tremblote;f;0,95
tricycle;m;0,95
tubard;m;0,95
télescope;m;0,95
tétanos;m;0,95
vagissement;m;0,95
viole;f;0,95
virulence;f;0,95
vis-à-vis;m;0,95
visitation;f;0,95
vénérable;m;0,95
âcreté;f;0,95
échappatoire;f;0,95
écot;m;0,95
égide;f;0,95
émeri;m;0,95
éventreur;m;0,95
abatis;m;0,88
accointance;f;0,88
accostage;m;0,88
acné;f;0,88
affleurement;m;0,88
ajustement;m;0,88
ambages;f;0,88
amputé;m;0,88
anachronisme;m;0,88
annotation;f;0,88
annulation;f;0,88
anorak;m;0,88
anticommunisme;m;0,88
antithèse;f;0,88
aphorisme;m;0,88
arbalétrier;m;0,88
arbitrage;m;0,88
archétype;m;0,88
argumentation;f;0,88
aromate;m;0,88
avant-scène;f;0,88
avenant;m;0,88
bactérie;f;0,88
baladin;m;0,88
balourdise;f;0,88
banderille;f;0,88
barrissement;m;0,88
baston;m;0,88
batiste;f;0,88
baudruche;f;0,88
bazooka;m;0,88
belette;f;0,88
benjoin;m;0,88
black-out;m;0,88
bob;m;0,88
boueux;m;0,88
bourrelier;m;0,88
boyard;m;0,88
boîtier;m;0,88
butée;f;0,88
cabale;f;0,88
calendos;m;0,88
canyon;m;0,88
casse-tête;m;0,88
catch;m;0,88
centurion;m;0,88
chagatte;f;0,88
chambellan;m;0,88
chapelier;m;0,88
chaufferie;f;0,88
chenapan;m;0,88
chierie;f;0,88
chipie;f;0,88
cicindèle;f;0,88
ciguë;f;0,88
cinzano;m;0,88
circonlocution;f;0,88
citronnelle;f;0,88
cockpit;m;0,88
coffrage;m;0,88
commensal;m;0,88
communard;m;0,88
confluent;m;0,88
corpus;m;0,88
corselet;m;0,88
coule;f;0,88
couperose;f;0,88
courge;f;0,88
cousinage;m;0,88
coussinet;m;0,88
crack;m;0,88
crouillat;m;0,88
cure-dent;m;0,88
célérité;f;0,88
dentelure;f;0,88
design;m;0,88
destroyer;m;0,88
diabolo;m;0,88
diesel;m;0,88
digitaline;f;0,88
dingo;m;0,88
dinguerie;f;0,88
discrimination;f;0,88
dix-cors;m;0,88
docte;m;0,88
domesticité;f;0,88
drapé;m;0,88
drink;m;0,88
duperie;f;0,88
débilité;f;0,88
débine;f;0,88
décapotable;f;0,88
déchargement;m;0,88
décibel;m;0,88
désarmement;m;0,88
désavantage;m;0,88
encablure;f;0,88
encerclement;m;0,88
engelure;f;0,88
estafilade;f;0,88
expiation;f;0,88
exécutif;m;0,88
faf;m;0,88
falot;m;0,88
fantasmagorie;f;0,88
fantastique;m;0,88
flamenco;m;0,88
flottant;m;0,88
flétrissure;f;0,88
forcing;m;0,88
franquette;f;0,88
furoncle;m;0,88
galantine;f;0,88
garçonne;f;0,88
gaufrette;f;0,88
gemme;f;0,88
genévrier;m;0,88
gingembre;m;0,88
giroflée;f;0,88
girolle;f;0,88
godille;f;0,88
gog;m;0,88
gouine;f;0,88
gouverne;f;0,88
goémon;m;0,88
grignotement;m;0,88
grossium;m;0,88
gélule;f;0,88
générique;m;0,88
gésier;m;0,88
horion;m;0,88
houille;f;0,88
hydrogène;m;0,88
impolitesse;f;0,88
inconsistance;f;0,88
individualité;f;0,88
insolent;m;0,88
instigation;f;0,88
ivrognerie;f;0,88
jachère;f;0,88
joujoux;m;0,88
journalier;m;0,88
jésus;m;0,88
keuf;f;0,88
khédive;m;0,88
lagon;m;0,88
laitage;m;0,88
lancier;m;0,88
lentisque;m;0,88
levain;m;0,88
lieu-dit;m;0,88
limier;m;0,88
locomotion;f;0,88
longévité;f;0,88
louage;m;0,88
lâcher;m;0,88
mana;m;0,88
mandale;f;0,88
manioc;m;0,88
manitou;m;0,88
marcassin;m;0,88
marketing;m;0,88
marlou;m;0,88
maréchaussée;f;0,88
mascotte;f;0,88
mauviette;f;0,88
mensuel;m;0,88
mignardise;f;0,88
mikado;m;0,88
milord;m;0,88
minauderie;f;0,88
mocheté;f;0,88
molesquine;f;0,88
molleton;m;0,88
morillon;m;0,88
morse;m;0,88
méplat;m;0,88
night-club;m;0,88
nimbe;m;0,88
non-dit;m;0,88
nouba;f;0,88
oméga;m;0,88
opuscule;m;0,88
ouvroir;m;0,88
pack;m;0,88
pal;m;0,88
panonceau;m;0,88
paperasserie;f;0,88
paseo;m;0,88
perforation;f;0,88
peuplement;m;0,88
phosphorescence;f;0,88
photocopie;f;0,88
pietà;f;0,88
pine;f;0,88
pivert;m;0,88
plexus;m;0,88
plié;m;0,88
poivrier;m;0,88
polygone;m;0,88
pot-au-feu;m;0,88
pourrissement;m;0,88
pradel;f;0,88
prurit;m;0,88
pénates;m;0,88
périscope;m;0,88
pêcherie;f;0,88
quasi-totalité;f;0,88
quiproquo;m;0,88
rabiot;m;0,88
radiographie;f;0,88
rainette;f;0,88
ramoneur;m;0,88
ratier;m;0,88
redoute;f;0,88
redoux;m;0,88
reptation;f;0,88
restitution;f;0,88
roulure;f;0,88
ru;m;0,88
rush;m;0,88
réinsertion;f;0,88
rétrécissement;m;0,88
réveille-matin;m;0,88
satrape;m;0,88
sclérose;f;0,88
seiche;f;0,88
sellette;f;0,88
sinoquet;m;0,88
sinécure;f;0,88
soude;f;0,88
soufflerie;f;0,88
sous-chef;m;0,88
stentor;m;0,88
stupéfiant;m;0,88
subside;m;0,88
subvention;f;0,88
sucré;m;0,88
suint;m;0,88
suppositoire;m;0,88
surboum;f;0,88
surcharge;f;0,88
swing;m;0,88
tavernier;m;0,88
technicolor;m;0,88
tiare;f;0,88
titan;m;0,88
tommette;f;0,88
tonnellerie;f;0,88
tonsure;f;0,88
topaze;f;0,88
tourbière;f;0,88
toutim;m;0,88
transfiguration;f;0,88
travestissement;m;0,88
tricorne;m;0,88
tripaille;f;0,88
validé;m;0,88
vasière;f;0,88
ventôse;m;0,88
versement;m;0,88
viaduc;m;0,88
viguier;m;0,88
villette;f;0,88
vélodrome;m;0,88
xénophobie;f;0,88
yatagan;m;0,88
zazou;m;0,88
zeste;m;0,88
à-propos;m;0,88
ébonite;f;0,88
échauffement;m;0,88
écoutille;f;0,88
écumoire;f;0,88
électronique;f;0,88
éparpillement;m;0,88
étai;m;0,88
évangéliste;m;0,88
évaporation;f;0,88
acclimatation;f;0,81
acrimonie;f;0,81
acropole;f;0,81
adulation;f;0,81
aigue-marine;f;0,81
alpage;m;0,81
amuse-gueule;m;0,81
améthyste;f;0,81
angélique;f;0,81
anorexie;f;0,81
anthologie;f;0,81
apesanteur;f;0,81
arrière-petite-fille;f;0,81
attentisme;m;0,81
augustin;m;0,81
aurochs;m;0,81
babillage;m;0,81
bagout;m;0,81
balayage;m;0,81
barbichette;f;0,81
barbillon;m;0,81
barbouillage;m;0,81
barbouille;f;0,81
best-seller;m;0,81
bibliographie;f;0,81
bidasse;m;0,81
bien-fondé;m;0,81
biniou;m;0,81
bolet;m;0,81
boustifaille;f;0,81
boutre;m;0,81
braie;f;0,81
brandon;m;0,81
brassage;m;0,81
brouet;m;0,81
brout;m;0,81
bunker;m;0,81
bureaucratie;f;0,81
butoir;m;0,81
béat;m;0,81
cache-pot;m;0,81
cajolerie;f;0,81
calorifère;m;0,81
caméléon;m;0,81
canular;m;0,81
capitan;m;0,81
caravansérail;m;0,81
carmin;m;0,81
cartel;m;0,81
cella;f;0,81
chatouillement;m;0,81
chaufferette;f;0,81
chenet;m;0,81
chevrette;f;0,81
chlore;m;0,81
chromosome;m;0,81
chéneau;m;0,81
cibiche;f;0,81
cillement;m;0,81
clergyman;m;0,81
closerie;f;0,81
cobra;m;0,81
cocagne;f;0,81
collage;m;0,81
collimateur;m;0,81
colza;m;0,81
commissaire-priseur;m;0,81
commotion;f;0,81
concrétion;f;0,81
conditionnel;m;0,81
confiscation;f;0,81
conifère;m;0,81
cordonnet;m;0,81
cotillon;m;0,81
craque;f;0,81
cruchon;m;0,81
crémerie;f;0,81
cumulus;m;0,81
demi-litre;m;0,81
despotisme;m;0,81
difformité;f;0,81
discothèque;f;0,81
diskette;f;0,81
dissidence;f;0,81
doryphore;m;0,81
doublé;m;0,81
drisse;f;0,81
duègne;f;0,81
décimètre;m;0,81
déclamation;f;0,81
décompte;m;0,81
défécation;f;0,81
dérailleur;m;0,81
désappointement;m;0,81
déshabillage;m;0,81
embout;m;0,81
emménagement;m;0,81
emprisonnement;m;0,81
empyrée;m;0,81
encadrant;m;0,81
enfantement;m;0,81
enlacement;m;0,81
entre-deux;m;0,81
escorteur;m;0,81
espada;f;0,81
esquille;f;0,81
estragon;m;0,81
excision;f;0,81
exhibitionnisme;m;0,81
exprès;m;0,81
fauche;f;0,81
fellaga;m;0,81
fellation;f;0,81
filiale;f;0,81
flagellation;f;0,81
fondue;f;0,81
fourrière;f;0,81
franc-maçonnerie;f;0,81
fricot;m;0,81
frérot;m;0,81
fumerolle;f;0,81
fémur;m;0,81
girofle;m;0,81
gloria;m;0,81
godemiché;m;0,81
grandiloquence;f;0,81
grappin;m;0,81
griffure;f;0,81
grossissement;m;0,81
gueulement;m;0,81
hachoir;m;0,81
haut-commissariat;m;0,81
hi-fi;f;0,81
hideur;f;0,81
historique;m;0,81
homélie;f;0,81
hotu;m;0,81
houlette;f;0,81
hypogée;m;0,81
héraut;m;0,81
hétérosexualité;f;0,81
hôtel-dieu;m;0,81
ibis;m;0,81
illégalité;f;0,81
immigration;f;0,81
implantation;f;0,81
incarcération;f;0,81
indigo;m;0,81
informatique;f;0,81
insoumission;f;0,81
instabilité;f;0,81
insémination;f;0,81
ire;f;0,81
irisation;f;0,81
jacassement;m;0,81
jatte;f;0,81
jonquille;f;0,81
khôl;m;0,81
komsomol;m;0,81
lamedé;f;0,81
languette;f;0,81
levure;f;0,81
liseré;m;0,81
lit-bateau;m;0,81
loden;m;0,81
logos;m;0,81
lynchage;m;0,81
léproserie;f;0,81
magnétoscope;m;0,81
malveillant;m;0,81
mastication;f;0,81
meulier;f;0,81
mi-pente;f;0,81
minéral;m;0,81
mistoufle;f;0,81
mont-de-piété;m;0,81
morasse;f;0,81
mornifle;f;0,81
morphologie;f;0,81
mort-vivant;m;0,81
mouscaille;f;0,81
musc;m;0,81
muselière;f;0,81
mécompte;m;0,81
méconnaissance;f;0,81
méger;f;0,81
méli-mélo;m;0,81
méningite;f;0,81
métropolitain;m;0,81
nant;m;0,81
naïve;f;0,81
nectar;m;0,81
nervi;m;0,81
nescafé;m;0,81
noiraud;m;0,81
obscurantisme;m;0,81
ode;f;0,81
on-dit;m;0,81
opale;f;0,81
ornementation;f;0,81
otite;f;0,81
ouistiti;m;0,81
paillot;m;0,81
paladin;m;0,81
palétuvier;m;0,81
panacée;f;0,81
pante;m;0,81
papauté;f;0,81
parados;m;0,81
party;f;0,81
paso doble;m;0,81
perfusion;f;0,81
permutation;f;0,81
pervenche;f;0,81
peso;m;0,81
phtisie;f;0,81
pique-feu;m;0,81
pis-aller;m;0,81
pistil;m;0,81
planning;m;0,81
plomberie;f;0,81
pneumonie;f;0,81
poiscaille;f;0,81
polochon;m;0,81
pontonnier;m;0,81
posada;f;0,81
poussier;m;0,81
pressing;m;0,81
prolongation;f;0,81
protestantisme;m;0,81
préséance;f;0,81
pécari;m;0,81
pêne;m;0,81
qualification;f;0,81
raclette;f;0,81
radotage;m;0,81
rapacité;f;0,81
recommencement;m;0,81
recrudescence;f;0,81
rectum;m;0,81
repeint;m;0,81
rhododendron;m;0,81
riverain;m;0,81
robustesse;f;0,81
ronflette;f;0,81
rouflaquette;f;0,81
roulante;f;0,81
ruffian;m;0,81
rugosité;f;0,81
réacteur;m;0,81
récidive;f;0,81
récollet;m;0,81
régalade;f;0,81
régate;f;0,81
rémunération;f;0,81
réticule;m;0,81
sainfoin;m;0,81
sarcelle;f;0,81
schisme;m;0,81
scolarité;f;0,81
semaille;f;0,81
seringa;m;0,81
shaker;m;0,81
sidi;m;0,81
soldatesque;f;0,81
sourcier;m;0,81
souvenance;f;0,81
spire;f;0,81
sternum;m;0,81
stupre;m;0,81
suintement;m;0,81
surexcitation;f;0,81
surimpression;f;0,81
symbolisme;m;0,81
symposium;m;0,81
syndrome;m;0,81
sénilité;f;0,81
sérum;m;0,81
tartelette;f;0,81
termitière;f;0,81
théorème;m;0,81
tilbury;m;0,81
tique;f;0,81
tourteau;m;0,81
tranchée-abri;f;0,81
transparent;m;0,81
travelling;m;0,81
trimardeur;m;0,81
trotte;f;0,81
trottinement;m;0,81
trottinette;f;0,81
troïka;f;0,81
trésorerie;f;0,81
tâcheron;m;0,81
télégraphe;m;0,81
uni;m;0,81
universel;m;0,81
vacher;m;0,81
vendetta;f;0,81
vermicelle;m;0,81
vert-de-gris;m;0,81
vestale;f;0,81
vitrage;m;0,81
voussure;f;0,81
watt;m;0,81
yang;m;0,81
yeuse;f;0,81
yin;m;0,81
zen;m;0,81
zozo;m;0,81
zélote;m;0,81
émeutier;m;0,81
émir;m;0,81
éphéméride;f;0,81
équivalence;f;0,81
étincellement;m;0,81
accroche-coeur;m;0,74
accéléré;m;0,74
adage;m;0,74
aggravation;f;0,74
alcyon;m;0,74
altruisme;m;0,74
alun;m;0,74
amidon;m;0,74
andouillette;f;0,74
anicroche;f;0,74
annexion;f;0,74
appauvrissement;m;0,74
appointement;m;0,74
après-dîner;m;0,74
arcan;m;0,74
archi;m;0,74
armagnac;m;0,74
ascétisme;m;0,74
auditorium;m;0,74
auscultation;f;0,74
auto-stop;m;0,74
avoué;m;0,74
babil;m;0,74
baby-foot;m;0,74
back;m;0,74
baille;f;0,74
bandaison;f;0,74
banqueroute;f;0,74
banyuls;m;0,74
barge;f;0,74
bateau-mouche;m;0,74
beffroi;m;0,74
belvédère;m;0,74
bercement;m;0,74
bigarrure;f;0,74
biribi;m;0,74
bitos;m;0,74
bordj;m;0,74
bordé;m;0,74
bottier;m;0,74
bottillon;m;0,74
botté;m;0,74
boute-en-train;m;0,74
brigandage;m;0,74
brillance;f;0,74
broque;f;0,74
brou;m;0,74
buffleterie;f;0,74
burlesque;m;0,74
busard;m;0,74
calcif;m;0,74
calcium;m;0,74
campagnard;m;0,74
camphre;m;0,74
capilotade;f;0,74
capuche;f;0,74
carouble;f;0,74
carrier;m;0,74
casse-pipe;m;0,74
catapulte;f;0,74
cauri;m;0,74
centaure;m;0,74
chantilly;f;0,74
chantonnement;m;0,74
chapelain;m;0,74
charade;f;0,74
charretée;f;0,74
charter;m;0,74
chauvinisme;m;0,74
chergui;m;0,74
chibre;m;0,74
ciné-club;m;0,74
circonscription;f;0,74
coffio;m;0,74
coinstot;m;0,74
cola;m;0,74
collusion;f;0,74
colonialisme;m;0,74
commandeur;m;0,74
compression;f;0,74
conciergerie;f;0,74
concret;m;0,74
confit;m;0,74
conserverie;f;0,74
contenant;m;0,74
contusion;f;0,74
coopérative;f;0,74
coquillard;m;0,74
cordier;m;0,74
corollaire;m;0,74
correcteur;m;0,74
crawl;m;0,74
cristallin;m;0,74
cuadrilla;f;0,74
cumin;m;0,74
curriculum vitae;m;0,74
célébrant;m;0,74
dandinement;m;0,74
demi-mondain;f;0,74
destrier;m;0,74
dico;m;0,74
digitale;f;0,74
donation;f;0,74
durcissement;m;0,74
déblai;m;0,74
déblaiement;m;0,74
dédommagement;m;0,74
dégagement;m;0,74
désintoxication;f;0,74
désobéissance;f;0,74
dévolu;m;0,74
emmanchure;f;0,74
enlisement;m;0,74
ensevelissement;m;0,74
entendant;m;0,74
entre-deux-guerres;m;0,74
entrepont;m;0,74
erre;f;0,74
excitant;m;0,74
excédent;m;0,74
fafiot;m;0,74
fait-tout;m;0,74
fanfaronnade;f;0,74
fenouil;m;0,74
fermage;m;0,74
feutrine;f;0,74
flash-back;m;0,74
flexion;f;0,74
flibustier;m;0,74
flopée;f;0,74
forfanterie;f;0,74
formol;m;0,74
fossile;m;0,74
freinage;m;0,74
fret;m;0,74
fécondation;f;0,74
girandole;f;0,74
gloutonnerie;f;0,74
goulet;m;0,74
gris-gris;m;0,74
grognard;m;0,74
grommellement;m;0,74
grouillot;m;0,74
groupie;f;0,74
guet-apens;m;0,74
guépard;m;0,74
gène;m;0,74
hachette;f;0,74
hospitalier;m;0,74
hère;m;0,74
hépatite;f;0,74
idéogramme;m;0,74
iguane;m;0,74
inactivité;f;0,74
indélicatesse;f;0,74
infantilisme;m;0,74
insubordination;f;0,74
interdépendance;f;0,74
intoxication;f;0,74
intrépidité;f;0,74
intégralité;f;0,74
jaffe;f;0,74
jars;m;0,74
joli;m;0,74
julienne;f;0,74
kiki;m;0,74
lad;m;0,74
lama;m;0,74
lichette;f;0,74
linon;m;0,74
lombric;m;0,74
lotion;f;0,74
lubricité;f;0,74
lulu;m;0,74
lustrine;f;0,74
macchab;m;0,74
machinisme;m;0,74
macho;m;0,74
macération;f;0,74
mainate;m;0,74
malard;m;0,74
mame;f;0,74
marasquin;m;0,74
margouillat;m;0,74
math;f;0,74
matriarcat;m;0,74
mecton;m;0,74
mental;m;0,74
menterie;f;0,74
mentor;m;0,74
mesdemoiselles;f;0,74
mi-jambe;f;0,74
militantisme;m;0,74
missile;m;0,74
modernisation;f;0,74
mouille;f;0,74
médiation;f;0,74
mûrier;m;0,74
nanan;m;0,74
nave;f;0,74
nirvana;m;0,74
normalité;f;0,74
norvégien;m;0,74
notabilité;f;0,74
nursery;f;0,74
obsidienne;f;0,74
ombelle;f;0,74
omnipotence;f;0,74
oppresseur;m;0,74
orang-outang;m;0,74
orfèvrerie;f;0,74
orgeat;m;0,74
outrecuidance;f;0,74
outsider;m;0,74
pacage;m;0,74
pactole;m;0,74
pagaïe;f;0,74
palan;m;0,74
palissandre;m;0,74
parasitisme;m;0,74
parjure;m;0,74
participe;m;0,74
paternalisme;m;0,74
perlouse;f;0,74
perpendiculaire;f;0,74
pharisien;m;0,74
philodendron;m;0,74
philologie;f;0,74
pickpocket;m;0,74
polype;m;0,74
popotin;m;0,74
porridge;m;0,74
portage;m;0,74
porte-cigarettes;m;0,74
postiche;m;0,74
poupoule;f;0,74
preux;m;0,74
pronom;m;0,74
protubérance;f;0,74
psalmodie;f;0,74
pullulement;m;0,74
pérennité;f;0,74
quaker;m;0,74
qualificatif;m;0,74
quenelle;f;0,74
quenotte;f;0,74
quenouille;f;0,74
quetsche;f;0,74
rabbi;m;0,74
radiation;f;0,74
radicelle;f;0,74
ran;m;0,74
raout;m;0,74
rapière;f;0,74
ratatouille;f;0,74
rebond;m;0,74
reconversion;f;0,74
remonte;f;0,74
renforcement;m;0,74
reposé;f;0,74
revêtement;m;0,74
richomme;m;0,74
rifle;m;0,74
rinçage;m;0,74
rodéo;m;0,74
rognure;f;0,74
roque;m;0,74
rosaire;m;0,74
sabir;m;0,74
sacerdoce;m;0,74
sacre;m;0,74
saint-frusquin;m;0,74
salissure;f;0,74
saloir;m;0,74
salopiot;m;0,74
sans-filiste;m;0,74
sas;m;0,74
sauge;f;0,74
sautillement;m;0,74
saynète;f;0,74
scalp;m;0,74
score;m;0,74
scorie;f;0,74
serre-tête;m;0,74
sex-appeal;m;0,74
shabbat;m;0,74
shetland;m;0,74
signet;m;0,74
sire;m;0,74
solarium;m;0,74
somnambulisme;m;0,74
speech;m;0,74
spermatozoïde;m;0,74
stalag;m;0,74
statère;m;0,74
stylet;m;0,74
sécession;f;0,74
sécu;f;0,74
ségrégation;f;0,74
tacot;m;0,74
talonnette;f;0,74
tambour-major;m;0,74
tanche;f;0,74
tantouse;f;0,74
taquinerie;f;0,74
tendeur;m;0,74
tonte;f;0,74
toro;m;0,74
torticolis;m;0,74
tournemain;m;0,74
tourte;f;0,74
tout-petit;m;0,74
tout-venant;m;0,74
toutime;m;0,74
transporteur;m;0,74
tressautement;m;0,74
triptyque;m;0,74
twist;m;0,74
vanadium;m;0,74
vanneau;m;0,74
vannerie;f;0,74
varicelle;f;0,74
verbiage;m;0,74
verrat;m;0,74
verrerie;f;0,74
veto;m;0,74
vietnamien;m;0,74
vinyle;m;0,74
viscosité;f;0,74
vitrier;m;0,74
vitriol;m;0,74
voilage;m;0,74
voilure;f;0,74
voiturette;f;0,74
voyance;f;0,74
véracité;f;0,74
véronique;f;0,74
vésicule;f;0,74
zelle;m;0,74
zigue;m;0,74
zinzin;m;0,74
à-peu-près;m;0,74
échantillonnage;m;0,74
éconocroques;f;0,74
édit;m;0,74
égorgement;m;0,74
électrochoc;m;0,74
épiphanie;f;0,74
abdominal;m;0,68
absolutisme;m;0,68
adrénaline;f;0,68
aficionado;m;0,68
after-shave;m;0,68
agape;f;0,68
agora;f;0,68
alevin;m;0,68
alinéa;m;0,68
alizé;m;0,68
allongement;m;0,68
amendement;m;0,68
antécédent;m;0,68
ardillon;m;0,68
argus;m;0,68
arroi;m;0,68
aspersion;f;0,68
assommoir;m;0,68
athanor;m;0,68
attelle;f;0,68
baffle;m;0,68
balise;f;0,68
barcasse;f;0,68
barouf;m;0,68
bichon;m;0,68
bigophone;m;0,68
biplan;m;0,68
biscuiterie;f;0,68
bizness;m;0,68
blatte;f;0,68
bondieuserie;f;0,68
boni;m;0,68
boomerang;m;0,68
bordereau;m;0,68
bourriche;f;0,68
bouteillon;m;0,68
bovidé;m;0,68
branlette;f;0,68
bredouillement;m;0,68
bricheton;m;0,68
bull-dog;m;0,68
by;m;0,68
bénef;m;0,68
caboulot;m;0,68
cachou;m;0,68
cagade;f;0,68
cal;m;0,68
calandre;f;0,68
cameraman;m;0,68
camomille;f;0,68
canasta;f;0,68
carafon;m;0,68
cardiaque;m;0,68
carquois;m;0,68
casernement;m;0,68
cassolette;f;0,68
cathare;m;0,68
chaisier;f;0,68
chambardement;m;0,68
chambertin;m;0,68
charbonnage;m;0,68
charybde;m;0,68
chaînon;m;0,68
chiennerie;f;0,68
chinoiserie;f;0,68
chlorophylle;f;0,68
chorégraphie;f;0,68
chrysalide;f;0,68
chèche;m;0,68
chéquier;m;0,68
cimier;m;0,68
cinématographe;m;0,68
claudication;f;0,68
cloisonnement;m;0,68
clématite;f;0,68
coing;m;0,68
colombage;m;0,68
colonisation;f;0,68
colvert;m;0,68
compagnonnage;m;0,68
complexion;f;0,68
compotier;m;0,68
concasseur;m;0,68
concubinage;m;0,68
consoeur;f;0,68
contraception;f;0,68
convergence;f;0,68
coryza;m;0,68
cosse;f;0,68
cottage;m;0,68
coulis;m;0,68
coupe-coupe;m;0,68
court-bouillon;m;0,68
cousette;f;0,68
crachement;m;0,68
croche-pied;m;0,68
crématoire;m;0,68
cylindrée;f;0,68
d;m;0,68
dalmatique;f;0,68
daube;f;0,68
demi-brigade;f;0,68
dinosaure;m;0,68
diphtérie;f;0,68
diplodocus;m;0,68
discontinuité;f;0,68
discordance;f;0,68
dissection;f;0,68
diététique;f;0,68
dualité;f;0,68
dunette;f;0,68
défaitisme;m;0,68
défilement;m;0,68
délaissement;m;0,68
dérivation;f;0,68
désintérêt;m;0,68
détonateur;m;0,68
embolie;f;0,68
enculeur;m;0,68
enivrement;m;0,68
enrôlé;m;0,68
entrecroisement;m;0,68
entrecuisse;m;0,68
esse;f;0,68
excommunié;m;0,68
exemption;f;0,68
exergue;m;0,68
expertise;f;0,68
exultation;f;0,68
faire-valoir;m;0,68
faix;m;0,68
faucheux;m;0,68
ferraillement;m;0,68
ferronnerie;f;0,68
fessier;m;0,68
finette;f;0,68
fjord;m;0,68
flagornerie;f;0,68
flambe;f;0,68
fondant;m;0,68
fourreur;m;0,68
fraisier;m;0,68
francité;f;0,68
freluquet;m;0,68
fricassée;f;0,68
fulgurance;f;0,68
fumerie;f;0,68
gadin;m;0,68
gagne-petit;m;0,68
gallon;m;0,68
gandoura;f;0,68
ganse;f;0,68
gapette;f;0,68
gauleiter;m;0,68
gentilhommier;f;0,68
giberne;f;0,68
giration;f;0,68
giton;m;0,68
goitre;m;0,68
gommeux;m;0,68
gonfle;f;0,68
goélette;f;0,68
gratification;f;0,68
grouse;f;0,68
guêpier;m;0,68
hallebardier;m;0,68
hamburger;m;0,68
hercule;m;0,68
hit-parade;m;0,68
hitlérisme;m;0,68
hormone;f;0,68
houppe;f;0,68
hun;m;0,68
hébergement;m;0,68
hémoptysie;f;0,68
hêtraie;f;0,68
imposte;f;0,68
imprégnation;f;0,68
impériale;f;0,68
incision;f;0,68
incommodité;f;0,68
inconduite;f;0,68
incontinence;f;0,68
incurie;f;0,68
inhumanité;f;0,68
interné;m;0,68
irrespect;m;0,68
ive;f;0,68
ivraie;f;0,68
jacquier;m;0,68
jante;f;0,68
jeanneton;f;0,68
jerez;m;0,68
jerrycan;m;0,68
joaillier;m;0,68
juxtaposition;f;0,68
kilt;m;0,68
kommandantur;f;0,68
laideron;m;0,68
lardeuss;m;0,68
lauréat;m;0,68
lavement;m;0,68
lest;m;0,68
limande;f;0,68
lingère;f;0,68
looping;m;0,68
loupé;m;0,68
lubrifiant;m;0,68
lumbago;m;0,68
luminaire;m;0,68
lèche;f;0,68
macramé;m;0,68
madère;m;0,68
magnanimité;f;0,68
magnétisme;m;0,68
maharadjah;m;0,68
malencontre;f;0,68
marrade;f;0,68
marsouin;m;0,68
marxisme-léninisme;m;0,68
maturation;f;0,68
mauresque;f;0,68
mea culpa;m;0,68
menhir;m;0,68
messagerie;f;0,68
messieurs-dames;m;0,68
microphone;m;0,68
mir;m;0,68
mob;f;0,68
mouillette;f;0,68
moulinette;f;0,68
moyeu;m;0,68
moût;m;0,68
multiple;m;0,68
nabab;m;0,68
napalm;m;0,68
narval;m;0,68
natif;m;0,68
nibard;m;0,68
noise;f;0,68
nomadisme;m;0,68
nonce;m;0,68
nymphette;f;0,68
objectivité;f;0,68
obusier;m;0,68
olivette;f;0,68
open;m;0,68
paella;f;0,68
panneau-réclame;m;0,68
paraclet;m;0,68
paraffine;f;0,68
pataugas;m;0,68
pathos;m;0,68
percale;f;0,68
pergola;f;0,68
pesage;m;0,68
peseta;f;0,68
phalène;f;0,68
phosphate;m;0,68
phénix;m;0,68
pipette;f;0,68
placer;m;0,68
plouk;m;0,68
plus-value;f;0,68
poivrade;f;0,68
porte-documents;m;0,68
porte-drapeau;m;0,68
possédant;m;0,68
pot-pourri;m;0,68
potard;m;0,68
poupard;m;0,68
pousse-café;m;0,68
poétique;f;0,68
prieuré;m;0,68
proc;m;0,68
prolégomènes;m;0,68
pruderie;f;0,68
prédateur;m;0,68
prémisse;f;0,68
pudding;m;0,68
quatrain;m;0,68
quiche;f;0,68
racket;m;0,68
rajeunissement;m;0,68
rattachement;m;0,68
rattrapage;m;0,68
rectitude;f;0,68
redite;f;0,68
reichstag;m;0,68
relaxation;f;0,68
relégation;f;0,68
repoussoir;m;0,68
requiem;m;0,68
rinceau;m;0,68
rondo;m;0,68
roseur;f;0,68
rouble;m;0,68
roucoulade;f;0,68
roudoudou;m;0,68
roussin;m;0,68
rumba;f;0,68
réhabilitation;f;0,68
rémige;f;0,68
répons;m;0,68
réédition;f;0,68
rééducation;f;0,68
saccagne;f;0,68
saint-bernard;m;0,68
sanctus;m;0,68
saunier;m;0,68
sauve-qui-peut;m;0,68
scapulaire;m;0,68
scission;f;0,68
showbiz;m;0,68
sinuosité;f;0,68
sirocco;m;0,68
sombrero;m;0,68
sophistication;f;0,68
spring;m;0,68
strangulation;f;0,68
stratosphère;f;0,68
stropiat;m;0,68
stéthoscope;m;0,68
succulence;f;0,68
sulfate;m;0,68
sulfure;m;0,68
surmoi;m;0,68
surnombre;m;0,68
suture;f;0,68
synonyme;m;0,68
taenia;m;0,68
taille-crayon;m;0,68
tassement;m;0,68
tata;f;0,68
terril;m;0,68
timonier;m;0,68
tirée;f;0,68
tombola;f;0,68
toue;f;0,68
toussotement;m;0,68
traque;f;0,68
trident;m;0,68
troglodyte;m;0,68
tromblon;m;0,68
truandage;m;0,68
tubardise;f;0,68
turbot;m;0,68
ténia;m;0,68
utérus;m;0,68
vaisselier;m;0,68
vespa;f;0,68
viandox;m;0,68
vielle;f;0,68
viennois;m;0,68
vilebrequin;m;0,68
vinaigrette;f;0,68
volley-ball;m;0,68
vélin;m;0,68
vétusté;f;0,68
willaya;f;0,68
zig;m;0,68
zodiaque;m;0,68
à-côté;m;0,68
épate;f;0,68
épluchage;m;0,68
abattant;m;0,61
aboyeur;m;0,61
acanthe;f;0,61
accordeur;m;0,61
adoucissement;m;0,61
adverbe;m;0,61
affirmative;f;0,61
agrégat;m;0,61
ajusteur;m;0,61
alacrité;f;0,61
allergie;f;0,61
alpha;m;0,61
alpinisme;m;0,61
alèse;f;0,61
amarrage;m;0,61
aneth;m;0,61
annonciation;f;0,61
anthropophagie;f;0,61
antimite;m;0,61
apitoiement;m;0,61
apologue;m;0,61
appariteur;m;0,61
arachide;f;0,61
archimandrite;m;0,61
arrière-petit-fils;m;0,61
arthrose;f;0,61
arum;m;0,61
asphodèle;m;0,61
atoll;m;0,61
autodafé;m;0,61
axiome;m;0,61
badinage;m;0,61
baisemain;m;0,61
bakchich;m;0,61
balai-brosse;m;0,61
balsamine;f;0,61
bang;m;0,61
bar-tabac;m;0,61
barbiturique;m;0,61
barbon;m;0,61
bariolage;m;0,61
bavoir;m;0,61
bec-de-lièvre;m;0,61
bengali;m;0,61
bermuda;m;0,61
bernique;f;0,61
berthe;f;0,61
bief;m;0,61
bimbeloterie;f;0,61
bisque;f;0,61
blanc-bec;m;0,61
bloc-notes;m;0,61
bluette;f;0,61
boisseau;m;0,61
bonde;f;0,61
bondissement;m;0,61
bonneterie;f;0,61
borie;f;0,61
bornage;m;0,61
bouillabaisse;f;0,61
bouillasse;f;0,61
braconnage;m;0,61
brandillon;m;0,61
braquemart;m;0,61
braye;f;0,61
briquette;f;0,61
brut;m;0,61
bull;m;0,61
béance;f;0,61
bûchette;f;0,61
calendes;f;0,61
calmar;m;0,61
calque;m;0,61
camail;m;0,61
camouflet;m;0,61
canonnière;f;0,61
cantabile;m;0,61
caquet;m;0,61
cardigan;m;0,61
carme;m;0,61
casoar;m;0,61
catalepsie;f;0,61
cervelet;m;0,61
chamaillerie;f;0,61
charlotte;f;0,61
charreton;m;0,61
chasse-mouches;m;0,61
chauffe-eau;m;0,61
chochotte;f;0,61
chênaie;f;0,61
cimenterie;f;0,61
cinémathèque;f;0,61
clivage;m;0,61
cobalt;m;0,61
cochonnet;m;0,61
cogitation;f;0,61
colibri;m;0,61
colombin;m;0,61
concision;f;0,61
condiment;m;0,61
condor;m;0,61
condottiere;m;0,61
congrégation;f;0,61
consommé;m;0,61
constriction;f;0,61
continence;f;0,61
contre-pied;m;0,61
contre-réforme;f;0,61
contrescarpe;f;0,61
contumace;f;0,61
coquetier;m;0,61
coquillette;f;0,61
cordée;f;0,61
cornemuse;f;0,61
corrompu;m;0,61
coupe-gorge;m;0,61
coupelle;f;0,61
crachoir;m;0,61
criminalité;f;0,61
croc-en-jambe;m;0,61
croup;m;0,61
croupier;m;0,61
câlinerie;f;0,61
damas;m;0,61
darse;f;0,61
diablerie;f;0,61
diapositive;f;0,61
diaspora;f;0,61
discrédit;m;0,61
dispense;f;0,61
distorsion;f;0,61
divulgation;f;0,61
djinn;m;0,61
douar;m;0,61
douelle;f;0,61
drainage;m;0,61
dynamique;f;0,61
débiteur;m;0,61
décalcomanie;f;0,61
déconnage;m;0,61
dégueulasserie;f;0,61
démoralisation;f;0,61
dépassement;m;0,61
déréliction;f;0,61
désaveu;m;0,61
désinfection;f;0,61
détestation;f;0,61
emballement;m;0,61
empoisonnement;m;0,61
empoté;m;0,61
encaisseur;m;0,61
endurcissement;m;0,61
enfermement;m;0,61
enfoncement;m;0,61
enroulement;m;0,61
entraide;f;0,61
escompte;m;0,61
estacade;f;0,61
eucharistie;f;0,61
euthanasie;f;0,61
existentialisme;m;0,61
exégèse;f;0,61
fanon;m;0,61
fascine;f;0,61
faux-monnayeur;m;0,61
ferry;m;0,61
fibrille;f;0,61
finish;m;0,61
flatteur;m;0,61
forfaiture;f;0,61
fougeraie;f;0,61
fretin;m;0,61
frissonnement;m;0,61
gail;f;0,61
gambade;f;0,61
gaminerie;f;0,61
ganache;f;0,61
garderie;f;0,61
gastronomie;f;0,61
geignement;m;0,61
gerçure;f;0,61
glose;f;0,61
goldo;f;0,61
gour;m;0,61
graphie;f;0,61
grenat;m;0,61
griffonnage;m;0,61
grigri;m;0,61
gringalet;m;0,61
groseillier;m;0,61
grossier;m;0,61
guindal;m;0,61
gyroscope;m;0,61
généralisation;f;0,61
géologie;f;0,61
haridelle;f;0,61
haïk;m;0,61
heurtoir;m;0,61
hexagone;m;0,61
hidalgo;m;0,61
hombre;m;0,61
hors-bord;m;0,61
houblon;m;0,61
houri;f;0,61
hulotte;f;0,61
hurluberlu;m;0,61
hydravion;m;0,61
hématome;m;0,61
iconographie;f;0,61
ilote;m;0,61
imbrication;f;0,61
immoralité;f;0,61
impondérable;m;0,61
impromptu;m;0,61
in-folio;m;0,61
incompatibilité;f;0,61
indiscret;m;0,61
indisposition;f;0,61
inefficacité;f;0,61
influx;m;0,61
informé;m;0,61
insecticide;m;0,61
internationalisme;m;0,61
isthme;m;0,61
jaguar;m;0,61
jaja;m;0,61
jambière;f;0,61
jan;m;0,61
juiverie;f;0,61
justaucorps;m;0,61
kopeck;m;0,61
laiterie;f;0,61
lance-flammes;m;0,61
lance-fusées;m;0,61
latérite;f;0,61
leggins;f;0,61
leucémie;f;0,61
licol;m;0,61
licou;m;0,61
lignite;m;0,61
linguistique;f;0,61
long-courrier;m;0,61
ludion;m;0,61
lèche-cul;m;0,61
lévitation;f;0,61
mahonia;m;0,61
majorette;f;0,61
malandrin;m;0,61
manichéisme;m;0,61
manutention;f;0,61
manzanilla;m;0,61
margoulin;m;0,61
marjolaine;f;0,61
marmonnement;m;0,61
maroquinier;m;0,61
massicot;m;0,61
mastard;m;0,61
mastodonte;m;0,61
mataf;m;0,61
matamore;m;0,61
maître-autel;m;0,61
membrure;f;0,61
merrain;m;0,61
mi-carême;f;0,61
mi-raisin;m;0,61
micmac;m;0,61
millet;m;0,61
minotier;m;0,61
module;m;0,61
momerie;f;0,61
mondiale;m;0,61
monographie;f;0,61
mordillement;m;0,61
morille;f;0,61
mortalité;f;0,61
moumoute;f;0,61
muezzin;m;0,61
musaraigne;f;0,61
mythomanie;f;0,61
mégalomanie;f;0,61
mégaphone;m;0,61
mésentente;f;0,61
météorite;f;0,61
narthex;m;0,61
navarrais;m;0,61
neuvaine;f;0,61
nique;f;0,61
non-agression;f;0,61
nonnain;m;0,61
noria;f;0,61
noviciat;m;0,61
néologisme;m;0,61
névralgie;f;0,61
octogone;m;0,61
oedème;m;0,61
onctuosité;f;0,61
onyx;m;0,61
oratorio;m;0,61
oued;m;0,61
pacson;m;0,61
palefroi;m;0,61
palombe;f;0,61
papotage;m;0,61
paprika;m;0,61
parabellum;m;0,61
paratonnerre;m;0,61
patchwork;m;0,61
peigné;m;0,61
pelotage;m;0,61
picotin;m;0,61
pied-bot;m;0,61
pifomètre;m;0,61
pigment;m;0,61
pilonnage;m;0,61
pinacle;m;0,61
pinte;f;0,61
piraterie;f;0,61
placenta;m;0,61
planeur;m;0,61
plat-bord;m;0,61
platée;f;0,61
pleutre;m;0,61
plot;m;0,61
porte-à-faux;m;0,61
portulan;m;0,61
possessif;m;0,61
poudrière;f;0,61
prestesse;f;0,61
prolonge;f;0,61
prédication;f;0,61
préfiguration;f;0,61
prépondérance;f;0,61
punching-ball;m;0,61
pédantisme;m;0,61
pédérastie;f;0,61
pépite;f;0,61
péteux;m;0,61
q;m;0,61
quatre-vingt-dix;m;0,61
quotient;m;0,61
raccommodage;m;0,61
racolage;m;0,61
raidissement;m;0,61
ranch;m;0,61
ratichon;m;0,61
raucité;f;0,61
recommandé;m;0,61
rectification;f;0,61
relaxe;f;0,61
rentabilité;f;0,61
repiquage;m;0,61
replat;m;0,61
resquille;f;0,61
reubeu;m;0,61
rhino;m;0,61
riflette;f;0,61
rigodon;m;0,61
ronde-bosse;f;0,61
roquefort;m;0,61
roselier;f;0,61
réouverture;f;0,61
rétrospective;f;0,61
réversibilité;f;0,61
révocation;f;0,61
sabotier;m;0,61
saké;m;0,61
sandalette;f;0,61
sapeur-pompier;m;0,61
scaphandre;m;0,61
scion;m;0,61
scutigère;f;0,61
secco;m;0,61
semi-remorque;m;0,61
set;m;0,61
setter;m;0,61
shah;m;0,61
sibylle;f;0,61
simplification;f;0,61
simulation;f;0,61
sinistré;m;0,61
smala;f;0,61
snack-bar;m;0,61
soja;m;0,61
sonneur;m;0,61
sous-homme;m;0,61
sous-ordre;m;0,61
spiritueux;m;0,61
spoliation;f;0,61
sportsman;m;0,61
stagnation;f;0,61
stalactite;f;0,61
stoïcien;m;0,61
stoïcisme;m;0,61
stère;m;0,61
stérilet;m;0,61
surmenage;m;0,61
suroît;m;0,61
surprise-partie;f;0,61
sveltesse;f;0,61
sédiment;m;0,61
séropositif;m;0,61
tachycardie;f;0,61
tamaris;m;0,61
tao;m;0,61
taon;m;0,61
teinturerie;f;0,61
tendron;m;0,61
tennisman;m;0,61
tonnelier;m;0,61
tonus;m;0,61
toréador;m;0,61
toubab;m;0,61
touche-pipi;m;0,61
transbordement;m;0,61
transcendance;f;0,61
transposition;f;0,61
trolley;m;0,61
tropisme;m;0,61
trumeau;m;0,61
trépignement;m;0,61
tubercule;m;0,61
ténèbre;f;0,61
unetelle;m;0,61
uniprix;m;0,61
urticaire;f;0,61
vachère;f;0,61
vice-amiral;m;0,61
vénerie;f;0,61
vêture;f;0,61
yen;m;0,61
york;m;0,61
zona;m;0,61
zéphyr;m;0,61
églantier;m;0,61
élucidation;f;0,61
épargnant;m;0,61
épigraphe;f;0,61
épousailles;f;0,61
abrégé;m;0,54
abêtissement;m;0,54
adhérence;f;0,54
affairement;m;0,54
agacerie;f;0,54
agrume;m;0,54
ahan;m;0,54
ailette;f;0,54
allonge;f;0,54
allégation;f;0,54
allégement;m;0,54
alter ego;m;0,54
amaigrissement;m;0,54
amiante;m;0,54
amphétamine;f;0,54
amplification;f;0,54
analogue;m;0,54
aplatissement;m;0,54
appelant;m;0,54
aquilon;m;0,54
ara;m;0,54
araucaria;m;0,54
arc-boutant;m;0,54
archaïsme;m;0,54
argutie;f;0,54
aréole;f;0,54
assouplissement;m;0,54
astrologie;f;0,54
atonie;f;0,54
attaché-case;m;0,54
auverpin;m;0,54
azulejo;m;0,54
aérosol;m;0,54
bacchanale;f;0,54
balayette;f;0,54
balconnet;m;0,54
balluchon;m;0,54
balourd;m;0,54
balthazar;m;0,54
barquette;f;0,54
barème;m;0,54
batracien;m;0,54
battu;m;0,54
baudet;m;0,54
bernardin;f;0,54
biffe;f;0,54
bifurcation;f;0,54
bigo;m;0,54
billevesée;f;0,54
blanchecaille;f;0,54
boiterie;f;0,54
bombance;f;0,54
book;m;0,54
bouclage;m;0,54
boulimie;f;0,54
bousbir;m;0,54
bow-window;m;0,54
braillement;m;0,54
braque;m;0,54
brasseur;m;0,54
brassière;f;0,54
brelan;m;0,54
bruitage;m;0,54
brunette;f;0,54
bréchet;m;0,54
cabèche;f;0,54
cachotterie;f;0,54
cafouillage;m;0,54
cagette;f;0,54
cagoulard;m;0,54
cailloutis;m;0,54
calbombe;f;0,54
calembredaine;f;0,54
camé;m;0,54
canada;f;0,54
canna;m;0,54
canne-épée;f;0,54
cantate;f;0,54
caparaçon;m;0,54
capiton;m;0,54
caporal-chef;m;0,54
caque;f;0,54
cariatide;f;0,54
carmagnole;f;0,54
cartonnage;m;0,54
carène;f;0,54
cassage;m;0,54
catogan;m;0,54
cautère;m;0,54
cavette;f;0,54
caïman;m;0,54
centre-ville;m;0,54
chanfrein;m;0,54
chanoinesse;f;0,54
chaouch;m;0,54
chapelure;f;0,54
chasse-neige;m;0,54
chassé;m;0,54
chatière;f;0,54
chatouille;f;0,54
chatterie;f;0,54
chausseur;m;0,54
cheftaine;f;0,54
chi;m;0,54
chiard;m;0,54
chleuh;m;0,54
châtaigneraie;f;0,54
civette;f;0,54
civisme;m;0,54
clafoutis;m;0,54
clap;m;0,54
clappement;m;0,54
clarine;f;0,54
colin;m;0,54
columbarium;m;0,54
complet-veston;m;0,54
composteur;m;0,54
concordance;f;0,54
conglomérat;m;0,54
conservatisme;m;0,54
contre-plaqué;m;0,54
contredanse;f;0,54
cosy-corner;m;0,54
couardise;f;0,54
cromorne;m;0,54
crématorium;m;0,54
cubisme;m;0,54
curaçao;m;0,54
czar;m;0,54
dabuche;f;0,54
deal;m;0,54
demi-mesure;f;0,54
demi-mètre;m;0,54
demi-sang;m;0,54
dessiné;m;0,54
dessous-de-plat;m;0,54
dextre;f;0,54
digestif;m;0,54
dilection;f;0,54
dissonance;f;0,54
dissymétrie;f;0,54
diète;f;0,54
doc;m;0,54
dominion;m;0,54
donjuanisme;m;0,54
dossard;m;0,54
doudoune;f;0,54
douillon;m;0,54
douro;m;0,54
droguerie;f;0,54
druidisme;m;0,54
décorum;m;0,54
décrochage;m;0,54
démobilisé;m;0,54
démographie;f;0,54
dénigrement;m;0,54
déodorant;m;0,54
dépose;f;0,54
déracinement;m;0,54
déraillement;m;0,54
dérivatif;m;0,54
désaffection;f;0,54
désintégration;f;0,54
détachant;m;0,54
détérioration;f;0,54
dévaluation;f;0,54
edelweiss;m;0,54
embusqué;m;0,54
empeigne;f;0,54
empilement;m;0,54
empâtement;m;0,54
engloutissement;m;0,54
espadon;m;0,54
exorde;m;0,54
expo;f;0,54
exutoire;m;0,54
face-à-main;m;0,54
facho;m;0,54
fantasia;f;0,54
feeling;m;0,54
fifrelin;m;0,54
folio;m;0,54
foret;m;0,54
fortifiant;m;0,54
fouetté;m;0,54
fourre-tout;m;0,54
frison;m;0,54
fronce;f;0,54
fumigation;f;0,54
fuselage;m;0,54
fusible;m;0,54
futal;m;0,54
fétichisme;m;0,54
fête-dieu;f;0,54
galiote;f;0,54
garde-champêtre;m;0,54
gardénia;m;0,54
gavage;m;0,54
germination;f;0,54
giaour;m;0,54
goumier;m;0,54
grabuge;m;0,54
gradation;f;0,54
gratte-papier;m;0,54
gribouillage;m;0,54
groupuscule;m;0,54
gruau;m;0,54
ha;m;0,54
haddock;m;0,54
happening;m;0,54
haubert;m;0,54
hiératisme;m;0,54
horticulteur;m;0,54
hosanna;m;0,54
hospodar;m;0,54
hourvari;m;0,54
huipil;m;0,54
hâbleur;m;0,54
ides;f;0,54
immaculation;f;0,54
immixtion;f;0,54
imputation;f;0,54
inachèvement;m;0,54
inadaptation;f;0,54
incitation;f;0,54
incubation;f;0,54
inde;m;0,54
induction;f;0,54
inexactitude;f;0,54
inflammation;f;0,54
insertion;f;0,54
insouciant;m;0,54
invulnérabilité;f;0,54
irréel;m;0,54
isard;m;0,54
jansénisme;m;0,54
jauge;f;0,54
jerk;m;0,54
joliesse;f;0,54
jujube;m;0,54
junker;m;0,54
kastro;m;0,54
ketchup;m;0,54
kidnapping;m;0,54
kil;m;0,54
komintern;m;0,54
kyrie;m;0,54
l;m;0,54
label;m;0,54
levé;m;0,54
liard;m;0,54
libelle;m;0,54
libéralité;f;0,54
lied;m;0,54
limaçon;m;0,54
limonaire;m;0,54
linotte;f;0,54
linéament;m;0,54
liquidité;f;0,54
liron;m;0,54
lithographie;f;0,54
lucre;m;0,54
macédoine;f;0,54
maffia;f;0,54
magnificat;m;0,54
malaria;f;0,54
malformation;f;0,54
malversation;f;0,54
mangonneau;m;0,54
marinière;f;0,54
mascaret;m;0,54
matité;f;0,54
matérialisation;f;0,54
meneau;m;0,54
messie;m;0,54
mi-figue;f;0,54
migrant;m;0,54
mini-jupe;f;0,54
minibus;m;0,54
minijupe;f;0,54
mirus;m;0,54
mohair;m;0,54
moinillon;m;0,54
monbazillac;m;0,54
monte-charge;m;0,54
morbaque;m;0,54
mouffette;f;0,54
moustagache;f;0,54
must;m;0,54
myrrhe;f;0,54
mésalliance;f;0,54
mûrissement;m;0,54
natalité;f;0,54
naïade;f;0,54
neutron;m;0,54
nitrate;m;0,54
notification;f;0,54
nèfle;f;0,54
nécessiteux;m;0,54
négative;f;0,54
obséquiosité;f;0,54
oiselet;m;0,54
oiseleur;m;0,54
ondoiement;m;0,54
oreillon;m;0,54
ossuaire;m;0,54
ourdissage;m;0,54
ozone;m;0,54
pacifisme;m;0,54
palikare;m;0,54
palinodie;f;0,54
palliatif;m;0,54
palourde;f;0,54
panière;f;0,54
papouille;f;0,54
paquets-cadeaux;m;0,54
parallélépipède;m;0,54
pare-soleil;m;0,54
parmesan;m;0,54
patachon;m;0,54
pauvresse;f;0,54
paysannerie;f;0,54
pedzouille;m;0,54
penne;f;0,54
perpétuation;f;0,54
perquise;f;0,54
petit-lait;m;0,54
piastre;f;0,54
piaulement;m;0,54
pignouf;m;0,54
pin-up;f;0,54
pinasse;f;0,54
pince-monseigneur;f;0,54
plate;f;0,54
pleurnicherie;f;0,54
pleurésie;f;0,54
pliage;m;0,54
pluches;f;0,54
poisson-chat;m;0,54
porcelet;m;0,54
porte-clés;m;0,54
portrait-robot;m;0,54
potache;m;0,54
pouillerie;f;0,54
poulard;f;0,54
poulbot;m;0,54
prion;m;0,54
privauté;f;0,54
probloc;m;0,54
prohibition;f;0,54
promenoir;m;0,54
prudent;m;0,54
prédicant;m;0,54
prône;m;0,54
pullman;m;0,54
pythie;f;0,54
python;m;0,54
pâtis;m;0,54
pédoque;m;0,54
péplum;m;0,54
pépée;f;0,54
péteuse;f;0,54
quinquina;m;0,54
raglan;m;0,54
rallye;m;0,54
ramille;f;0,54
rampant;m;0,54
rasif;m;0,54
ratafia;m;0,54
ratiocination;f;0,54
rebouteux;m;0,54
reculade;f;0,54
remake;m;0,54
remariage;m;0,54
renardeau;m;0,54
renoncule;f;0,54
repliement;m;0,54
repose;f;0,54
repousse;f;0,54
ristourne;f;0,54
rogomme;m;0,54
rosbif;m;0,54
rotondité;f;0,54
rouet;m;0,54
rythmique;f;0,54
ré;m;0,54
réceptacle;m;0,54
réflecteur;m;0,54
réformé;m;0,54
régie;f;0,54
résultante;f;0,54
saccharine;f;0,54
saignement;m;0,54
salop;m;0,54
saute-mouton;m;0,54
sauté;m;0,54
schupo;m;0,54
scieur;m;0,54
sclérotique;f;0,54
scoutisme;m;0,54
sent-bon;m;0,54
sentine;f;0,54
serrurerie;f;0,54
servage;m;0,54
sex-shop;m;0,54
sextant;m;0,54
shopping;m;0,54
sibérien;m;0,54
simoun;m;0,54
sommaire;m;0,54
sophisme;m;0,54
sous-produit;m;0,54
sous-verge;m;0,54
soutier;m;0,54
soutènement;m;0,54
staff;m;0,54
stylomine;m;0,54
surgeon;m;0,54
surnaturel;m;0,54
suédine;f;0,54
swahili;m;0,54
syllogisme;m;0,54
synchronisme;m;0,54
sédition;f;0,54
t-shirt;m;0,54
taf;m;0,54
tanka;m;0,54
tapineur;f;0,54
tartre;m;0,54
technologie;f;0,54
terrage;m;0,54
teutonne;f;0,54
thermostat;m;0,54
timonerie;f;0,54
tiret;m;0,54
tocante;f;0,54
tom-pouce;m;0,54
tourne;f;0,54
traditionalisme;m;0,54
traîne-savates;m;0,54
tripette;f;0,54
truanderie;f;0,54
tuba;m;0,54
tuf;m;0,54
turista;f;0,54
téléobjectif;m;0,54
téléphérique;m;0,54
ut;m;0,54
vacation;f;0,54
vaccination;f;0,54
vacherin;m;0,54
vahiné;f;0,54
vairon;m;0,54
venaison;f;0,54
ventrée;f;0,54
verrouillage;m;0,54
versaillais;m;0,54
vibrato;m;0,54
vice-consul;m;0,54
vice-roi;m;0,54
volige;f;0,54
vénitienne;f;0,54
wagon-salon;m;0,54
xérès;m;0,54
yoyo;m;0,54
zonzon;m;0,54
ânier;m;0,54
éclaté;m;0,54
économat;m;0,54
égouttoir;m;0,54
émergence;f;0,54
émetteur;m;0,54
éros;m;0,54
ésotérisme;m;0,54
état-civil;m;0,54
éteule;f;0,54
éventuel;m;0,54
a priori;m;0,47
abjuration;f;0,47
about;m;0,47
abrupt;m;0,47
acception;f;0,47
acheminement;m;0,47
admonestation;f;0,47
affranchissement;m;0,47
agave;m;0,47
age;m;0,47
agglomérat;m;0,47
agrégatif;m;0,47
aimantation;f;0,47
ais;m;0,47
ajout;m;0,47
alanguissement;m;0,47
alexandra;m;0,47
alligator;m;0,47
alose;f;0,47
amble;m;0,47
ambulant;m;0,47
amortisseur;m;0,47
anachorète;m;0,47
anarchisme;m;0,47
andante;m;0,47
angleterre;f;0,47
angora;m;0,47
angélisme;m;0,47
anthrax;m;0,47
appontement;m;0,47
arlequin;m;0,47
aronde;f;0,47
assignation;f;0,47
assisté;m;0,47
assomption;f;0,47
assèchement;m;0,47
aster;m;0,47
asthénie;f;0,47
astiquage;m;0,47
astragale;m;0,47
athlétisme;m;0,47
aubade;f;0,47
aubier;m;0,47
autodestruction;f;0,47
autodéfense;f;0,47
avachissement;m;0,47
avent;m;0,47
aérolithe;m;0,47
aînesse;f;0,47
bacon;m;0,47
baderne;f;0,47
bafouillage;m;0,47
baile;m;0,47
bailleur;m;0,47
bailli;m;0,47
balaise;m;0,47
balèze;m;0,47
bannissement;m;0,47
baraka;f;0,47
barbecue;m;0,47
bas-bleu;m;0,47
bassinoire;f;0,47
bastonnade;f;0,47
belladone;f;0,47
besogneux;m;0,47
bien-pensant;m;0,47
biftèque;m;0,47
bigamie;f;0,47
biopsie;f;0,47
bipède;m;0,47
birbe;m;0,47
bistroquet;m;0,47
blinde;f;0,47
blizzard;m;0,47
bola;f;0,47
bolivar;m;0,47
bombonne;f;0,47
bonimenteur;m;0,47
bordage;m;0,47
boston;m;0,47
botanique;f;0,47
bougresse;f;0,47
bouture;f;0,47
bouzouki;m;0,47
brahmane;m;0,47
braille;m;0,47
branlée;f;0,47
briefing;m;0,47
brize;f;0,47
brodeur;f;0,47
bromure;m;0,47
bulbul;m;0,47
butagaz;m;0,47
bécot;m;0,47
béhémoth;m;0,47
bôme;f;0,47
cabotinage;m;0,47
cactée;f;0,47
cadrage;m;0,47
café-concert;m;0,47
calamar;m;0,47
calculateur;m;0,47
camion-citerne;m;0,47
campanule;f;0,47
camping-gaz;m;0,47
cannibalisme;m;0,47
canonisation;f;0,47
caquètement;m;0,47
carabin;m;0,47
carambolage;m;0,47
carlin;m;0,47
carnivore;m;0,47
catalpa;m;0,47
cerbère;m;0,47
cession;f;0,47
challenger;m;0,47
chandeleur;f;0,47
charançon;m;0,47
charron;m;0,47
chas;m;0,47
chaudronnier;m;0,47
chaumine;f;0,47
cherté;f;0,47
chignole;f;0,47
chipolata;f;0,47
chômedu;m;0,47
cicatrisation;f;0,47
cimaise;f;0,47
civilisé;m;0,47
clapot;m;0,47
clenche;f;0,47
cloué;m;0,47
cocasserie;f;0,47
cochonnaille;f;0,47
colback;m;0,47
collyre;m;0,47
colorant;m;0,47
compilation;f;0,47
conclave;m;0,47
congélation;f;0,47
conjonctivite;f;0,47
conscient;m;0,47
constante;f;0,47
contentieux;m;0,47
contre-plongée;f;0,47
contrepoison;m;0,47
conventionnel;m;0,47
copulation;f;0,47
corbin;m;0,47
cornard;m;0,47
corpuscule;f;0,47
cosmopolitisme;m;0,47
couard;m;0,47
coulage;m;0,47
coulant;m;0,47
courlis;m;0,47
couvre-pied;m;0,47
couvre-pieds;m;0,47
cover-girl;f;0,47
coyote;m;0,47
cramouille;f;0,47
crinoline;f;0,47
croquemitaine;m;0,47
crépon;m;0,47
curare;m;0,47
cuti;f;0,47
cuvée;f;0,47
câpre;f;0,47
céladon;m;0,47
césarienne;f;0,47
césure;f;0,47
côtes-du-rhône;m;0,47
demi-bouteille;f;0,47
demi-dieu;m;0,47
demi-dieux;m;0,47
demi-gros;m;0,47
demi-sel;m;0,47
dentition;f;0,47
desperado;m;0,47
deus ex machina;m;0,47
diane;f;0,47
dilettantisme;m;0,47
discord;f;0,47
distillation;f;0,47
dividende;m;0,47
domestication;f;0,47
dondon;f;0,47
dorade;f;0,47
drageoir;m;0,47
drain;m;0,47
dressoir;m;0,47
dulcinée;f;0,47
duplication;f;0,47
débrayage;m;0,47
décalque;m;0,47
décapitation;f;0,47
déclinaison;f;0,47
décrochement;m;0,47
défrichement;m;0,47
dégoûtation;f;0,47
délassement;m;0,47
dénombrement;m;0,47
dénominateur;m;0,47
dépeceur;m;0,47
dépistage;m;0,47
désorganisation;f;0,47
déterminisme;m;0,47
dévoilement;m;0,47
effilochure;f;0,47
effraie;f;0,47
effritement;m;0,47
emmêlement;m;0,47
enculerie;f;0,47
enracinement;m;0,47
entourloupette;f;0,47
entremêlement;m;0,47
estampille;f;0,47
estocade;f;0,47
estrapade;f;0,47
euphorisant;m;0,47
exclusif;f;0,47
face-à-face;m;0,47
fadette;f;0,47
farniente;m;0,47
fast-food;m;0,47
fatum;m;0,47
faîtage;m;0,47
feldgrau;m;0,47
femmelette;f;0,47
ferrage;m;0,47
fifty;m;0,47
filasse;f;0,47
filoche;f;0,47
financement;m;0,47
flatulence;f;0,47
fluxion;f;0,47
foirail;m;0,47
formant;m;0,47
foucade;f;0,47
fox-terrier;m;0,47
framboisier;m;0,47
francisque;f;0,47
friterie;f;0,47
fromager;m;0,47
frometon;m;0,47
frou-frou;m;0,47
frugalité;f;0,47
fâcherie;f;0,47
féticheur;m;0,47
gadouille;f;0,47
gale;f;0,47
galimatias;m;0,47
gargoulette;f;0,47
gave;m;0,47
geisha;f;0,47
gibelotte;f;0,47
gnostique;m;0,47
goujaterie;f;0,47
goupille;f;0,47
goy;m;0,47
granite;m;0,47
granulé;m;0,47
gribouille;m;0,47
grouillis;m;0,47
grume;f;0,47
gueuserie;f;0,47
guinche;m;0,47
hagiographe;m;0,47
hard;m;0,47
hasch;m;0,47
haschich;m;0,47
hit;m;0,47
homicide;m;0,47
hongre;m;0,47
hongroise;f;0,47
huche;f;0,47
hurleur;m;0,47
hélium;m;0,47
illogisme;m;0,47
imprévoyance;f;0,47
inconnaissable;m;0,47
incunable;m;0,47
info;f;0,47
investiture;f;0,47
inédit;m;0,47
jarretière;f;0,47
je-ne-sais-quoi;m;0,47
joaillerie;f;0,47
jobard;m;0,47
kabbale;f;0,47
kodak;m;0,47
koulak;m;0,47
laconisme;m;0,47
laissée;f;0,47
laitance;f;0,47
laminoir;m;0,47
langoustine;f;0,47
latex;m;0,47
laude;f;0,47
lavasse;f;0,47
laïcité;f;0,47
ligament;m;0,47
lituanien;m;0,47
loft;m;0,47
lopette;f;0,47
luger;m;0,47
lupin;m;0,47
luxuriance;f;0,47
lymphe;f;0,47
machiavélisme;m;0,47
machine-outil;f;0,47
maestro;m;0,47
mailloche;f;0,47
mamours;m;0,47
manga;m;0,47
marmitage;m;0,47
marqueur;m;0,47
martel;m;0,47
mascara;m;0,47
mater dolorosa;f;0,47
matras;m;0,47
matérialité;f;0,47
messire;m;0,47
mezzanine;f;0,47
mi-étage;m;0,47
modillon;m;0,47
modus vivendi;m;0,47
moissonneuse-batteuse;f;0,47
mole;f;0,47
monoplan;m;0,47
mont-blanc;m;0,47
moraine;f;0,47
mort-aux-rats;f;0,47
mouflon;m;0,47
moujahid;m;0,47
moïse;m;0,47
murène;f;0,47
musicalité;f;0,47
musiquette;f;0,47
mutuel;f;0,47
mygale;f;0,47
méchoui;m;0,47
médianoche;m;0,47
mégisserie;f;0,47
méridional;m;0,47
métallurgie;f;0,47
métropolite;m;0,47
narcotique;m;0,47
nougatine;f;0,47
nécrologie;f;0,47
obstruction;f;0,47
obtention;f;0,47
oliveraie;f;0,47
onanisme;m;0,47
orignal;m;0,47
oscar;m;0,47
outremer;m;0,47
ovule;m;0,47
paddy;m;0,47
paganisme;m;0,47
paimpolais;f;0,47
palestinien;m;0,47
panaché;m;0,47
pancrace;m;0,47
panurge;m;0,47
parascève;f;0,47
parlotte;f;0,47
paréo;m;0,47
passe-droit;m;0,47
passif;m;0,47
patronat;m;0,47
patrouilleur;m;0,47
paveton;m;0,47
pelade;f;0,47
penalty;m;0,47
perce;f;0,47
perchée;f;0,47
perlouze;f;0,47
peton;m;0,47
phallocrate;m;0,47
philanthropie;f;0,47
phylloxéra;m;0,47
pigne;f;0,47
pimbêche;f;0,47
pipelet;m;0,47
pistard;m;0,47
pisé;m;0,47
pitchpin;m;0,47
piétement;m;0,47
plaideur;m;0,47
plancton;m;0,47
plexiglas;m;0,47
plie;f;0,47
pléonasme;m;0,47
pochon;m;0,47
pogrome;m;0,47
poissonnerie;f;0,47
polaque;m;0,47
police-secours;f;0,47
politburo;m;0,47
polytechnique;f;0,47
pondération;f;0,47
ponette;f;0,47
porte-parapluies;m;0,47
potassium;m;0,47
presse-papiers;m;0,47
prodrome;m;0,47
prosélytisme;m;0,47
protéine;f;0,47
prunellier;m;0,47
prédominance;f;0,47
prépuce;m;0,47
préservatif;m;0,47
préservation;f;0,47
puceron;m;0,47
pudibonderie;f;0,47
puériculture;f;0,47
pédanterie;f;0,47
pékinois;m;0,47
périnée;m;0,47
péritonite;f;0,47
quadrichromie;f;0,47
quadruple;m;0,47
quota;m;0,47
quote-part;f;0,47
raccroc;m;0,47
radicalisme;m;0,47
rahat-lokoum;m;0,47
rallié;m;0,47
ras-le-bol;m;0,47
rase-mottes;m;0,47
ratine;f;0,47
recyclage;m;0,47
redevance;f;0,47
redoublement;m;0,47
refonte;f;0,47
relecture;f;0,47
rembarquement;m;0,47
rembourrage;m;0,47
ressassement;m;0,47
retransmission;f;0,47
revoyure;f;0,47
rhéteur;m;0,47
ribaud;m;0,47
ricin;m;0,47
rififi;m;0,47
rodomontade;f;0,47
rosserie;f;0,47
rotonde;f;0,47
roture;f;0,47
roumi;m;0,47
routin;m;0,47
râpé;m;0,47
récapitulation;f;0,47
réglementation;f;0,47
résipiscence;f;0,47
rétention;f;0,47
sablière;f;0,47
sabreur;m;0,47
sacripant;m;0,47
saint-esprit;m;0,47
salami;m;0,47
salmis;m;0,47
saloon;m;0,47
sansonnet;m;0,47
saoulerie;f;0,47
sapajou;m;0,47
satire;f;0,47
saucière;f;0,47
saurien;m;0,47
saï;m;0,47
seine;f;0,47
self-service;m;0,47
sellier;m;0,47
semeuse;f;0,47
senti;m;0,47
serpette;f;0,47
serrage;m;0,47
slibard;m;0,47
socque;m;0,47
sodomie;f;0,47
sodomite;m;0,47
sorbier;m;0,47
sous-ventrière;f;0,47
spirituel;m;0,47
spéciale;f;0,47
stayer;m;0,47
stimulant;m;0,47
stockage;m;0,47
strate;f;0,47
stylographe;m;0,47
subdivision;f;0,47
summum;m;0,47
surgelé;m;0,47
survêt;m;0,47
susurrement;m;0,47
synopsis;m;0,47
sébile;f;0,47
séquestration;f;0,47
tagliatelle;f;0,47
tartarin;m;0,47
tollé;m;0,47
tomette;f;0,47
tord-boyaux;m;0,47
toundra;f;0,47
tourmenteur;m;0,47
tout-à-l'égout;m;0,47
transformateur;m;0,47
translation;f;0,47
trappiste;m;0,47
trauma;m;0,47
traîne-patins;m;0,47
trial;m;0,47
triche;f;0,47
triple;m;0,47
trois-mâts;m;0,47
trois-quatre;m;0,47
tsoin-tsoin;m;0,47
tungstène;m;0,47
typographie;f;0,47
télépathie;f;0,47
tétrarque;m;0,47
tête-bêche;m;0,47
ululement;m;0,47
uranium;m;0,47
urètre;m;0,47
usufruit;m;0,47
vaticination;f;0,47
ventilation;f;0,47
vergue;f;0,47
virginal;m;0,47
voiturier;m;0,47
vouvoiement;m;0,47
yo-yo;m;0,47
yogi;m;0,47
yole;f;0,47
ânon;m;0,47
écartement;m;0,47
échangeur;m;0,47
échappé;m;0,47
échaudé;m;0,47
éclisse;f;0,47
égoïne;f;0,47
émiettement;m;0,47
émotivité;f;0,47
épandage;m;0,47
épaulement;m;0,47
équarrisseur;m;0,47
étalement;m;0,47
abrasif;m;0,41
abricotier;m;0,41
abysse;m;0,41
accommodation;f;0,41
acre;f;0,41
actinie;f;0,41
acupuncture;f;0,41
adaptateur;m;0,41
adjonction;f;0,41
affectivité;f;0,41
afféterie;f;0,41
agace;f;0,41
agnel;f;0,41
agouti;m;0,41
agoyate;m;0,41
aide-mémoire;m;0,41
aiguilleur;m;0,41
airelle;f;0,41
ajouté;m;0,41
aleph;m;0,41
ambivalence;f;0,41
amour-passion;m;0,41
ancrage;m;0,41
angon;m;0,41
anthropologie;f;0,41
anticorps;m;0,41
antiquaille;f;0,41
anémie;f;0,41
apostasie;f;0,41
appeau;m;0,41
aramon;m;0,41
arbouse;f;0,41
arbousier;m;0,41
archivolte;f;0,41
argentier;m;0,41
arrhe;f;0,41
arrière-grand-oncle;m;0,41
arrière-petits-fils;m;0,41
asparagus;m;0,41
aspidistra;m;0,41
assaisonnement;m;0,41
assureur;m;0,41
athénienne;f;0,41
atlante;m;0,41
ausweis;m;0,41
avant-première;f;0,41
avant-propos;m;0,41
avaro;m;0,41
aéronautique;f;0,41
baby-sitting;m;0,41
balalaïka;f;0,41
balloche;m;0,41
baptistère;m;0,41
baragouin;m;0,41
baratte;f;0,41
barbet;m;0,41
barbiquet;m;0,41
bardeau;m;0,41
bastide;f;0,41
batte;f;0,41
bauxite;f;0,41
beauf;m;0,41
beaujolpif;m;0,41
becquée;f;0,41
bel canto;m;0,41
belle-lettre;f;0,41
benzine;f;0,41
bergeronnette;f;0,41
bernache;f;0,41
bette;f;0,41
bic;m;0,41
big-bang;m;0,41
bithynien;m;0,41
blanc-bleu;m;0,41
bobinard;m;0,41
bobino;m;0,41
boer;m;0,41
boggie;m;0,41
bonus;m;0,41
boom;m;0,41
bouffissure;f;0,41
brandevinier;m;0,41
bri;m;0,41
bridon;m;0,41
briqueterie;f;0,41
brise-bise;m;0,41
broncho-pneumonie;f;0,41
brûle-gueule;m;0,41
béchamel;f;0,41
bérézina;f;0,41
café-restaurant;m;0,41
calanque;f;0,41
calculatrice;f;0,41
campagnol;m;0,41
canaillerie;f;0,41
canfouine;f;0,41
carte-lettre;f;0,41
carénage;m;0,41
casse-noisette;m;0,41
castrat;m;0,41
casuel;m;0,41
casuistique;f;0,41
centralisme;m;0,41
cessez-le-feu;m;0,41
chabraque;f;0,41
chaman;m;0,41
chamelier;m;0,41
chapon;m;0,41
charleston;m;0,41
chaud-froid;m;0,41
chevrotement;m;0,41
chevêche;f;0,41
chez-soi;m;0,41
chinchilla;m;0,41
chloroforme;m;0,41
cholestérol;m;0,41
châlit;m;0,41
cipaye;m;0,41
circaète;m;0,41
clairette;f;0,41
clarisse;f;0,41
clito;m;0,41
clitoris;m;0,41
coassement;m;0,41
coexistence;f;0,41
colite;f;0,41
collégiale;f;0,41
combativité;f;0,41
comics;m;0,41
commercialisation;f;0,41
commis-voyageur;m;0,41
compte-tours;m;0,41
confiteor;m;0,41
conflagration;f;0,41
congratulation;f;0,41
consolidation;f;0,41
consort;m;0,41
contemplatif;m;0,41
contention;f;0,41
contre-offensive;f;0,41
coolie;m;0,41
copropriété;f;0,41
coquard;m;0,41
cornac;m;0,41
cothurne;m;0,41
couillonnade;f;0,41
coulure;f;0,41
courante;f;0,41
courgette;f;0,41
courtisanerie;f;0,41
couventine;f;0,41
creusement;m;0,41
cricket;m;0,41
croche;f;0,41
cross;m;0,41
créosote;f;0,41
crésyl;m;0,41
crétinisme;m;0,41
cul-de-basse-fosse;m;0,41
curriculum;m;0,41
cénotaphe;m;0,41
cérumen;m;0,41
dactylographie;f;0,41
daguet;m;0,41
dandysme;m;0,41
de profundis;m;0,41
delirium;m;0,41
demi-lieue;f;0,41
demi-million;m;0,41
demi-page;f;0,41
demi-pension;f;0,41
demi-section;f;0,41
derme;m;0,41
descriptif;m;0,41
digest;m;0,41
disquette;f;0,41
dissociation;f;0,41
distillerie;f;0,41
dièdre;m;0,41
dotation;f;0,41
doublon;m;0,41
douillette;f;0,41
draille;f;0,41
drapier;m;0,41
drive;m;0,41
duplicata;m;0,41
déboulé;m;0,41
déchiffrage;m;0,41
décolonisation;f;0,41
décompression;f;0,41
dédit;m;0,41
défaveur;f;0,41
dégagé;m;0,41
dégoulinade;f;0,41
démantèlement;m;0,41
démaquillant;m;0,41
déni;m;0,41
déontologie;f;0,41
dépassant;m;0,41
dépréciation;f;0,41
déprédation;f;0,41
dépucelage;m;0,41
désabusement;m;0,41
désinformation;f;0,41
embellissement;m;0,41
embrocation;f;0,41
emphysème;m;0,41
empiècement;m;0,41
empoigne;f;0,41
enrouement;m;0,41
entregent;m;0,41
envoyeur;m;0,41
escarcelle;f;0,41
escarpolette;f;0,41
essieu;m;0,41
estancia;f;0,41
este;m;0,41
ethnologie;f;0,41
eubage;m;0,41
euphorbe;f;0,41
ex-ministre;m;0,41
exogamie;f;0,41
expropriation;f;0,41
fabliau;m;0,41
fabulation;f;0,41
failli;m;0,41
farfadet;m;0,41
fauconnier;m;0,41
fenil;m;0,41
feutrage;m;0,41
fiasque;f;0,41
fignolage;m;0,41
fille-mère;f;0,41
filé;m;0,41
finalité;f;0,41
flag;m;0,41
flandrin;m;0,41
flingot;m;0,41
fondeur;m;0,41
fourme;f;0,41
fox;m;0,41
frairie;f;0,41
franchouillard;m;0,41
french;m;0,41
fric-frac;m;0,41
friteur;f;0,41
fromagerie;f;0,41
frottoir;m;0,41
froufrou;m;0,41
fulguration;f;0,41
full;m;0,41
fulmination;f;0,41
fusil-mitrailleur;m;0,41
féminisme;m;0,41
galurin;m;0,41
galène;f;0,41
galéjade;f;0,41
garde-frontières;m;0,41
gardes-chasse;m;0,41
gaul;f;0,41
gille;m;0,41
gineste;m;0,41
glandeur;m;0,41
globe-trotter;m;0,41
glorieuse;f;0,41
gnognote;f;0,41
gobelin;m;0,41
goinfrerie;f;0,41
gonocoque;m;0,41
gorgone;f;0,41
goum;m;0,41
gourme;f;0,41
gracieuseté;f;0,41
graduation;f;0,41
graphisme;m;0,41
grasseyement;m;0,41
grattage;m;0,41
gratte;f;0,41
gretchen;f;0,41
grigou;m;0,41
grisette;f;0,41
gros-grain;m;0,41
grésil;m;0,41
guéguerre;f;0,41
gégène;f;0,41
génitoire;f;0,41
hara-kiri;m;0,41
harki;m;0,41
harmonique;m;0,41
hart;f;0,41
haschisch;m;0,41
high life;m;0,41
hippocampe;m;0,41
histrion;m;0,41
homme-sandwich;m;0,41
houillère;f;0,41
hourrah;m;0,41
hune;f;0,41
hybride;m;0,41
héliotrope;m;0,41
hémiplégie;f;0,41
hémorroïde;f;0,41
import-export;m;0,41
imposition;f;0,41
impétigo;m;0,41
incarnat;m;0,41
inculture;f;0,41
infatuation;f;0,41
inhalation;f;0,41
insincérité;f;0,41
intempérance;f;0,41
intronisation;f;0,41
intériorité;f;0,41
invendu;m;0,41
inverti;m;0,41
ivoirin;f;0,41
jacot;m;0,41
jaunisse;f;0,41
joncaille;f;0,41
jubilé;m;0,41
julep;m;0,41
kilomètre-heure;m;0,41
kolkhoze;m;0,41
krach;m;0,41
kébour;m;0,41
labourage;m;0,41
lamproie;f;0,41
lance-torpilles;m;0,41
lapis-lazuli;m;0,41
larfeuille;m;0,41
larigot;m;0,41
lasagne;f;0,41
lavis;m;0,41
laxatif;m;0,41
laçage;m;0,41
leucose;f;0,41
licenciement;m;0,41
lieux-dits;m;0,41
lignage;m;0,41
linotype;f;0,41
litote;f;0,41
loch;m;0,41
lolo;m;0,41
lombes;f;0,41
longitude;f;0,41
lopin;m;0,41
lotta;f;0,41
loupiot;m;0,41
lémurien;m;0,41
maelström;m;0,41
maestria;f;0,41
main-forte;f;0,41
maintenue;f;0,41
malpoli;m;0,41
mandrin;m;0,41
mandé;m;0,41
maraca;f;0,41
marennes;f;0,41
marguillier;m;0,41
marijuana;f;0,41
marivaudage;m;0,41
maroufle;f;0,41
marteau-pilon;m;0,41
martin-pêcheur;m;0,41
maréchaux-ferrants;m;0,41
massicotier;m;0,41
matuche;m;0,41
mazet;m;0,41
mazurka;f;0,41
menthol;m;0,41
mi-juillet;f;0,41
misanthropie;f;0,41
miston;f;0,41
mominette;f;0,41
monopoly;m;0,41
moucheture;f;0,41
moukère;f;0,41
moyeux;m;0,41
mufti;m;0,41
multinationale;f;0,41
mânes;m;0,41
mère-patrie;f;0,41
médicastre;m;0,41
méhari;m;0,41
mémorial;m;0,41
ménisque;m;0,41
naja;m;0,41
nasillement;m;0,41
nippon;m;0,41
nivôse;m;0,41
non-retour;m;0,41
none;f;0,41
nonnette;f;0,41
normalisation;f;0,41
nuisible;m;0,41
négritude;f;0,41
névrosé;m;0,41
obscurcissement;m;0,41
oedipe;m;0,41
oiselle;f;0,41
olifant;m;0,41
ondin;m;0,41
ondine;f;0,41
onglée;f;0,41
orangerie;f;0,41
ovocyte;m;0,41
oxyde;m;0,41
pacification;f;0,41
pagaye;f;0,41
paillon;m;0,41
palanquin;m;0,41
palestre;f;0,41
palet;m;0,41
panarabisme;m;0,41
parallélisme;m;0,41
paramètre;m;0,41
parka;m;0,41
particularisme;m;0,41
patente;f;0,41
patenôtre;f;0,41
pater noster;m;0,41
patinoire;f;0,41
pattemouille;f;0,41
pauvret;m;0,41
pavane;f;0,41
pelle-pioche;f;0,41
pense-bête;m;0,41
people;m;0,41
percement;m;0,41
perpette;f;0,41
perré;m;0,41
persiflage;m;0,41
pet-de-nonne;m;0,41
phalanstère;m;0,41
pharynx;m;0,41
philippin;m;0,41
phonème;m;0,41
pied-de-poule;m;0,41
pimpon;m;0,41
pissat;m;0,41
plagiat;m;0,41
plissé;m;0,41
plombage;m;0,41
plèbe;f;0,41
pochade;f;0,41
pointage;m;0,41
polak;m;0,41
policeman;m;0,41
polissage;m;0,41
poltron;m;0,41
ponceau;m;0,41
ponceur;f;0,41
porte-à-porte;m;0,41
pot-de-vin;m;0,41
potentat;m;0,41
poulaille;f;0,41
pourrissoir;m;0,41
pousse-pousse;m;0,41
poêlon;m;0,41
presse-purée;m;0,41
prestidigitation;f;0,41
programmation;f;0,41
propagateur;m;0,41
proxo;m;0,41
proxénétisme;m;0,41
proze;m;0,41
prédisposition;f;0,41
président-directeur;m;0,41
préventorium;m;0,41
prééminence;f;0,41
prêtrise;f;0,41
pucier;m;0,41
purotin;m;0,41
purulence;f;0,41
putasserie;f;0,41
pyrotechnie;f;0,41
pédalo;m;0,41
pégriot;m;0,41
pétoulet;m;0,41
qu'en-dira-t-on;m;0,41
quasi-certitude;f;0,41
quatre-heures;m;0,41
quiqui;m;0,41
radoub;m;0,41
raider;m;0,41
rasage;m;0,41
rascasse;f;0,41
rastaquouère;m;0,41
rationalisme;m;0,41
ravalement;m;0,41
reblochon;m;0,41
redistribution;f;0,41
regency;m;0,41
reine-claude;f;0,41
relance;f;0,41
relevée;f;0,41
relieur;m;0,41
religiosité;f;0,41
renonciation;f;0,41
rentré;m;0,41
ressemelage;m;0,41
restauroute;m;0,41
retape;f;0,41
retroussis;m;0,41
rhapsodie;f;0,41
ribouldingue;f;0,41
riflard;m;0,41
rillons;m;0,41
ripolin;m;0,41
rocambole;f;0,41
rodage;m;0,41
roitelet;m;0,41
roman-feuilleton;m;0,41
roman-photo;m;0,41
rotor;m;0,41
rouleur;m;0,41
rouste;f;0,41
réciproque;f;0,41
réfraction;f;0,41
réfutation;f;0,41
réservation;f;0,41
réséda;m;0,41
rétribution;f;0,41
rêvasserie;f;0,41
rôtissoire;f;0,41
sac-poubelle;m;0,41
sagaie;f;0,41
saint-émilion;m;0,41
samaritain;m;0,41
sanguine;f;0,41
sanhédrin;m;0,41
sanitaire;m;0,41
sans-culotte;m;0,41
sanscrit;m;0,41
satinette;f;0,41
sauterie;f;0,41
schbeb;m;0,41
schproum;m;0,41
schuss;m;0,41
scintillation;f;0,41
script;m;0,41
sirdar;m;0,41
sociabilité;f;0,41
songe-creux;m;0,41
souquenille;f;0,41
souriceau;m;0,41
sous-développé;m;0,41
sous-fifre;m;0,41
souscription;f;0,41
soutenant;m;0,41
spermato;m;0,41
spider;m;0,41
spécialisation;f;0,41
stabilisation;f;0,41
staccato;m;0,41
stance;f;0,41
stratification;f;0,41
stress;m;0,41
striure;f;0,41
strudel;m;0,41
sublimation;f;0,41
suborneur;m;0,41
sulky;m;0,41
sunlight;m;0,41
superstar;f;0,41
symbiose;f;0,41
synthétiseur;m;0,41
séchage;m;0,41
séraphin;m;0,41
tabagie;f;0,41
tadorne;m;0,41
tag;m;0,41
tajine;m;0,41
tape-cul;m;0,41
tapée;f;0,41
tarentule;f;0,41
tartiss;m;0,41
tentiaire;f;0,41
tergal;m;0,41
terminaison;f;0,41
tessiture;f;0,41
teuf-teuf;m;0,41
thermes;m;0,41
thérapeutique;f;0,41
tissu-éponge;m;0,41
toquade;f;0,41
toquard;m;0,41
toril;m;0,41
tortilla;f;0,41
toton;m;0,41
toulonnais;m;0,41
trachée;f;0,41
trappon;m;0,41
trattoria;f;0,41
traîtresse;f;0,41
trempette;f;0,41
tricotage;m;0,41
trinité;f;0,41
trouduc;m;0,41
trucage;m;0,41
trusteeship;m;0,41
trémie;f;0,41
tue-mouche;m;0,41
télescopage;m;0,41
tête-de-mort;f;0,41
unicité;f;0,41
urbanité;f;0,41
va-tout;m;0,41
vachette;f;0,41
validité;f;0,41
vaporetto;m;0,41
varlope;f;0,41
vaudou;m;0,41
verbalisme;m;0,41
vergeture;f;0,41
vespasien;f;0,41
vicomté;f;0,41
vidéo;f;0,41
vioc;m;0,41
violoneux;m;0,41
viorne;f;0,41
virtualité;f;0,41
vivarium;m;0,41
viveur;m;0,41
vivisection;f;0,41
vulgarisation;f;0,41
vélocipède;m;0,41
vélum;m;0,41
vénalité;f;0,41
vénus;f;0,41
yak;m;0,41
zeppelin;m;0,41
zip;m;0,41
zizanie;f;0,41
zoom;m;0,41
zébu;m;0,41
ânesse;f;0,41
ébénisterie;f;0,41
économique;m;0,41
écrase-merde;m;0,41
élégie;f;0,41
épicemard;m;0,41
épigone;m;0,41
épigramme;f;0,41
étrille;f;0,41
étrivière;f;0,41
éviction;f;0,41
accu;m;0,34
aconit;m;0,34
acoustique;f;0,34
acquittement;m;0,34
adagio;m;0,34
adjuration;f;0,34
adéquation;f;0,34
aggloméré;m;0,34
ahanement;m;0,34
alléluia;m;0,34
alpenstock;m;0,34
alène;f;0,34
amateurisme;m;0,34
amuseur;m;0,34
anesthésique;m;0,34
anthropomorphisme;m;0,34
anticléricalisme;m;0,34
antigène;m;0,34
antimilitarisme;m;0,34
antinomie;f;0,34
antiphrase;f;0,34
aplanissement;m;0,34
apparatchik;m;0,34
appropriation;f;0,34
appétence;f;0,34
arganier;m;0,34
armorial;m;0,34
arthrite;f;0,34
artiflot;m;0,34
assainissement;m;0,34
assujettissement;m;0,34
astérisque;m;0,34
asymétrie;f;0,34
aubette;f;0,34
autarcie;f;0,34
autocensure;f;0,34
autoportrait;m;0,34
avant-train;m;0,34
avilissement;m;0,34
aérien;m;0,34
aïd;m;0,34
baballe;f;0,34
badamier;m;0,34
badauderie;f;0,34
bail,bau;m;0,34
baklava;m;0,34
balancelle;f;0,34
balançage;m;0,34
balayure;f;0,34
ballant;m;0,34
bambino;m;0,34
barbarisme;m;0,34
barboteur;f;0,34
bardane;f;0,34
baronnet;m;0,34
barracuda;m;0,34
basket-ball;m;0,34
bassinet;m;0,34
battage;m;0,34
be-bop;m;0,34
beefsteak;m;0,34
belle-de-nuit;f;0,34
belle-maman;f;0,34
belligérance;f;0,34
berlingue;m;0,34
bernard-l'ermite;m;0,34
bernicle;f;0,34
best;m;0,34
bi;m;0,34
bicarbonate;m;0,34
biguine;f;0,34
bimoteur;m;0,34
bisbille;f;0,34
biscoto;m;0,34
bissac;m;0,34
bla-bla-bla;m;0,34
blablabla;m;0,34
bleu-noir;m;0,34
bolduc;m;0,34
bouilleur;m;0,34
bouilli;m;0,34
bouillonné;m;0,34
bouquetin;m;0,34
bourrier;m;0,34
bousier;m;0,34
boutonnage;m;0,34
boxer;m;0,34
braiment;m;0,34
brick;m;0,34
brigue;f;0,34
brimborion;m;0,34
briscard;m;0,34
brocheur;m;0,34
brushing;m;0,34
brûlis;m;0,34
bubon;m;0,34
businessman;m;0,34
bustier;m;0,34
byzantin;m;0,34
byzantinisme;m;0,34
bénédicité;m;0,34
cabestan;m;0,34
cacatoès;m;0,34
calbar;m;0,34
cale-pied;m;0,34
camarin;m;0,34
camaïeu;m;0,34
camerounais;m;0,34
canotage;m;0,34
cantilène;f;0,34
carambar;m;0,34
cardamome;f;0,34
cardan;m;0,34
caroubier;m;0,34
carreleur;m;0,34
carter;m;0,34
cartographie;f;0,34
cartonnier;m;0,34
cashmere;m;0,34
casserolée;f;0,34
cata;f;0,34
causalité;f;0,34
cavaillon;m;0,34
cens;m;0,34
champignonnière;f;0,34
charbonnière;f;0,34
chardonneret;m;0,34
charlatanisme;m;0,34
chatouillis;m;0,34
chatterton;m;0,34
chaude-pisse;f;0,34
chaudronnerie;f;0,34
chavirement;m;0,34
chenillette;f;0,34
cherry;m;0,34
chibouk;m;0,34
chineur;m;0,34
chouannerie;f;0,34
chéfesse;f;0,34
cicérone;m;0,34
citoyenneté;f;0,34
clampin;m;0,34
classicisme;m;0,34
clownerie;f;0,34
co-propriété;f;0,34
coalisé;m;0,34
cocard;m;0,34
cocotte-minute;f;0,34
coffiot;m;0,34
cogito;m;0,34
coin-coin;m;0,34
colchique;m;0,34
collectivisme;m;0,34
colleur;m;0,34
coloriage;m;0,34
coltinage;m;0,34
comparution;f;0,34
comptant;m;0,34
compte-fils;m;0,34
concavité;f;0,34
condensé;m;0,34
confinement;m;0,34
congélateur;m;0,34
consensus;m;0,34
continuateur;m;0,34
contracture;f;0,34
contre-allée;f;0,34
contre-espionnage;m;0,34
contre-pente;f;0,34
contre-révolution;f;0,34
contrechamp;m;0,34
contrordre;m;0,34
convalo;f;0,34
copte;m;0,34
cora;f;0,34
cornière;f;0,34
cornouiller;m;0,34
coupe-chou;m;0,34
coupe-circuit;m;0,34
coupe-vent;m;0,34
couscoussier;m;0,34
creek;m;0,34
crevure;f;0,34
critérium;m;0,34
croche-patte;m;0,34
cross-country;m;0,34
créativité;f;0,34
crédibilité;f;0,34
crémone;f;0,34
cubage;m;0,34
cui-cui;m;0,34
cuissage;m;0,34
cuistrerie;f;0,34
culmination;f;0,34
cuveau;m;0,34
cyclamen;m;0,34
daguerréotype;m;0,34
delco;m;0,34
demi-deuil;m;0,34
demi-livre;f;0,34
demi-rond;f;0,34
destitution;f;0,34
diablotin;m;0,34
dictaphone;m;0,34
diorama;m;0,34
diphtongue;f;0,34
dirigeable;m;0,34
dissentiment;m;0,34
dissolvant;m;0,34
dithyrambe;m;0,34
dogmatisme;m;0,34
dojo;m;0,34
dom;m;0,34
dominant;m;0,34
doping;m;0,34
dormant;m;0,34
dos-d'âne;m;0,34
doublage;m;0,34
downing street;f;0,34
drag;m;0,34
driver;m;0,34
dualisme;m;0,34
duffle-coat;m;0,34
dynamiteur;m;0,34
débrouillardise;f;0,34
débrouille;f;0,34
décadi;m;0,34
décapant;m;0,34
décoloration;f;0,34
déferlante;f;0,34
défoncement;m;0,34
déglingue;f;0,34
déjà-vu;m;0,34
délimitation;f;0,34
délivre;m;0,34
déloyauté;f;0,34
démembrement;m;0,34
déminage;m;0,34
dépendeur;m;0,34
déperdition;f;0,34
dépeçage;m;0,34
députation;f;0,34
député-maire;m;0,34
dépérissement;m;0,34
dérangé;m;0,34
dérogation;f;0,34
désamour;m;0,34
dévalement;m;0,34
efficience;f;0,34
effilé;m;0,34
eider;m;0,34
embourgeoisement;m;0,34
embrouillamini;m;0,34
empierrement;m;0,34
empiètement;m;0,34
encadreur;m;0,34
encart;m;0,34
endogamie;f;0,34
enfançon;m;0,34
enfouissement;m;0,34
enjambeur;m;0,34
enrôlement;m;0,34
entendeur;m;0,34
entrelacement;m;0,34
enviandé;m;0,34
enzyme;f;0,34
escamotage;m;0,34
espacement;m;0,34
esseulement;m;0,34
estoc;m;0,34
exhaustion;f;0,34
exit;m;0,34
expulsé;m;0,34
fac-similé;m;0,34
factum;m;0,34
fagne;f;0,34
fainéantise;f;0,34
faquin;m;0,34
fardier;m;0,34
fat;m;0,34
fauchage;m;0,34
faux-col;m;0,34
faux-filet;m;0,34
favoritisme;m;0,34
fellagha;m;0,34
fenaison;f;0,34
fendeur;m;0,34
ferblantier;m;0,34
fermette;f;0,34
feuilleté;m;0,34
fiabilité;f;0,34
fil-à-fil;m;0,34
filoselle;f;0,34
filouterie;f;0,34
flagellé;m;0,34
flambard;m;0,34
flexibilité;f;0,34
flouze;m;0,34
foirade;f;0,34
footing;m;0,34
formalisme;m;0,34
fouterie;f;0,34
fra;m;0,34
frangipane;f;0,34
frappeur;m;0,34
fraternisation;f;0,34
fridolin;m;0,34
frigidité;f;0,34
frisure;f;0,34
frontispice;m;0,34
frottis;m;0,34
frétillement;m;0,34
fuchsia;m;0,34
fumisterie;f;0,34
féculent;m;0,34
fédéré;m;0,34
félonie;f;0,34
féria;f;0,34
fétidité;f;0,34
gabegie;f;0,34
gabier;m;0,34
gabonais;m;0,34
galope;f;0,34
galuchat;m;0,34
galée;f;0,34
gammaglobuline;f;0,34
garance;f;0,34
garde-corps;m;0,34
garde-meubles;m;0,34
garden-party;f;0,34
gargarisme;m;0,34
gasoil;m;0,34
gaulis;m;0,34
gavroche;m;0,34
gelure;f;0,34
gigantisme;m;0,34
gigotement;m;0,34
glaciation;f;0,34
gloriette;f;0,34
gnafron;m;0,34
gnard;m;0,34
godelureau;m;0,34
goitreux;m;0,34
gorgonzola;m;0,34
goumi;m;0,34
gourgandine;f;0,34
graal;m;0,34
grainetier;m;0,34
grand-quartier;m;0,34
granulation;f;0,34
grappa;f;0,34
gratteur;m;0,34
gravelle;f;0,34
grignotage;m;0,34
grimacier;m;0,34
grimpant;m;0,34
grisé;m;0,34
grole;f;0,34
group;m;0,34
gréement;m;0,34
guette;f;0,34
guibole;f;0,34
gypse;m;0,34
gâteur;f;0,34
géhenne;f;0,34
gésine;f;0,34
haleur;m;0,34
hanap;m;0,34
hautain;m;0,34
hellénisme;m;0,34
hennin;m;0,34
historiette;f;0,34
hoirie;f;0,34
homogénéité;f;0,34
houe;f;0,34
huisserie;f;0,34
humérus;m;0,34
huppe;f;0,34
hurricane;m;0,34
hydre;f;0,34
hydrocarbure;m;0,34
hymen;m;0,34
hyperbole;f;0,34
hâblerie;f;0,34
hélianthe;m;0,34
hémicycle;m;0,34
hémoglobine;f;0,34
hérissement;m;0,34
ice-cream;m;0,34
ie;m;0,34
igname;f;0,34
ignition;f;0,34
illusionnisme;m;0,34
imaginatif;m;0,34
imam;m;0,34
immaturité;f;0,34
immobilisation;f;0,34
impersonnalité;f;0,34
importateur;m;0,34
in-octavo;m;0,34
incorrection;f;0,34
incroyance;f;0,34
incuriosité;f;0,34
indiennerie;f;0,34
indistinction;f;0,34
indochinois;m;0,34
indécis;m;0,34
indétermination;f;0,34
interlude;m;0,34
iota;m;0,34
iridium;m;0,34
irradiation;f;0,34
isolation;f;0,34
jacasserie;f;0,34
jacobin;m;0,34
javelle;f;0,34
joyeuseté;f;0,34
jurisprudence;f;0,34
kacha;f;0,34
kaolin;m;0,34
kapo;m;0,34
kapok;m;0,34
khâgneux;m;0,34
kick;m;0,34
kilowatt;m;0,34
kit;m;0,34
koré;f;0,34
kummel;m;0,34
labrador;m;0,34
lacryma-christi;m;0,34
larsen;m;0,34
lascivité;f;0,34
lei;m;0,34
letton;m;0,34
levage;m;0,34
liant;m;0,34
libre-service;m;0,34
licteur;m;0,34
logarithme;m;0,34
lumen;m;0,34
lux;m;0,34
lèche-bottes;m;0,34
malfaçon;f;0,34
maltais;m;0,34
mamelouk;m;0,34
mandant;m;0,34
mandarinier;m;0,34
mandorle;f;0,34
maniaquerie;f;0,34
maniérisme;m;0,34
manquant;m;0,34
marginalité;f;0,34
margoulette;f;0,34
marloupin;m;0,34
martienne;f;0,34
massacreur;m;0,34
massepain;m;0,34
mastroquet;m;0,34
maussaderie;f;0,34
mechta;f;0,34
mentonnier;f;0,34
merdouille;f;0,34
meurette;f;0,34
mi-distance;f;0,34
mi-longs;m;0,34
mi-parcours;m;0,34
micocoulier;m;0,34
microcosme;m;0,34
milady;f;0,34
milan;m;0,34
milligramme;m;0,34
minitel;m;0,34
minutage;m;0,34
miquette;f;0,34
mirabellier;m;0,34
miroton;m;0,34
miserere;m;0,34
moirure;f;0,34
monothéisme;m;0,34
montjoie;f;0,34
morcellement;m;0,34
morcif;m;0,34
mortadelle;f;0,34
mot-clé;m;0,34
mouillure;f;0,34
moussaillon;m;0,34
muffin;m;0,34
mulâtresse;f;0,34
mutualité;f;0,34
mâchicoulis;m;0,34
mère-grand;f;0,34
mélisse;f;0,34
métallurgiste;m;0,34
méthylène;m;0,34
méticulosité;f;0,34
navaja;f;0,34
naze;m;0,34
nestorianisme;m;0,34
non-initié;m;0,34
noroît;m;0,34
nota;m;0,34
nuitée;f;0,34
nutrition;f;0,34
nymphéa;m;0,34
observance;f;0,34
occitan;m;0,34
occlusion;f;0,34
occultisme;m;0,34
octosyllabe;m;0,34
oculaire;m;0,34
odéon;m;0,34
oecuménisme;m;0,34
offertoire;m;0,34
offrant;m;0,34
omniprésence;f;0,34
onglet;m;0,34
opéra-comique;m;0,34
orangeraie;f;0,34
oratorien;m;0,34
ordination;f;0,34
ouvre-boîtes;m;0,34
p.;m;0,34
pacemaker;m;0,34
pacsif;m;0,34
palladium;m;0,34
palpation;f;0,34
palpe;m;0,34
panaris;m;0,34
panégyrique;m;0,34
paparazzi;m;0,34
paraphrase;f;0,34
parentèle;f;0,34
parturiente;f;0,34
passation;f;0,34
patapouf;m;0,34
pataquès;m;0,34
patriarcat;m;0,34
patène;f;0,34
payement;m;0,34
peigne-cul;m;0,34
peppermint;m;0,34
perlot;m;0,34
pertinence;f;0,34
pertuis;m;0,34
petite-bourgeoise;f;0,34
phlox;m;0,34
phlébite;f;0,34
phylactère;m;0,34
phénoménologie;f;0,34
pibloque;m;0,34
picador;m;0,34
pigeonneau;m;0,34
pink;f;0,34
piot;m;0,34
pioupiou;m;0,34
pipe-line;m;0,34
piquouze;f;0,34
pisse-froid;m;0,34
pistole;f;0,34
pithécanthrope;m;0,34
piémontais;m;0,34
placage;m;0,34
plane;f;0,34
planification;f;0,34
plasma;m;0,34
plasticage;m;0,34
plateforme;f;0,34
playmate;f;0,34
pleurnichement;m;0,34
pneumo;m;0,34
pneumocystose;f;0,34
pochette-surprise;f;0,34
poivrière;f;0,34
polio;f;0,34
politicard;m;0,34
poloche;f;0,34
polyester;m;0,34
ponant;m;0,34
porcif;f;0,34
porosité;f;0,34
porte-cartes;m;0,34
porte-clefs;m;0,34
porte-tambour;m;0,34
porte-étendard;m;0,34
posologie;f;0,34
pots-de-vin;m;0,34
poufiasse;f;0,34
pouilly;m;0,34
poulardin;m;0,34
pousseur;m;0,34
poutou;m;0,34
presbytie;f;0,34
pressement;m;0,34
primat;m;0,34
principat;m;0,34
productivité;f;0,34
professionnalisme;m;0,34
professorat;m;0,34
progressisme;m;0,34
promo;f;0,34
promulgation;f;0,34
propulsion;f;0,34
protonotaire;m;0,34
précieux;f;0,34
préfixe;m;0,34
prêté;m;0,34
publicain;m;0,34
pusillanimité;f;0,34
pédophile;m;0,34
pépètes;f;0,34
pétrus;m;0,34
pétulance;f;0,34
quillard;m;0,34
quincaille;f;0,34
quine;m;0,34
quiétisme;m;0,34
rabotin;m;0,34
rabâchage;m;0,34
radeuse;f;0,34
rambin;m;0,34
rambour;m;0,34
ramonage;m;0,34
ramponneau;m;0,34
ramée;f;0,34
rasta;m;0,34
ratonnade;f;0,34
recharge;f;0,34
redondance;f;0,34
reine-mère;f;0,34
renouée;f;0,34
replâtrage;m;0,34
respirateur;m;0,34
restructuration;f;0,34
revente;f;0,34
rhéostat;m;0,34
ris;m;0,34
rissole;f;0,34
robin;m;0,34
rogation;f;0,34
ron;m;0,34
rond-de-cuir;m;0,34
rotary;m;0,34
réarmement;m;0,34
récépissé;m;0,34
régulation;f;0,34
réintégration;f;0,34
répudiation;f;0,34
rétractation;f;0,34
révulsif;m;0,34
saint-germain;m;0,34
saint-paulin;m;0,34
salmigondis;m;0,34
salubrité;f;0,34
sampang;m;0,34
sangria;f;0,34
santon;m;0,34
satanisme;m;0,34
satisfecit;m;0,34
saturnales;f;0,34
sauciflard;m;0,34
savetier;m;0,34
scansion;f;0,34
scaphandrier;m;0,34
scoliose;f;0,34
scolopendre;f;0,34
scoubidou;m;0,34
scénar;m;0,34
seccotine;f;0,34
sectarisme;m;0,34
sectateur;m;0,34
self;m;0,34
self-control;m;0,34
semainier;m;0,34
semoir;m;0,34
sensationnel;m;0,34
serre-file;m;0,34
serti;m;0,34
sesterce;m;0,34
shrapnel;m;0,34
sifflard;m;0,34
sifflotement;m;0,34
signorina;f;0,34
silice;f;0,34
silicose;f;0,34
simplet;m;0,34
sisal;m;0,34
sleeping;m;0,34
smocks;m;0,34
social-démocratie;f;0,34
sodomisation;f;0,34
soue;f;0,34
soviétisme;m;0,34
sparterie;f;0,34
spécificité;f;0,34
stalagmite;f;0,34
starter;m;0,34
string;m;0,34
substantif;m;0,34
succube;m;0,34
superficialité;f;0,34
surf;m;0,34
surmulot;m;0,34
surplace;m;0,34
synapse;f;0,34
sémantique;f;0,34
séronégatif;m;0,34
taconnet;m;0,34
tanin;m;0,34
tannerie;f;0,34
tantrisme;m;0,34
tapir;m;0,34
taraud;m;0,34
tassili;m;0,34
tauromachie;f;0,34
tavelure;f;0,34
teck;m;0,34
tee;m;0,34
temporalité;f;0,34
tennis-club;m;0,34
tenon;m;0,34
terra incognita;f;0,34
terre-neuvas;m;0,34
teuton;m;0,34
thonier;m;0,34
thuriféraire;m;0,34
thébaïde;f;0,34
théorbe;m;0,34
tire-au-flanc;m;0,34
tire-ligne;m;0,34
tonique;m;0,34
tramontane;f;0,34
tranchoir;m;0,34
transsubstantiation;f;0,34
traquet;m;0,34
tringlot;m;0,34
trivialité;f;0,34
trois-quarts;m;0,34
trou-trou;m;0,34
trublion;m;0,34
truffier;m;0,34
trémoussement;m;0,34
trémulation;f;0,34
tsarisme;m;0,34
tuffeau;m;0,34
turbé;m;0,34
turcoman;m;0,34
turlu;m;0,34
tutut;f;0,34
tévé;f;0,34
unification;f;0,34
urubu;m;0,34
vacillement;m;0,34
variole;f;0,34
vendémiaire;m;0,34
vergne;m;0,34
verlan;m;0,34
vermoulure;f;0,34
versatilité;f;0,34
virement;m;0,34
virginien;m;0,34
voltage;m;0,34
voussoiement;m;0,34
voyeurisme;m;0,34
voyouterie;f;0,34
vénusté;f;0,34
vérin;m;0,34
waterman;m;0,34
xylophone;m;0,34
yard;m;0,34
yoghourt;m;0,34
yom kippour;m;0,34
zakouski;m;0,34
zinnia;m;0,34
zizique;f;0,34
zoologie;f;0,34
écartèlement;m;0,34
échanson;m;0,34
échevin;m;0,34
échouage;m;0,34
édam;m;0,34
églogue;f;0,34
égouttement;m;0,34
élagage;m;0,34
électrocardiogramme;m;0,34
électroménager;m;0,34
éliminatoire;f;0,34
élongation;f;0,34
épicentre;m;0,34
étanchéité;f;0,34
étiage;m;0,34
étier;m;0,34
abat-son;m;0,27
abatteur;m;0,27
abracadabra;m;0,27
académisme;m;0,27
accroche;f;0,27
aciérie;f;0,27
acétone;f;0,27
admis;m;0,27
ados;m;0,27
adoubement;m;0,27
afficheur;m;0,27
affidé;m;0,27
agenouillement;m;0,27
agrandisseur;m;0,27
aide-ménagère;f;0,27
aiguail;m;0,27
aiguillée;f;0,27
aiguière;f;0,27
ajoute;f;0,27
alcali;m;0,27
allegro;m;0,27
allemagne;f;0,27
allume-feu;m;0,27
almée;f;0,27
aloyau;m;0,27
alpe;f;0,27
alysse;m;0,27
amanite;f;0,27
ammoniaque;f;0,27
amphigouri;m;0,27
amure;f;0,27
amyle;m;0,27
américano;m;0,27
anamorphose;f;0,27
anche;f;0,27
angustura;f;0,27
aniline;f;0,27
ante;f;0,27
anthropométrie;f;0,27
anti-temps;m;0,27
anti-vol;m;0,27
antidépresseur;m;0,27
antimoine;m;0,27
aphasie;f;0,27
aphrodisiaque;m;0,27
aplat;m;0,27
apnée;f;0,27
appareil-photo;m;0,27
arabica;m;0,27
arabisant;m;0,27
arbi;m;0,27
armoise;f;0,27
armurerie;f;0,27
arpentage;m;0,27
arrachage;m;0,27
arrivisme;m;0,27
arrière-gorge;f;0,27
arrière-petit-enfant;m;0,27
arrière-petit-neveu;m;0,27
arriération;f;0,27
artériosclérose;f;0,27
assonance;f;0,27
assurance-vie;f;0,27
atrophie;f;0,27
aulx;m;0,27
automatique;m;0,27
automutilation;f;0,27
autosatisfaction;f;0,27
autostrade;f;0,27
avant-coureur;m;0,27
avant-toit;m;0,27
ayatollah;m;0,27
aède;m;0,27
aïoli;m;0,27
bafouillis;m;0,27
bagou;m;0,27
baguenaude;f;0,27
balane;f;0,27
bamboula;f;0,27
banco;m;0,27
bande-son;f;0,27
bandera;f;0,27
banian;m;0,27
bayadère;f;0,27
bedon;m;0,27
belgique;f;0,27
belle-à-voir;f;0,27
benzédrine;f;0,27
berme;f;0,27
besicles;f;0,27
bibite;f;0,27
bigaille;f;0,27
bihoreau;m;0,27
biturin;m;0,27
blanc-seing;m;0,27
blanchissage;m;0,27
bleubite;m;0,27
bliaut;m;0,27
block;m;0,27
bocson;m;0,27
bolée;f;0,27
bop;m;0,27
bortsch;m;0,27
bossoir;m;0,27
boucharde;f;0,27
boui-boui;m;0,27
boulange;f;0,27
boulingrin;m;0,27
boulotte;f;0,27
bourgeonnement;m;0,27
bourrage;m;0,27
bourrellerie;f;0,27
bourrée;f;0,27
bousillage;m;0,27
bouvreuil;m;0,27
bouzine;f;0,27
box-calf;m;0,27
branchement;m;0,27
bravache;m;0,27
bricolo;m;0,27
brignolet;m;0,27
brouettée;f;0,27
brouillamini;m;0,27
brouillasse;f;0,27
broyeur;m;0,27
brugnon;m;0,27
brumaire;m;0,27
béatification;f;0,27
bégum;f;0,27
béryl;m;0,27
cabillaud;m;0,27
cache-sexe;m;0,27
café-théâtre;m;0,27
cahotement;m;0,27
calame;m;0,27
calfat;m;0,27
calumet;m;0,27
cantal;m;0,27
canter;m;0,27
capitonnage;m;0,27
caracolade;f;0,27
carambouille;f;0,27
carde;f;0,27
carnier;m;0,27
carpillon;m;0,27
carrossier;m;0,27
carthaginois;m;0,27
casimir;m;0,27
casse-noisettes;m;0,27
catamaran;m;0,27
cautèle;f;0,27
cavée;f;0,27
cellulose;f;0,27
cervelas;m;0,27
chabichou;m;0,27
chafouin;m;0,27
chairman;m;0,27
chaix;m;0,27
challenge;m;0,27
chalut;m;0,27
chanterelle;f;0,27
chapardage;m;0,27
charcutaille;f;0,27
charognerie;f;0,27
chat-huant;m;0,27
chateaubriand;m;0,27
chefs-lieux;m;0,27
cherche-midi;m;0,27
cherokee;m;0,27
chinook;m;0,27
chintz;m;0,27
chocolaterie;f;0,27
chtourbe;f;0,27
chènevis;m;0,27
ciboulette;f;0,27
cilice;m;0,27
circoncis;m;0,27
circumnavigation;f;0,27
cirrhose;f;0,27
ciselure;f;0,27
city;f;0,27
cité-dortoir;f;0,27
civelle;f;0,27
claque-merde;m;0,27
clicherie;f;0,27
cliquètement;m;0,27
clopinettes;f;0,27
coagulation;f;0,27
coccyx;m;0,27
codage;m;0,27
codicille;m;0,27
cognassier;m;0,27
coinçage;m;0,27
collatéral;m;0,27
collectif;m;0,27
collectivisation;f;0,27
coloquinte;f;0,27
coltin;m;0,27
com;m;0,27
combinard;m;0,27
compact;m;0,27
comporte;f;0,27
conasse;f;0,27
conduite-intérieure;f;0,27
confluence;f;0,27
conformation;f;0,27
conjugalité;f;0,27
conjungo;m;0,27
conneau;m;0,27
consanguinité;f;0,27
conservatrice;f;0,27
considérant;m;0,27
contempteur;m;0,27
continuum;m;0,27
contralto;m;0,27
contre-expertise;f;0,27
contre-voie;f;0,27
contredit;m;0,27
contremaîtresse;f;0,27
contrevenant;m;0,27
convivialité;f;0,27
coopé;f;0,27
cop;f;0,27
copinage;m;0,27
coproduction;f;0,27
coriandre;f;0,27
corona;f;0,27
corton;m;0,27
cosmogonie;f;0,27
cotation;f;0,27
cou-de-pied;m;0,27
couche-culotte;f;0,27
couillette;f;0,27
coupe-choux;m;0,27
courtage;m;0,27
crachotement;m;0,27
cracker;m;0,27
crapulerie;f;0,27
cravant;m;0,27
crayon-encre;m;0,27
crincrin;m;0,27
cristallisation;f;0,27
croassement;m;0,27
crobard;m;0,27
croquette;f;0,27
crosne;m;0,27
croupière;f;0,27
crucifère;f;0,27
crânerie;f;0,27
culbuteur;m;0,27
culs-de-basse-fosse;m;0,27
cupidon;m;0,27
cupressus;m;0,27
cyclotron;m;0,27
cyrard;m;0,27
cytise;m;0,27
cédrat;m;0,27
cénacle;m;0,27
cétoine;f;0,27
dache;m;0,27
delirium tremens;m;0,27
demi-coma;m;0,27
demi-nuit;f;0,27
demi-pas;m;0,27
derrick;m;0,27
desiderata;m;0,27
devon;m;0,27
diantre;m;0,27
diapo;f;0,27
diffamation;f;0,27
discount;m;0,27
disparité;f;0,27
dissemblance;f;0,27
dissipateur;m;0,27
dissuasion;f;0,27
dièse;m;0,27
doit;m;0,27
dossière;f;0,27
doublement;m;0,27
doutance;f;0,27
drakkar;m;0,27
drogman;m;0,27
droico;m;0,27
dryade;f;0,27
ducasse;f;0,27
dugong;m;0,27
duodénum;m;0,27
duralumin;m;0,27
débitant;m;0,27
déblocage;m;0,27
déchard;m;0,27
déchiquetage;m;0,27
déduit;m;0,27
défoulement;m;0,27
dégonflard;m;0,27
dégriffeur;m;0,27
désiré;m;0,27
désodorisant;m;0,27
désuétude;f;0,27
détecteur;m;0,27
détection;f;0,27
dévalorisation;f;0,27
dévergondage;m;0,27
dévidoir;m;0,27
eau-forte;f;0,27
efflorescence;f;0,27
embaumement;m;0,27
emblavure;f;0,27
embrouillement;m;0,27
empilage;m;0,27
empirisme;m;0,27
encyclique;f;0,27
endocrinologie;f;0,27
endoctrinement;m;0,27
engorgement;m;0,27
enlaidissement;m;0,27
enrochement;m;0,27
ensoleillement;m;0,27
entame;f;0,27
entomologie;f;0,27
entropie;f;0,27
envoûteur;m;0,27
erratum;m;0,27
escalator;m;0,27
escampette;f;0,27
escarboucle;f;0,27
escarre;f;0,27
espionnite;f;0,27
essuie-mains;m;0,27
eubine;f;0,27
ex-kid;m;0,27
ex-quincaillier;m;0,27
ex-épouse;f;0,27
exeat;m;0,27
exempt;m;0,27
exhumation;f;0,27
exo;m;0,27
expectoration;f;0,27
expédiée;f;0,27
extrapolation;f;0,27
exténuement;m;0,27
eye-liner;m;0,27
fagotin;m;0,27
faisanderie;f;0,27
falsification;f;0,27
faneur;f;0,27
fauteuil-club;m;0,27
fayard;m;0,27
façonné;m;0,27
feld-maréchal;m;0,27
fellah;m;0,27
femme-enfant;f;0,27
fendard;m;0,27
ferblanterie;f;0,27
ferté;f;0,27
fibrociment;m;0,27
fiers-à-bras;m;0,27
filateur;m;0,27
flache;f;0,27
flanc-garde;f;0,27
fleurage;m;0,27
flingage;m;0,27
floche;f;0,27
flop;m;0,27
fontainette;f;0,27
forage;m;0,27
fouettement;m;0,27
fourrager;f;0,27
fourrageur;m;0,27
foyard;m;0,27
franc-parler;m;0,27
francophilie;f;0,27
frette;f;0,27
freudien;m;0,27
friand;m;0,27
fricandeau;m;0,27
frottage;m;0,27
frouement;m;0,27
fuel;m;0,27
furia;f;0,27
félibre;m;0,27
félon;m;0,27
féodalité;f;0,27
gable;m;0,27
galapiat;m;0,27
garancière;f;0,27
gardien-chef;m;0,27
gardiennage;m;0,27
gas-oil;m;0,27
gascon;m;0,27
gaufrier;m;0,27
gentleman-farmer;m;0,27
ghât;m;0,27
girie;f;0,27
glissando;m;0,27
glop;f;0,27
gniouf;f;0,27
gnou;m;0,27
gobage;m;0,27
gommier;m;0,27
goupil;m;0,27
graillonneur;f;0,27
graissage;m;0,27
grand-voile;f;0,27
grape-fruit;m;0,27
gravos;m;0,27
green;m;0,27
grenache;m;0,27
gressin;m;0,27
grill-room;m;0,27
grille-pain;m;0,27
gugusse;m;0,27
guiche;f;0,27
guéret;m;0,27
guérillero;m;0,27
gymkhana;m;0,27
gérontologie;f;0,27
hacheur;m;0,27
hadji;m;0,27
happy end;m;0,27
hase;f;0,27
haut-fourneau;m;0,27
herbivore;m;0,27
hibernation;f;0,27
holster;m;0,27
homme-serpent;m;0,27
homonymie;f;0,27
horticulture;f;0,27
hosannah;m;0,27
hospitalisation;f;0,27
hot-dog;m;0,27
house;f;0,27
huard;m;0,27
huart;m;0,27
huchet;m;0,27
huit-reflets;m;0,27
hydropisie;f;0,27
hyménoptère;m;0,27
hypermarché;m;0,27
hypertrophie;f;0,27
hypnotisme;m;0,27
hypocondrie;f;0,27
hébertisme;m;0,27
hégire;f;0,27
hétaïre;f;0,27
igloo;m;0,27
immobilisme;m;0,27
impopularité;f;0,27
import;m;0,27
improvisateur;m;0,27
inaccessibilité;f;0,27
inappétence;f;0,27
incinérateur;m;0,27
inclémence;f;0,27
infrastructure;f;0,27
inhalateur;m;0,27
innervation;f;0,27
inox;m;0,27
insalubrité;f;0,27
instauration;f;0,27
insulteur;m;0,27
intelligibilité;f;0,27
interception;f;0,27
interpellateur;m;0,27
interviewé;m;0,27
intégrale;f;0,27
invalidité;f;0,27
invincibilité;f;0,27
invisibilité;f;0,27
irréversibilité;f;0,27
jackpot;m;0,27
japon;m;0,27
jaspe;m;0,27
javanais;m;0,27
jinjin;m;0,27
jocrisse;m;0,27
jujubier;m;0,27
kan;m;0,27
kasbah;f;0,27
khalife;m;0,27
kibboutz;m;0,27
kidnappeur;m;0,27
kilbus;m;0,27
kilométrage;m;0,27
kitchenette;f;0,27
kouros;m;0,27
kroumir;m;0,27
kéfir;m;0,27
lai;m;0,27
lampisterie;f;0,27
lancette;f;0,27
landwehr;f;0,27
lap;m;0,27
lapement;m;0,27
lapereau;m;0,27
larfeuil;m;0,27
larmichette;f;0,27
lazingue;m;0,27
leben;m;0,27
libellé;m;0,27
libéralisation;f;0,27
ligot;m;0,27
ligueur;m;0,27
liquéfaction;f;0,27
livarot;m;0,27
lob;m;0,27
lobby;m;0,27
logistique;f;0,27
logorrhée;f;0,27
louchebem;m;0,27
loufoquerie;f;0,27
lupus;m;0,27
lynch;m;0,27
lèse-majesté;f;0,27
léchage;m;0,27
lémure;m;0,27
léviathan;m;0,27
macareux;m;0,27
mackintosh;m;0,27
macre;f;0,27
madrépore;m;0,27
mahométan;m;0,27
majoration;f;0,27
malachite;f;0,27
mamma;f;0,27
manade;f;0,27
mancheron;m;0,27
manomètre;m;0,27
mantelet;m;0,27
manécanterie;f;0,27
maque;f;0,27
margis;m;0,27
marie-couche-toi-là;f;0,27
marinade;f;0,27
maritorne;f;0,27
marloupinerie;f;0,27
marquisat;m;0,27
marrane;m;0,27
marsaule;m;0,27
maréchalerie;f;0,27
maître-nageur;m;0,27
mercurey;m;0,27
merluche;f;0,27
mesureur;m;0,27
mesuron;m;0,27
mi-course;f;0,27
mi-décembre;m;0,27
mi-journée;f;0,27
mi-mollets;m;0,27
mi-mot;m;0,27
mi-novembre;f;0,27
mi-septembre;f;0,27
mi-été;m;0,27
micron;m;0,27
microsillon;m;0,27
migrateur;m;0,27
misaine;f;0,27
mixage;m;0,27
modern-style;m;0,27
moman;f;0,27
monoprix;m;0,27
moralisme;m;0,27
motet;m;0,27
motorisation;f;0,27
mouquère;f;0,27
mouroir;m;0,27
moussaka;f;0,27
muleta;f;0,27
muletier;m;0,27
municipe;m;0,27
muretin;m;0,27
méconnu;m;0,27
médication;f;0,27
méditerranéen;m;0,27
mégapole;f;0,27
mérinos;m;0,27
métastase;f;0,27
métempsycose;f;0,27
mévente;f;0,27
nankin;m;0,27
naphte;m;0,27
naturalisme;m;0,27
naturalisé;m;0,27
nautonier;m;0,27
navale;f;0,27
navarin;m;0,27
nettoiement;m;0,27
nodosité;f;0,27
novateur;m;0,27
novocaïne;f;0,27
nuisance;f;0,27
numéraire;m;0,27
nécrophilie;f;0,27
nécrose;f;0,27
néflier;m;0,27
négligent;m;0,27
nénesse;m;0,27
névé;m;0,27
obturateur;m;0,27
ocarina;m;0,27
occultation;f;0,27
oflag;m;0,27
oint;m;0,27
oiseau-mouche;m;0,27
opossum;m;0,27
oppidum;m;0,27
opéré;m;0,27
orchis;m;0,27
ordonnancement;m;0,27
orgelet;m;0,27
ottomane;f;0,27
ourdissoir;m;0,27
oustachi;m;0,27
ovni;m;0,27
pad;m;0,27
palmipède;m;0,27
palmiste;m;0,27
panka;m;0,27
pantalonnade;f;0,27
papet;m;0,27
papetier;m;0,27
parmentier;m;0,27
parousie;f;0,27
parque;f;0,27
parturition;f;0,27
pasionaria;f;0,27
pastorale;f;0,27
patelle;f;0,27
patinette;f;0,27
paupérisation;f;0,27
payeur;m;0,27
peausserie;f;0,27
perco;m;0,27
perfecto;m;0,27
phaéton;m;0,27
phosphène;m;0,27
phraséologie;f;0,27
pic-vert;m;0,27
picoleur;m;0,27
pied-de-biche;m;0,27
pilaf;m;0,27
pilchard;m;0,27
pilosité;f;0,27
pique-niqueur;m;0,27
piégeage;m;0,27
placet;m;0,27
plain-chant;m;0,27
planétarium;m;0,27
plasticité;f;0,27
ploiement;m;0,27
plombée;f;0,27
pluralité;f;0,27
pluvier;m;0,27
pléthore;f;0,27
pneumothorax;m;0,27
podestat;m;0,27
polenta;f;0,27
poliomyélite;f;0,27
polychromie;f;0,27
polygamie;f;0,27
pompeur;m;0,27
ponts-levis;m;0,27
porc-épic;m;0,27
porte-bouteilles;m;0,27
porte-savon;m;0,27
postcure;f;0,27
postface;f;0,27
potasse;f;0,27
potron-minet;m;0,27
pourchas;m;0,27
pourim;m;0,27
poussah;m;0,27
pragmatisme;m;0,27
presse-papier;m;0,27
priant;m;0,27
prince-de-galles;m;0,27
profilé;m;0,27
proscription;f;0,27
prosodie;f;0,27
prospecteur;m;0,27
prosternation;f;0,27
protège-dents;m;0,27
prytanée;m;0,27
prêt-bail;m;0,27
prête-nom;m;0,27
pulvérisation;f;0,27
puîné;m;0,27
pyromètre;m;0,27
pédale;f;0,27
pépie;f;0,27
périf;m;0,27
périphrase;f;0,27
pétrification;f;0,27
quartier-maître;m;0,27
quatre-vingt;m;0,27
quattrocento;m;0,27
queue-de-pie;f;0,27
raccordement;m;0,27
raccourcissement;m;0,27
radical-socialisme;m;0,27
radiophonie;f;0,27
rafistolage;m;0,27
raifort;m;0,27
ramas;m;0,27
ramasse-miettes;m;0,27
rapetissement;m;0,27
raréfaction;f;0,27
rata;m;0,27
rationalité;f;0,27
recension;f;0,27
reclassement;m;0,27
reconstituant;m;0,27
recouvrance;f;0,27
recréation;f;0,27
redan;m;0,27
reine-marguerite;f;0,27
remontoir;m;0,27
remplissage;m;0,27
report;m;0,27
repêchage;m;0,27
requis;m;0,27
retroussette;f;0,27
rets;m;0,27
ricaneur;m;0,27
riff;m;0,27
rigolote;f;0,27
rince-doigts;m;0,27
rincette;f;0,27
rip;f;0,27
rivoir;m;0,27
roadster;m;0,27
robinetterie;f;0,27
rocade;f;0,27
rote;f;0,27
rotoplos;m;0,27
roubignoles;f;0,27
rouf;m;0,27
roulé-boulé;m;0,27
roupane;f;0,27
rouspétance;f;0,27
rouvre;m;0,27
roy;m;0,27
ruminement;m;0,27
récurage;m;0,27
régulateur;m;0,27
régénérescence;f;0,27
rôtisserie;f;0,27
sabayon;m;0,27
sabretache;f;0,27
salariat;m;0,27
sandow;m;0,27
sapine;f;0,27
saponite;f;0,27
sapotillier;m;0,27
sauveté;f;0,27
scellement;m;0,27
seille;f;0,27
sellerie;f;0,27
semblance;f;0,27
sentimentalisme;m;0,27
sequin;m;0,27
sexologie;f;0,27
sherry;m;0,27
shooteur;f;0,27
show-business;m;0,27
sidérurgie;f;0,27
sindon;m;0,27
sionisme;m;0,27
skiff;m;0,27
social-traître;m;0,27
solvant;m;0,27
sonorisation;f;0,27
sopha;m;0,27
sorbetière;f;0,27
soufflement;m;0,27
sous-alimentation;f;0,27
sous-alimenté;m;0,27
sous-développement;m;0,27
sous-prieur;m;0,27
sous-prolétariat;m;0,27
sous-secteur;m;0,27
soûlot;m;0,27
spencer;m;0,27
spray;m;0,27
sprinter;m;0,27
squatter;m;0,27
steamer;m;0,27
stimulation;f;0,27
stridulation;f;0,27
strip;m;0,27
stylite;m;0,27
stylo-feutre;m;0,27
stylobille;m;0,27
stéréophonie;f;0,27
stéréoscope;m;0,27
sublimé;m;0,27
submersible;m;0,27
substratum;m;0,27
suffragette;f;0,27
sui;m;0,27
sulfateur;f;0,27
superlatif;m;0,27
superproduction;f;0,27
supervision;f;0,27
sur-place;m;0,27
surchauffe;f;0,27
survol;m;0,27
suçoir;m;0,27
sylphide;f;0,27
synchronisation;f;0,27
synthé;m;0,27
sédatif;m;0,27
sédentarité;f;0,27
sélecteur;m;0,27
sélectionné;m;0,27
séropositivité;f;0,27
tabassage;m;0,27
table-coiffeuse;f;0,27
tableautin;m;0,27
taco;m;0,27
tala;m;0,27
taleth;m;0,27
tambourinaire;m;0,27
tampax;m;0,27
tannée;f;0,27
tantouze;f;0,27
taquet;m;0,27
tarissement;m;0,27
tatou;m;0,27
taube;m;0,27
taurillon;m;0,27
taxi-girl;f;0,27
taximan;m;0,27
tchatche;f;0,27
team;m;0,27
terminologie;f;0,27
terre-neuve;m;0,27
thuya;m;0,27
titillation;f;0,27
tolet;m;0,27
tomahawk;m;0,27
toquante;f;0,27
tourier;f;0,27
toussaint;f;0,27
tracassin;m;0,27
tragi-comédie;f;0,27
tramail;m;0,27
tranchet;m;0,27
transfèrement;m;0,27
trayon;m;0,27
tremblé;m;0,27
tricard;m;0,27
triolet;m;0,27
tripotage;m;0,27
tripotée;f;0,27
triton;m;0,27
troll;m;0,27
truandaille;f;0,27
truculence;f;0,27
trustee;m;0,27
trébuchet;m;0,27
tréponème;m;0,27
tueuse;f;0,27
tuyauteur;m;0,27
télécommande;f;0,27
tête-de-loup;f;0,27
têtière;f;0,27
une;f;0,27
uniformisation;f;0,27
universalité;f;0,27
urémie;f;0,27
vair;m;0,27
valse-hésitation;f;0,27
vannier;m;0,27
vastitude;f;0,27
vecteur;m;0,27
velvet;m;0,27
verbosité;f;0,27
verjus;m;0,27
verseur;f;0,27
viager;m;0,27
vidangeur;m;0,27
vide-poches;m;0,27
vidéo-clip;m;0,27
virevolte;f;0,27
vocalisation;f;0,27
volition;f;0,27
volt;m;0,27
vomitif;m;0,27
vox populi;f;0,27
voyoucratie;f;0,27
végétarien;m;0,27
vérif;f;0,27
vésanie;f;0,27
vétiver;m;0,27
walkyrie;f;0,27
whiskey;m;0,27
whist;m;0,27
wigwam;m;0,27
william;m;0,27
winchester;m;0,27
zigomar;m;0,27
à-plat;m;0,27
à-valoir;m;0,27
écarté;m;0,27
échauguette;f;0,27
éclaire;f;0,27
écorcheur;m;0,27
écrabouillement;m;0,27
écrivaillon;m;0,27
égalisation;f;0,27
égocentrisme;m;0,27
égérie;f;0,27
électrification;f;0,27
éléphantiasis;m;0,27
émirat;m;0,27
éphélide;f;0,27
épicurien;m;0,27
épicurisme;m;0,27
épieux;m;0,27
épiscopat;m;0,27
épouvantement;m;0,27
équarisseur;m;0,27
éreintement;m;0,27
évanescence;f;0,27
évangéliaire;m;0,27
absentéisme;m;0,20
accastillage;m;0,20
accompli;m;0,20
accroupissement;m;0,20
ache;f;0,20
acquêt;m;0,20
activisme;m;0,20
acéphale;m;0,20
adjudication;f;0,20
admonition;f;0,20
affadissement;m;0,20
affinement;m;0,20
aiguillette;f;0,20
akvavit;m;0,20
alba;f;0,20
alcade;m;0,20
alcatraz;m;0,20
alcoolémie;f;0,20
alcootest;m;0,20
aligoté;m;0,20
allègement;m;0,20
altérité;f;0,20
ambitieuse;f;0,20
amibe;f;0,20
amortissement;m;0,20
amphibie;m;0,20
amplificateur;m;0,20
anagramme;f;0,20
analphabétisme;m;0,20
analysant;m;0,20
andain;m;0,20
andrinople;f;0,20
anglo-américain;m;0,20
angström;m;0,20
anormalité;f;0,20
anti-char;m;0,20
anti-fusée;f;0,20
antépénultième;f;0,20
aorte;f;0,20
api;m;0,20
apophtegme;m;0,20
apparaux;m;0,20
apprenant;m;0,20
après-ski;m;0,20
aragonais;m;0,20
araméen;m;0,20
arapède;m;0,20
arborescence;f;0,20
archiatre;m;0,20
architrave;f;0,20
archéoptéryx;m;0,20
arlésienne;f;0,20
arrimage;m;0,20
arrière-ban;m;0,20
arrière-grand-tante;f;0,20
articulé;m;0,20
aryen;m;0,20
aryenne;f;0,20
asti;m;0,20
atabeg;m;0,20
atterrage;m;0,20
attestation;f;0,20
attrape-nigaud;m;0,20
attrition;f;0,20
aubère;m;0,20
aussière;f;0,20
autogestion;f;0,20
avant-centre;m;0,20
avant-papier;m;0,20
avé;m;0,20
aérateur;m;0,20
aéro;m;0,20
aéronavale;f;0,20
aérostier;m;0,20
baby-sitter;f;0,20
badigeonnage;m;0,20
badigoinces;f;0,20
badminton;m;0,20
bagouse;f;0,20
bagouze;f;0,20
bailliage;m;0,20
baise-en-ville;m;0,20
baisser;m;0,20
baluchonneur;m;0,20
bananeraie;f;0,20
bandonéon;m;0,20
bank-note;f;0,20
baou;m;0,20
barbette;f;0,20
barbot;m;0,20
barbote;f;0,20
bardo;m;0,20
bardot;m;0,20
barjot;m;0,20
barnum;m;0,20
basse-fosse;f;0,20
bateau-lavoir;m;0,20
batelet;m;0,20
batellerie;f;0,20
beloteur;m;0,20
berce;f;0,20
berdouillette;f;0,20
bertha;f;0,20
bibard;m;0,20
bibendum;m;0,20
bicéphalie;f;0,20
bigne;f;0,20
bigorne;f;0,20
bigoterie;f;0,20
bilharziose;f;0,20
biscaïen;m;0,20
bistrouille;f;0,20
blette;f;0,20
bleusaille;f;0,20
bloody mary;m;0,20
bobbies;m;0,20
bobinette;f;0,20
bobineur;f;0,20
bobsleigh;m;0,20
boldo;m;0,20
bombage;m;0,20
bombinette;f;0,20
bondrée;f;0,20
bonzaï;m;0,20
bookmaker;m;0,20
borne-fontaine;f;0,20
bostonien;m;0,20
bouche-à-bouche;m;0,20
bourbe;f;0,20
bourrichon;m;0,20
boustrophédon;m;0,20
bout-dehors;m;0,20
bouton-d'or;m;0,20
bouvillon;m;0,20
box-office;m;0,20
braco;m;0,20
bractée;f;0,20
bradillon;m;0,20
bramement;m;0,20
branchie;f;0,20
braquet;m;0,20
brasillement;m;0,20
bravissimo;m;0,20
breitschwanz;m;0,20
bretteur;m;0,20
briard;m;0,20
brigantin;m;0,20
brise-glace;m;0,20
brochage;m;0,20
broiement;m;0,20
brosseur;m;0,20
browning;m;0,20
brésil;m;0,20
brûlage;m;0,20
bucco;m;0,20
bucolique;f;0,20
bulldog;m;0,20
burg;m;0,20
bushi;m;0,20
buvant;m;0,20
bécassine;f;0,20
bédane;m;0,20
bégueule;f;0,20
béjaune;m;0,20
bénignité;f;0,20
bénouze;m;0,20
bésicles;f;0,20
bétaillère;f;0,20
cab;m;0,20
caballero;f;0,20
cabotage;m;0,20
cabrette;f;0,20
cache-poussière;m;0,20
cache-tampon;m;0,20
cacheton;m;0,20
cacique;m;0,20
caducée;m;0,20
caillebotis;m;0,20
calade;f;0,20
calamine;f;0,20
calcination;f;0,20
calculette;f;0,20
callosité;f;0,20
calomel;m;0,20
calypso;m;0,20
camard;f;0,20
cancoillotte;f;0,20
cannage;m;0,20
cannelier;m;0,20
canthare;m;0,20
capisco;m;0,20
carabas;m;0,20
carabe;m;0,20
carambouilleur;m;0,20
caraque;f;0,20
caravaning;m;0,20
carderie;f;0,20
caresseur;f;0,20
carex;m;0,20
caribou;m;0,20
carmel;m;0,20
carry;m;0,20
cartésianisme;m;0,20
casse-couilles;m;0,20
casse-noix;m;0,20
casse-pattes;m;0,20
casse-pipes;m;0,20
cassement;m;0,20
casting;m;0,20
castreur;m;0,20
catalyseur;m;0,20
catholicité;f;0,20
cathèdre;f;0,20
caténaire;f;0,20
cellular;m;0,20
cendrillon;f;0,20
cendrée;f;0,20
centrouse;f;0,20
cerisaie;f;0,20
cha-cha-cha;m;0,20
chaldéen;m;0,20
chambard;m;0,20
chamboulement;m;0,20
chantoung;m;0,20
chapellerie;f;0,20
chappe;m;0,20
chapska;m;0,20
charlot;m;0,20
charrier;f;0,20
chasse-goupille;f;0,20
chausse-trape;f;0,20
cheddite;f;0,20
chelem;m;0,20
cheval-vapeur;m;0,20
chevance;f;0,20
cheviotte;f;0,20
chienchien;m;0,20
chilien;m;0,20
chiourme;f;0,20
chipotage;m;0,20
chiroubles;m;0,20
chlamyde;f;0,20
chopper;m;0,20
chorizo;m;0,20
chou-rave;m;0,20
christocentrisme;m;0,20
chromatisme;m;0,20
chronométrage;m;0,20
chtar;m;0,20
churro;m;0,20
chélidoine;f;0,20
cigarier;f;0,20
cinémascope;m;0,20
circassienne;f;0,20
cité-jardin;f;0,20
clam;m;0,20
clavaire;f;0,20
clayonnage;m;0,20
climatisation;f;0,20
climatiseur;m;0,20
clipper;m;0,20
clochardisation;f;0,20
clone;m;0,20
clystère;m;0,20
cléricalisme;m;0,20
coaltar;m;0,20
cochonceté;f;0,20
codétenu;m;0,20
cognement;m;0,20
collignon;m;0,20
colonisateur;m;0,20
colophane;f;0,20
comestible;m;0,20
compacité;f;0,20
concoction;f;0,20
concussion;f;0,20
confiote;f;0,20
congre;m;0,20
conscription;f;0,20
consignation;f;0,20
consomption;f;0,20
contrepèterie;f;0,20
convexité;f;0,20
convoyage;m;0,20
coquebin;m;0,20
coquinerie;f;0,20
cordonnerie;f;0,20
cornillon;m;0,20
coronille;f;0,20
corozo;m;0,20
correctif;m;0,20
corrigé;m;0,20
corrosion;f;0,20
corrélation;f;0,20
cosinus;m;0,20
couleuvrine;f;0,20
coulé;m;0,20
coupage;m;0,20
coupe-cigare;m;0,20
coutelier;m;0,20
coutellerie;f;0,20
coutumier;m;0,20
couvaison;f;0,20
crabillon;m;0,20
crapouillot;m;0,20
crevaison;f;0,20
crispin;m;0,20
crocs-en-jambe;m;0,20
croque-mitaine;m;0,20
croupissure;f;0,20
croupon;m;0,20
croustade;f;0,20
croustillon;m;0,20
crucifiement;m;0,20
cryptogramme;m;0,20
crécerelle;f;0,20
crécy;f;0,20
cuesta;f;0,20
cul-blanc;m;0,20
cul-bénit;m;0,20
cul-de-four;m;0,20
cul-de-lampe;m;0,20
culpabilisation;f;0,20
cumul;m;0,20
cupule;f;0,20
cuvier;m;0,20
cène;f;0,20
célestin;m;0,20
céphalé;f;0,20
cépée;f;0,20
cérébral;m;0,20
côlon;m;0,20
dactyle;m;0,20
dalaï-lama;m;0,20
dame-jeanne;f;0,20
datura;m;0,20
dauphinat;m;0,20
davier;m;0,20
della francesca;m;0,20
deltoïde;m;0,20
demi-centimètre;m;0,20
demi-clarté;f;0,20
demi-cloison;f;0,20
demi-conscience;f;0,20
demi-portion;f;0,20
demi-queue;m;0,20
demi-rêve;m;0,20
demi-succès;m;0,20
demi-vierge;f;0,20
deo gratias;m;0,20
derby;m;0,20
dernière-née;f;0,20
desservant;m;0,20
deutéronome;m;0,20
diabolique;m;0,20
diaconesse;f;0,20
dialyse;f;0,20
différé;m;0,20
diktat;m;0,20
dilution;f;0,20
dinamitero;m;0,20
diodon;m;0,20
discobole;m;0,20
disjoncteur;m;0,20
distinguo;m;0,20
diurétique;m;0,20
doigtier;m;0,20
double-six;m;0,20
doubleau;m;0,20
doublet;m;0,20
dreyfusard;m;0,20
droitier;m;0,20
druidesse;f;0,20
drôlesse;f;0,20
débarbot;m;0,20
débardage;m;0,20
débectance;f;0,20
déboucheur;m;0,20
débours;m;0,20
décalogue;m;0,20
décamètre;m;0,20
décapsuleur;m;0,20
décarpillage;m;0,20
décimation;f;0,20
déclassement;m;0,20
déconophone;m;0,20
décrassage;m;0,20
déflecteur;m;0,20
défloraison;f;0,20
défloration;f;0,20
dégrisement;m;0,20
dégueulando;m;0,20
déité;f;0,20
délayage;m;0,20
délibéré;m;0,20
démerde;f;0,20
démocratisation;f;0,20
démonte-pneu;m;0,20
démérite;m;0,20
dépiquage;m;0,20
déploration;f;0,20
dériveur;m;0,20
déshérence;f;0,20
désinence;f;0,20
désunion;f;0,20
détergent;m;0,20
dévirilisation;f;0,20
effarouchement;m;0,20
effeuilleur;f;0,20
emboîtage;m;0,20
empaffé;m;0,20
empailleur;m;0,20
empaquetage;m;0,20
empattement;m;0,20
empaumure;f;0,20
empennage;m;0,20
encaisse;f;0,20
encaissement;m;0,20
encéphalogramme;m;0,20
endolorissement;m;0,20
endormeur;m;0,20
enfilage;m;0,20
engendrement;m;0,20
enjoliveur;m;0,20
enlumineur;m;0,20
enrobé;m;0,20
ensablement;m;0,20
ensellement;m;0,20
ensemencement;m;0,20
epsilon;m;0,20
ergastule;m;0,20
esbroufe;f;0,20
escarpe;m;0,20
esclavon;m;0,20
escopette;f;0,20
esprit-de-vin;m;0,20
essorage;m;0,20
essuyage;m;0,20
establishment;m;0,20
estom;m;0,20
estompe;f;0,20
estonien;m;0,20
estranger;m;0,20
ethnie;f;0,20
ethnographie;f;0,20
eustache;m;0,20
ex-garde;f;0,20
ex-roi;m;0,20
exciseur;f;0,20
expert-comptable;m;0,20
export;m;0,20
extrémisme;m;0,20
faignant;m;0,20
fait-divers;m;0,20
familiale;f;0,20
fauchaison;f;0,20
fauchon;m;0,20
faucillon;m;0,20
fausse-couche;f;0,20
feignasse;f;0,20
fendant;m;0,20
fennec;m;0,20
feria;f;0,20
ferret;m;0,20
ferry-boat;m;0,20
feuillantine;f;0,20
feuilletage;m;0,20
fichaise;f;0,20
ficus;m;0,20
filochard;m;0,20
finasserie;f;0,20
finitude;f;0,20
firman;m;0,20
fission;f;0,20
fivete;f;0,20
fixe-chaussette;f;0,20
flafla;m;0,20
floréal;m;0,20
fofolle;f;0,20
foiridon;m;0,20
forceur;m;0,20
fortissimo;m;0,20
foufounette;f;0,20
fouillette;f;0,20
foulure;f;0,20
fourmilière;f;0,20
fourre;f;0,20
foutriquet;m;0,20
fractionnement;m;0,20
francophonie;f;0,20
francs-bourgeois;m;0,20
franglais;m;0,20
frappement;m;0,20
fredaine;f;0,20
freux;m;0,20
fricotage;m;0,20
frigide;f;0,20
friperie;f;0,20
fripouillerie;f;0,20
friseur;m;0,20
frocard;m;0,20
frontalier;m;0,20
frotti-frotta;m;0,20
frottin;m;0,20
furet;m;0,20
fèces;f;0,20
gabare;f;0,20
gabion;m;0,20
gagnage;m;0,20
gaillette;f;0,20
galalithe;f;0,20
galetouse;f;0,20
galle;f;0,20
galoup;m;0,20
gamète;m;0,20
ganaderia;f;0,20
gandourah;f;0,20
garcette;f;0,20
garde-meuble;m;0,20
gardian;m;0,20
gargotier;m;0,20
gauchisme;m;0,20
gaviot;m;0,20
gazouillement;m;0,20
gazé;m;0,20
genouillère;f;0,20
gerbera;m;0,20
germanisme;m;0,20
gibelet;m;0,20
gidouille;f;0,20
gilbert;m;0,20
ginseng;m;0,20
glaucome;m;0,20
glorification;f;0,20
glucide;m;0,20
glucose;m;0,20
gnognotte;f;0,20
goguenot;m;0,20
gonfalon;m;0,20
gonfanon;m;0,20
gonflage;m;0,20
gonfleur;m;0,20
gougère;f;0,20
gourd;f;0,20
goyave;f;0,20
graffito;m;0,20
graineterie;f;0,20
gramen;m;0,20
grand-prêtre;m;0,20
grand-salle;f;0,20
gratte-pieds;m;0,20
gratteron;m;0,20
greffon;m;0,20
greluchon;m;0,20
grimage;m;0,20
gris-bleu;m;0,20
grivoiserie;f;0,20
grivèlerie;f;0,20
grizzly;m;0,20
guelfe;m;0,20
guignolet;m;0,20
guignon;m;0,20
guillaume;m;0,20
guilledou;m;0,20
gut;m;0,20
gynécée;m;0,20
géline;f;0,20
généralife;m;0,20
hacienda;f;0,20
hagiographie;f;0,20
haire;f;0,20
happement;m;0,20
haquet;m;0,20
harassement;m;0,20
harissa;f;0,20
harnois;m;0,20
harponneur;m;0,20
has been;m;0,20
haseki;f;0,20
haut-de-chausses;m;0,20
haut-relief;m;0,20
hectolitre;m;0,20
hermétisme;m;0,20
herpès;m;0,20
hiérophante;m;0,20
hobby;m;0,20
homme-grenouille;m;0,20
homologation;f;0,20
horizontalité;f;0,20
horripilation;f;0,20
hors-jeu;m;0,20
hostau;m;0,20
houliganisme;m;0,20
hourd;m;0,20
hussite;m;0,20
hydromel;m;0,20
hygiaphone;m;0,20
hypertension;f;0,20
hypnogène;m;0,20
hypocras;m;0,20
hypoglycémie;f;0,20
hyposulfite;m;0,20
hypothalamus;m;0,20
hédonisme;m;0,20
hémistiche;m;0,20
hémophile;m;0,20
hévéa;m;0,20
iconostase;f;0,20
identitarisme;m;0,20
idiosyncrasie;f;0,20
idée-force;f;0,20
ile;m;0,20
illégitimité;f;0,20
immolation;f;0,20
immoralisme;m;0,20
immuabilité;f;0,20
imperator;m;0,20
importunité;f;0,20
impressionnisme;m;0,20
improbabilité;f;0,20
imprévisibilité;f;0,20
impudicité;f;0,20
impénétrabilité;f;0,20
impéritie;f;0,20
in-folios;m;0,20
incrédibilité;f;0,20
industrialisation;f;0,20
inflexibilité;f;0,20
ingestion;f;0,20
innocuité;f;0,20
insuccès;m;0,20
intaille;f;0,20
intellectualisme;m;0,20
interaction;f;0,20
interversion;f;0,20
introspection;f;0,20
introït;m;0,20
ipéca;m;0,20
irrésolution;f;0,20
irrévérence;f;0,20
isolationnisme;m;0,20
jabadao;m;0,20
jacaranda;m;0,20
jacasse;f;0,20
jacob;m;0,20
jacquemart;m;0,20
jaquelin;m;0,20
jaseur;m;0,20
jaunet;m;0,20
jazz-band;m;0,20
jazzman;m;0,20
jeannette;f;0,20
jerrican;m;0,20
jobardise;f;0,20
jojo;m;0,20
joli-coeur;m;0,20
jonchaie;f;0,20
jonglerie;f;0,20
joufflu;m;0,20
juan;m;0,20
jubé;m;0,20
jumbo;m;0,20
justificatif;m;0,20
juvénilité;f;0,20
k-way;m;0,20
kantisme;m;0,20
kaposi;m;0,20
kapout;m;0,20
keum;m;0,20
khamsin;m;0,20
kirghiz;m;0,20
knout;m;0,20
kola;m;0,20
kolatier;m;0,20
korrigan;m;0,20
kyste;m;0,20
kérosène;m;0,20
labre;m;0,20
lactaire;m;0,20
ladrerie;f;0,20
lamantin;m;0,20
lambin;m;0,20
lambrequin;m;0,20
lampiste;m;0,20
lanc;f;0,20
landier;m;0,20
lapidaire;m;0,20
larmoiement;m;0,20
latinité;f;0,20
laudanum;m;0,20
laurier-cerise;m;0,20
lave-glace;m;0,20
lave-vaisselle;m;0,20
laxisme;m;0,20
lazaret;m;0,20
lessivage;m;0,20
lettrine;f;0,20
leucocyte;m;0,20
libeccio;m;0,20
librairie-papeterie;f;0,20
liche;m;0,20
ligature;f;0,20
ligotage;m;0,20
lipide;m;0,20
liquidateur;m;0,20
lissé;m;0,20
lit-divan;m;0,20
litho;f;0,20
localisation;f;0,20
locus;m;0,20
lombard;f;0,20
longeron;m;0,20
louloute;f;0,20
louée;f;0,20
luthier;m;0,20
luxembourgeois;m;0,20
lymphocyte;m;0,20
lâchage;m;0,20
lèche-vitrines;m;0,20
léninisme;m;0,20
lépidoptère;m;0,20
lésine;f;0,20
machisme;m;0,20
macule;f;0,20
macédonien;m;0,20
madapolam;m;0,20
magouilleur;m;0,20
mah-jong;m;0,20
maharajah;m;0,20
majorat;m;0,20
mal-être;m;0,20
malinois;m;0,20
manifold;m;0,20
mannezingue;m;0,20
maravédis;m;0,20
marcel;m;0,20
marsupilami;m;0,20
martyrologe;m;0,20
mary;m;0,20
massivité;f;0,20
massé;m;0,20
mastaba;m;0,20
matchiche;f;0,20
matelote;f;0,20
maternalisme;m;0,20
maté;m;0,20
mauvaiseté;f;0,20
mazagran;m;0,20
maître-chanteur;m;0,20
maïzena;f;0,20
mercanti;m;0,20
merlette;f;0,20
merlin;m;0,20
meursault;m;0,20
meusienne;f;0,20
mi-août;f;0,20
mi-côte;f;0,20
mi-janvier;f;0,20
mi-mars;f;0,20
mi-mollet;m;0,20
micheline;f;0,20
mickey;m;0,20
microfilm;m;0,20
microprocesseur;m;0,20
midship;m;0,20
miellé;f;0,20
mieux-être;m;0,20
militarisme;m;0,20
milk-bar;m;0,20
minaudière;f;0,20
minoen;m;0,20
miroitier;m;0,20
mitoyenneté;f;0,20
modelage;m;0,20
modicité;f;0,20
molasse;f;0,20
monte-en-l'air;m;0,20
montmartrois;m;0,20
montparno;m;0,20
morbac;m;0,20
mortaise;f;0,20
mouchardage;m;0,20
mousmé;f;0,20
mousqueterie;f;0,20
mouture;f;0,20
mouvance;f;0,20
moyen-âge;m;0,20
mucosité;f;0,20
mucus;m;0,20
muflée;f;0,20
munster;m;0,20
musculation;f;0,20
muséum;m;0,20
mutité;f;0,20
myocarde;m;0,20
myriophylle;f;0,20
myéloblaste;m;0,20
mâtin;m;0,20
mécréance;f;0,20
médecin-général;m;0,20
mégotage;m;0,20
mélangeur;m;0,20
ménade;f;0,20
mésestime;f;0,20
métabolisme;m;0,20
méthane;m;0,20
mêlé-cass;m;0,20
nacarat;m;0,20
nadir;m;0,20
nase;m;0,20
native;f;0,20
nerprun;m;0,20
neuroleptique;m;0,20
new;m;0,20
nid-de-poule;m;0,20
nimbus;m;0,20
nisan;m;0,20
nitroglycérine;f;0,20
nivellement;m;0,20
nocivité;f;0,20
non-conformisme;m;0,20
non-lieux;m;0,20
non-recevoir;m;0,20
notariat;m;0,20
notule;f;0,20
noyautage;m;0,20
nuiteux;m;0,20
nullard;m;0,20
nuptialité;f;0,20
néo-colonialisme;m;0,20
néo-zélandais;m;0,20
népotisme;m;0,20
néréide;f;0,20
objecteur;m;0,20
oblation;f;0,20
observant;m;0,20
oeuvrette;f;0,20
offensé;m;0,20
officialité;f;0,20
olibrius;m;0,20
olympe;m;0,20
olympiade;f;0,20
ombellifère;f;0,20
ombilic;m;0,20
omnium;m;0,20
one-step;m;0,20
opiat;m;0,20
opportunisme;m;0,20
orang-outan;m;0,20
ordalie;f;0,20
orléanisme;m;0,20
ornithorynque;m;0,20
oronge;f;0,20
ostrogoth;m;0,20
ouvre-boîte;m;0,20
oxydation;f;0,20
paierie;f;0,20
paillardise;f;0,20
palimpseste;m;0,20
palmette;f;0,20
paltoquet;m;0,20
palude;m;0,20
pancake;m;0,20
pandémonium;m;0,20
pangermanisme;m;0,20
paniquard;m;0,20
panthéisme;m;0,20
pantocrator;m;0,20
pantouflard;m;0,20
papaye;f;0,20
paquet-cadeau;m;0,20
paradigme;m;0,20
paris-brest;m;0,20
parlementarisme;m;0,20
parmélie;f;0,20
partita;f;0,20
partouzeur;m;0,20
pas-de-porte;m;0,20
passe-lacet;m;0,20
patache;f;0,20
pataud;m;0,20
patchouli;m;0,20
pathologie;f;0,20
pauchouse;f;0,20
paupérisme;m;0,20
paveur;m;0,20
pelloche;f;0,20
penchement;m;0,20
pennies;m;0,20
pensionné;m;0,20
pentacle;m;0,20
pentagone;m;0,20
penthotal;m;0,20
perce-oreille;m;0,20
perlimpinpin;m;0,20
permanganate;m;0,20
personnalisme;m;0,20
personnification;f;0,20
pertuisane;f;0,20
perturbateur;m;0,20
peson;m;0,20
petit-suisse;m;0,20
petite-nièce;f;0,20
ph;m;0,20
phacochère;m;0,20
phalère;f;0,20
pharisaïsme;m;0,20
pharmaco;f;0,20
pharmacopée;f;0,20
phi;m;0,20
phimosis;m;0,20
phrasé;m;0,20
piaffement;m;0,20
piaillerie;f;0,20
piazzetta;f;0,20
picaillon;m;0,20
pickle;m;0,20
pierrier;m;0,20
pinacothèque;f;0,20
pingrerie;f;0,20
pinçon;m;0,20
piqueux;m;0,20
pirojki;m;0,20
pirolle;f;0,20
pissette;f;0,20
piédroit;m;0,20
plaisancier;m;0,20
plantigrade;m;0,20
plaquage;m;0,20
plastoc;m;0,20
plein-air;m;0,20
pleurement;m;0,20
plissure;f;0,20
plombières;f;0,20
plumetis;m;0,20
poinçonneur;m;0,20
polder;m;0,20
polissonnerie;f;0,20
polyamide;m;0,20
polycopié;m;0,20
polyèdre;m;0,20
pommard;m;0,20
poncho;m;0,20
pondoir;m;0,20
pongé;m;0,20
pontet;m;0,20
pool;m;0,20
port-salut;m;0,20
porte-cigarette;m;0,20
porte-serviette;m;0,20
porte-serviettes;m;0,20
possessivité;f;0,20
potentiomètre;m;0,20
potlatch;m;0,20
poulot;m;0,20
pouponnière;f;0,20
pourpier;m;0,20
praire;f;0,20
prairial;m;0,20
premier-né;m;0,20
processionnaire;m;0,20
procure;f;0,20
prolixité;f;0,20
proportionnel;f;0,20
prorata;m;0,20
prosateur;m;0,20
protal;m;0,20
pré-salé;m;0,20
prébende;f;0,20
précession;f;0,20
préposition;f;0,20
préteur;m;0,20
prévôté;f;0,20
psalliote;f;0,20
psychodrame;m;0,20
psychosomaticien;m;0,20
psychotechnicien;m;0,20
psychothérapie;f;0,20
ptérodactyle;m;0,20
public-relations;f;0,20
pugnacité;f;0,20
puisard;m;0,20
purgation;f;0,20
pus;m;0,20
putanat;m;0,20
puériculteur;f;0,20
pythonisse;f;0,20
pâton;m;0,20
pédoncule;m;0,20
pépettes;f;0,20
péquin;m;0,20
péripatéticien;f;0,20
périph;m;0,20
périssoire;f;0,20
péréquation;f;0,20
pétrolette;f;0,20
pétroleur;f;0,20
quantum;m;0,20
quartaut;m;0,20
quibus;m;0,20
quick;m;0,20
quillon;m;0,20
quinqua;m;0,20
quorum;m;0,20
rabbinat;m;0,20
radicale-socialiste;f;0,20
rajah;m;0,20
rajout;m;0,20
rajustement;m;0,20
ralbol;m;0,20
rami;m;0,20
ramollissement;m;0,20
rampement;m;0,20
ranche;f;0,20
rancio;m;0,20
rapiéçage;m;0,20
rase-pet;m;0,20
rationalisation;f;0,20
ratissage;m;0,20
rauquement;m;0,20
ravaudage;m;0,20
raz-de-marée;m;0,20
recordman;m;0,20
recruteur;m;0,20
reggae;m;0,20
rehaut;m;0,20
reis;m;0,20
relative;f;0,20
remaillage;m;0,20
remploi;m;0,20
repentance;f;0,20
rezzou;m;0,20
ribouis;m;0,20
riesling;m;0,20
rift;m;0,20
rigorisme;m;0,20
ripaton;m;0,20
rivetage;m;0,20
robinson;m;0,20
rococo;m;0,20
roideur;f;0,20
rollmops;m;0,20
roof;m;0,20
rorqual;m;0,20
roseraie;f;0,20
rossard;m;0,20
rouan;m;0,20
roublardise;f;0,20
roulage;m;0,20
roupettes;f;0,20
rousseau;m;0,20
roustons;m;0,20
royal;f;0,20
rucher;m;0,20
réactif;m;0,20
récapitulatif;m;0,20
réceptivité;f;0,20
récession;f;0,20
récitatif;m;0,20
réglette;f;0,20
réglure;f;0,20
régule;m;0,20
réhabilité;m;0,20
rémanence;f;0,20
rémoulade;f;0,20
rénovateur;m;0,20
résineux;m;0,20
résorption;f;0,20
rétraction;f;0,20
rétrogradation;f;0,20
réveillonneur;m;0,20
révulsion;f;0,20
sablon;m;0,20
sabordage;m;0,20
sacré-coeur;m;0,20
saint-honoré;m;0,20
saint-pierre;m;0,20
sainte-nitouche;f;0,20
saisie-arrêt;f;0,20
salacité;f;0,20
sancerre;m;0,20
sandale;f;0,20
sandjak;m;0,20
sans-fil;m;0,20
sapinette;f;0,20
sari;m;0,20
sarreau;m;0,20
saulaie;f;0,20
saut-de-lit;m;0,20
sauton;m;0,20
sauvignon;m;0,20
scenic railway;m;0,20
schlague;f;0,20
scone;m;0,20
scoumoune;f;0,20
scrabble;m;0,20
script-girl;f;0,20
sedia gestatoria;f;0,20
seguedilla;f;0,20
septicémie;f;0,20
sergé;m;0,20
serrante;f;0,20
serve;f;0,20
sexisme;m;0,20
shilling;m;0,20
shimmy;m;0,20
si;m;0,20
siennois;m;0,20
siffleur;m;0,20
sigisbée;m;0,20
signaleur;m;0,20
simplesse;f;0,20
sinapisme;m;0,20
sinciput;m;0,20
sixain;m;0,20
skinhead;m;0,20
smalah;f;0,20
smash;m;0,20
soldeur;m;0,20
soliflore;m;0,20
sorbon;f;0,20
soufflure;f;0,20
soul;f;0,20
soupeur;m;0,20
sourate;f;0,20
sous-humanité;f;0,20
sous-maîtresse;f;0,20
sous-pied;m;0,20
sous-tasse;f;0,20
sous-verre;m;0,20
souscripteur;m;0,20
soutif;m;0,20
soûlerie;f;0,20
spasmophilie;f;0,20
sphinge;f;0,20
spiritisme;m;0,20
sponsor;m;0,20
squale;m;0,20
stilton;m;0,20
stipulation;f;0,20
strasse;f;0,20
stretch;m;0,20
stripteaseur;f;0,20
strychnine;f;0,20
stup;m;0,20
subjectivisme;m;0,20
subjectivité;f;0,20
sublimité;f;0,20
subordonnée;f;0,20
sud-vietnamien;m;0,20
suicidant;m;0,20
sujette;f;0,20
sultanat;m;0,20
superfluité;f;0,20
superman;m;0,20
surah;m;0,20
surchoix;m;0,20
surpatte;f;0,20
survoltage;m;0,20
susnommé;m;0,20
susucre;m;0,20
sutra;m;0,20
svastika;m;0,20
sweat-shirt;m;0,20
systole;f;0,20
syzygie;m;0,20
sécherie;f;0,20
sédimentation;f;0,20
séide;m;0,20
séquanais;f;0,20
tabellion;m;0,20
taciturnité;f;0,20
tafanard;m;0,20
taille-douce;f;0,20
tailloir;m;0,20
talkie-walkie;m;0,20
tampon-buvard;m;0,20
tamponnement;m;0,20
tan;m;0,20
tan-sad;m;0,20
tantine;f;0,20
tape;f;0,20
tape-à-l'oeil;m;0,20
tarare;m;0,20
tarderie;f;0,20
taret;m;0,20
taride;f;0,20
tarière;f;0,20
tarpan;m;0,20
tartouille;f;0,20
tarzan;m;0,20
tatami;m;0,20
taxaudier;m;0,20
tea-room;m;0,20
temporisation;f;0,20
tendelet;m;0,20
tequila;f;0,20
thalassothérapie;f;0,20
thaïlandais;m;0,20
thermidor;m;0,20
thermodynamique;f;0,20
tian;m;0,20
tibétain;m;0,20
tiers-monde;m;0,20
tigelle;f;0,20
tin;m;0,20
tire-jus;m;0,20
titane;m;0,20
titillement;m;0,20
titubation;f;0,20
tong;f;0,20
tonic;m;0,20
topette;f;0,20
torpillage;m;0,20
tortillement;m;0,20
toscan;m;0,20
toto;m;0,20
tourbillonnement;m;0,20
tourmaline;f;0,20
tournedos;m;0,20
toxicité;f;0,20
toxoplasmose;f;0,20
trachée-artère;f;0,20
tractus;m;0,20
transbordeur;m;0,20
transplantation;f;0,20
traînier;m;0,20
tremblotement;m;0,20
trench;m;0,20
trigonométrie;f;0,20
triperie;f;0,20
tripoux;m;0,20
trirème;f;0,20
trituration;f;0,20
troposphère;f;0,20
trouillomètre;m;0,20
trouvère;m;0,20
troyen;m;0,20
truisme;m;0,20
trébuchement;m;0,20
turdus;m;0,20
turlutte;f;0,20
tympanon;m;0,20
typologie;f;0,20
tyrolien;m;0,20
télécommunication;f;0,20
télémètre;m;0,20
térébinthe;m;0,20
tétin;m;0,20
tête-à-queue;m;0,20
tôlerie;f;0,20
ulcération;f;0,20
underground;m;0,20
urinal;m;0,20
urus;m;0,20
vacuum;m;0,20
vanneur;m;0,20
vanterie;f;0,20
vasais;m;0,20
vassalité;f;0,20
vau;m;0,20
vert-galant;m;0,20
verticalité;f;0,20
vesce;f;0,20
vesse-de-loup;f;0,20
vibrion;m;0,20
vicelardise;f;0,20
vif-argent;m;0,20
vigogne;f;0,20
viking;m;0,20
violine;m;0,20
virago;f;0,20
visé;m;0,20
volailler;m;0,20
vole;f;0,20
volontariat;m;0,20
votant;m;0,20
vulgate;f;0,20
vêlage;m;0,20
wapiti;m;0,20
wattman;m;0,20
yeshiva;f;0,20
zézaiement;m;0,20
ébréchure;f;0,20
écarquillement;m;0,20
échalier;m;0,20
éclairement;m;0,20
éclectisme;m;0,20
éclusier;m;0,20
écologie;f;0,20
écope;f;0,20
écouvillon;m;0,20
écubier;m;0,20
édicule;m;0,20
égotisme;m;0,20
éjaculat;m;0,20
électrocution;f;0,20
électrolyse;f;0,20
électron;m;0,20
éléphanteau;m;0,20
émerillon;m;0,20
émolument;m;0,20
épaississement;m;0,20
épaulière;f;0,20
épieu;m;0,20
épigastre;m;0,20
épilation;f;0,20
épinette;f;0,20
épithalame;m;0,20
éructation;f;0,20
étançon;m;0,20
étendage;m;0,20
éthylisme;m;0,20
étouffoir;m;0,20
évaporé;f;0,20
abaisse-langue;m;0,14
abatture;f;0,14
abbatiale;f;0,14
ablatif;m;0,14
able;m;0,14
aboulie;f;0,14
abrasion;f;0,14
abribus;m;0,14
abrogation;f;0,14
absorbant;m;0,14
absoute;f;0,14
abyssin;m;0,14
accentuation;f;0,14
acceptant;m;0,14
acclimatement;m;0,14
accumulateur;m;0,14
achoppement;m;0,14
acra;m;0,14
acromion;m;0,14
acrylique;m;0,14
acétate;m;0,14
additif;m;0,14
adduction;f;0,14
adhésif;m;0,14
adjupète;m;0,14
adoucisseur;m;0,14
adultat;m;0,14
affalement;m;0,14
affermissement;m;0,14
affiliation;f;0,14
affouage;m;0,14
affouillement;m;0,14
affublement;m;0,14
affûtage;m;0,14
agathe;f;0,14
agglutination;f;0,14
agnus dei;m;0,14
agrafeuse;f;0,14
aguicheur;f;0,14
aide-cuisinier;m;0,14
aide-major;m;0,14
aiguade;f;0,14
aixois;m;0,14
ajour;m;0,14
ajournement;m;0,14
ajustage;m;0,14
albigeois;m;0,14
albumine;f;0,14
ale;f;0,14
allaitement;m;0,14
alloc;f;0,14
allume-cigare;m;0,14
allume-cigares;m;0,14
allume-gaz;m;0,14
alma;f;0,14
alourdissement;m;0,14
altimètre;m;0,14
aman;m;0,14
ambroisie;f;0,14
amenuisement;m;0,14
amincissant;m;0,14
amincissement;m;0,14
ammoniac;m;0,14
ammonite;f;0,14
ammonitrate;m;0,14
amollissement;m;0,14
amontillado;m;0,14
amorti;m;0,14
amphé;m;0,14
aménorrhée;f;0,14
américanisme;m;0,14
ana;m;0,14
anabase;f;0,14
anda;m;0,14
andropause;f;0,14
anesthésiant;m;0,14
animalcule;m;0,14
animalier;m;0,14
anoblissement;m;0,14
anonymographe;m;0,14
anthropopithèque;m;0,14
anti-chambre;f;0,14
anti-communisme;m;0,14
anti-conformisme;m;0,14
anti-maison;f;0,14
anti-mite;f;0,14
anti-odeur;f;0,14
anti-poison;m;0,14
antibolchevisme;m;0,14
antimatière;f;0,14
antipape;m;0,14
antiparasite;m;0,14
antiphonaire;m;0,14
antipsychiatrie;f;0,14
antituberculeux;m;0,14
antivol;m;0,14
antonyme;m;0,14
anémomètre;m;0,14
ape;m;0,14
aperception;f;0,14
aphonie;f;0,14
aphrodisie;f;0,14
apocryphe;m;0,14
apollon;m;0,14
apposition;f;0,14
apprenti-sorcier;m;0,14
appui-main;m;0,14
appuie-tête;m;0,14
aquavit;m;0,14
arachnoïde;f;0,14
archonte;m;0,14
argol;m;0,14
arioso;m;0,14
aristarque;m;0,14
aristoloche;f;0,14
arkose;f;0,14
arméria;f;0,14
arquebusade;f;0,14
arrière-automne;m;0,14
arrière-cuisine;f;0,14
arrière-monde;m;0,14
arrière-petite-nièce;f;0,14
arrérage;m;0,14
artefact;m;0,14
arthrodèse;f;0,14
articulet;m;0,14
artériole;f;0,14
asclépias;m;0,14
aseptisation;f;0,14
asse;f;0,14
assembleur;m;0,14
assistanat;m;0,14
assombrissement;m;0,14
assommeur;m;0,14
assourdissement;m;0,14
assyrien;m;0,14
astrolabe;m;0,14
astrophore;m;0,14
ataman;m;0,14
atrium;m;0,14
aucuba;m;0,14
audiovisuel;m;0,14
audit;m;0,14
aurige;m;0,14
australien;m;0,14
authentification;f;0,14
auto-intoxication;f;0,14
autoclave;m;0,14
automation;f;0,14
automatisation;f;0,14
autorail;m;0,14
autosuggestion;f;0,14
avalement;m;0,14
avers;m;0,14
avion-cargo;m;0,14
avocette;f;0,14
ayants droit;m;0,14
azote;m;0,14
aéromodélisme;m;0,14
aéronef;m;0,14
aérophagie;f;0,14
aître;m;0,14
bacchanal;m;0,14
bagagerie;f;0,14
balafon;m;0,14
balatum;m;0,14
baliste;f;0,14
balistique;f;0,14
ball-trap;m;0,14
ballonnement;m;0,14
ballonnet;m;0,14
ballottage;m;0,14
ballottement;m;0,14
balluche;m;0,14
bambocheur;m;0,14
bandeur;m;0,14
barbacane;f;0,14
barcarolle;f;0,14
barjo;m;0,14
baronnie;f;0,14
baryum;m;0,14
bas-flanc;m;0,14
basculement;m;0,14
basse-taille;f;0,14
bataillonnaire;m;0,14
batifolage;m;0,14
batifoleur;m;0,14
batik;m;0,14
battle-dress;m;0,14
bayou;m;0,14
beat generation;f;0,14
beau-papa;m;0,14
belluaire;m;0,14
berloque;f;0,14
bernard-l'hermite;m;0,14
besson;m;0,14
bestiasse;f;0,14
biafrais;m;0,14
bibliophilie;f;0,14
biclou;m;0,14
bidonnage;m;0,14
bien-manger;m;0,14
biennale;f;0,14
bif;m;0,14
bighorn;m;0,14
bigue;f;0,14
billon;m;0,14
bimétallisme;m;0,14
bingo;m;0,14
binôme;m;0,14
birth control;m;0,14
biseness;m;0,14
biset;m;0,14
bismuth;m;0,14
bisness;m;0,14
bit;m;0,14
bizutage;m;0,14
blanchissement;m;0,14
blandice;f;0,14
blettissement;m;0,14
blini;m;0,14
blush;m;0,14
blédard;m;0,14
blépharite;f;0,14
bobinage;m;0,14
bobèche;f;0,14
bodega;f;0,14
boitillement;m;0,14
bolognais;f;0,14
bonace;f;0,14
bongo;m;0,14
bonheur-du-jour;m;0,14
bonnette;f;0,14
bonsaï;m;0,14
boquillon;m;0,14
boskoop;f;0,14
bossellement;m;0,14
boucanier;m;0,14
bouchot;m;0,14
bouffetance;f;0,14
bougainvillier;m;0,14
bougrerie;f;0,14
bouiboui;m;0,14
bouif;m;0,14
boulanger-pâtissier;m;0,14
boulle;m;0,14
bour;m;0,14
bourdaine;f;0,14
bourreur;m;0,14
bourriquet;m;0,14
boursicoteur;m;0,14
bousin;m;0,14
bousine;f;0,14
boutillier;m;0,14
bouton-pression;m;0,14
boy-friend;m;0,14
braderie;f;0,14
brandade;f;0,14
brandy;m;0,14
break-down;m;0,14
bredouillage;m;0,14
bredouillis;m;0,14
breuil;m;0,14
breveté;m;0,14
brimbalement;m;0,14
briquage;m;0,14
briquetage;m;0,14
brise-lame;m;0,14
brivadois;m;0,14
brome;m;0,14
bronchiole;f;0,14
bronzette;f;0,14
brossage;m;0,14
broussard;m;0,14
broutard;m;0,14
broyage;m;0,14
bruant;m;0,14
brunch;m;0,14
bruni;m;0,14
buccin;m;0,14
bucrane;m;0,14
buen retiro;m;0,14
bugne;f;0,14
bull-finch;m;0,14
bumper;m;0,14
béguine;f;0,14
béguineuse;f;0,14
bétel;m;0,14
bétonnage;m;0,14
cabosse;f;0,14
cache-corset;m;0,14
cadratin;m;0,14
cadreur;m;0,14
cafeton;m;0,14
cafouillis;m;0,14
caféine;f;0,14
cahors;m;0,14
caillé;m;0,14
cajou;m;0,14
calcification;f;0,14
calecif;m;0,14
califat;m;0,14
call-girl;f;0,14
calotin;m;0,14
calville;f;0,14
calédonien;m;0,14
camarero;m;0,14
camaïeux;m;0,14
cambrement;m;0,14
camion-benne;m;0,14
camion-grue;m;0,14
camphrier;m;0,14
campêche;m;0,14
camélidé;m;0,14
canalicule;m;0,14
cannabis;m;0,14
cannette;f;0,14
cantharide;f;0,14
canut;m;0,14
capillaire;m;0,14
capitainerie;f;0,14
capitalisation;f;0,14
capo;m;0,14
captation;f;0,14
capuccino;m;0,14
capucinade;f;0,14
caracal;m;0,14
carambouillage;m;0,14
carbonate;m;0,14
carburation;f;0,14
cardage;m;0,14
care;f;0,14
caret;m;0,14
caronade;f;0,14
caroncule;f;0,14
caroubleur;m;0,14
cartulaire;m;0,14
casaquin;m;0,14
cascatelle;f;0,14
catadioptre;m;0,14
cataphote;m;0,14
catarrhe;m;0,14
catgut;m;0,14
caudebec;m;0,14
celtique;m;0,14
centilitre;m;0,14
centralisation;f;0,14
cerneau;m;0,14
cervidé;m;0,14
chabrot;m;0,14
chafaud;m;0,14
chamane;m;0,14
chamanisme;m;0,14
champi;m;0,14
champs élysées;m;0,14
chand;m;0,14
chanteau;m;0,14
charbonnette;f;0,14
charcutage;m;0,14
charolais;f;0,14
charriage;m;0,14
chasse-mouche;m;0,14
chasselas;m;0,14
chassie;f;0,14
chat-tigre;m;0,14
chattemite;f;0,14
chauffe-plats;m;0,14
chauffeur-livreur;m;0,14
chausse-pied;m;0,14
chemiserie;f;0,14
chevau-léger;m;0,14
chevauchement;m;0,14
chevillard;m;0,14
chiffonnade;f;0,14
chili;m;0,14
chilienne;f;0,14
chimiothérapie;f;0,14
chlorate;m;0,14
chlorure;m;0,14
chott;m;0,14
choucas;m;0,14
chouchoutage;m;0,14
chouchoute;f;0,14
chrême;m;0,14
chtibe;m;0,14
chtouille;f;0,14
chyle;m;0,14
chypre;m;0,14
châtelet;m;0,14
châtron;m;0,14
cinabre;m;0,14
cinoque;m;0,14
cinquantenaire;m;0,14
ciné-roman;m;0,14
cipal;m;0,14
cippe;m;0,14
circassien;m;0,14
circonvallation;f;0,14
circularité;f;0,14
ciron;m;0,14
cirrus;m;0,14
cisaillement;m;0,14
civelot;m;0,14
claquoir;m;0,14
clarissime;m;0,14
clathre;m;0,14
claveau;m;0,14
clayon;m;0,14
clergeon;m;0,14
clermontois;m;0,14
cloche-pied;f;0,14
cluse;f;0,14
cockney;m;0,14
cocuage;m;0,14
coda;f;0,14
codex;m;0,14
coercition;f;0,14
col-vert;m;0,14
collagène;m;0,14
collapsus;m;0,14
colletin;m;0,14
collodion;m;0,14
collégialité;f;0,14
colonisé;m;0,14
colorature;f;0,14
colportage;m;0,14
comateux;f;0,14
combette;f;0,14
comite;m;0,14
commanderie;f;0,14
commedia dell'arte;f;0,14
commode-toilette;f;0,14
commutation;f;0,14
compilateur;m;0,14
complémentarité;f;0,14
compost;m;0,14
comprenette;f;0,14
compresseur;m;0,14
comptabilisation;f;0,14
comptage;m;0,14
compte-rendu;m;0,14
comput;m;0,14
computer;m;0,14
concassage;m;0,14
conditionneur;m;0,14
condominium;m;0,14
condyle;m;0,14
confucianisme;m;0,14
congédiement;m;0,14
connotation;f;0,14
consistoire;m;0,14
conso;f;0,14
constable;m;0,14
continu;m;0,14
contractant;m;0,14
contradicteur;m;0,14
contre-chant;m;0,14
contre-gré;m;0,14
contre-lettre;f;0,14
contre-manifestant;m;0,14
contre-mine;f;0,14
contrevérité;f;0,14
cooptation;f;0,14
copyright;m;0,14
coq-à-l'âne;m;0,14
coquart;m;0,14
corbières;m;0,14
corderie;f;0,14
cordillère;f;0,14
cordon-bleu;m;0,14
corindon;m;0,14
cornaline;f;0,14
corner;m;0,14
cornouille;f;0,14
corrector;m;0,14
corregidor;m;0,14
cortex;m;0,14
cortisone;f;0,14
coré;f;0,14
cosmographie;f;0,14
cotisant;m;0,14
cotret;m;0,14
couaille;f;0,14
coulissier;m;0,14
coulpe;f;0,14
coupe-feu;m;0,14
coupe-ongles;m;0,14
coups-de-poing;m;0,14
courtilière;f;0,14
couvet;m;0,14
crachouillis;m;0,14
crampette;f;0,14
crapaud-buffle;m;0,14
craquèlement;m;0,14
crassula;f;0,14
cravateur;m;0,14
crayon-feutre;m;0,14
crayonnage;m;0,14
crayonneur;m;0,14
cressonnière;f;0,14
criblage;m;0,14
cromlech;m;0,14
crooner;m;0,14
croque-monsieur;m;0,14
croquemort;m;0,14
croqueton;m;0,14
croupade;f;0,14
cryptogame;m;0,14
créatif;m;0,14
créditeur;m;0,14
crémant;m;0,14
crémateur;m;0,14
crémation;f;0,14
crépinette;f;0,14
crételle;f;0,14
crétinerie;f;0,14
crêpage;m;0,14
crêpelure;f;0,14
cubitière;f;0,14
cubitus;m;0,14
cucurbite;f;0,14
cuisinette;f;0,14
cuissette;f;0,14
cul-de-poule;m;0,14
culbuto;m;0,14
cumulo-nimbus;m;0,14
curling;m;0,14
curry;m;0,14
custode;f;0,14
cybernétique;f;0,14
cyclomoteur;m;0,14
cymbalum;m;0,14
cynocéphale;m;0,14
cyprinidé;m;0,14
czardas;f;0,14
céruse;f;0,14
cétacé;m;0,14
dahu;m;0,14
daiquiri;m;0,14
damasquin;m;0,14
damoiselle;f;0,14
dangerosité;f;0,14
darne;f;0,14
dartre;f;0,14
datation;f;0,14
daïmio;m;0,14
daïquiri;m;0,14
decrescendo;m;0,14
demi-bas;m;0,14
demi-botte;f;0,14
demi-cylindre;m;0,14
demi-fond;m;0,14
demi-fou;m;0,14
demi-kilomètre;m;0,14
demi-monde;m;0,14
demi-nu;m;0,14
demi-porte;f;0,14
demi-réussite;f;0,14
demi-solde;f;0,14
demi-somnolence;f;0,14
demi-tarif;m;0,14
demi-tête;f;0,14
dermatose;f;0,14
desk;m;0,14
destinateur;f;0,14
dharma;m;0,14
diagramme;m;0,14
dictame;m;0,14
dictat;m;0,14
didactique;f;0,14
dies irae;m;0,14
diffuseur;m;0,14
différenciation;f;0,14
dinar;m;0,14
dioptrie;f;0,14
diptyque;m;0,14
dirham;m;0,14
discoureur;m;0,14
discutaillerie;f;0,14
disjonction;f;0,14
dispatching;m;0,14
dispersement;m;0,14
disposant;m;0,14
dissémination;f;0,14
distillateur;m;0,14
diversification;f;0,14
divertimento;m;0,14
dodécaèdre;m;0,14
dogaresse;f;0,14
domptage;m;0,14
dondaine;f;0,14
dormition;f;0,14
dorsale;f;0,14
doseur;m;0,14
doublard;m;0,14
douce-amère;f;0,14
doucette;f;0,14
doucin;m;0,14
douma;f;0,14
dragonnade;f;0,14
dramatisation;f;0,14
dribbleur;m;0,14
dubitation;f;0,14
ducaton;m;0,14
duché;m;0,14
dunkerque;m;0,14
duplicateur;m;0,14
duplice;f;0,14
dyspepsie;f;0,14
dème;m;0,14
débilitation;f;0,14
déblayage;m;0,14
débord;m;0,14
débrouillage;m;0,14
débroussaillage;m;0,14
décalitre;m;0,14
décervelage;m;0,14
déchiffreur;m;0,14
déchirage;m;0,14
déclamateur;f;0,14
déclenche;f;0,14
décodage;m;0,14
décorticage;m;0,14
décours;m;0,14
décrottoir;m;0,14
décrue;f;0,14
décryptage;m;0,14
décélération;f;0,14
déducteur;m;0,14
défectuosité;f;0,14
défiguration;f;0,14
défini;m;0,14
défonceuse;f;0,14
défrichage;m;0,14
défricheur;m;0,14
dégommage;m;0,14
dégorgement;m;0,14
déhiscence;f;0,14
délestage;m;0,14
déliquescence;f;0,14
délégué-général;m;0,14
démaquillage;m;0,14
démontage;m;0,14
déniaisement;m;0,14
dépenaillement;m;0,14
dépliement;m;0,14
déport;m;0,14
dépressurisation;f;0,14
déprédateur;m;0,14
dératisation;f;0,14
désabonnement;m;0,14
désarticulation;f;0,14
déshumanisation;f;0,14
désobligeance;f;0,14
désorientation;f;0,14
détaillant;m;0,14
déterminant;m;0,14
détraquement;m;0,14
détrempe;f;0,14
détrousseur;m;0,14
développée;f;0,14
déversement;m;0,14
déviationnisme;m;0,14
dévoiement;m;0,14
eaux-fortes;f;0,14
effarvatte;f;0,14
effilure;f;0,14
ektachrome;m;0,14
embase;f;0,14
embouche;f;0,14
embouchoir;m;0,14
embu;m;0,14
embâcle;m;0,14
emmenthal;m;0,14
emplanture;f;0,14
emplâtrage;m;0,14
empois;m;0,14
emporium;m;0,14
encas;m;0,14
encroûté;m;0,14
enculade;f;0,14
enfileur;m;0,14
engouffrement;m;0,14
engoulevent;m;0,14
enragement;m;0,14
ensevelisseur;f;0,14
ensorcellement;m;0,14
entolome;m;0,14
entortillage;m;0,14
entortillement;m;0,14
entrechoc;m;0,14
entérite;f;0,14
entôlage;m;0,14
eschatologie;f;0,14
esche;f;0,14
esclaffement;m;0,14
espingole;f;0,14
espéranto;m;0,14
essuie;m;0,14
essuie-tout;m;0,14
estafier;m;0,14
eunuques-espion;m;0,14
ex-adjudant;m;0,14
ex-colonel;m;0,14
ex-danseur;f;0,14
ex-gonzesse;f;0,14
ex-gouverneur;m;0,14
ex-libris;m;0,14
ex-officier;m;0,14
ex-para;m;0,14
ex-quincaillerie;f;0,14
ex-sergent;m;0,14
ex-sénateur;m;0,14
ex-taulard;m;0,14
excrétion;f;0,14
exempté;m;0,14
expatrié;m;0,14
exposant;m;0,14
expressionnisme;m;0,14
extenseur;m;0,14
extorsion;f;0,14
extra-fort;m;0,14
extradition;f;0,14
extériorité;f;0,14
factieux;m;0,14
factoriel;f;0,14
fair-play;m;0,14
faitout;m;0,14
faluche;f;0,14
famulus;m;0,14
fan-club;m;0,14
fauchard;m;0,14
fauverie;f;0,14
faux-pas;m;0,14
fax;m;0,14
faîtière;f;0,14
faïencerie;f;0,14
faïencier;m;0,14
feldspath;m;0,14
fendillement;m;0,14
fertilisation;f;0,14
feuillaison;f;0,14
feuillettement;m;0,14
feuillu;m;0,14
feuillure;f;0,14
fibrine;f;0,14
fibrotoxine;f;0,14
fier-à-bras;m;0,14
filage;m;0,14
filtration;f;0,14
five o'clock;m;0,14
fixage;m;0,14
fleurissement;m;0,14
flibuste;f;0,14
flicage;m;0,14
flip-flap;m;0,14
florilège;m;0,14
flouse;m;0,14
fluorescence;f;0,14
flâne;f;0,14
foliole;f;0,14
follet;m;0,14
fontanel;f;0,14
forçage;m;0,14
fou-rire;m;0,14
fougasse;f;0,14
fouisseur;m;0,14
fouloir;m;0,14
fourchet;m;0,14
fourchure;f;0,14
fourmi-lion;m;0,14
fourmilion;m;0,14
fourvoiement;m;0,14
fragmentation;f;0,14
francfort;f;0,14
francisation;f;0,14
fratrie;f;0,14
freak;m;0,14
fredonnement;m;0,14
freudisme;m;0,14
friabilité;f;0,14
fribourgeois;f;0,14
fricasse;m;0,14
friponnerie;f;0,14
frisottis;m;0,14
frisselis;m;0,14
frontal;m;0,14
frotton;m;0,14
frottée;f;0,14
fructification;f;0,14
fruiterie;f;0,14
fulmicoton;m;0,14
fumeron;m;0,14
furette;f;0,14
furonculose;f;0,14
fusilleur;m;0,14
fustigation;f;0,14
fédéral;m;0,14
félibrige;m;0,14
féodalisme;m;0,14
féra;f;0,14
féverole;f;0,14
gaillardise;f;0,14
galantin;m;0,14
galerie-refuge;f;0,14
galibot;m;0,14
gallicanisme;m;0,14
gallinacé;m;0,14
galvaudeux;m;0,14
galéasse;f;0,14
gamba;f;0,14
game;m;0,14
gantelet;m;0,14
garbure;f;0,14
garde-côte;m;0,14
garde-voie;m;0,14
gari;m;0,14
garou;m;0,14
gaster;m;0,14
gastéropode;m;0,14
gauldo;f;0,14
gay;m;0,14
gazinière;f;0,14
gazoline;f;0,14
gengis khan;m;0,14
gerbeur;f;0,14
gerboise;f;0,14
germanique;m;0,14
germinal;m;0,14
gestapiste;m;0,14
gestuel;f;0,14
gibbon;m;0,14
gibbosité;f;0,14
gibelin;m;0,14
giclement;m;0,14
gig;m;0,14
gigantomachie;f;0,14
gigolette;f;0,14
gimmick;m;0,14
gin-rummy;m;0,14
gingin;m;0,14
gire;m;0,14
girl-scout;f;0,14
glane;f;0,14
glaçure;f;0,14
glorieux;f;0,14
glougloutement;m;0,14
glycérine;f;0,14
gobe-mouches;m;0,14
gobet;m;0,14
godilleur;m;0,14
gombo;m;0,14
goncier;m;0,14
gone;m;0,14
gonelle;f;0,14
gosseline;f;0,14
gotha;m;0,14
goudou;f;0,14
goudronnage;m;0,14
goulasch;m;0,14
goulette;f;0,14
gouvernorat;m;0,14
grana;m;0,14
grandesse;f;0,14
grangette;f;0,14
granule;m;0,14
grappillon;m;0,14
gratinée;f;0,14
gratte-cul;m;0,14
grenaille;f;0,14
grenoblois;m;0,14
grenouillère;f;0,14
grenure;f;0,14
gri-gri;m;0,14
grifton;m;0,14
grignotis;m;0,14
grill;m;0,14
grippe-sou;m;0,14
groenlandais;m;0,14
gronderie;f;0,14
gros-cul;m;0,14
gruppetto;m;0,14
grège;m;0,14
guadeloupéenne;f;0,14
guano;m;0,14
guerre-éclair;f;0,14
gueules-de-loup;f;0,14
gueulette;f;0,14
gueusard;m;0,14
guignolade;f;0,14
guili-guili;m;0,14
guillotineur;m;0,14
gun;m;0,14
gustation;f;0,14
gymnasium;m;0,14
gâte-sauce;m;0,14
génétique;f;0,14
géronte;m;0,14
habilité;f;0,14
habillage;m;0,14
habitus;m;0,14
hache-paille;m;0,14
half-track;m;0,14
haltérophilie;f;0,14
happe;f;0,14
happy few;m;0,14
harengère;f;0,14
haruspice;m;0,14
haussière;f;0,14
haveneau;m;0,14
hayon;m;0,14
heptagone;m;0,14
herbette;f;0,14
herboristerie;f;0,14
herminette;f;0,14
hexamètre;m;0,14
high-life;m;0,14
highlander;m;0,14
himalaya;m;0,14
hippogriffe;m;0,14
hippy;m;0,14
historicité;f;0,14
hochepot;m;0,14
hockey;m;0,14
hockeyeur;m;0,14
hollandaise;f;0,14
hominien;m;0,14
homme-chien;m;0,14
homophile;m;0,14
homéopathie;f;0,14
hooligan;m;0,14
horse-guard;m;0,14
hot;m;0,14
hot dog;m;0,14
housard;m;0,14
hoyau;m;0,14
humanisation;f;0,14
hunier;m;0,14
hydrogénisation;f;0,14
hydroquinone;f;0,14
hydrothérapie;f;0,14
hygromètre;m;0,14
hypersensibilité;f;0,14
hypocondre;m;0,14
hypophyse;f;0,14
hysope;f;0,14
héliport;m;0,14
héraldique;f;0,14
hétérogénéité;f;0,14
hôtel-restaurant;m;0,14
icoglan;m;0,14
idiotisme;m;0,14
idéalisation;f;0,14
iguanodon;m;0,14
imperméabilité;f;0,14
implant;m;0,14
implosion;f;0,14
impro;f;0,14
impropriété;f;0,14
impréparation;f;0,14
impulsif;m;0,14
incestueux;f;0,14
incise;f;0,14
inclusion;f;0,14
inconfiance;f;0,14
incorruptibilité;f;0,14
incube;m;0,14
indemnisation;f;0,14
indentation;f;0,14
indestructibilité;f;0,14
indifférenciation;f;0,14
inexorabilité;f;0,14
infinitif;m;0,14
infinitude;f;0,14
infirmière-major;f;0,14
ingurgitation;f;0,14
ingénieur-conseil;m;0,14
inintelligence;f;0,14
inintérêt;m;0,14
inoxydable;m;0,14
insipidité;f;0,14
intemporalité;f;0,14
intensification;f;0,14
interligne;m;0,14
interpolation;f;0,14
interpénétration;f;0,14
interrogatif;m;0,14
interrègne;m;0,14
intimation;f;0,14
intox;f;0,14
intrait;m;0,14
intromission;f;0,14
intuitif;m;0,14
intégrisme;m;0,14
inutilisation;f;0,14
invertébré;m;0,14
inviolabilité;f;0,14
inviteur;m;0,14
inéluctabilité;f;0,14
ion;m;0,14
ionisation;f;0,14
ipse;m;0,14
irish coffee;m;0,14
irrecevabilité;f;0,14
ischion;m;0,14
islandais;m;0,14
isolant;m;0,14
isolateur;m;0,14
isoloir;m;0,14
isorel;m;0,14
italianisme;m;0,14
ite missa est;m;0,14
jacket;f;0,14
jacquerie;f;0,14
jacteur;m;0,14
jacuzzi;m;0,14
japonerie;f;0,14
jaquet;m;0,14
je-m'en-foutisme;m;0,14
jellaba;f;0,14
jeu-concours;m;0,14
jiu-jitsu;m;0,14
joker;m;0,14
jolibois;m;0,14
jonchère;f;0,14
judéenne;f;0,14
junte;f;0,14
jurassien;m;0,14
kabuki;m;0,14
kaiser;m;0,14
karité;m;0,14
karma;m;0,14
katangais;m;0,14
kayak;m;0,14
kilogramme;m;0,14
kilotonne;m;0,14
kiwi;m;0,14
knock-out;m;0,14
koala;m;0,14
kohl;m;0,14
kommando;m;0,14
koran;m;0,14
kouglof;m;0,14
kriegspiel;m;0,14
labbe;m;0,14
lacanien;m;0,14
ladies;f;0,14
lainier;m;0,14
laize;f;0,14
lambswool;m;0,14
lamedu;m;0,14
laminaire;f;0,14
lamparo;m;0,14
lance-roquettes;m;0,14
lancelot;m;0,14
landsturm;m;0,14
lanoline;f;0,14
lanternier;m;0,14
lançon;m;0,14
lao;m;0,14
lapidation;f;0,14
lapis;m;0,14
laryngite;f;0,14
latence;f;0,14
lav;m;0,14
lave-pont;m;0,14
lavure;f;0,14
lazaro;m;0,14
leadership;m;0,14
lettone;f;0,14
levreau;m;0,14
liber;m;0,14
libre-arbitre;m;0,14
libre-échange;m;0,14
lieudit;m;0,14
liliacé;f;0,14
limage;m;0,14
linéaire;m;0,14
lise;f;0,14
lissage;m;0,14
lisseur;m;0,14
lithium;m;0,14
lithuanien;m;0,14
lobotomie;f;0,14
logette;f;0,14
logiciel;m;0,14
logogriphe;m;0,14
logomachie;f;0,14
logosphère;f;0,14
lokoum;m;0,14
longanimité;f;0,14
lotte;f;0,14
louchon;m;0,14
loup-cervier;m;0,14
loupiat;m;0,14
loupiotte;f;0,14
loute;f;0,14
louvoiement;m;0,14
luminescence;f;0,14
lunaison;f;0,14
lunche;m;0,14
lurex;m;0,14
luthéranisme;m;0,14
lutz;m;0,14
luxation;f;0,14
lychee;m;0,14
lycoperdon;m;0,14
lycra;m;0,14
lyonnais;m;0,14
législature;f;0,14
lépontique;m;0,14
lérot;m;0,14
macassar;m;0,14
macrocosme;m;0,14
mafioso;m;0,14
magnanerie;f;0,14
magnésie;f;0,14
maharani;f;0,14
maigriot;m;0,14
mail-coach;m;0,14
maillechort;m;0,14
maillotin;m;0,14
maintenance;f;0,14
mainteneur;m;0,14
maison-mère;f;0,14
maja;f;0,14
majolique;f;0,14
malien;m;0,14
malléabilité;f;0,14
malpropreté;f;0,14
malt;m;0,14
mamamouchi;m;0,14
mancenillier;m;0,14
manip;f;0,14
maquereautage;m;0,14
maquignonnage;m;0,14
mar;f;0,14
marbrerie;f;0,14
margaux;m;0,14
margotin;m;0,14
marihuana;f;0,14
marin-pêcheur;m;0,14
marina;f;0,14
marker;m;0,14
marmitée;f;0,14
marquage;m;0,14
marque-page;m;0,14
marsala;m;0,14
martelage;m;0,14
maryland;m;0,14
mascaron;m;0,14
massette;f;0,14
matoiserie;f;0,14
matraquage;m;0,14
maurrassien;m;0,14
maximalisme;m;0,14
maxiton;m;0,14
maya;m;0,14
maître queux;m;0,14
mea-culpa;m;0,14
mennonite;m;0,14
menstrues;f;0,14
mercantilisme;m;0,14
mercuriale;f;0,14
merlu;m;0,14
messeigneurs;m;0,14
mi-automne;f;0,14
mi-bas;m;0,14
mi-blanc;m;0,14
mi-bras;m;0,14
mi-européen;m;0,14
mi-flanc;m;0,14
mi-français;m;0,14
mi-homme;m;0,14
mi-image;f;0,14
mi-jersey;m;0,14
mi-moqueur;m;0,14
mi-octobre;f;0,14
mi-officiel;m;0,14
mi-pensée;f;0,14
mi-poisson;m;0,14
mi-protecteur;m;0,14
mi-railleur;m;0,14
mi-tendre;m;0,14
mi-verre;m;0,14
michetonneuse;f;0,14
micro-ondes;m;0,14
micro-ordinateur;m;0,14
microclimat;m;0,14
middle-west;m;0,14
mignonnette;f;0,14
milk-shake;m;0,14
milliseconde;f;0,14
mimi;m;0,14
miniaturisation;f;0,14
minotaure;m;0,14
minoterie;f;0,14
minus habens;m;0,14
mirabilis;m;0,14
mistigri;m;0,14
misérabilisme;m;0,14
miteuserie;f;0,14
mixer;m;0,14
mixeur;m;0,14
mixité;f;0,14
modérateur;m;0,14
moissonneuse-lieuse;f;0,14
moko;m;0,14
mollah;m;0,14
moniale;f;0,14
monnayeur;m;0,14
monolithe;m;0,14
monomanie;f;0,14
monsignor;m;0,14
monstrance;f;0,14
monôme;m;0,14
morbidesse;f;0,14
morbidité;f;0,14
mordançage;m;0,14
mortaiseur;f;0,14
mosaïste;m;0,14
moto-club;f;0,14
motoculteur;m;0,14
motrice;f;0,14
mouchette;f;0,14
moulin-à-vent;m;0,14
moumoune;f;0,14
moutardier;m;0,14
mozzarella;f;0,14
mudéjar;m;0,14
muid;m;0,14
multiprise;f;0,14
munichois;m;0,14
musard;m;0,14
mustang;m;0,14
mylord;m;0,14
mystagogie;f;0,14
mâchonnement;m;0,14
méat;m;0,14
mécanisation;f;0,14
médecin-major;m;0,14
méditerranéenne;f;0,14
mégalithe;m;0,14
mégaron;m;0,14
mégatonne;f;0,14
mélinite;f;0,14
ménestrel;m;0,14
mérou;m;0,14
méta;m;0,14
méthodisme;m;0,14
métingue;m;0,14
métrite;f;0,14
mêlé-casse;m;0,14
mômerie;f;0,14
nacrure;f;0,14
naevus;m;0,14
nanar;m;0,14
nanisme;m;0,14
narcose;f;0,14
nard;m;0,14
narghilé;m;0,14
nattier;m;0,14
naturisme;m;0,14
nautilus;m;0,14
navire-hôpital;m;0,14
nazaréen;m;0,14
negro spiritual;m;0,14
nem;m;0,14
ney;m;0,14
niolo;m;0,14
nitrite;m;0,14
nivaquine;f;0,14
nobliau;m;0,14
nocher;m;0,14
nochère;f;0,14
noctambulisme;m;0,14
nomenklatura;f;0,14
non-intervention;f;0,14
non-présence;f;0,14
non-résistance;f;0,14
nonciature;f;0,14
nord-nord-est;m;0,14
norvégienne;f;0,14
nourrissage;m;0,14
nourrisseur;m;0,14
novillo;m;0,14
nubilité;f;0,14
numérotage;m;0,14
nympho;f;0,14
nèpe;f;0,14
nébulosité;f;0,14
nécrologe;m;0,14
néo-malthusianisme;m;0,14
obnubilation;f;0,14
obstétrique;f;0,14
occidentalisation;f;0,14
ocelle;m;0,14
ocelot;m;0,14
octant;m;0,14
octuor;m;0,14
oeil-de-perdrix;m;0,14
oeillette;f;0,14
oestrogène;m;0,14
offenseur;m;0,14
offuscation;f;0,14
ohm;m;0,14
okoumé;m;0,14
oligo-élément;m;0,14
omble;m;0,14
omerta;f;0,14
ontologie;f;0,14
optant;m;0,14
optimum;m;0,14
orfraie;f;0,14
orientalisme;m;0,14
orillon;m;0,14
oriol;m;0,14
orpin;m;0,14
orthoptère;m;0,14
orthopédie;f;0,14
orvet;m;0,14
orémus;m;0,14
oseraie;f;0,14
ossification;f;0,14
ostréiculteur;m;0,14
ottoman;m;0,14
outarde;f;0,14
outlaw;m;0,14
ouvre-bouteille;m;0,14
oxford;m;0,14
oyat;m;0,14
pagayeur;m;0,14
pagure;m;0,14
palabreur;m;0,14
palanche;f;0,14
palangrotte;f;0,14
palmer;m;0,14
palot;m;0,14
palpeur;m;0,14
palu;m;0,14
paludier;m;0,14
paléographie;f;0,14
paléontologie;f;0,14
pamplemoussier;m;0,14
pan bagnat;m;0,14
panais;m;0,14
panda;m;0,14
pandanus;m;0,14
panicule;f;0,14
panification;f;0,14
panoramique;m;0,14
panosse;f;0,14
pansage;m;0,14
pantière;f;0,14
papayer;m;0,14
papegai;m;0,14
papesse;f;0,14
papier-monnaie;m;0,14
papillome;m;0,14
papillonnage;m;0,14
papillonnement;m;0,14
papé;m;0,14
para-humain;m;0,14
parachèvement;m;0,14
paracétamol;m;0,14
parador;m;0,14
paraguayen;m;0,14
paramnésie;f;0,14
parapsychologie;f;0,14
pariade;f;0,14
parité;f;0,14
paroir;m;0,14
parquetage;m;0,14
parr;m;0,14
parrainage;m;0,14
parsi;m;0,14
part time;f;0,14
paso;m;0,14
passe-crassane;f;0,14
passe-plat;m;0,14
passepoil;m;0,14
pasteurisation;f;0,14
pasticheur;m;0,14
pastophore;m;0,14
patarin;m;0,14
patch;m;0,14
pathétisme;m;0,14
patoche;f;0,14
paumelle;f;0,14
pause-café;f;0,14
peaucier;m;0,14
peccavi;m;0,14
peinturlureur;m;0,14
pelle-bêche;f;0,14
pelletier;m;0,14
peloteur;m;0,14
pemmican;m;0,14
penalties;m;0,14
pence;m;0,14
penny;f;0,14
penture;f;0,14
pep;m;0,14
perfectionnisme;m;0,14
perforeuse;f;0,14
permafrost;m;0,14
permissivité;f;0,14
perpignan;m;0,14
perrière;f;0,14
petit-nègre;m;0,14
petite-cousine;f;0,14
pfennig;m;0,14
phalangette;f;0,14
phallocratie;f;0,14
phallologie;f;0,14
phallophore;m;0,14
phanérogame;f;0,14
pharmacomanie;f;0,14
philhellène;m;0,14
philosophaillerie;f;0,14
phone;m;0,14
phonologie;f;0,14
photo-robot;f;0,14
photomontage;m;0,14
phraseur;m;0,14
phtisiologie;f;0,14
phénol;m;0,14
pianissimo;m;0,14
pianola;m;0,14
picolo;m;0,14
pidgin;m;0,14
pigmentation;f;0,14
pilée;f;0,14
pimprenelle;f;0,14
pince-fesse;m;0,14
pineau;m;0,14
pinglot;m;0,14
pinot;m;0,14
piolet;m;0,14
pipeline;m;0,14
piquetis;m;0,14
piranha;m;0,14
pisciculture;f;0,14
pistachier;m;0,14
pistolero;m;0,14
pistolétade;f;0,14
pizzicato;m;0,14
piémont;m;0,14
piéride;f;0,14
placardier;m;0,14
placebo;m;0,14
placier;m;0,14
planitude;f;0,14
plantain;m;0,14
plantier;m;0,14
plaqueminier;m;0,14
plastiqueur;m;0,14
plateau-repas;m;0,14
plature;m;0,14
play-back;m;0,14
plazza;f;0,14
pleutrerie;f;0,14
plioir;m;0,14
plus-que-parfait;m;0,14
pluviomètre;m;0,14
pluviôse;m;0,14
plèvre;f;0,14
plésiosaure;m;0,14
pochetron;m;0,14
pocheté;f;0,14
pointeau;m;0,14
poitrinière;f;0,14
polski;m;0,14
poly;m;0,14
polyclinique;f;0,14
polyphonie;f;0,14
polypier;m;0,14
polypropylène;m;0,14
polystyrène;m;0,14
polyvalence;f;0,14
polyvalent;m;0,14
polyéthylène;m;0,14
pommeraie;f;0,14
pompage;m;0,14
ponce;f;0,14
pontificat;m;0,14
ponçage;m;0,14
pop-corn;m;0,14
populisme;m;0,14
porte-billets;m;0,14
porte-clef;m;0,14
porte-fanion;m;0,14
porte-mine;m;0,14
porte-épée;m;0,14
porterie;f;0,14
positivisme;m;0,14
positron;m;0,14
postillonneur;m;0,14
poto-poto;m;0,14
pouffement;m;0,14
pourfendeur;m;0,14
poutraison;f;0,14
pouzzolane;f;0,14
praesidium;m;0,14
praliné;m;0,14
priapisme;m;0,14
primitivisme;m;0,14
prin;m;0,14
prince-évêque;m;0,14
priseur;m;0,14
probation;f;0,14
problématique;f;0,14
procréateur;m;0,14
procuratie;f;0,14
profanateur;m;0,14
projo;m;0,14
prolétarisation;f;0,14
pronation;f;0,14
pronunciamiento;m;0,14
prophylaxie;f;0,14
propylée;m;0,14
prosaïsme;m;0,14
proscenium;m;0,14
prospective;f;0,14
protectionnisme;m;0,14
protohistoire;f;0,14
proton;m;0,14
protêt;m;0,14
provo;m;0,14
provoc;f;0,14
provéditeur;m;0,14
proéminence;f;0,14
précipitant;m;0,14
prédelle;f;0,14
préfectance;f;0,14
prégnance;f;0,14
prémolaire;f;0,14
présidium;m;0,14
prévaricateur;m;0,14
prévis;f;0,14
prêchi-prêcha;m;0,14
prêle;f;0,14
psautier;m;0,14
pseudo-gouvernement;m;0,14
pseudopode;m;0,14
puff;m;0,14
puisette;f;0,14
pulvérisateur;m;0,14
punkette;f;0,14
pupazzo;m;0,14
putier;m;0,14
putrescence;f;0,14
puy;m;0,14
pyrame;m;0,14
pyrrhonien;m;0,14
pyrrhonisme;m;0,14
pèse-bébé;m;0,14
pédalage;m;0,14
pédiatrie;f;0,14
pédophilie;f;0,14
péon;m;0,14
péotte;f;0,14
péritoine;m;0,14
péroné;m;0,14
pétase;m;0,14
pétrissage;m;0,14
pétrochimie;f;0,14
pétrousquin;m;0,14
quadrimoteur;m;0,14
quadriphonie;f;0,14
quakeresse;f;0,14
quant-à-moi;m;0,14
quark;m;0,14
quarte;f;0,14
quartette;m;0,14
quasi;m;0,14
quasi-impossibilité;f;0,14
quasi-nudité;f;0,14
quaternaire;m;0,14
quatre-mâts;m;0,14
quatre-quarts;m;0,14
querelleur;m;0,14
questionnement;m;0,14
queue-d'aronde;f;0,14
quintuplée;f;0,14
quotidienneté;f;0,14
rabane;f;0,14
rabe;m;0,14
rabibochage;m;0,14
rabotage;m;0,14
raccrochage;m;0,14
rachitisme;m;0,14
radicalisation;f;0,14
radier;m;0,14
radio-réveil;m;0,14
radiodiffusion;f;0,14
radioscopie;f;0,14
radjah;m;0,14
ragondin;m;0,14
ragougnasse;f;0,14
railleur;m;0,14
ralingue;f;0,14
ramette;f;0,14
raminagrobis;m;0,14
ramon;m;0,14
ranci;m;0,14
ranz;m;0,14
rapetassage;m;0,14
rapiat;m;0,14
rapprocheur;m;0,14
rassembleur;m;0,14
ratiocineur;m;0,14
ravenelle;f;0,14
ravigote;f;0,14
ravinement;m;0,14
ray-grass;m;0,14
raïs;m;0,14
reboisement;m;0,14
recollage;m;0,14
recouvrement;m;0,14
recroquevillement;m;0,14
redescente;f;0,14
redécouverte;f;0,14
refil;m;0,14
reg;m;0,14
rehausse;f;0,14
reichswehr;f;0,14
relativisation;f;0,14
relogement;m;0,14
remblaiement;m;0,14
remembrance;f;0,14
remembrement;m;0,14
remmailleuse;f;0,14
remodelage;m;0,14
remueur;m;0,14
renfermement;m;0,14
renflouage;m;0,14
renfrognement;m;0,14
rengorgement;m;0,14
reniflerie;f;0,14
renifleur;m;0,14
renonce;f;0,14
reportage-vérité;m;0,14
rescrit;m;0,14
respir;m;0,14
restoroute;m;0,14
resucée;f;0,14
retaloche;f;0,14
retombement;m;0,14
revalorisation;f;0,14
rhinite;f;0,14
rhodoïd;m;0,14
rhumb;m;0,14
rhumerie;f;0,14
rhésus;m;0,14
richelieu;m;0,14
rigoureux;f;0,14
ringardise;f;0,14
risibilité;f;0,14
risorius;m;0,14
riviera;f;0,14
rochet;m;0,14
rock'n'roll;m;0,14
rogue;f;0,14
roi-soleil;m;0,14
romanité;f;0,14
ronchonnot;m;0,14
rongement;m;0,14
ronéo;f;0,14
roquentin;m;0,14
rosière;f;0,14
rostre;m;0,14
rouelle;f;0,14
royalties;f;0,14
rubéole;f;0,14
rudoiement;m;0,14
rune;f;0,14
russification;f;0,14
russule;f;0,14
râleux;m;0,14
réadaptation;f;0,14
réaménagement;m;0,14
réapprovisionnement;m;0,14
réchappé;m;0,14
récri;m;0,14
récurrence;f;0,14
réducteur;m;0,14
réemploi;m;0,14
régionalisme;m;0,14
régularisation;f;0,14
régénération;f;0,14
réimpression;f;0,14
réinjection;f;0,14
réinstallation;f;0,14
réitération;f;0,14
répartie;f;0,14
résection;f;0,14
rétameur;m;0,14
rétrovirus;m;0,14
réunification;f;0,14
réversion;f;0,14
sabine;f;0,14
saducéen;m;0,14
sagoutier;m;0,14
saint-nectaire;m;0,14
sainte nitouche;f;0,14
salopiaud;m;0,14
salpicon;m;0,14
salsa;f;0,14
sambenito;m;0,14
sans-façon;m;0,14
sans-grade;m;0,14
sanskrit;m;0,14
saperlotte;m;0,14
saponification;f;0,14
sarcloir;m;0,14
sargasse;f;0,14
sarouel;m;0,14
sarrois;m;0,14
satan;m;0,14
saucissonnage;m;0,14
saumonette;f;0,14
sauvagesse;f;0,14
savonnerie;f;0,14
sax;m;0,14
saxe;m;0,14
saxifrage;f;0,14
sayon;m;0,14
scaferlati;m;0,14
scanner;m;0,14
scarole;f;0,14
scazon;m;0,14
schnick;m;0,14
schtroumpf;m;0,14
schème;m;0,14
sciage;m;0,14
scottish;f;0,14
scripteur;m;0,14
scrofule;f;0,14
scélératesse;f;0,14
septennat;m;0,14
sergot;m;0,14
serpentement;m;0,14
serpolet;m;0,14
serre-joint;m;0,14
sextuor;m;0,14
shake-hand;m;0,14
sheriff;m;0,14
sibérienne;f;0,14
sicaire;m;0,14
sifflotis;m;0,14
silvaner;m;0,14
silène;m;0,14
simarre;f;0,14
simplette;f;0,14
single;m;0,14
sinople;m;0,14
sinusite;f;0,14
sinusoïde;f;0,14
sioux;m;0,14
sirventès;m;0,14
sixte;f;0,14
sizain;m;0,14
skin;m;0,14
skip;m;0,14
smack;m;0,14
smicard;m;0,14
soissonnais;m;0,14
soixante-huitard;m;0,14
solfatare;f;0,14
solicitor;m;0,14
soliveau;m;0,14
solvabilité;f;0,14
solécisme;m;0,14
somalien;m;0,14
song;m;0,14
sordidité;f;0,14
sororité;f;0,14
sous-ensemble;m;0,14
sous-marque;f;0,14
sous-merde;f;0,14
soutache;f;0,14
soutenance;f;0,14
souvlaki;m;0,14
soviétisation;f;0,14
soûlographie;f;0,14
sparte;f;0,14
sphéroïde;m;0,14
spica;m;0,14
spinnaker;m;0,14
spore;f;0,14
sprat;m;0,14
spéculum;m;0,14
spéléotomie;f;0,14
squame;f;0,14
stabulation;f;0,14
starking;f;0,14
staroste;m;0,14
starting-gate;f;0,14
status;m;0,14
sterne;f;0,14
stimulus;m;0,14
stimulus-réponse;m;0,14
stock-car;m;0,14
stoppage;m;0,14
stout;m;0,14
streptomycine;f;0,14
structuralisme;m;0,14
stylo-bille;m;0,14
sténographie;f;0,14
sténopé;m;0,14
stéphanois;m;0,14
sucrette;f;0,14
suffixe;m;0,14
sulfamide;m;0,14
sumac;m;0,14
superintendant;m;0,14
supination;f;0,14
supplétif;m;0,14
suppuration;f;0,14
suradaptation;f;0,14
surcot;m;0,14
surfac;f;0,14
surhumain;m;0,14
surjet;m;0,14
surmâle;m;0,14
surpopulation;f;0,14
surpression;f;0,14
surproduction;f;0,14
surréalité;f;0,14
surtaxe;f;0,14
survenant;m;0,14
survitesse;f;0,14
suscription;f;0,14
suspensoir;m;0,14
suspente;f;0,14
sustentation;f;0,14
sutémi;m;0,14
suzeraineté;f;0,14
suçon;m;0,14
sylvaner;m;0,14
sylve;f;0,14
sylviculture;f;0,14
symbolisation;f;0,14
syncrétisme;m;0,14
syndiqué;m;0,14
synecdoque;f;0,14
séchard;m;0,14
sécurit;m;0,14
séditieux;m;0,14
séguedille;f;0,14
sénescence;f;0,14
sénevé;m;0,14
séné;m;0,14
sévrienne;f;0,14
tachymètre;m;0,14
tacon;m;0,14
tadjik;m;0,14
taffe;f;0,14
tagalog;m;0,14
taillon;m;0,14
tamarinier;m;0,14
tamoul;m;0,14
tamponnoir;m;0,14
tangence;f;0,14
tangerine;f;0,14
tapement;m;0,14
tapis-brosse;m;0,14
taquoir;m;0,14
tarabiscotage;m;0,14
tarbouif;m;0,14
tardillon;m;0,14
tarentelle;f;0,14
tarse;m;0,14
tartarinade;f;0,14
tartufe;m;0,14
tartuferie;f;0,14
taste-vin;m;0,14
tatin;f;0,14
taurobole;m;0,14
tautologie;f;0,14
tavel;m;0,14
taxi-brousse;m;0,14
taxinomie;f;0,14
tchernoziom;m;0,14
te deum;m;0,14
tefillin;m;0,14
tendreté;f;0,14
tercio;m;0,14
terrasson;m;0,14
tex;m;0,14
thibaude;f;0,14
thomisme;m;0,14
thug;m;0,14
thyroïde;f;0,14
ticson;m;0,14
tiercelet;m;0,14
tiers-point;m;0,14
tillac;m;0,14
timbalier;m;0,14
timing;m;0,14
tintinnabulement;m;0,14
tinée;f;0,14
tire-lire;m;0,14
tisanière;f;0,14
tissuterie;f;0,14
titisme;m;0,14
tolu;m;0,14
tom;m;0,14
tomme;f;0,14
tonitruance;f;0,14
tord-nez;m;0,14
tordion;m;0,14
tortil;m;0,14
toucan;m;0,14
touloupe;f;0,14
touque;f;0,14
trabuco;m;0,14
trachéotomie;f;0,14
traintrain;m;0,14
transhumance;f;0,14
translucidité;f;0,14
transmigration;f;0,14
trayeur;f;0,14
triade;f;0,14
trictrac;m;0,14
trillion;m;0,14
trimeur;m;0,14
tringlette;f;0,14
tripatouillage;m;0,14
triplement;m;0,14
triqueballe;m;0,14
triumvirat;m;0,14
trocart;m;0,14
troche;f;0,14
trombinoscope;m;0,14
trommel;m;0,14
trompeur;m;0,14
tropézien;f;0,14
trotskisme;m;0,14
trottin;m;0,14
trou-du-cul;m;0,14
troufignon;m;0,14
trousseur;m;0,14
trucmuche;m;0,14
trusquin;m;0,14
trypanosome;m;0,14
tréma;m;0,14
trémail;m;0,14
trépan;m;0,14
tss-tss;m;0,14
tuberculine;f;0,14
tulipier;m;0,14
turlupin;m;0,14
turlupinade;f;0,14
turquerie;f;0,14
tuyauté;m;0,14
twill;m;0,14
twin-set;m;0,14
typomètre;m;0,14
tyranneau;m;0,14
tégument;m;0,14
tél.;m;0,14
télégraphie;f;0,14
ténuité;f;0,14
téter;f;0,14
ubac;m;0,14
ultra-son;m;0,14
universalisme;m;0,14
urbanisme;m;0,14
urée;f;0,14
ustion;f;0,14
usufruitier;m;0,14
vachardise;f;0,14
valdôtain;m;0,14
valpolicella;m;0,14
valériane;f;0,14
vampirisme;m;0,14
vandoise;f;0,14
vanity-case;m;0,14
vaporisation;f;0,14
variabilité;f;0,14
variable;f;0,14
variateur;m;0,14
vatère;m;0,14
vau-l'eau;m;0,14
vaudois;m;0,14
vedettariat;m;0,14
veinure;f;0,14
vendéen;m;0,14
ventilo;m;0,14
ventrière;f;0,14
verdier;m;0,14
vermifuge;m;0,14
verste;f;0,14
vertigo;m;0,14
vertugadin;m;0,14
vertébré;m;0,14
vespasienne;f;0,14
vesse;f;0,14
vibraphone;m;0,14
vibrisse;f;0,14
vidage;m;0,14
vide-poche;m;0,14
vieux-rose;m;0,14
viocard;m;0,14
vire;f;0,14
viscose;f;0,14
visionneur;f;0,14
vista;f;0,14
vit;m;0,14
vocatif;m;0,14
vol-au-vent;m;0,14
volleyeur;m;0,14
volontarisme;m;0,14
voltaire;m;0,14
vortex;m;0,14
vosgien;m;0,14
vouge;f;0,14
walkie-talkie;m;0,14
wassingue;f;0,14
water-closet;m;0,14
way of life;m;0,14
xénophilie;f;0,14
yachting;m;0,14
yachtman;m;0,14
yearling;m;0,14
yeti;m;0,14
ypérite;f;0,14
yèble;f;0,14
yé-yé;m;0,14
yéti;m;0,14
zozotement;m;0,14
zurichois;m;0,14
âme-soeur;f;0,14
ânonnement;m;0,14
ébrouement;m;0,14
écaillure;f;0,14
écartelé;m;0,14
échéancier;m;0,14
écliptique;m;0,14
écrabouillage;m;0,14
écrivassier;m;0,14
écuellée;f;0,14
édile;m;0,14
édito;m;0,14
égipan;m;0,14
égorgeoir;m;0,14
égyptologie;f;0,14
éjaculateur;m;0,14
éjection;f;0,14
élagueur;m;0,14
élastomère;m;0,14
électro-acoustique;f;0,14
électuaire;m;0,14
éligibilité;f;0,14
émasculation;f;0,14
émincé;m;0,14
émondeur;m;0,14
émotif;m;0,14
épars;m;0,14
épervière;f;0,14
épididyme;m;0,14
épidémiologie;f;0,14
épigraphie;f;0,14
épiphylle;m;0,14
épiploon;m;0,14
épissure;f;0,14
épitoge;f;0,14
équanimité;f;0,14
équarrissage;m;0,14
érotomanie;f;0,14
érythème;m;0,14
étambot;m;0,14
éteignoir;m;0,14
étendoir;m;0,14
étrillage;m;0,14
étuvée;f;0,14
évaluateur;m;0,14
éveilleur;m;0,14
éventration;f;0,14
évitée;f;0,14
abalone;m;0,07
abandonneur;m;0,07
abaque;m;0,07
abatage;m;0,07
abornement;m;0,07
abouchement;m;0,07
abouna;m;0,07
abreuvage;m;0,07
abri-refuge;m;0,07
abricotine;f;0,07
abrutisseur;m;0,07
abscission;f;0,07
absidiole;f;0,07
abyme;m;0,07
abécédaire;m;0,07
acadien;m;0,07
acarien;m;0,07
accesseur;m;0,07
accessit;m;0,07
accolement;m;0,07
accordailles;f;0,07
accordement;m;0,07
accordo;m;0,07
accore;m;0,07
accotoir;m;0,07
accoté;m;0,07
accro;m;0,07
accrue;f;0,07
accréditif;m;0,07
accrédité;m;0,07
accusatif;m;0,07
acerbité;m;0,07
achalandage;m;0,07
aconier;m;0,07
acqua-toffana;f;0,07
acquitté;m;0,07
acronyme;m;0,07
acrotère;m;0,07
action painting;f;0,07
actionnement;m;0,07
activation;f;0,07
actualisation;f;0,07
acumen;m;0,07
acupuncteur;m;0,07
addendum;m;0,07
addiction;f;0,07
adiposité;f;0,07
adjutrice;f;0,07
adjuvant;m;0,07
admissibilité;f;0,07
admixtion;f;0,07
adonies;f;0,07
adoptant;m;0,07
adret;m;0,07
adulateur;m;0,07
adultération;f;0,07
adénome;m;0,07
aegipan;m;0,07
affairisme;m;0,07
affinage;m;0,07
affiquet;m;0,07
affréteur;m;0,07
affusion;f;0,07
affûteur;m;0,07
agaceur;m;0,07
agami;m;0,07
agapanthe;f;0,07
agar-agar;m;0,07
agasse;f;0,07
aggiornamento;m;0,07
agglo;m;0,07
agglutinement;m;0,07
agglutinogène;m;0,07
aggravée;f;0,07
agha;m;0,07
agio;m;0,07
agioteur;m;0,07
agnat;m;0,07
agnathe;m;0,07
agnelage;m;0,07
agnelet;m;0,07
agneline;f;0,07
agnus-dei;m;0,07
agoraphobie;f;0,07
agrainage;m;0,07
agrippement;m;0,07
agronomie;f;0,07
agroville;f;0,07
agrégative;f;0,07
agréé;m;0,07
aide-comptable;m;0,07
aide-jardinier;m;0,07
aiglefin;m;0,07
aiguisoir;m;0,07
aimeur;f;0,07
ajaccienne;f;0,07
ajax;m;0,07
ajusture;f;0,07
alabandine;f;0,07
alaise;f;0,07
alarmisme;m;0,07
albertine;f;0,07
albugo;m;0,07
albène;m;0,07
alcoomètre;m;0,07
alcoran;m;0,07
alcée;f;0,07
aldéhyde;m;0,07
alfénide;m;0,07
alidade;f;0,07
alise;f;0,07
alisier;m;0,07
allobarbital;m;0,07
allumoir;m;0,07
alopécie;f;0,07
alphabétisation;f;0,07
altuglas;m;0,07
alèze;f;0,07
amandine;f;0,07
amaurose;f;0,07
ambon;m;0,07
amenée;f;0,07
amical;f;0,07
amicalité;f;0,07
amoindrissement;m;0,07
amok;m;0,07
amoralité;f;0,07
amorçage;m;0,07
amorçoir;m;0,07
amour-goût;m;0,07
amphitrite;f;0,07
amphitryon;m;0,07
ampère;m;0,07
ampélopsis;m;0,07
américanisation;f;0,07
américanité;f;0,07
anacoluthe;f;0,07
analgésique;m;0,07
analytique;f;0,07
anamnèse;f;0,07
anarcho-syndicalisme;m;0,07
anas;m;0,07
anastomose;f;0,07
anatidé;m;0,07
anatife;m;0,07
ancestralité;f;0,07
anchilops;m;0,07
anchoïade;f;0,07
ancolie;f;0,07
androgynie;f;0,07
androïde;m;0,07
anglicisation;f;0,07
anglicisme;m;0,07
anglo-arabe;m;0,07
anglomanie;f;0,07
anglophobie;f;0,07
anguillule;f;0,07
anguis;m;0,07
angulosité;f;0,07
anhydride;m;0,07
anhélation;f;0,07
animal-roi;m;0,07
animalerie;f;0,07
animisme;m;0,07
anisé;m;0,07
ankh;m;0,07
annelet;m;0,07
annelure;f;0,07
annihilation;f;0,07
anomoure;m;0,07
anti-agression;f;0,07
anti-apartheid;m;0,07
anti-aérien;m;0,07
anti-bison;m;0,07
anti-blouson;m;0,07
anti-bombe;f;0,07
anti-brouillard;m;0,07
anti-chien;m;0,07
anti-cité;f;0,07
anti-civilisation;f;0,07
anti-débauche;f;0,07
anti-existence;f;0,07
anti-flingage;m;0,07
anti-flip;m;0,07
anti-frigo;m;0,07
anti-hanneton;m;0,07
anti-inflammatoire;m;0,07
anti-insecte;m;0,07
anti-instinct;m;0,07
anti-japon;m;0,07
anti-mafia;f;0,07
anti-manoir;m;0,07
anti-monde;m;0,07
anti-moustique;m;0,07
anti-origine;f;0,07
anti-panache;m;0,07
anti-pasteur;m;0,07
anti-poisse;f;0,07
anti-rapt;m;0,07
anti-reflet;m;0,07
anti-romain;m;0,07
anti-société;f;0,07
anti-tapisserie;f;0,07
antiaméricanisme;m;0,07
anticatalyseur;m;0,07
antichristianisme;m;0,07
anticolonialisme;m;0,07
anticonformisme;m;0,07
anticyclone;m;0,07
antidreyfusard;m;0,07
antidreyfusisme;m;0,07
antidérapant;m;0,07
antifading;m;0,07
antifascisme;m;0,07
antiféminisme;m;0,07
antigermanisme;m;0,07
antipoison;m;0,07
antiquaillerie;f;0,07
antisepsie;f;0,07
antisoviétisme;m;0,07
antistalinien;m;0,07
antitout;m;0,07
antonomase;f;0,07
anévrisme;m;0,07
aoriste;m;0,07
aoul;m;0,07
aoûtien;m;0,07
apartheid;m;0,07
apax;m;0,07
apex;m;0,07
aphaniptère;m;0,07
aphérèse;f;0,07
apion;m;0,07
apolitisme;m;0,07
aponévrose;f;0,07
apostume;m;0,07
apothicairerie;f;0,07
apparentement;m;0,07
appartement-roi;m;0,07
appeleur;m;0,07
appesantissement;m;0,07
appoggiature;f;0,07
après-déjeuner;m;0,07
après-mort;f;0,07
après-repas;m;0,07
après-shampooing;m;0,07
aquaplane;m;0,07
araigne;f;0,07
araignée-crabe;f;0,07
arak;m;0,07
aralia;m;0,07
araucan;m;0,07
arboriculture;f;0,07
arborisation;f;0,07
arbres-refuge;m;0,07
arc-boutement;m;0,07
arcature;f;0,07
archaïsant;m;0,07
archi-mort;f;0,07
archi-méfiance;f;0,07
archi-plein;m;0,07
archi-prudent;m;0,07
archi-ringard;m;0,07
archidiacre;m;0,07
ardin;m;0,07
ardoisier;f;0,07
ardéchois;m;0,07
area;f;0,07
arec;m;0,07
argan;m;0,07
argenton;m;0,07
argon;m;0,07
argonaute;m;0,07
arianisme;m;0,07
arien;m;0,07
ariette;f;0,07
aristocratisme;m;0,07
arithmomètre;m;0,07
ariégeois;m;0,07
armadille;f;0,07
arousal;m;0,07
arrache-clou;m;0,07
arrachure;f;0,07
arrangeur;m;0,07
arrière-cabinet;m;0,07
arrière-loge;m;0,07
arrière-magasin;m;0,07
arrière-neveux;m;0,07
arrière-petits-neveux;m;0,07
arrêt-buffet;m;0,07
arrête-boeuf;m;0,07
ars;m;0,07
arthropode;m;0,07
article-choc;m;0,07
artimon;m;0,07
artison;m;0,07
artériectomie;f;0,07
artérite;f;0,07
aruspice;m;0,07
arythmie;f;0,07
arzel;m;0,07
aréopagite;m;0,07
arétin;m;0,07
ascaris;m;0,07
asdic;m;0,07
asepsie;f;0,07
ashram;m;0,07
asociabilité;f;0,07
aspirateurs-traîneaux;m;0,07
aspre;f;0,07
assignat;m;0,07
assurance-maladie;f;0,07
assureur-conseil;m;0,07
astarté;f;0,07
astic;m;0,07
asticotage;m;0,07
astigmatisme;m;0,07
astreinte;f;0,07
astronautique;f;0,07
asturienne;f;0,07
astéroïde;m;0,07
ataraxie;f;0,07
atellane;f;0,07
atomisé;m;0,07
atropine;f;0,07
attardement;m;0,07
attifiaux;m;0,07
attisement;m;0,07
attisoir;m;0,07
attrape-couillon;m;0,07
attrape-mouche;m;0,07
atténuation;f;0,07
aubour;m;0,07
audiencia;f;0,07
aulnaie;f;0,07
auloffée;f;0,07
aulos;m;0,07
aumônerie;f;0,07
auricule;f;0,07
aurone;f;0,07
auréomycine;f;0,07
australopithèque;m;0,07
austro-hongrois;m;0,07
autan;m;0,07
auto-analyse;f;0,07
auto-école;f;0,07
autochenille;f;0,07
autoconservation;f;0,07
autocratie;f;0,07
autocréation;f;0,07
autodénigrement;m;0,07
autogire;m;0,07
autolysat;m;0,07
automoteur;m;0,07
autoproduit;m;0,07
autoradio;m;0,07
autoritarisme;m;0,07
auxerrois;m;0,07
avalage;m;0,07
avaloire;f;0,07
avant-avant-dernier;m;0,07
avant-clou;m;0,07
avant-corps;m;0,07
avant-cour;f;0,07
avant-courrier;f;0,07
avant-dîner;m;0,07
avant-plan;m;0,07
avant-port;m;0,07
avant-printemps;m;0,07
avançon;m;0,07
avaricieux;m;0,07
aveline;f;0,07
aventurine;f;0,07
avignonnais;m;0,07
avion-suicide;m;0,07
avionnette;f;0,07
avitaminose;f;0,07
avocasserie;f;0,07
avrillée;f;0,07
avunculat;m;0,07
axiomatisation;f;0,07
axolotl;m;0,07
axonge;f;0,07
ayan;m;0,07
ayuntamiento;m;0,07
azerbaïdjanais;m;0,07
aéro-club;m;0,07
aérobic;m;0,07
aérodynamique;f;0,07
aérodynamisme;m;0,07
aérofrein;m;0,07
aérographe;m;0,07
aérotrain;m;0,07
aïkido;m;0,07
babillard;m;0,07
babiroussa;m;0,07
bachagha;m;0,07
bachi-bouzouk;m;0,07
background;m;0,07
badigeonneur;m;0,07
badois;m;0,07
baillive;f;0,07
baisade;f;0,07
baisement;m;0,07
baisodrome;m;0,07
bajoyer;m;0,07
balan;m;0,07
balancine;f;0,07
balandras;m;0,07
balbuzard;m;0,07
balisage;m;0,07
ballote;f;0,07
ballottine;f;0,07
balluchonnage;m;0,07
balsamier;m;0,07
baluchonnage;m;0,07
balzacien;m;0,07
balzane;f;0,07
bambinette;f;0,07
bamboche;f;0,07
banalisation;f;0,07
bandana;m;0,07
banderillero;m;0,07
bandoline;f;0,07
bangladais;m;0,07
banne;f;0,07
baptiseur;m;0,07
bar-mitsva;f;0,07
bar-restaurant;m;0,07
baralipton;m;0,07
barbe-de-capucin;f;0,07
barbotage;m;0,07
barbotière;f;0,07
barbotte;f;0,07
barbouillis;m;0,07
barbue;f;0,07
bardeur;m;0,07
baret;m;0,07
bariolure;f;0,07
baronet;m;0,07
barrésien;m;0,07
baryte;f;0,07
barzoï;m;0,07
bas-empire;m;0,07
basilicum;m;0,07
basin;m;0,07
basoche;f;0,07
bassette;f;0,07
basson;m;0,07
bat-l'eau;m;0,07
bateau-pompe;m;0,07
battoire;m;0,07
batée;f;0,07
bau;m;0,07
baudroie;f;0,07
baumier;m;0,07
bayard;m;0,07
bazardeur;m;0,07
beaupré;m;0,07
becfigue;m;0,07
becquet;m;0,07
becquetance;f;0,07
belgicain;m;0,07
belle-de-jour;f;0,07
belle-doche;f;0,07
beluga;m;0,07
benedictus;m;0,07
benoîte;f;0,07
ber;m;0,07
bercelonnette;f;0,07
bergamasque;f;0,07
bergamote;f;0,07
bersaglier;m;0,07
besaiguë;f;0,07
besant;m;0,07
betteravier;m;0,07
beurrage;m;0,07
beurrier;m;0,07
biaisement;m;0,07
biberonneur;m;0,07
bibliobus;m;0,07
bicentenaire;m;0,07
bichette;f;0,07
bien-fonds;m;0,07
biface;m;0,07
bigarreau;m;0,07
bigle;m;0,07
bignolle;f;0,07
bignon;m;0,07
bignone;f;0,07
bignonia;m;0,07
bilbergia;f;0,07
bilinguisme;m;0,07
bill;m;0,07
billette;f;0,07
billion;m;0,07
binaire;f;0,07
binet-simon;m;0,07
bintje;f;0,07
bioxyde;m;0,07
bipolarité;f;0,07
bire;f;0,07
bisette;f;0,07
bisexualité;f;0,07
bistorte;f;0,07
bistouille;f;0,07
bistouquette;f;0,07
bisulfite;m;0,07
bizou;m;0,07
bizut;m;0,07
blablateur;m;0,07
black-bass;m;0,07
blaisois;m;0,07
blanchement;m;0,07
blanchiment;m;0,07
blanchoiement;m;0,07
blanque;f;0,07
blennie;f;0,07
blennorragie;f;0,07
blocaille;f;0,07
blocs-notes;m;0,07
blondin;m;0,07
blottissement;m;0,07
bloum;m;0,07
bluet;m;0,07
blutoir;m;0,07
blèsement;m;0,07
boat people;m;0,07
bobineau;m;0,07
boc;m;0,07
bocard;m;0,07
bodo;m;0,07
body;m;0,07
bogomile;m;0,07
boguet;m;0,07
boiseur;m;0,07
bolge;f;0,07
bolonais;f;0,07
bombement;m;0,07
bombillement;m;0,07
bon-cadeaux;m;0,07
bon-chrétien;m;0,07
bonasserie;f;0,07
bondage;m;0,07
bonification;f;0,07
bonneteur;m;0,07
boogie-woogie;m;0,07
boomer;m;0,07
bootlegger;m;0,07
borax;m;0,07
borchtch;m;0,07
bordelier;f;0,07
border;f;0,07
bordille;f;0,07
borsalino;m;0,07
bossa-nova;f;0,07
bosselure;f;0,07
bosson;m;0,07
botticellien;f;0,07
boucanerie;f;0,07
bouchage;m;0,07
bouche-trou;m;0,07
bouche-à-oreille;m;0,07
bouchoteur;m;0,07
bouchure;f;0,07
boueur;m;0,07
bouffant;m;0,07
bouffette;f;0,07
bouftance;f;0,07
boukha;f;0,07
boulangisme;m;0,07
boulant;m;0,07
boulevardier;m;0,07
boulgour;m;0,07
boulin;m;0,07
bouline;f;0,07
boulodrome;m;0,07
boulonnerie;f;0,07
bounioul;m;0,07
bouquinage;m;0,07
bourdalou;m;0,07
bourdillon;m;0,07
bourgeoisisme;m;0,07
bourgue;m;0,07
bourgueil;m;0,07
bourrache;f;0,07
bourre-pif;m;0,07
boursicot;m;0,07
boursicotage;m;0,07
boursouflement;m;0,07
bousard;m;0,07
boustifailleur;f;0,07
bout-rimé;m;0,07
boutargue;f;0,07
bouteur;m;0,07
boutisse;f;0,07
bouvet;m;0,07
bouzy;m;0,07
boxer-short;m;0,07
boëtte;f;0,07
boîte-repas;f;0,07
brabançon;m;0,07
bragard;m;0,07
brahmanisme;m;0,07
braiement;m;0,07
brain-trust;m;0,07
bran;m;0,07
branlage;m;0,07
branlement;m;0,07
branquignol;m;0,07
brasage;m;0,07
brasserie-hôtel;f;0,07
brasure;f;0,07
braverie;f;0,07
brayon;m;0,07
brechtien;f;0,07
bredin;m;0,07
bredouilleur;m;0,07
bressan;f;0,07
brigandeau;m;0,07
brigantine;f;0,07
brillantage;m;0,07
briquetier;m;0,07
brise-jet;m;0,07
brocatelle;f;0,07
brochoir;m;0,07
brocoli;m;0,07
broker;m;0,07
broncho-pneumopathie;f;0,07
brontosaure;m;0,07
bronzier;m;0,07
broquart;m;0,07
broquette;f;0,07
brossier;m;0,07
brouillade;f;0,07
brown sugar;m;0,07
brucellose;f;0,07
brugeois;m;0,07
brumaille;f;0,07
brunissoir;m;0,07
brunissure;f;0,07
brûloir;m;0,07
bubble-gum;m;0,07
buccinateur;m;0,07
bucoliaste;m;0,07
bucéphale;m;0,07
bufflon;f;0,07
buire;f;0,07
bulot;m;0,07
bunraku;m;0,07
bunsen;m;0,07
bupreste;m;0,07
burger;m;0,07
burgraviat;m;0,07
buron;m;0,07
bushman;m;0,07
buttoir;m;0,07
byture;m;0,07
bâcleur;m;0,07
bâfrement;m;0,07
bâfreur;m;0,07
bâtier;f;0,07
bécabunga;m;0,07
bécard;m;0,07
bécarre;m;0,07
bégueulerie;f;0,07
béguinage;m;0,07
bélinogramme;m;0,07
bélître;m;0,07
bénisseur;f;0,07
bénévolat;m;0,07
bénévolence;f;0,07
bérullien;f;0,07
bésiclard;m;0,07
bétonnière;f;0,07
cabanette;f;0,07
caberlot;m;0,07
cabernet;m;0,07
cabillot;m;0,07
cabossage;m;0,07
cabrade;f;0,07
cabécou;m;0,07
cacatois;m;0,07
cache-brassière;m;0,07
cachexie;f;0,07
cacodylate;m;0,07
cadmium;m;0,07
caducité;f;0,07
caduque;f;0,07
cafetan;m;0,07
caftage;m;0,07
café-hôtel;m;0,07
caféier;m;0,07
cagne;f;0,07
cailloutage;m;0,07
cairn;m;0,07
calaisien;m;0,07
caldarium;m;0,07
calebassier;m;0,07
calebombe;f;0,07
calendo;m;0,07
caleçonnade;f;0,07
calf;m;0,07
calfatage;m;0,07
calibrage;m;0,07
californie;f;0,07
calisson;m;0,07
calla;f;0,07
calligramme;m;0,07
calorifuge;m;0,07
calus;m;0,07
calvinisme;m;0,07
camarguais;f;0,07
camarilla;f;0,07
camarluche;m;0,07
camisard;m;0,07
camorra;f;0,07
campanelle;f;0,07
camus;m;0,07
caméraman;m;0,07
canardeau;m;0,07
cancanerie;f;0,07
canepetière;f;0,07
canetille;f;0,07
cangue;f;0,07
caninette;f;0,07
canisse;f;0,07
canoteur;m;0,07
cantaloup;m;0,07
cantonais;m;0,07
cantre;m;0,07
canule;f;0,07
canzonette;f;0,07
cap-hornier;m;0,07
capelage;m;0,07
capillarité;f;0,07
capitole;m;0,07
capitoul;m;0,07
capitule;m;0,07
capoc;m;0,07
cappuccino;m;0,07
capucino;m;0,07
capulet;m;0,07
caput mortuum;m;0,07
caquelon;m;0,07
caqueteur;f;0,07
caracole;f;0,07
caractériel;f;0,07
caractérologie;f;0,07
carambole;f;0,07
carbet;m;0,07
carbonari;m;0,07
carcajou;m;0,07
carder;f;0,07
cardinal-archevêque;m;0,07
cardinal-légat;m;0,07
cardium;m;0,07
cardé;m;0,07
carline;f;0,07
carole;f;0,07
caroube;f;0,07
carousse;f;0,07
carrare;m;0,07
carre;f;0,07
cartonneur;f;0,07
cartoon;m;0,07
cartoucherie;f;0,07
cartésien;m;0,07
caryatide;f;0,07
carême-prenant;m;0,07
cash;m;0,07
casquettier;m;0,07
cassandre;m;0,07
cassate;f;0,07
casse-gueule;m;0,07
cassetin;m;0,07
cassier;m;0,07
cassitérite;f;0,07
cassonade;f;0,07
castelet;m;0,07
castine;f;0,07
casuiste;m;0,07
catachrèse;f;0,07
catalogne;f;0,07
catalyse;f;0,07
catastrophisme;m;0,07
catharsis;f;0,07
catherinette;f;0,07
catiche;m;0,07
catoblépas;m;0,07
cattleya;m;0,07
caté;m;0,07
catéchèse;f;0,07
cauchois;f;0,07
caudillo;m;0,07
causa;m;0,07
causticité;f;0,07
caustique;m;0,07
cautérisation;f;0,07
cayenne;f;0,07
celtisme;m;0,07
censier;m;0,07
centigrade;m;0,07
centon;m;0,07
cercleux;m;0,07
cerque;m;0,07
ceste;m;0,07
chablis;m;0,07
chaboisseau;m;0,07
chabot;m;0,07
chachlik;m;0,07
chaconne;f;0,07
chalazion;m;0,07
chalutier-patrouilleur;m;0,07
chamaillis;m;0,07
chamarrure;f;0,07
chambre-salon;f;0,07
chamoisine;f;0,07
chanci;m;0,07
chanteuse-vedette;f;0,07
chapiteau-dortoir;m;0,07
charisme;m;0,07
charlatanerie;f;0,07
chasse-d'eau;f;0,07
chaudronnée;f;0,07
chausse-trappe;f;0,07
chavignol;m;0,07
chester;m;0,07
chevaucheur;m;0,07
chevillage;m;0,07
chevillette;f;0,07
chialerie;f;0,07
chiasma;m;0,07
chica;f;0,07
chicanier;m;0,07
chicano;m;0,07
chiche-kebab;m;0,07
chicotte;f;0,07
chien-assis;m;0,07
chien-étoile;m;0,07
chiffrage;m;0,07
chiffres-clé;m;0,07
chihuahua;m;0,07
chinchard;m;0,07
chiromancie;f;0,07
chitine;f;0,07
chiton;m;0,07
chloroformisation;f;0,07
chnord;m;0,07
chnouf;f;0,07
chocard;m;0,07
chorba;f;0,07
choreute;m;0,07
chorten;m;0,07
chosification;f;0,07
chou-palmiste;m;0,07
chouquette;f;0,07
chourineur;m;0,07
choux-raves;m;0,07
chouya;m;0,07
christiania;m;0,07
chrysostome;m;0,07
chuchoterie;f;0,07
chuintante;f;0,07
châlonnais;m;0,07
château-fort;m;0,07
châtellenie;f;0,07
châtrage;m;0,07
chétivité;f;0,07
chêneteau;m;0,07
ciboule;f;0,07
cigalou;m;0,07
cinglement;m;0,07
cinglon;m;0,07
cinname;m;0,07
cinéma-vérité;m;0,07
cinématographie;f;0,07
cinémomètre;m;0,07
cinéraire;f;0,07
cinérama;m;0,07
cipolin;m;0,07
cirse;m;0,07
cisaillage;m;0,07
ciselet;m;0,07
ciseleur;m;0,07
citrine;f;0,07
clabaudage;m;0,07
clabauderie;f;0,07
clafouti;m;0,07
clapette;f;0,07
claquage;m;0,07
claquedent;m;0,07
claqueur;m;0,07
clarification;f;0,07
claustrophobie;f;0,07
clayette;f;0,07
clichage;m;0,07
clicheur;m;0,07
client-roi;m;0,07
clignoteur;m;0,07
climax;m;0,07
clinche;f;0,07
cliquet;m;0,07
cliquette;f;0,07
cliquettement;m;0,07
cloc;m;0,07
clonage;m;0,07
clopeur;m;0,07
clopinement;m;0,07
close-combat;m;0,07
close-up;m;0,07
clouage;m;0,07
cloutage;m;0,07
club-house;m;0,07
clubman;m;0,07
cléricature;f;0,07
co-existence;f;0,07
co-proprio;m;0,07
co-président;m;0,07
co-tuteur;m;0,07
coadjuteur;m;0,07
coagulant;m;0,07
coauteur;m;0,07
cobelligérant;m;0,07
cochelet;m;0,07
cochylis;m;0,07
cocoteraie;f;0,07
coction;f;0,07
codification;f;0,07
codéine;f;0,07
coelacanthe;m;0,07
coeur-poumon;m;0,07
cohéritier;m;0,07
coinceur;m;0,07
colcotar;m;0,07
cold-cream;m;0,07
colibacille;m;0,07
colis-repas;m;0,07
colletage;m;0,07
collimation;f;0,07
colloïde;m;0,07
collutoire;m;0,07
colmatage;m;0,07
colocation;f;0,07
colombo;m;0,07
colombophilie;f;0,07
cols-de-cygne;m;0,07
coltineur;m;0,07
colée;f;0,07
comanche;m;0,07
combisme;m;0,07
combourgeois;m;0,07
comic book;m;0,07
comitadji;m;0,07
command;m;0,07
commensalisme;m;0,07
commettant;m;0,07
commodore;m;0,07
communicabilité;f;0,07
compartimentage;m;0,07
compendium;m;0,07
complétude;f;0,07
component;m;0,07
comportementalisme;m;0,07
compulsoire;m;0,07
computation;f;0,07
computeur;m;0,07
comédon;m;0,07
concertation;f;0,07
concetto;m;0,07
conclaviste;m;0,07
concomitance;f;0,07
concordat;m;0,07
concrétisation;f;0,07
concédant;m;0,07
condensateur;m;0,07
condottieri;m;0,07
confraternité;f;0,07
confusionnisme;m;0,07
confédéré;m;0,07
conférence-débat;f;0,07
conférent;m;0,07
conga;f;0,07
congaye;f;0,07
congaï;f;0,07
conglobation;f;0,07
congolais;m;0,07
conjonctive;f;0,07
connaissement;m;0,07
connil;m;0,07
consacrant;m;0,07
conseilleur;m;0,07
consortium;m;0,07
consoude;f;0,07
constricteur;m;0,07
consulte;f;0,07
consumation;f;0,07
consécution;f;0,07
contacteur;m;0,07
conteneur;m;0,07
contiguïté;f;0,07
contournement;m;0,07
contraceptif;m;0,07
contrat-type;m;0,07
contre-alizé;m;0,07
contre-amiral;m;0,07
contre-appel;m;0,07
contre-assurance;f;0,07
contre-champ;m;0,07
contre-choc;m;0,07
contre-clé;f;0,07
contre-exemple;m;0,07
contre-feux;m;0,07
contre-fiche;f;0,07
contre-fil;m;0,07
contre-lame;f;0,07
contre-performance;f;0,07
contre-pouvoir;m;0,07
contre-propagande;f;0,07
contre-proposition;f;0,07
contre-test;m;0,07
contre-ut;m;0,07
contre-vérité;f;0,07
contre-épreuve;f;0,07
contrefacteur;m;0,07
contrefiche;f;0,07
contremarche;f;0,07
contremarque;f;0,07
contreseing;m;0,07
convent;m;0,07
conventicule;m;0,07
convict;m;0,07
cookie;m;0,07
coordonné;m;0,07
copaïba;m;0,07
copla;f;0,07
copra;m;0,07
coprin;m;0,07
coproducteur;m;0,07
coprologie;f;0,07
cops;m;0,07
copulant;m;0,07
coquelet;m;0,07
coquelle;f;0,07
coquemar;m;0,07
coquerelle;f;0,07
coquetel;m;0,07
coquillart;m;0,07
coramine;f;0,07
cordite;f;0,07
coriacité;f;0,07
corinthien;m;0,07
corn flakes;f;0,07
corporal;m;0,07
corporalité;f;0,07
corporatisme;m;0,07
corps-mort;m;0,07
corpsard;m;0,07
corroierie;f;0,07
corsetier;f;0,07
cortès;f;0,07
coruscation;f;0,07
corybante;m;0,07
coryphée;m;0,07
coryste;m;0,07
coseigneur;m;0,07
cosmologie;f;0,07
cosméticien;f;0,07
cossus;m;0,07
coton-tige;m;0,07
cotonnier;m;0,07
cotonéaster;m;0,07
cotriade;f;0,07
coturne;m;0,07
cotylédon;m;0,07
couchoir;m;0,07
coudreuse;f;0,07
couillard;m;0,07
coulemelle;f;0,07
coulissement;m;0,07
couloir-symbole;m;0,07
coulomb;m;0,07
coupe-faim;m;0,07
coupe-pâte;m;0,07
coupe-racine;m;0,07
couplé;m;0,07
couque;f;0,07
cour-jardin;f;0,07
courtil;m;0,07
cous-de-pied;m;0,07
couteau-scie;m;0,07
coxalgie;f;0,07
craps;m;0,07
craquelin;m;0,07
craquée;f;0,07
crash;m;0,07
crassier;m;0,07
crataegus;m;0,07
cravatage;m;0,07
cravatier;f;0,07
crescendo;m;0,07
cressonnette;f;0,07
creuseur;m;0,07
crevage;m;0,07
criaillement;m;0,07
criminologie;f;0,07
cris-craft;m;0,07
cristallerie;f;0,07
cristallographie;f;0,07
crocheteur;m;0,07
croquis-minute;m;0,07
croton;m;0,07
croule;f;0,07
croulement;m;0,07
croupissoir;m;0,07
croustillance;f;0,07
cruzeiro;m;0,07
crypto;m;0,07
cryptographie;f;0,07
crépin;m;0,07
crépine;f;0,07
crépissage;m;0,07
créquier;m;0,07
crétacé;m;0,07
crétinisation;f;0,07
crêtes-de-coq;f;0,07
cucaracha;f;0,07
cuilleron;m;0,07
cuirassement;m;0,07
cuisse-madame;f;0,07
cul-de-plomb;m;0,07
culbutage;m;0,07
culminance;f;0,07
culturalisme;m;0,07
culturisme;m;0,07
culée;f;0,07
cumulation;f;0,07
cunnilinctus;m;0,07
cunnilingus;m;0,07
curage;m;0,07
curaille;f;0,07
curcuma;m;0,07
curseur;m;0,07
cursive;f;0,07
cursus;m;0,07
curvimètre;m;0,07
cuti-réaction;f;0,07
cuticule;f;0,07
cutter;m;0,07
cyclo;m;0,07
cyclo-cross;m;0,07
cyclopousse;m;0,07
cyclostome;m;0,07
cyclothymie;f;0,07
cyme;f;0,07
cyno;m;0,07
cynégétique;f;0,07
cyphose;f;0,07
câbleur;m;0,07
câprier;m;0,07
cécidomyie;f;0,07
cédant;m;0,07
cédratier;m;0,07
célimène;f;0,07
célérifère;m;0,07
cénobite;m;0,07
cérébralité;f;0,07
cérémoniaire;m;0,07
cévadille;f;0,07
cévenol;m;0,07
côtoiement;m;0,07
dacron;m;0,07
daine;f;0,07
dakin;m;0,07
dalton;m;0,07
damasquinerie;f;0,07
damasquinure;f;0,07
dameret;m;0,07
dan;m;0,07
danaïde;f;0,07
dano;m;0,07
daphné;m;0,07
dasein;m;0,07
dc;m;0,07
de amicis;m;0,07
debater;m;0,07
decca;m;0,07
della porta;m;0,07
della robbia;m;0,07
delta-plane;m;0,07
demi-bonheur;m;0,07
demi-cent;m;0,07
demi-centre;m;0,07
demi-chagrin;m;0,07
demi-clair;m;0,07
demi-confidence;f;0,07
demi-figure;f;0,07
demi-liberté;f;0,07
demi-louis;m;0,07
demi-lueur;f;0,07
demi-lumière;f;0,07
demi-luxe;m;0,07
demi-mal;m;0,07
demi-mensonge;m;0,07
demi-mille;m;0,07
demi-milliard;m;0,07
demi-millimètre;m;0,07
demi-minute;f;0,07
demi-muid;m;0,07
demi-ouvrier;m;0,07
demi-pied;m;0,07
demi-pinte;f;0,07
demi-pièce;f;0,07
demi-pointe;f;0,07
demi-pouce;m;0,07
demi-quart;m;0,07
demi-révérence;f;0,07
demi-suicide;m;0,07
demi-tasse;f;0,07
demi-tonneau;m;0,07
demi-vertu;f;0,07
demi-volte;f;0,07
demi-volume;m;0,07
demi-volée;f;0,07
demi-vérité;f;0,07
demi-échec;m;0,07
denim;m;0,07
dent-de-lion;f;0,07
dermatoglyphe;m;0,07
dermite;f;0,07
dermographie;f;0,07
descamisado;m;0,07
descendeur;m;0,07
desquamation;f;0,07
dessaisissement;m;0,07
desserrage;m;0,07
desserre;f;0,07
dessiccation;f;0,07
dessous-de-bras;m;0,07
dessèchement;m;0,07
deuche;f;0,07
deux-mâts;m;0,07
deux-ponts;m;0,07
devancier;m;0,07
diaconie;f;0,07
diaporama;m;0,07
diaprure;f;0,07
diastole;f;0,07
diatomée;f;0,07
dicastère;m;0,07
dichroïsme;m;0,07
dieffenbachia;f;0,07
dieu-roi;m;0,07
digeste;m;0,07
digicode;m;0,07
dilapidation;f;0,07
dinanderie;f;0,07
dindonneau;m;0,07
dine;m;0,07
dioptre;m;0,07
diphényle;m;0,07
disc-jockey;m;0,07
discutailleur;m;0,07
disharmonie;f;0,07
dispensation;f;0,07
disputeur;m;0,07
disqualification;f;0,07
disque-jockey;m;0,07
distension;f;0,07
divisionnisme;m;0,07
diérèse;f;0,07
djemââ;f;0,07
doche;f;0,07
dodécagone;m;0,07
doguin;m;0,07
dol;m;0,07
dolichocéphalie;f;0,07
dolomie;f;0,07
dolorisme;m;0,07
domiciliation;f;0,07
dominance;f;0,07
dorage;m;0,07
dorcade;f;0,07
doreur;m;0,07
dormance;f;0,07
dosseret;m;0,07
douaire;m;0,07
double-décimètre;m;0,07
doublette;f;0,07
doucheur;m;0,07
doura;m;0,07
doyenné;m;0,07
draisienne;f;0,07
draisine;f;0,07
dramaturgie;f;0,07
drapelet;m;0,07
drave;f;0,07
draveur;m;0,07
drepou;f;0,07
dressement;m;0,07
dreyfusisme;m;0,07
dribble;m;0,07
drift;m;0,07
drill;m;0,07
droit-fil;m;0,07
drome;f;0,07
dronte;m;0,07
dross;m;0,07
drossart;m;0,07
drummer;m;0,07
drums;m;0,07
drôlet;m;0,07
duc-d'albe;m;0,07
duffel-coat;m;0,07
duit;m;0,07
dumping;m;0,07
dundee;m;0,07
duodi;m;0,07
dure-mère;f;0,07
durite;f;0,07
dyke;m;0,07
dynamomètre;m;0,07
dyne;f;0,07
dyslexie;f;0,07
dysplasie;f;0,07
dysthymie;f;0,07
dytique;m;0,07
déambulatoire;m;0,07
débagoulage;m;0,07
déballonnage;m;0,07
débatteur;m;0,07
débectage;m;0,07
débitage;m;0,07
débite;f;0,07
déblatération;f;0,07
déblayeur;m;0,07
débobinage;m;0,07
débotté;m;0,07
débourrage;m;0,07
déboutonnage;m;0,07
débroussailleur;f;0,07
débucher;m;0,07
déca;m;0,07
décadentisme;m;0,07
décaféiné;m;0,07
décan;m;0,07
décantation;f;0,07
décapeur;m;0,07
décapode;m;0,07
décapotage;m;0,07
décathlon;m;0,07
décavé;m;0,07
décentralisation;f;0,07
déchargeur;m;0,07
décharnement;m;0,07
décilitre;m;0,07
décime;m;0,07
déclencheur;m;0,07
décocheur;f;0,07
décollation;f;0,07
décollement;m;0,07
déconcentration;f;0,07
déconnexion;f;0,07
déconomètre;m;0,07
déconstruction;f;0,07
décret-loi;m;0,07
décri;m;0,07
décrochez-moi-ça;m;0,07
décrottage;m;0,07
décroît;m;0,07
décrêpage;m;0,07
dédaigneuse;f;0,07
dédaigneux;f;0,07
défenestration;f;0,07
défraiement;m;0,07
dégauchisseuse;f;0,07
dégonflage;m;0,07
dégoulinement;m;0,07
dégoulinure;f;0,07
dégouttant;f;0,07
dégrossissage;m;0,07
dégrèvement;m;0,07
déification;f;0,07
dékoulakisation;f;0,07
délinéament;m;0,07
délivreur;m;0,07
démarchage;m;0,07
démerdard;m;0,07
démilitarisation;f;0,07
démineur;m;0,07
démonstratif;m;0,07
démoralisateur;m;0,07
démultiplicateur;m;0,07
démultiplication;f;0,07
démystification;f;0,07
démêlage;m;0,07
démêloir;m;0,07
dénigreur;f;0,07
dépigmentation;f;0,07
dépopulation;f;0,07
déportement;m;0,07
dépoussiérage;m;0,07
dépuceleur;m;0,07
dépuratif;m;0,07
dépècement;m;0,07
déresponsabilisation;f;0,07
dérouillement;m;0,07
déroutage;m;0,07
désactivation;f;0,07
désaffectation;f;0,07
désaliénation;f;0,07
désaveux;m;0,07
désaxement;m;0,07
désenchaînement;m;0,07
désenclavement;m;0,07
désengagement;m;0,07
désenvoûteur;m;0,07
déshabillage-éclair;m;0,07
désharmonie;f;0,07
désherbant;m;0,07
déshydratation;f;0,07
désirabilité;f;0,07
désistement;m;0,07
désoeuvre;f;0,07
désorganisateur;m;0,07
déspiritualisation;f;0,07
déstabilisation;f;0,07
déstalinisation;f;0,07
détourneur;m;0,07
déveinard;m;0,07
développeur;m;0,07
dévideur;m;0,07
dévissage;m;0,07
dévitalisation;f;0,07
dévolution;f;0,07
dévoration;f;0,07
east river;f;0,07
ecthyma;m;0,07
eczémateux;m;0,07
effectivité;f;0,07
effeuillage;m;0,07
effilement;m;0,07
effilochage;m;0,07
effleurage;m;0,07
efrit;m;0,07
ellébore;m;0,07
elzévir;m;0,07
embargo;m;0,07
embauchage;m;0,07
embauchoir;m;0,07
emblavage;m;0,07
embourgeoisé;m;0,07
emboîtement;m;0,07
emboîture;f;0,07
emmaillotement;m;0,07
emmanchage;m;0,07
emmouscaillement;m;0,07
empan;m;0,07
empesage;m;0,07
empierrage;m;0,07
emport;m;0,07
en-avant;m;0,07
en-dehors;m;0,07
encanaillement;m;0,07
encartage;m;0,07
encellulement;m;0,07
enclenchement;m;0,07
enclosure;f;0,07
encollage;m;0,07
encolleur;f;0,07
encornet;m;0,07
encrage;m;0,07
encreur;m;0,07
enculage;m;0,07
encéphale;m;0,07
encéphalite;f;0,07
encéphalographie;f;0,07
endettement;m;0,07
endiablé;m;0,07
endimanchement;m;0,07
endormissement;m;0,07
endorphine;f;0,07
endoscopie;f;0,07
endosseur;m;0,07
enfantelet;m;0,07
enfonceur;m;0,07
enfonçage;m;0,07
enfourchement;m;0,07
enfourchure;f;0,07
enfournage;m;0,07
engineering;m;0,07
engoncement;m;0,07
engourdissant;m;0,07
engraissement;m;0,07
engrangement;m;0,07
engravement;m;0,07
enhardissement;m;0,07
enjambement;m;0,07
enjolivement;m;0,07
enjôlement;m;0,07
ennoblissement;m;0,07
enquête-minute;f;0,07
enrobage;m;0,07
enroulage;m;0,07
ensanglantement;m;0,07
ensauvagement;m;0,07
enseignant-robot;m;0,07
ensellure;f;0,07
ensouple;f;0,07
entablement;m;0,07
entement;m;0,07
enterreur;m;0,07
entoilage;m;0,07
entrant;m;0,07
entre-jambe;m;0,07
entre-jambes;m;0,07
entrechoquement;m;0,07
entretoisement;m;0,07
entrisme;m;0,07
entrouverture;f;0,07
entéléchie;f;0,07
entérinement;m;0,07
entôleur;m;0,07
envasement;m;0,07
enveloppeur;m;0,07
erg;m;0,07
ergonomie;f;0,07
escabèche;f;0,07
escadrin;m;0,07
escamoteur;m;0,07
espace-temps;m;0,07
espar;m;0,07
espars;m;0,07
esperanto;m;0,07
esprit-de-sel;m;0,07
esquintement;m;0,07
essart;m;0,07
essartage;m;0,07
essentialisme;m;0,07
essoreuse;f;0,07
est-africain;m;0,07
estagnon;m;0,07
esthésiomètre;m;0,07
estouffade;f;0,07
esturgeon;m;0,07
eudiste;m;0,07
eulogie;f;0,07
euphonie;f;0,07
euromarché;m;0,07
evzone;m;0,07
ex-abbé;m;0,07
ex-acteur;m;0,07
ex-allée;f;0,07
ex-appartement;m;0,07
ex-apprenti;m;0,07
ex-associé;m;0,07
ex-barman;m;0,07
ex-basketteur;m;0,07
ex-batteur;m;0,07
ex-branleur;m;0,07
ex-chauffeur;m;0,07
ex-diva;f;0,07
ex-drifter;m;0,07
ex-drôlesse;f;0,07
ex-dulcinée;f;0,07
ex-enseigne;m;0,07
ex-enzyme;f;0,07
ex-fils;m;0,07
ex-flic;m;0,07
ex-fusilleur;m;0,07
ex-gang;m;0,07
ex-gravosse;f;0,07
ex-griot;m;0,07
ex-griveton;m;0,07
ex-grognasse;f;0,07
ex-groupe;m;0,07
ex-guenille;f;0,07
ex-génie;m;0,07
ex-hôpital;m;0,07
ex-immeuble;m;0,07
ex-lit;m;0,07
ex-lycée;m;0,07
ex-légionnaire;m;0,07
ex-madame;f;0,07
ex-maître;m;0,07
ex-opérateur;m;0,07
ex-pharmacien;f;0,07
ex-planton;m;0,07
ex-plâtrier;m;0,07
ex-profession;f;0,07
ex-présentateur;m;0,07
ex-putain;f;0,07
ex-sac;m;0,07
ex-soldat;m;0,07
ex-strip-teaseur;f;0,07
ex-tirailleur;m;0,07
ex-union;f;0,07
ex-vedette;f;0,07
exacerbation;f;0,07
exarque;m;0,07
exaucement;m;0,07
exciteur;m;0,07
exequatur;m;0,07
exfiltration;f;0,07
exhaussement;m;0,07
exhaustivité;f;0,07
expansionnisme;m;0,07
expatriation;f;0,07
exploseur;m;0,07
explétif;m;0,07
exportateur;m;0,07
expérimentateur;m;0,07
exsudat;m;0,07
exterminateur;m;0,07
externat;m;0,07
exterritorialité;f;0,07
extra-dry;m;0,07
extrême-orient;m;0,07
fabien;m;0,07
fabulateur;f;0,07
faces-à-main;m;0,07
facturation;f;0,07
fading;m;0,07
faena;f;0,07
fagotage;m;0,07
fagotier;m;0,07
faillibilité;f;0,07
faine;f;0,07
faits-divers;m;0,07
falerne;m;0,07
familistère;m;0,07
fanchon;f;0,07
fanti;m;0,07
fanzine;m;0,07
far;m;0,07
far-west;m;0,07
farad;m;0,07
fare;m;0,07
farigoule;f;0,07
faro;m;0,07
fathma;f;0,07
fathom;m;0,07
faubert;m;0,07
fauconnerie;f;0,07
faufil;m;0,07
faunesse;f;0,07
fauteuils-club;m;0,07
faux-bond;m;0,07
faux-bourdon;m;0,07
faux-cul;m;0,07
faux-saunier;m;0,07
favela;f;0,07
fayotage;m;0,07
façonnier;f;0,07
faîne;m;0,07
feedback;m;0,07
feintise;f;0,07
fellinien;m;0,07
femme-fleur;f;0,07
femme-objet;f;0,07
femme-refuge;f;0,07
fenestrage;m;0,07
fenian;m;0,07
fermes-hôtel;f;0,07
ferro;m;0,07
ferrocyanure;m;0,07
ferrocérium;m;0,07
fertilisant;m;0,07
fesse-mathieu;m;0,07
festivalier;m;0,07
festonnement;m;0,07
feudataire;m;0,07
feurre;m;0,07
fiat;m;0,07
fibule;f;0,07
ficaire;f;0,07
fidéicommis;m;0,07
fieu;m;0,07
fifty-fifty;m;0,07
fignard;m;0,07
filandre;f;0,07
filao;m;0,07
filetage;m;0,07
fillasse;f;0,07
film-livre;m;0,07
films-annonce;m;0,07
filtrage;m;0,07
finage;m;0,07
finlandisation;f;0,07
finnois;m;0,07
fiord;m;0,07
fiscalité;f;0,07
fixatif;m;0,07
fixette;f;0,07
fiérot;m;0,07
flaccidité;f;0,07
flagellant;m;0,07
flagelle;m;0,07
flagorneur;m;0,07
flamberge;f;0,07
flanchet;m;0,07
flanquement;m;0,07
flask;m;0,07
flat;m;0,07
flatuosité;f;0,07
flatus vocis;m;0,07
flegmatisme;m;0,07
flemmardise;f;0,07
flexuosité;f;0,07
flint;m;0,07
floralies;f;0,07
florence;f;0,07
flottage;m;0,07
flouerie;f;0,07
flouve;f;0,07
flouzaille;f;0,07
fluorure;m;0,07
flush;m;0,07
fléole;f;0,07
flétan;m;0,07
flûtiau;m;0,07
folichonnerie;f;0,07
folliculaire;m;0,07
folâtrerie;f;0,07
fondouk;m;0,07
fontanelle;f;0,07
forcement;m;0,07
forficule;f;0,07
forgerie;f;0,07
formage;m;0,07
formulette;f;0,07
forsythia;m;0,07
fortitude;f;0,07
fortraiture;f;0,07
fossilisation;f;0,07
fouace;f;0,07
foulage;m;0,07
foulque;f;0,07
fourchée;f;0,07
fournier;m;0,07
fourragement;m;0,07
fouteur;m;0,07
foëne;f;0,07
fractus;m;0,07
frai;m;0,07
fraiseur-outilleur;m;0,07
fraisil;m;0,07
franc-comtois;m;0,07
francatu;m;0,07
francomanie;f;0,07
francophobie;f;0,07
frangipanier;m;0,07
franklin;m;0,07
franquisme;m;0,07
frater;m;0,07
frayée;f;0,07
free jazz;m;0,07
free-jazz;m;0,07
freelance;f;0,07
freesia;m;0,07
fricoteur;m;0,07
frigorifique;m;0,07
frilosité;f;0,07
frimaire;m;0,07
fringillidé;m;0,07
frippe;f;0,07
friselée;f;0,07
frisottement;m;0,07
frisou;m;0,07
fritillaire;f;0,07
friton;m;0,07
friturier;m;0,07
fromegi;m;0,07
fromental;m;0,07
fronteau;m;0,07
froufroutement;m;0,07
fructidor;m;0,07
frôleur;m;0,07
fuel-oil;m;0,07
fugacité;f;0,07
fulgore;m;0,07
fulminate;m;0,07
fulminement;m;0,07
fumaga;f;0,07
fumage;m;0,07
fumaison;f;0,07
fumette;f;0,07
fumure;f;0,07
fun;m;0,07
funérarium;m;0,07
furetage;m;0,07
fureteur;m;0,07
fustanelle;f;0,07
futurisme;m;0,07
fuégien;m;0,07
fécule;f;0,07
fédéralisme;m;0,07
félidé;m;0,07
féminitude;f;0,07
féodal;m;0,07
fétichisation;f;0,07
fétuque;f;0,07
gabarier;m;0,07
gabarre;f;0,07
gabelle;f;0,07
gabelou;m;0,07
gade;m;0,07
gaillet;m;0,07
gaine-culotte;f;0,07
gainier;m;0,07
gal;m;0,07
galathée;f;0,07
galerne;f;0,07
galicien;m;0,07
gallium;m;0,07
gallo-romain;m;0,07
galonnage;m;0,07
galéniste;m;0,07
gamay;m;0,07
gambadeur;m;0,07
gambe;f;0,07
gamelan;m;0,07
gaminement;m;0,07
gangstérisme;m;0,07
ganterie;f;0,07
ganymède;m;0,07
gaperon;m;0,07
garde-française;m;0,07
garde-pêche;m;0,07
gargamelle;f;0,07
gargouillette;f;0,07
gargousse;f;0,07
garno;m;0,07
garrick;m;0,07
gastralgie;f;0,07
gastrite;f;0,07
gastro-entérite;f;0,07
gauchissement;m;0,07
gaulle;f;0,07
gauloiserie;f;0,07
gaupe;f;0,07
gavial;m;0,07
gayac;m;0,07
gazage;m;0,07
gazomètre;m;0,07
geignardise;f;0,07
gelinotte;f;0,07
gendelettre;m;0,07
genêtière;f;0,07
gerce;f;0,07
gerfaut;m;0,07
germanium;m;0,07
germanophilie;f;0,07
germen;m;0,07
gesticulateur;m;0,07
gicleur;m;0,07
gifleur;f;0,07
giletier;f;0,07
gin-rami;m;0,07
girande;f;0,07
girel;f;0,07
giroflier;m;0,07
girondin;m;0,07
glamour;m;0,07
glandouilleur;m;0,07
glanure;f;0,07
glavioteur;m;0,07
glaçage;m;0,07
globalité;f;0,07
glockenspiel;m;0,07
glomérule;m;0,07
glossaire;m;0,07
glossateur;m;0,07
glossématique;f;0,07
gloxinia;m;0,07
gluten;m;0,07
glène;f;0,07
gnocchi;m;0,07
gnose;f;0,07
gnosticisme;m;0,07
godron;m;0,07
golem;m;0,07
golf-club;m;0,07
golgotha;m;0,07
goliath;m;0,07
gommage;m;0,07
goménol;m;0,07
gonade;f;0,07
gondolement;m;0,07
gonfalonier;m;0,07
goniomètre;m;0,07
gopak;m;0,07
gopher;m;0,07
gorgerette;f;0,07
gorgerin;m;0,07
gorget;m;0,07
gosplan;m;0,07
goton;f;0,07
gouda;m;0,07
gouet;m;0,07
gougoutte;f;0,07
goule;f;0,07
goulotte;f;0,07
goura;m;0,07
goutteux;m;0,07
gouzi-gouzi;m;0,07
gracilité;f;0,07
gradaille;f;0,07
grader;m;0,07
gradus;m;0,07
graffiteur;m;0,07
graillonnement;m;0,07
grammage;m;0,07
grand-croix;m;0,07
grand-duché;m;0,07
grand-hôtel;m;0,07
grand-maître;m;0,07
grand-neige;m;0,07
grand-officier;m;0,07
grandissement;m;0,07
granito;m;0,07
granité;m;0,07
graphite;m;0,07
graphomanie;f;0,07
graphomètre;m;0,07
gratouillis;m;0,07
gratton;m;0,07
grattouillis;m;0,07
gratture;f;0,07
gravière;f;0,07
gray;m;0,07
grelotteux;m;0,07
greneur;f;0,07
grenouillard;m;0,07
grenouillette;f;0,07
gribiche;f;0,07
gribouilleur;m;0,07
griffage;m;0,07
griffton;m;0,07
grignoteur;m;0,07
grilloir;m;0,07
grillot;m;0,07
grimacement;m;0,07
grimacerie;f;0,07
grimaud;m;0,07
grimpée;f;0,07
grippement;m;0,07
grisotte;f;0,07
grivelure;f;0,07
grivois;m;0,07
gros-bec;m;0,07
groschen;m;0,07
grèbe;m;0,07
grègues;f;0,07
guenillon;m;0,07
guenipe;f;0,07
guerroyeur;m;0,07
guets-apens;m;0,07
gueugueule;f;0,07
gueule-de-loup;f;0,07
gueuloir;m;0,07
gueuze;f;0,07
guillochure;f;0,07
guindeau;m;0,07
guinée;f;0,07
guis;f;0,07
guru;m;0,07
guttural;f;0,07
guzla;f;0,07
gymnopédie;f;0,07
gynécologie;f;0,07
gyrin;m;0,07
gyrus;m;0,07
gâchage;m;0,07
gâcheur;m;0,07
gâpette;f;0,07
gâte-bois;m;0,07
gâtine;f;0,07
gélatino-bromure;m;0,07
gélification;f;0,07
gélinotte;f;0,07
gélolevure;f;0,07
gélose;f;0,07
gémeau;m;0,07
gémonies;f;0,07
génialité;f;0,07
génitalité;f;0,07
génovéfain;m;0,07
géocorise;f;0,07
géodésigraphe;m;0,07
géomancie;f;0,07
géopolitique;f;0,07
géostratégie;f;0,07
gériatrie;f;0,07
habilitation;f;0,07
habitabilité;f;0,07
hachard;m;0,07
hachisch;m;0,07
hale;m;0,07
halon;m;0,07
halva;m;0,07
hamada;f;0,07
hammerless;m;0,07
happeur;m;0,07
haquenée;f;0,07
harfang;m;0,07
harmattan;m;0,07
harmonisateur;m;0,07
harmonisation;f;0,07
harpin;m;0,07
harponnage;m;0,07
harpye;f;0,07
hassidisme;m;0,07
haute-fidélité;f;0,07
havanais;m;0,07
haïkaï;m;0,07
haïku;m;0,07
hecto;m;0,07
hectomètre;m;0,07
helminthe;m;0,07
helvelle;f;0,07
heptaméron;m;0,07
herbager;m;0,07
hermaphrodisme;m;0,07
hermaphroditisme;m;0,07
hessois;m;0,07
hetman;m;0,07
hi-han;m;0,07
hickory;m;0,07
higoumène;m;0,07
hiloire;f;0,07
hilote;m;0,07
himalayenne;f;0,07
hindi;m;0,07
hittite;m;0,07
hivernant;m;0,07
hiérarchisation;f;0,07
hiéronymite;m;0,07
hocheur;m;0,07
hollande;f;0,07
holographie;f;0,07
holothurie;f;0,07
hominisation;f;0,07
homme-femme;m;0,07
homme-orchestre;m;0,07
homo habilis;m;0,07
homogénéisation;f;0,07
homoncule;m;0,07
homophilie;f;0,07
homophonie;f;0,07
homosexuelle;f;0,07
hoplite;m;0,07
hortillonnage;m;0,07
hottée;f;0,07
houari;m;0,07
houligan;m;0,07
houlque;f;0,07
hourdis;m;0,07
house-boat;m;0,07
huilier;m;0,07
humanitarisme;m;0,07
humidificateur;m;0,07
hurrah;m;0,07
huîtrier;m;0,07
huîtrière;f;0,07
hyacinthe;f;0,07
hyade;f;0,07
hydne;m;0,07
hydraulique;f;0,07
hydrocution;f;0,07
hydrocèle;f;0,07
hydrographie;f;0,07
hydromètre;f;0,07
hydrophile;m;0,07
hydrophobie;f;0,07
hygrométrie;f;0,07
hyménée;m;0,07
hypallage;f;0,07
hyperborée;f;0,07
hyperesthésie;f;0,07
hyperglycémie;f;0,07
hyperlipidémie;f;0,07
hypermnésie;f;0,07
hyperréalisme;m;0,07
hyperémotivité;f;0,07
hypholome;m;0,07
hypnotique;m;0,07
hypocauste;m;0,07
hypoderme;m;0,07
hyponomeute;m;0,07
hypostase;f;0,07
hypotaupe;f;0,07
hypoténuse;f;0,07
hystérectomie;f;0,07
hébreux;m;0,07
hébétement;m;0,07
hégélianisme;m;0,07
hélio;f;0,07
héliogravure;f;0,07
héliophanie;f;0,07
hélix;m;0,07
hématie;f;0,07
hématite;f;0,07
hématocèle;f;0,07
hématologie;f;0,07
hématopoïèse;f;0,07
hématose;f;0,07
hémiptère;m;0,07
hémophilie;f;0,07
héroïde;f;0,07
hétérodoxie;f;0,07
hétéroptère;m;0,07
ibm;m;0,07
ictus;m;0,07
ictère;m;0,07
ide;m;0,07
idiolecte;m;0,07
iftar;m;0,07
igue;f;0,07
ikebana;m;0,07
illettrisme;m;0,07
illuminateur;m;0,07
imaginative;f;0,07
imago;m;0,07
iman;m;0,07
imbibition;f;0,07
immanence;f;0,07
immanentisme;m;0,07
immatérialité;f;0,07
immodestie;f;0,07
immortalisation;f;0,07
immunisation;f;0,07
immédiateté;f;0,07
impalpabilité;f;0,07
impeccabilité;f;0,07
impedimenta;m;0,07
imperium;m;0,07
implacabilité;f;0,07
implosive;f;0,07
impotence;f;0,07
imprimante;f;0,07
imprimatur;m;0,07
imprécateur;m;0,07
imprévision;f;0,07
impulsivité;f;0,07
impécuniosité;f;0,07
in pace;m;0,07
in-octavos;m;0,07
in-quarto;m;0,07
in-seize;m;0,07
inaccomplissement;m;0,07
inadéquation;f;0,07
inanimation;f;0,07
inapplication;f;0,07
inarticulé;m;0,07
inassouvissement;m;0,07
inauthenticité;f;0,07
incantateur;f;0,07
incommunicabilité;f;0,07
inconnaissance;f;0,07
incubateur;m;0,07
inculcation;f;0,07
incurvation;f;0,07
indifférentisme;m;0,07
indiscrète;f;0,07
indivisibilité;f;0,07
indivision;f;0,07
indo-européen;m;0,07
indocilité;f;0,07
indécises;m;0,07
indéfinition;f;0,07
inespoir;m;0,07
inexpression;f;0,07
infertilité;f;0,07
inflorescence;f;0,07
influenza;f;0,07
infléchissement;m;0,07
infrarouge;m;0,07
infusoire;m;0,07
infécondité;f;0,07
ingénieur-chimiste;m;0,07
inhospitalité;f;0,07
injecteur;m;0,07
inoccupation;f;0,07
inoculation;f;0,07
inopportunité;f;0,07
input;m;0,07
inquilisme;m;0,07
inquiéteur;m;0,07
inscrivant;m;0,07
insight;m;0,07
insonorisation;f;0,07
insonorité;f;0,07
installeur;m;0,07
instantanéité;f;0,07
instaurateur;f;0,07
instrumentation;f;0,07
insufflateur;m;0,07
insularité;f;0,07
inséparabilité;f;0,07
intangibilité;f;0,07
intellectuel-phare;m;0,07
interclasse;m;0,07
intercours;m;0,07
intercourse;f;0,07
intermezzo;m;0,07
intermission;f;0,07
internationalisation;f;0,07
interposition;f;0,07
interrogative;f;0,07
intertitre;m;0,07
intervieweur;m;0,07
intestat;m;0,07
intrados;f;0,07
intransitif;m;0,07
introversion;f;0,07
intuitive;f;0,07
intégralisme;m;0,07
intéressement;m;0,07
intériorisation;f;0,07
inupik;m;0,07
inusabilité;f;0,07
inventivité;f;0,07
investisseur;m;0,07
invisible-piston;m;0,07
involution;f;0,07
iodoforme;m;0,07
ionosphère;f;0,07
ipomée;f;0,07
irakien;m;0,07
ironisme;m;0,07
irrationalité;f;0,07
irrigateur;m;0,07
irritabilité;f;0,07
irritant;m;0,07
irroration;f;0,07
irréalisme;m;0,07
irréligiosité;f;0,07
isatis;m;0,07
islamisme;m;0,07
ismaélien;m;0,07
ismaïlien;m;0,07
italiano;m;0,07
ithos;m;0,07
iule;m;0,07
ivoirienne;f;0,07
ivrognesse;f;0,07
jack;m;0,07
jacobée;f;0,07
jam;f;0,07
jamais-vu;m;0,07
jambart;m;0,07
jamboree;m;0,07
japonaiserie;f;0,07
japonisant;m;0,07
jappeur;m;0,07
jaquemart;m;0,07
jar;m;0,07
jardinerie;f;0,07
jas;m;0,07
jaspin;m;0,07
jaunissement;m;0,07
javeline;f;0,07
javotte;f;0,07
jazz-rock;m;0,07
jean-le-blanc;m;0,07
jeannot;m;0,07
jerricane;m;0,07
jet society;f;0,07
jet-set;m;0,07
jeûneur;m;0,07
jingle;m;0,07
jodhpur;m;0,07
jogger;m;0,07
johannisberg;m;0,07
jokari;m;0,07
joli-joli;m;0,07
joncheraie;f;0,07
joubarbe;f;0,07
joule;m;0,07
juchée;f;0,07
judaïsant;m;0,07
judaïté;f;0,07
jumelage;m;0,07
jumenterie;f;0,07
junky;m;0,07
jupier;m;0,07
jurançon;m;0,07
jurassique;m;0,07
jusquiame;f;0,07
juste-milieu;m;0,07
jéroboam;m;0,07
jésuitière;f;0,07
ka;m;0,07
kaddisch;m;0,07
kala-azar;m;0,07
kalpa;m;0,07
kami;m;0,07
kana;m;0,07
kandjar;m;0,07
kari;m;0,07
katchina;m;0,07
katiba;f;0,07
kebab;m;0,07
kekchose;f;0,07
ket;m;0,07
ketch;m;0,07
khanat;m;0,07
kibboutzim;m;0,07
kierkegaardien;f;0,07
kilowattheure;m;0,07
king-charles;m;0,07
kinnor;m;0,07
kino;m;0,07
kippa;f;0,07
kipper;m;0,07
knicker;m;0,07
knickerbocker;m;0,07
kobold;m;0,07
korè;f;0,07
koto;m;0,07
kremlin;m;0,07
kreutzer;m;0,07
ksar;m;0,07
kugelhof;m;0,07
kula;f;0,07
kumquat;m;0,07
kursaal;m;0,07
kuru;m;0,07
kyrie eleison;m;0,07
lacrima-christi;m;0,07
lacédémonien;m;0,07
ladino;m;0,07
laguiole;m;0,07
lainière;f;0,07
laird;m;0,07
laisser-faire;m;0,07
laissé-pour-compte;m;0,07
laissés-pour-compte;m;0,07
laite;f;0,07
lamartinien;f;0,07
lamaïsme;m;0,07
lambda;m;0,07
lambi;m;0,07
lambic;m;0,07
lambrissage;m;0,07
lambrusque;f;0,07
lamellibranche;m;0,07
lamie;f;0,07
laminage;m;0,07
lampas;m;0,07
lampe-phare;f;0,07
lampon;m;0,07
lampyre;m;0,07
lance-missiles;m;0,07
lance-pierre;m;0,07
lance-torpille;m;0,07
lancinance;f;0,07
landais;f;0,07
landaulet;m;0,07
landerneau;m;0,07
languedocien;m;0,07
lansquine;f;0,07
lanterne-tempête;f;0,07
laparotomie;f;0,07
lapidification;f;0,07
larbinerie;f;0,07
lardage;m;0,07
lare;m;0,07
largage;m;0,07
larghetto;m;0,07
largo;m;0,07
larmier;m;0,07
laryngoscope;m;0,07
laticlave;m;0,07
latinisme;m;0,07
latéralité;f;0,07
lauze;f;0,07
lavandin;m;0,07
lave-mains;m;0,07
laîche;f;0,07
leghorn;f;0,07
lego;m;0,07
leitmotive;m;0,07
lemme;m;0,07
lemming;m;0,07
lenticule;f;0,07
lesbianisme;m;0,07
letchi;m;0,07
lettreur;m;0,07
leucoplasie;f;0,07
leucopénie;f;0,07
leucotomie;f;0,07
lexie;f;0,07
libera;m;0,07
libero;m;0,07
libyen;m;0,07
licier;m;0,07
licéité;f;0,07
lieutenant-pilote;m;0,07
lift;m;0,07
lifting;m;0,07
lignard;m;0,07
lilium;m;0,07
limerick;m;0,07
limogeage;m;0,07
linaire;f;0,07
line;f;0,07
lingam;m;0,07
lingotier;f;0,07
liniment;m;0,07
lippée;f;0,07
liquidambar;m;0,07
lisant;m;0,07
listel;m;0,07
liteau;m;0,07
litorne;f;0,07
littéralité;f;0,07
litée;f;0,07
livonienne;f;0,07
livres-club;m;0,07
llano;m;0,07
lobectomie;f;0,07
locature;f;0,07
locomobile;f;0,07
locomoteur;f;0,07
logothète;m;0,07
lolita;f;0,07
lombostat;m;0,07
londrès;m;0,07
longicorne;m;0,07
longrine;f;0,07
lopaille;f;0,07
loqueteau;m;0,07
lord-maire;m;0,07
lordose;f;0,07
lorette;f;0,07
loser;m;0,07
lotier;m;0,07
louangeur;m;0,07
louchement;m;0,07
louchet;m;0,07
louchébème;m;0,07
louise-bonne;f;0,07
louisianais;m;0,07
louloutte;f;0,07
lourderie;f;0,07
louvetier;m;0,07
luc;f;0,07
lucet;m;0,07
lump;m;0,07
lunaire;f;0,07
lunetier;m;0,07
lunetterie;f;0,07
lur;m;0,07
lustucru;m;0,07
lutherie;f;0,07
luthérianisme;m;0,07
luzernière;f;0,07
lycaon;m;0,07
lychnis;m;0,07
lymphangite;f;0,07
lymphatique;m;0,07
lymphatisme;m;0,07
lymphome;m;0,07
lymphopénie;f;0,07
lysine;f;0,07
lèche-vitrine;m;0,07
lèchefrite;f;0,07
lècherie;f;0,07
légitimation;f;0,07
légumier;m;0,07
légumineux;f;0,07
lénification;f;0,07
lépiote;f;0,07
lésinerie;f;0,07
ma-jong;m;0,07
macfarlane;m;0,07
mach;m;0,07
machinette;f;0,07
machino;m;0,07
macintosh;m;0,07
macreuse;f;0,07
macrobiotique;f;0,07
macroclimat;m;0,07
maculage;m;0,07
maculation;f;0,07
maculature;f;0,07
madré;m;0,07
maelstrom;m;0,07
maghzen;m;0,07
magistère;m;0,07
magnan;m;0,07
maharaja;m;0,07
mahatma;m;0,07
maid;f;0,07
mailleur;f;0,07
main-courante;f;0,07
maincourantier;m;0,07
majoral;m;0,07
mal-pensant;m;0,07
malaventure;f;0,07
malherbe;f;0,07
mali;m;0,07
malienne;f;0,07
malinké;m;0,07
mallophage;m;0,07
malnutrition;f;0,07
malouin;m;0,07
malséance;f;0,07
malvoisie;m;0,07
mam'selle;f;0,07
mamaliga;f;0,07
mammy;f;0,07
mamzelle;f;0,07
management;m;0,07
mandala;m;0,07
mandat-lettre;m;0,07
mandat-poste;m;0,07
mandatement;m;0,07
mandchou;m;0,07
mandement;m;0,07
manducation;f;0,07
manganèse;m;0,07
mange-disque;m;0,07
mange-tout;m;0,07
mangerie;f;0,07
mangetout;m;0,07
mangrove;f;0,07
manilleur;m;0,07
manitoba;m;0,07
mansard;m;0,07
mantelure;f;0,07
mantique;f;0,07
mantra;m;0,07
maoïsme;m;0,07
maquereautin;m;0,07
marante;f;0,07
marceline;f;0,07
marchandeur;f;0,07
marcotin;m;0,07
marengo;m;0,07
margeur;f;0,07
margoton;f;0,07
margouillis;m;0,07
margraviat;m;0,07
marie-jeanne;f;0,07
marie-louise;f;0,07
marie-salope;f;0,07
marinage;m;0,07
maringoin;m;0,07
marmottage;m;0,07
marmottement;m;0,07
marmouset;m;0,07
marnière;f;0,07
martagon;m;0,07
marteau-piqueur;m;0,07
martelet;m;0,07
martialité;f;0,07
martin;m;0,07
maréchalat;m;0,07
maskinongé;m;0,07
mass media;m;0,07
mastar;m;0,07
master;m;0,07
masticage;m;0,07
mastiff;m;0,07
mathurin;m;0,07
mathusalem;m;0,07
matois;m;0,07
matraqueur;m;0,07
matriochka;f;0,07
matte;f;0,07
maurrassisme;m;0,07
mazette;f;0,07
maître-assistant;m;0,07
maître-à-danser;m;0,07
mecklembourgeois;m;0,07
media;f;0,07
medicine-ball;m;0,07
medium;m;0,07
mellifère;m;0,07
melting-pot;m;0,07
menon;m;0,07
mentonnet;m;0,07
mentule;f;0,07
merise;f;0,07
merleau;m;0,07
mesa;f;0,07
mescaline;f;0,07
mesnil;m;0,07
messianisme;m;0,07
messidor;m;0,07
messéance;f;0,07
meuleuse;f;0,07
mi-africains;m;0,07
mi-airain;m;0,07
mi-allemand;m;0,07
mi-angevins;m;0,07
mi-appréhension;f;0,07
mi-artisan;m;0,07
mi-bandit;m;0,07
mi-blancs;m;0,07
mi-bois;m;0,07
mi-bordel;m;0,07
mi-bovins;m;0,07
mi-braconnier;m;0,07
mi-building;m;0,07
mi-café;m;0,07
mi-campagnarde;m;0,07
mi-canard;m;0,07
mi-chat;m;0,07
mi-chou;m;0,07
mi-chourineur;m;0,07
mi-châtaignier;m;0,07
mi-chèvre;f;0,07
mi-chêne;m;0,07
mi-cloître;m;0,07
mi-compote;f;0,07
mi-confit;m;0,07
mi-corbeaux;m;0,07
mi-coutume;f;0,07
mi-crabe;m;0,07
mi-croyant;m;0,07
mi-créature;f;0,07
mi-dentelle;f;0,07
mi-décadents;m;0,07
mi-désir;m;0,07
mi-effrontée;m;0,07
mi-espagnol;m;0,07
mi-excitation;f;0,07
mi-farceur;m;0,07
mi-femme;f;0,07
mi-fermiers;m;0,07
mi-fiel;m;0,07
mi-février;f;0,07
mi-garçon;m;0,07
mi-geste;m;0,07
mi-gigolpince;m;0,07
mi-gnon;m;0,07
mi-gonzesse;f;0,07
mi-goéland;m;0,07
mi-grenier;m;0,07
mi-grognon;m;0,07
mi-humaine;m;0,07
mi-humains;m;0,07
mi-idiotes;m;0,07
mi-indien;m;0,07
mi-indifférente;m;0,07
mi-joue;f;0,07
mi-jour;m;0,07
mi-juif;m;0,07
mi-juin;f;0,07
mi-laiton;m;0,07
mi-londrès;m;0,07
mi-longueur;f;0,07
mi-lourd;m;0,07
mi-marchande;m;0,07
mi-marécage;m;0,07
mi-meublé;m;0,07
mi-mondaine;m;0,07
mi-mouton;m;0,07
mi-moyen;m;0,07
mi-métal;m;0,07
mi-noir;m;0,07
mi-nuit;f;0,07
mi-ogre;m;0,07
mi-oriental;m;0,07
mi-patio;m;0,07
mi-patois;m;0,07
mi-peau;f;0,07
mi-pelouse;f;0,07
mi-pierre;f;0,07
mi-plaisant;m;0,07
mi-pleurant;m;0,07
mi-pleurnichard;m;0,07
mi-plombier;m;0,07
mi-poitrine;f;0,07
mi-porcine;m;0,07
mi-portugaise;m;0,07
mi-porté;m;0,07
mi-poucet;m;0,07
mi-poulet;m;0,07
mi-prestidigitateur;m;0,07
mi-promenoir;m;0,07
mi-putain;f;0,07
mi-pêcheur;m;0,07
mi-renaissance;f;0,07
mi-roulotte;f;0,07
mi-route;f;0,07
mi-réalité;f;0,07
mi-régime;m;0,07
mi-résigné;m;0,07
mi-satin;m;0,07
mi-secours;m;0,07
mi-seigneur;m;0,07
mi-sel;m;0,07
mi-sommet;m;0,07
mi-songe;m;0,07
mi-tantouse;f;0,07
mi-tout;m;0,07
mi-velours;m;0,07
mi-vie;f;0,07
mi-vrais;m;0,07
mi-vénitien;m;0,07
mi-épaule;f;0,07
mi-étendue;f;0,07
mi-étudiant;m;0,07
microcassette;f;0,07
microchirurgie;f;0,07
microcéphale;m;0,07
microlithe;m;0,07
microsociologie;f;0,07
microstructure;f;0,07
miction;f;0,07
middle class;f;0,07
mielle;f;0,07
mieux-vivre;m;0,07
mignard;m;0,07
migraineuse;f;0,07
mijoteuse;f;0,07
millenium;m;0,07
mimodrame;m;0,07
mimosée;f;0,07
minage;m;0,07
minerve;f;0,07
minestrone;m;0,07
mini-chaîne;f;0,07
minimisation;f;0,07
minéralier;m;0,07
mirliflore;m;0,07
miroiterie;f;0,07
mission-suicide;f;0,07
mita;f;0,07
mithridatisation;f;0,07
mitigeur;m;0,07
miton;m;0,07
mitoufle;f;0,07
mitraillage;m;0,07
mnémotechnie;f;0,07
moi-moi-moi;m;0,07
molestation;f;0,07
moloch;m;0,07
molène;f;0,07
mombin;m;0,07
momichon;m;0,07
monachisme;m;0,07
monade;f;0,07
mondovision;f;0,07
mongolie;f;0,07
monnaie-du-pape;f;0,07
monnaies-du-pape;f;0,07
monobloc;m;0,07
monochromie;f;0,07
monoculture;f;0,07
monodie;f;0,07
monogame;m;0,07
monogamie;f;0,07
monolithisme;m;0,07
monomoteur;m;0,07
mononucléose;f;0,07
monotype;m;0,07
monoxyde;m;0,07
monsignore;m;0,07
montaison;f;0,07
monte-charges;m;0,07
monte-plats;m;0,07
montpelliérain;f;0,07
montre-gousset;f;0,07
monténégrin;m;0,07
moonisme;m;0,07
moraillon;m;0,07
moralisation;f;0,07
moratoire;m;0,07
morbier;m;0,07
mordillage;m;0,07
morfalou;m;0,07
morfil;m;0,07
mort-né;m;0,07
mortes-eaux;f;0,07
mot-clef;m;0,07
motesse;f;0,07
moto-cross;m;0,07
motocycle;m;0,07
mottereau;m;0,07
motteux;m;0,07
mouchachou;m;0,07
moucheur;m;0,07
moudjahiddine;m;0,07
mouillon;m;0,07
mouleur;m;0,07
mouluration;f;0,07
mourre;f;0,07
moussage;m;0,07
moutonnerie;f;0,07
muchacho;m;0,07
muflier;m;0,07
muge;m;0,07
mulon;m;0,07
multipare;f;0,07
muphti;m;0,07
murex;m;0,07
murmel;m;0,07
musardise;f;0,07
muscadelle;f;0,07
muscadin;m;0,07
muscadine;f;0,07
muserolle;f;0,07
musette-repas;f;0,07
musoir;m;0,07
mustélidé;m;0,07
mutualisme;m;0,07
mycologie;f;0,07
mycénien;m;0,07
myocardite;f;0,07
myographe;m;0,07
myopathie;f;0,07
mystagogue;m;0,07
mythisation;f;0,07
myxoedémateux;f;0,07
myxomatose;f;0,07
myélite;f;0,07
mâchage;m;0,07
mâchouilleur;m;0,07
méandrine;f;0,07
médailleur;m;0,07
médicamentation;f;0,07
méditant;m;0,07
méditatif;m;0,07
mégathérium;m;0,07
mégawatt;m;0,07
mégissier;m;0,07
méjugement;m;0,07
mélanésienne;f;0,07
mélilot;m;0,07
mémento;m;0,07
mémo;m;0,07
mémorabilité;f;0,07
ménesse;f;0,07
mésintelligence;f;0,07
mésopotamienne;f;0,07
mésozoïque;m;0,07
mésusage;m;0,07
métapsychologie;f;0,07
métayage;m;0,07
métazoaire;m;0,07
métempsychose;f;0,07
métonymie;f;0,07
métope;f;0,07
métrique;f;0,07
mêlécasse;m;0,07
mûrisserie;f;0,07
mûron;m;0,07
naissain;m;0,07
nanard;m;0,07
nantissement;m;0,07
narghileh;m;0,07
narquoiserie;f;0,07
nasal;m;0,07
naute;m;0,07
navicert;m;0,07
navigant;m;0,07
navire-école;m;0,07
navrance;f;0,07
nazillon;m;0,07
nemrod;m;0,07
nephtys;m;0,07
nettoyant;m;0,07
neuneu;m;0,07
neurophysiologie;f;0,07
new wave;f;0,07
nichan;m;0,07
nictation;f;0,07
nidificateur;f;0,07
nidification;f;0,07
nietzschéen;m;0,07
nigauderie;f;0,07
nigérien;m;0,07
nim;m;0,07
nimbostratus;m;0,07
nimbé;m;0,07
nixe;f;0,07
nième;m;0,07
nière;m;0,07
niébé;m;0,07
nobiliaire;m;0,07
nocturnal;m;0,07
nodus;m;0,07
nolis;m;0,07
nome;m;0,07
non-appartenance;f;0,07
non-assistance;f;0,07
non-blanc;m;0,07
non-croyant;m;0,07
non-existence;f;0,07
non-paiement;m;0,07
non-participation;f;0,07
non-pesanteur;f;0,07
non-savoir;m;0,07
non-séparation;f;0,07
non-violence;f;0,07
non-vouloir;m;0,07
nonidi;m;0,07
nonsense;m;0,07
nordet;m;0,07
noue;f;0,07
noumène;m;0,07
nouvelleté;f;0,07
nova;f;0,07
novillero;m;0,07
nubien;m;0,07
nucléaire;m;0,07
nudisme;m;0,07
nue-propriété;f;0,07
nuisette;f;0,07
numerus clausus;m;0,07
numération;f;0,07
numérotation;f;0,07
nuoc-mâm;m;0,07
nurseries;f;0,07
nymphée;m;0,07
néanderthalien;m;0,07
néantisation;f;0,07
nécro;f;0,07
nécrobiose;f;0,07
nécromancie;f;0,07
nécromant;m;0,07
nécrophagie;f;0,07
négativité;f;0,07
négril;m;0,07
néo-fascisme;m;0,07
néo-figuration;f;0,07
néo-gothique;m;0,07
néo-mouvement;m;0,07
néo-réalisme;m;0,07
néoplasme;m;0,07
néoplatonisme;m;0,07
népenthès;m;0,07
néphrite;f;0,07
névrite;f;0,07
névroptère;m;0,07
oaristys;f;0,07
ob;m;0,07
obi;f;0,07
oblat;m;0,07
obliquité;f;0,07
oblitération;f;0,07
obsolescence;f;0,07
obvers;f;0,07
occidentalisme;m;0,07
octidi;m;0,07
odelette;f;0,07
oeil-radars;m;0,07
oenothère;m;0,07
oille;f;0,07
oing;m;0,07
oiseau-lyre;m;0,07
oison;m;0,07
oka;m;0,07
olfactomètre;m;0,07
oligarchie;f;0,07
olivaie;f;0,07
olla-podrida;f;0,07
oléagineux;m;0,07
olécrâne;m;0,07
oléiculteur;m;0,07
oléine;f;0,07
oléoduc;m;0,07
ombrée;f;0,07
omicron;m;0,07
omis;m;0,07
omnipuissance;f;0,07
omphalos;m;0,07
onglon;m;0,07
onirologie;f;0,07
onopordon;m;0,07
opalescence;f;0,07
opercule;m;0,07
ophidien;m;0,07
ophite;m;0,07
ophtalmologie;f;0,07
opopanax;m;0,07
opoponax;m;0,07
optalidon;m;0,07
opération-miracle;f;0,07
oralité;f;0,07
orchestration;f;0,07
ordinant;m;0,07
ordo;m;0,07
ordurerie;f;0,07
organigramme;m;0,07
oribus;m;0,07
orientateur;m;0,07
origami;m;0,07
ornithologie;f;0,07
orpailleur;m;0,07
orphisme;m;0,07
orphée;f;0,07
orque;f;0,07
orsec;m;0,07
ortédrine;f;0,07
oréade;f;0,07
oscillateur;m;0,07
oscillomètre;m;0,07
ostéopathie;f;0,07
ouananiche;f;0,07
ouche;f;0,07
ougandais;m;0,07
oukase;m;0,07
ouvriérisme;m;0,07
ovariotomie;f;0,07
ove;m;0,07
overdrive;m;0,07
ovibos;m;0,07
ovin;m;0,07
ovulation;f;0,07
oxer;m;0,07
oxonien;f;0,07
oxygénation;f;0,07
pachinko;m;0,07
pachon;m;0,07
packson;m;0,07
pactiseur;m;0,07
paf;m;0,07
pagination;f;0,07
pagnon;m;0,07
pagodon;m;0,07
pagus;m;0,07
pailler;m;0,07
pairesse;f;0,07
pairie;f;0,07
palastre;m;0,07
palatin;m;0,07
palatine;f;0,07
palatisation;f;0,07
palis;m;0,07
palissonnage;m;0,07
palma;f;0,07
palma-christi;m;0,07
palmure;f;0,07
palonnier;m;0,07
palpitement;m;0,07
paludamentum;m;0,07
paludière;f;0,07
palus;m;0,07
paléolithique;m;0,07
pampero;m;0,07
panathénées;f;0,07
panclastite;f;0,07
panier-repas;m;0,07
panis;m;0,07
pantographe;m;0,07
pantomètre;m;0,07
panty;m;0,07
panurgisme;m;0,07
paparazzo;m;0,07
papavérine;f;0,07
paperassier;m;0,07
papier-cadeau;m;0,07
papier-calque;m;0,07
papisme;m;0,07
papou;m;0,07
parachutisme;m;0,07
paradeur;m;0,07
paradisier;m;0,07
paradoxie;f;0,07
parallaxe;f;0,07
parallélogramme;m;0,07
paralogisme;m;0,07
parangonnage;m;0,07
paranormal;m;0,07
parapharmacie;f;0,07
parapheur;m;0,07
parasitologie;f;0,07
parcage;m;0,07
pardingue;m;0,07
pare-balles;m;0,07
pare-feu;m;0,07
pare-éclats;m;0,07
pare-étincelles;m;0,07
parentage;m;0,07
parkinson;m;0,07
parlerie;f;0,07
parmenture;f;0,07
paroli;m;0,07
paronomasie;f;0,07
parraineur;f;0,07
parsec;m;0,07
partageux;m;0,07
partenariat;m;0,07
parthénogenèse;f;0,07
parthénogénèse;f;0,07
partouse;f;0,07
paso-doble;m;0,07
pasquin;m;0,07
passe-boule;m;0,07
passe-boules;m;0,07
passe-la-moi;f;0,07
passe-muraille;m;0,07
passe-pied;m;0,07
passe-rose;f;0,07
passement;m;0,07
passerose;f;0,07
passiflore;f;0,07
passiveté;f;0,07
pastour;m;0,07
patagon;m;0,07
pataugis;m;0,07
pater familias;m;0,07
patinage;m;0,07
patouillard;m;0,07
patriciat;m;0,07
patriotard;m;0,07
pauline;f;0,07
paulownia;m;0,07
paupiette;f;0,07
pause-repas;f;0,07
pavoisement;m;0,07
paxon;m;0,07
payse;m;0,07
peanuts;m;0,07
peaussier;m;0,07
pelleterie;f;0,07
pelliculage;m;0,07
pelvis;m;0,07
pembina;f;0,07
pennon;m;0,07
penon;m;0,07
pentasyllabe;m;0,07
pentateuque;m;0,07
pentathlon;m;0,07
perce-pierre;f;0,07
perchette;f;0,07
perchman;m;0,07
percuteur;m;0,07
perestroïka;f;0,07
perfectibilité;f;0,07
performer;m;0,07
perpétration;f;0,07
persona non grata;f;0,07
perçage;m;0,07
peseur;m;0,07
pet-de-loup;m;0,07
petit-cousin;m;0,07
petit-déjeuner;m;0,07
petit-four;m;0,07
petit-maître;m;0,07
petit-salé;m;0,07
peul;m;0,07
peupleraie;f;0,07
peureux;m;0,07
peyotl;m;0,07
phagocyte;m;0,07
phalangine;f;0,07
phalangisme;m;0,07
phallo;m;0,07
phanère;m;0,07
pharmacologie;f;0,07
pharmacothérapie;f;0,07
phasme;m;0,07
philistin;m;0,07
philosémite;m;0,07
philosémitisme;m;0,07
phoenix;m;0,07
phonéticien;m;0,07
phonétique;f;0,07
phosphatine;f;0,07
photocomposition;f;0,07
photograveur;m;0,07
photogravure;f;0,07
photogénie;f;0,07
phragmite;m;0,07
phrase-clé;f;0,07
phrase-robot;f;0,07
phrygien;m;0,07
phtiriasis;m;0,07
phynances;f;0,07
phénicien;m;0,07
pianotage;m;0,07
piauleur;m;0,07
piaye;m;0,07
pica;m;0,07
picard;m;0,07
picaro;m;0,07
piccolo;m;0,07
picoreur;m;0,07
picorée;f;0,07
picote;f;0,07
picotis;m;0,07
pie-grièche;f;0,07
pie-mère;f;0,07
pied-d'oeuvre;m;0,07
pied-de-coq;m;0,07
pied-droit;m;0,07
pierrière;f;0,07
pierrure;f;0,07
pignole;f;0,07
pil;f;0,07
pileur;f;0,07
piloche;f;0,07
pilonneur;m;0,07
pilsen;f;0,07
pilum;m;0,07
pince-maille;m;0,07
pince-sans-rire;m;0,07
pinceur;m;0,07
pinchart;m;0,07
pinçure;f;0,07
piocheur;m;0,07
pipa;m;0,07
piperade;f;0,07
piperie;f;0,07
pipier;m;0,07
pipée;f;0,07
piquage;m;0,07
pique-boeuf;m;0,07
piquetage;m;0,07
piquier;m;0,07
piratage;m;0,07
pisan;m;0,07
pisciculteur;m;0,07
pissaladière;f;0,07
pisse-vinaigre;m;0,07
pissou;m;0,07
pistoleur;m;0,07
pitancier;m;0,07
pithiviers;m;0,07
pituite;f;0,07
pityriasis;m;0,07
pive;f;0,07
pivotement;m;0,07
piètement;m;0,07
piéta;f;0,07
piétin;m;0,07
plafonnement;m;0,07
plagiaire;m;0,07
planche-contact;f;0,07
planement;m;0,07
plantoir;m;0,07
plaqueur;m;0,07
plastronneur;m;0,07
plat-ventre;m;0,07
plateaux-repas;m;0,07
platelage;m;0,07
platière;f;0,07
platonicien;m;0,07
plectre;m;0,07
plein-cintre;m;0,07
plessis;m;0,07
plet;m;0,07
pleurard;m;0,07
pleurite;f;0,07
pleurnichard;m;0,07
pleurote;m;0,07
pleyel;m;0,07
plisseur;m;0,07
plombure;f;0,07
plongement;m;0,07
ploutocrate;m;0,07
plum-pudding;m;0,07
plumassier;f;0,07
plumitive;f;0,07
plumule;f;0,07
pluralisme;m;0,07
plutonium;m;0,07
pluviosité;f;0,07
pneumatophore;m;0,07
pneumocoque;m;0,07
pneumopathie;f;0,07
pochage;m;0,07
pochetée;f;0,07
poecile;m;0,07
poids-lourds;m;0,07
poil-de-carotte;m;0,07
point-virgule;m;0,07
pointement;m;0,07
poire-vérité;f;0,07
poisson-lune;m;0,07
poisson-pilote;m;0,07
polish;m;0,07
polissoir;m;0,07
polissure;f;0,07
politique-fiction;f;0,07
pollinie;f;0,07
polycopie;f;0,07
polyculture;f;0,07
polytonalité;f;0,07
polyvinyle;m;0,07
pomerol;m;0,07
pommadin;m;0,07
pompiérisme;m;0,07
pont-l'évêque;m;0,07
pont-promenade;m;0,07
pontage;m;0,07
pontil;m;0,07
popaul;m;0,07
poque;f;0,07
poquette;f;0,07
porcelainier;m;0,07
porte-avion;m;0,07
porte-bannière;m;0,07
porte-bois;m;0,07
porte-cannes;m;0,07
porte-carte;m;0,07
porte-chance;m;0,07
porte-coton;m;0,07
porte-couilles;m;0,07
porte-couteau;m;0,07
porte-couteaux;m;0,07
porte-cravate;m;0,07
porte-drapeaux;m;0,07
porte-flingue;m;0,07
porte-foret;m;0,07
porte-malheur;m;0,07
porte-musique;m;0,07
porte-papier;m;0,07
porte-parapluie;m;0,07
porte-étrier;m;0,07
portement;m;0,07
portland;m;0,07
portor;m;0,07
portus;m;0,07
positionnement;m;0,07
positivité;f;0,07
post-empire;m;0,07
postmodernisme;m;0,07
postsynchronisation;f;0,07
postulation;f;0,07
potentialité;f;0,07
potos;m;0,07
pouacre;m;0,07
pouding;m;0,07
poudingue;m;0,07
poudrage;m;0,07
poudrette;f;0,07
pouille;f;0,07
pouillot;m;0,07
poujadisme;m;0,07
poulinière;f;0,07
pound;m;0,07
pouponnage;m;0,07
pourchasseur;m;0,07
pourcif;m;0,07
pourparler;m;0,07
pourvoi;m;0,07
pousse-au-crime;m;0,07
pousse-cailloux;m;0,07
poussine;f;0,07
poussinière;f;0,07
poussoir;m;0,07
poutargue;f;0,07
poutrage;m;0,07
poéticien;m;0,07
prang;m;0,07
presbyterium;m;0,07
presse-raquette;m;0,07
primerose;f;0,07
primidi;m;0,07
primo-infection;f;0,07
prisons-école;f;0,07
prisée;f;0,07
privatisation;f;0,07
prix-choc;m;0,07
procalmadiol;m;0,07
process;m;0,07
procédurier;m;0,07
profilage;m;0,07
profiterole;f;0,07
profération;f;0,07
progestérone;f;0,07
progéniteur;m;0,07
prompteur;m;0,07
propionate;m;0,07
propre-à-rien;m;0,07
propulseur;m;0,07
prorogation;f;0,07
prosopopée;f;0,07
protide;m;0,07
protège-cahier;m;0,07
proudhonisme;m;0,07
proèdre;m;0,07
prud'homme;m;0,07
prunus;m;0,07
prurigo;m;0,07
précambrien;m;0,07
précellence;f;0,07
précelles;f;0,07
préciput;m;0,07
prédigestion;f;0,07
préemption;f;0,07
préfacier;m;0,07
préformation;f;0,07
préhension;f;0,07
préhistorien;m;0,07
préhominien;m;0,07
prélegs;m;0,07
prénom-type;m;0,07
prépotence;f;0,07
préside;m;0,07
prétentaine;f;0,07
prétorien;m;0,07
prêtraille;f;0,07
prêtre-ouvrier;m;0,07
prôneur;m;0,07
pschent;m;0,07
psychologie-fiction;f;0,07
psychologisation;f;0,07
psychopathologie;f;0,07
psychosociologie;f;0,07
ptyx;m;0,07
public school;f;0,07
pucheux;m;0,07
pudicité;f;0,07
puisatier;m;0,07
pulmonie;f;0,07
pulseur;m;0,07
pulvérin;m;0,07
pulvérulence;f;0,07
pureau;m;0,07
purificateur;m;0,07
pylore;m;0,07
pyrex;m;0,07
pyromanie;f;0,07
pyrosphère;f;0,07
pyrrhique;f;0,07
pyrèthre;m;0,07
pyxide;f;0,07
pâquis;m;0,07
pâtour;m;0,07
pâturin;m;0,07
pèse-acide;m;0,07
pèse-lettre;m;0,07
pèse-personne;m;0,07
péan;m;0,07
pébroc;m;0,07
péche;m;0,07
pécune;f;0,07
pédicule;m;0,07
pédégé;m;0,07
pégamoïd;m;0,07
pélot;m;0,07
pénalité;f;0,07
pénultième;f;0,07
pénéplaine;f;0,07
pénétrant;f;0,07
péridural;f;0,07
périgée;m;0,07
périodicité;f;0,07
péronnelle;f;0,07
péroreur;m;0,07
pétaudière;f;0,07
péteur;m;0,07
pétiole;m;0,07
pétrel;m;0,07
pétrisseur;m;0,07
quadri;f;0,07
quadriceps;m;0,07
quadrige;m;0,07
quadriréacteur;m;0,07
quadrivium;m;0,07
quadrumane;m;0,07
quadruplée;f;0,07
quantième;m;0,07
quarante-huitard;m;0,07
quartenier;m;0,07
quartidi;m;0,07
quarté;m;0,07
quasi-agonie;f;0,07
quasi-blasphème;m;0,07
quasi-bonheur;m;0,07
quasi-désertification;f;0,07
quasi-fiancé;f;0,07
quasi-impunité;f;0,07
quasi-indifférence;f;0,07
quasi-mariage;m;0,07
quasi-miracle;m;0,07
quasi-morceau;m;0,07
quasi-permanence;f;0,07
quasi-protection;f;0,07
quasi-respect;m;0,07
quasi-unanimité;f;0,07
quasi-veuvage;m;0,07
quasi-ville;f;0,07
quasimodo;f;0,07
quat'zarts;m;0,07
quatre-feuilles;m;0,07
questeur;m;0,07
question-réponse;f;0,07
queue-de-rat;f;0,07
queursoir;m;0,07
quichotte;m;0,07
quinium;m;0,07
quinquagésime;f;0,07
quintaine;f;0,07
quintidi;m;0,07
quintuplé;m;0,07
quipo;m;0,07
quipu;m;0,07
quiquette;f;0,07
quite;m;0,07
quitus;m;0,07
quotité;f;0,07
rabaissement;m;0,07
raboteur;m;0,07
rabouiller;f;0,07
rabouin;m;0,07
raccommodement;m;0,07
raccommodeur;m;0,07
rachis;m;0,07
racingman;m;0,07
rack;m;0,07
raclage;m;0,07
racle;f;0,07
racloir;m;0,07
raclon;m;0,07
rad;m;0,07
radada;m;0,07
radeau-radar;m;0,07
radicule;f;0,07
radinerie;f;0,07
radio-taxi;m;0,07
radioactivité;f;0,07
radiogramme;m;0,07
radioguidage;m;0,07
radiologie;f;0,07
radiomètre;m;0,07
radiophare;m;0,07
radiotélégraphie;f;0,07
radium;m;0,07
radius;m;0,07
radja;m;0,07
radoubeur;m;0,07
radoucissement;m;0,07
raffinage;m;0,07
rafiau;m;0,07
rafraîchisseur;m;0,07
raft;m;0,07
ragnagnas;m;0,07
rahat-loukoum;m;0,07
railway;m;0,07
raineuse;f;0,07
rajeunisseur;m;0,07
rallumage;m;0,07
ram;m;0,07
rambineur;m;0,07
rambla;f;0,07
rambot;m;0,07
ramenard;m;0,07
ramie;f;0,07
ranatre;f;0,07
rancissure;f;0,07
ranimation;f;0,07
rançonnement;m;0,07
rap;m;0,07
rapetasseur;m;0,07
raphé;m;0,07
rapiaterie;f;0,07
rash;m;0,07
rasse;f;0,07
rassortiment;m;0,07
rassurement;m;0,07
rat-de-cave;m;0,07
ravaleur;m;0,07
ravivement;m;0,07
rayon-éclair;m;0,07
re-inter;m;0,07
reader;m;0,07
ready-made;m;0,07
rebab;m;0,07
rebaptême;m;0,07
rebide;m;0,07
rebroussement;m;0,07
recailloux;m;0,07
receleur-miracle;m;0,07
recentrage;m;0,07
rechampi;m;0,07
recognition;f;0,07
recomposition;f;0,07
reconquista;f;0,07
recopiage;m;0,07
recoup;m;0,07
recrac;m;0,07
recroquis;m;0,07
rectificatif;m;0,07
recuisson;f;0,07
recès;m;0,07
recépage;m;0,07
redent;m;0,07
redose;f;0,07
redoublant;m;0,07
redrapeau;m;0,07
redéclic;m;0,07
redéploiement;m;0,07
reformation;f;0,07
refuite;f;0,07
regardeur;m;0,07
regimbement;m;0,07
regomme;f;0,07
regrattier;f;0,07
rehistoire;f;0,07
rehygiène;f;0,07
rejaillissement;m;0,07
relettre;f;0,07
relevailles;f;0,07
remain;f;0,07
remballage;m;0,07
rembour;m;0,07
remontage;m;0,07
remonte-pente;m;0,07
remonte-pentes;m;0,07
remorphine;f;0,07
remorquage;m;0,07
remplisseur;m;0,07
remue;f;0,07
remue-méninges;m;0,07
renaudeur;m;0,07
renflouement;m;0,07
rengagement;m;0,07
rengagé;m;0,07
reniflette;f;0,07
renonciateur;m;0,07
rentabilisation;f;0,07
rentoilage;m;0,07
rentre-dedans;m;0,07
renverseur;m;0,07
rep;m;0,07
repique;f;0,07
replantation;f;0,07
repose-pied;m;0,07
repreneur;m;0,07
reprographie;f;0,07
requiescat in pace;m;0,07
requin-marteau;m;0,07
rerigole;f;0,07
rescision;f;0,07
resevrage;m;0,07
resommeil;m;0,07
resplendissement;m;0,07
ressaisissement;m;0,07
ressasseur;m;0,07
ressourcement;m;0,07
ressui;m;0,07
ressuiement;m;0,07
retiro;m;0,07
retombe;f;0,07
retraitement;m;0,07
retravail;m;0,07
retroussage;m;0,07
revendicateur;m;0,07
revie;f;0,07
revitalisation;f;0,07
reviviscence;f;0,07
rhabilleur;m;0,07
rhingrave;m;0,07
rhodia;m;0,07
rhodo;m;0,07
rhombe;m;0,07
rhomboïde;m;0,07
rhovyl;m;0,07
rhynchite;m;0,07
ribleur;m;0,07
ridule;f;0,07
rigaudon;m;0,07
rigolage;m;0,07
rigollot;m;0,07
rimaillerie;f;0,07
rimailleur;m;0,07
rinceur;m;0,07
rincée;f;0,07
ripeur;m;0,07
risotto;m;0,07
ritt;f;0,07
ritualisation;f;0,07
rixdale;f;0,07
riz-minute;m;0,07
riz-pain-sel;m;0,07
robette;f;0,07
robinier;m;0,07
robinsonnade;m;0,07
roburite;f;0,07
rochassier;m;0,07
rochier;m;0,07
rocke;m;0,07
rocket;m;0,07
rogne-pied;m;0,07
roman-fleuve;m;0,07
romancero;m;0,07
romanche;m;0,07
romani;m;0,07
romanisation;f;0,07
roncet;m;0,07
rondache;f;0,07
rondeau;m;0,07
ronin;m;0,07
roploplo;m;0,07
rosage;m;0,07
rose-croix;m;0,07
rossinante;f;0,07
rossée;f;0,07
roséole;f;0,07
rotengle;m;0,07
roto;f;0,07
rotoplots;m;0,07
rototo;m;0,07
roubaisien;f;0,07
roucouleur;m;0,07
rouennerie;f;0,07
rouge-queue;m;0,07
rougissement;m;0,07
rouillarde;f;0,07
rouillure;f;0,07
rouquette;f;0,07
rouspétage;m;0,07
rousserolle;f;0,07
roussissure;f;0,07
routage;m;0,07
routard;m;0,07
royalty;f;0,07
rubricard;m;0,07
rucksack;m;0,07
ruisson;m;0,07
rumsteck;m;0,07
rutilance;f;0,07
râlement;m;0,07
réabonnement;m;0,07
réactivation;f;0,07
réagencement;m;0,07
réajustement;m;0,07
rébecca;f;0,07
réchauffement;m;0,07
réclamant;f;0,07
récoltant;m;0,07
réconciliateur;m;0,07
récupérateur;m;0,07
récusation;f;0,07
rédhibition;f;0,07
réduplication;f;0,07
réembarquement;m;0,07
réengagement;m;0,07
réformation;f;0,07
référé;m;0,07
régale;f;0,07
régaleur;m;0,07
régurgitation;f;0,07
régénérateur;m;0,07
réinterprétation;f;0,07
réinvention;f;0,07
rémiz;f;0,07
rénette;f;0,07
répandeur;m;0,07
réticulation;f;0,07
rétinite;f;0,07
rétorsion;f;0,07
rétroaction;f;0,07
rétrocession;f;0,07
rétroprojecteur;m;0,07
rétroversion;f;0,07
réunionnais;m;0,07
réveilleur;m;0,07
révisionnisme;m;0,07
rééchelonnement;m;0,07
rééducateur;m;0,07
réélection;f;0,07
rééquilibrage;m;0,07
réévaluation;f;0,07
rônier;m;0,07
rôt;m;0,07
sabelle;f;0,07
saboterie;f;0,07
saccageur;m;0,07
sachem;m;0,07
sacralisation;f;0,07
sacristine;f;0,07
sacrum;m;0,07
sadducéen;m;0,07
sagard;m;0,07
sagette;f;0,07
sagum;m;0,07
sahib;m;0,07
saigneur;m;0,07
saint-glinglin;f;0,07
saint-hubert;f;0,07
saint-synode;m;0,07
salanque;f;0,07
saleur;m;0,07
salicaire;f;0,07
salicorne;f;0,07
salinité;f;0,07
salivation;f;0,07
saliveur;m;0,07
salonnard;m;0,07
salonnier;m;0,07
salopiau;m;0,07
salpêtrière;f;0,07
samara;m;0,07
samizdat;m;0,07
samoyède;m;0,07
sampan;m;0,07
sanctification;f;0,07
sandalier;m;0,07
sandre;m;0,07
sanguin;m;0,07
sans-culottide;f;0,07
santoche;f;0,07
saoulard;m;0,07
saphisme;m;0,07
sapidité;f;0,07
sapience;f;0,07
saponaire;f;0,07
sar;m;0,07
sarclage;m;0,07
sardane;f;0,07
sardinier;m;0,07
sardoine;f;0,07
sarigue;f;0,07
saroual;m;0,07
sarriette;f;0,07
sarrussophone;m;0,07
satiation;f;0,07
saturnienne;f;0,07
saturnisme;m;0,07
saulnier;m;0,07
saumoneau;m;0,07
saunière;f;0,07
saurin;m;0,07
saute-ruisseau;m;0,07
savantasse;m;0,07
savarin;m;0,07
savonnage;m;0,07
savonnée;f;0,07
saxifragacée;f;0,07
scampi;m;0,07
scapin;m;0,07
scarification;f;0,07
scarlatine;f;0,07
scatologue;m;0,07
scenarii;m;0,07
schako;m;0,07
schampooing;m;0,07
schlass;m;0,07
schlem;m;0,07
schlitte;f;0,07
schématisme;m;0,07
scirpe;m;0,07
scissure;f;0,07
scolarisation;f;0,07
scope;m;0,07
scopitone;m;0,07
scratch;m;0,07
scriban;m;0,07
scribouillage;m;0,07
scrotum;m;0,07
scrub;m;0,07
scrutateur;m;0,07
scénographie;f;0,07
second-maître;m;0,07
secondo;m;0,07
secouement;m;0,07
secoueur;m;0,07
secourisme;m;0,07
secrétairerie;f;0,07
sectionnement;m;0,07
sedan;m;0,07
sedum;m;0,07
seillon;m;0,07
seing;m;0,07
self-contrôle;m;0,07
self-made man;m;0,07
self-made-man;m;0,07
self-made-men;m;0,07
semen-contra;m;0,07
semi-liberté;f;0,07
sen;m;0,07
senior;m;0,07
senseur;m;0,07
sensibilisation;f;0,07
sensorialité;f;0,07
seps;m;0,07
septante;m;0,07
septembriseur;m;0,07
septentrion;m;0,07
septidi;m;0,07
sepuku;m;0,07
serfouette;f;0,07
sergent-pilote;m;0,07
serial;m;0,07
seringueiro;m;0,07
serre-livres;m;0,07
sertao;m;0,07
sertissage;m;0,07
sertisseur;m;0,07
sex-symbol;m;0,07
sextidi;m;0,07
shaman;m;0,07
shamisen;m;0,07
shampoing;m;0,07
sherpa;m;0,07
shintoïsme;m;0,07
shipchandler;m;0,07
shipping;m;0,07
shirting;m;0,07
shéol;m;0,07
shôgun;m;0,07
signifiance;f;0,07
signifié;m;0,07
simien;m;0,07
similor;m;0,07
sinistrose;f;0,07
sinologie;f;0,07
siphonnage;m;0,07
sisymbre;m;0,07
six-quatre;m;0,07
skate;m;0,07
skate-board;m;0,07
skating;m;0,07
skipper;m;0,07
slang;m;0,07
slavisme;m;0,07
slavon;m;0,07
sloop;m;0,07
sloughi;m;0,07
smigard;m;0,07
smog;m;0,07
smorrebrod;m;0,07
sniffette;f;0,07
snow-boot;m;0,07
socinien;m;0,07
socius;m;0,07
solanacée;f;0,07
soleil-roi;m;0,07
solen;m;0,07
solidus;m;0,07
solucamphre;m;0,07
soluté;m;0,07
somno;m;0,07
sonar;m;0,07
songeur;f;0,07
sonorisateur;m;0,07
sonotone;m;0,07
sopor;m;0,07
sorbe;f;0,07
sorbonnard;f;0,07
sorbonne;f;0,07
sorgho;m;0,07
sotie;f;0,07
soubise;f;0,07
souchet;m;0,07
souchette;f;0,07
soudanais;m;0,07
soufflage;m;0,07
soufrage;m;0,07
souillage;m;0,07
sourde-muette;f;0,07
sous-comité;m;0,07
sous-commission;f;0,07
sous-continent;m;0,07
sous-cul;m;0,07
sous-diacre;m;0,07
sous-dominante;f;0,07
sous-emploi;m;0,07
sous-estimation;f;0,07
sous-garde;f;0,07
sous-gorge;f;0,07
sous-location;f;0,07
sous-ministre;m;0,07
sous-plat;m;0,07
sous-station;f;0,07
soutanelle;f;0,07
soutirage;m;0,07
sovkhoze;m;0,07
spadille;m;0,07
sparring-partner;m;0,07
speakeasy;m;0,07
species;m;0,07
spenglérienne;f;0,07
spermicide;m;0,07
sphaigne;f;0,07
sphéricité;f;0,07
spina-ventosa;m;0,07
spinozisme;m;0,07
spiromètre;m;0,07
spirée;f;0,07
spondée;m;0,07
sponsoring;m;0,07
sportswear;m;0,07
spoutnik;m;0,07
sprechgesang;m;0,07
spumosité;f;0,07
spécification;f;0,07
spéléologie;f;0,07
squash;m;0,07
squeeze;m;0,07
squire;m;0,07
stabat mater;m;0,07
stadium;m;0,07
stand-by;m;0,07
standardisation;f;0,07
stase;f;0,07
statice;m;0,07
station-éclair;f;0,07
statique;f;0,07
steeple;m;0,07
steeple-chase;m;0,07
stegomya;f;0,07
stem;m;0,07
stencil;m;0,07
stendhalien;m;0,07
stercoraire;m;0,07
stetson;m;0,07
stigma;m;0,07
stipe;m;0,07
story-board;m;0,07
stradivarius;m;0,07
streptocoque;m;0,07
strip-poker;m;0,07
strontiane;f;0,07
strontium;m;0,07
structuration;f;0,07
struggle for life;m;0,07
stryge;f;0,07
studette;f;0,07
stupa;m;0,07
stylisme;m;0,07
styrax;m;0,07
sténodactylographie;f;0,07
stérilisation;f;0,07
stéréoscopie;f;0,07
stéréotypie;f;0,07
subornation;f;0,07
subrécargue;m;0,07
substruction;f;0,07
sudation;f;0,07
suffète;m;0,07
suiffard;m;0,07
suivez-moi-jeune-homme;m;0,07
sulfatage;m;0,07
sulfite;m;0,07
sumo;m;0,07
sunna;f;0,07
super-grand;m;0,07
superchampion;m;0,07
supergrand;m;0,07
superintendante;f;0,07
supernova;f;0,07
superphosphate;m;0,07
superviseur;m;0,07
supin;m;0,07
support-chaussette;m;0,07
supérette;f;0,07
suractivité;f;0,07
suralimentation;f;0,07
surard;m;0,07
surcompensation;f;0,07
surfaçage;m;0,07
surfilage;m;0,07
surhumanité;f;0,07
surinfection;f;0,07
surinformation;f;0,07
surintendance;f;0,07
surinvestissement;m;0,07
surpeuplement;m;0,07
surpiqûre;f;0,07
surprise-party;f;0,07
surpuissance;f;0,07
surrégime;m;0,07
surévaluation;f;0,07
suçage;m;0,07
suçotement;m;0,07
suède;m;0,07
sweepstake;m;0,07
sybaritisme;m;0,07
sycophante;m;0,07
syllepse;f;0,07
sylphe;m;0,07
sylvain;m;0,07
sympathectomie;f;0,07
symphorine;f;0,07
synchronie;f;0,07
synode;m;0,07
syntagme;m;0,07
synérèse;f;0,07
syrinx;f;0,07
systématisation;f;0,07
sèvres;m;0,07
séborrhée;f;0,07
sébum;m;0,07
sécot;m;0,07
sédentarisation;f;0,07
sédentarisme;m;0,07
sélectionneur;m;0,07
sélectivité;f;0,07
sélénographie;f;0,07
sémillon;m;0,07
sémiologie;f;0,07
sénatus-consulte;m;0,07
sérac;m;0,07
sérosité;f;0,07
séton;m;0,07
tabaski;f;0,07
tablature;f;0,07
table-bureau;f;0,07
tabletterie;f;0,07
taborite;m;0,07
tabulateur;m;0,07
tabès;m;0,07
tacaud;m;0,07
tacheture;f;0,07
tacle;m;0,07
tafia;m;0,07
taifa;m;0,07
taillandier;m;0,07
taillant;m;0,07
taille-haie;m;0,07
tailleur-pantalon;m;0,07
tailleuse;f;0,07
talle;f;0,07
tallipot;m;0,07
talmouse;f;0,07
talonnade;f;0,07
talonneur;m;0,07
talure;f;0,07
tamanoir;m;0,07
tamarin;m;0,07
tambourinade;f;0,07
tambourineur;m;0,07
tamouré;m;0,07
tamponnage;m;0,07
tamtam;m;0,07
tangue;f;0,07
tanker;m;0,07
tanrec;m;0,07
tansad;m;0,07
tantième;m;0,07
taoïsme;m;0,07
tapageur;m;0,07
tapecul;m;0,07
tapotis;m;0,07
tarabiscot;m;0,07
tarbais;m;0,07
tarbouche;m;0,07
targui;m;0,07
tarlatane;f;0,07
tarmac;m;0,07
tarpé;m;0,07
tartuffe;m;0,07
tartufferie;f;0,07
tasmanien;m;0,07
tatar;m;0,07
tau;m;0,07
taupicide;m;0,07
taupin;m;0,07
taupinée;f;0,07
taure;f;0,07
taxation;f;0,07
taxi-auto;m;0,07
taxidermie;f;0,07
taxiphone;m;0,07
taylorisme;m;0,07
tchadien;m;0,07
tchador;m;0,07
tcherkesse;m;0,07
technicité;f;0,07
technico-commerciaux;m;0,07
technocratisme;m;0,07
tell;m;0,07
tem;m;0,07
temporal;m;0,07
tempérance;f;0,07
tennis-ballon;m;0,07
tercet;m;0,07
testu;m;0,07
textologie;f;0,07
thaler;m;0,07
thalweg;m;0,07
thaumaturgie;f;0,07
thermoformage;m;0,07
thriller;m;0,07
thyrse;m;0,07
thébaïne;f;0,07
thématique;f;0,07
thérapie;f;0,07
théâtralité;f;0,07
tiaré;m;0,07
ticheurte;m;0,07
tiercefeuille;f;0,07
tiers-mondisme;m;0,07
tiers-ordre;m;0,07
tig;f;0,07
tigrure;f;0,07
timbrage;m;0,07
tipule;f;0,07
tiraillerie;f;0,07
tire-botte;m;0,07
tire-bouton;m;0,07
tire-laine;m;0,07
tire-larigot;f;0,07
tissutier;m;0,07
titubement;m;0,07
toccata;f;0,07
tokay;m;0,07
tokharien;m;0,07
tommies;m;0,07
top model;f;0,07
tophus;m;0,07
topologie;f;0,07
toponymie;f;0,07
torchée;f;0,07
tore;m;0,07
toron;m;0,07
torréfaction;f;0,07
tortureur;m;0,07
toréador-vedette;m;0,07
toss;m;0,07
totalisation;f;0,07
touareg;m;0,07
touchotter;m;0,07
toupilleur;m;0,07
tourbier;m;0,07
touret;m;0,07
tourillon;m;0,07
tourlourou;m;0,07
tourlousine;f;0,07
tourmentin;m;0,07
tournebroche;m;0,07
tournement;m;0,07
tournerie;f;0,07
tourtière;f;0,07
toxine;f;0,07
toxique;m;0,07
traban;m;0,07
traboule;f;0,07
tracassier;f;0,07
trachome;m;0,07
trachéite;f;0,07
traction-avant;f;0,07
traficoteur;m;0,07
trafiquant-espion;m;0,07
trainglot;m;0,07
training;m;0,07
tranchage;m;0,07
tranche-montagne;m;0,07
tranchecaille;f;0,07
tranchelard;m;0,07
transaminase;f;0,07
transfigurateur;f;0,07
transsaharien;f;0,07
transsibérien;m;0,07
trave;f;0,07
traversine;f;0,07
traîne-misère;m;0,07
traîne-savate;m;0,07
traîne-semelles;m;0,07
treizain;f;0,07
tremolo;m;0,07
trempage;m;0,07
trempoline;m;0,07
trente-et-quarante;m;0,07
trente-et-un;m;0,07
tresseur;m;0,07
triangulaire;f;0,07
triangulation;f;0,07
trianon;m;0,07
tribart;m;0,07
tricentenaire;m;0,07
triceps;m;0,07
trichinose;f;0,07
tricoises;f;0,07
tridi;m;0,07
trifolium;m;0,07
triforium;m;0,07
trigle;m;0,07
triglycéride;m;0,07
trilogie;f;0,07
trinacrie;f;0,07
trinquette;f;0,07
triode;f;0,07
trionix;m;0,07
tripoli;m;0,07
trismus;m;0,07
trithéisme;m;0,07
trivium;m;0,07
trobriandais;m;0,07
trochure;f;0,07
trois-six;m;0,07
trolle;f;0,07
trope;m;0,07
trottignolle;m;0,07
troubade;m;0,07
trouducuterie;f;0,07
troufignard;m;0,07
troussequin;m;0,07
trouveur;m;0,07
truck;m;0,07
truitelle;f;0,07
trâlée;f;0,07
tréflière;f;0,07
trémois;m;0,07
trésorier-payeur;m;0,07
tsé-tsé;f;0,07
tu autem;m;0,07
tubage;m;0,07
tuméfaction;f;0,07
tuner;m;0,07
tuque;f;0,07
turbotière;f;0,07
turco;m;0,07
turelure;f;0,07
turgescence;f;0,07
turgotine;f;0,07
turinois;m;0,07
turlutaine;f;0,07
tuyautage;m;0,07
tuyère;f;0,07
tyrannosaure;m;0,07
tzarevitch;m;0,07
tégénaire;f;0,07
télescripteur;m;0,07
téléfax;m;0,07
téléférique;m;0,07
télémark;m;0,07
téléphonage;m;0,07
téléphonie;f;0,07
télétype;m;0,07
ténébrionidé;m;0,07
tétanie;f;0,07
tétanisation;f;0,07
tétrachlorure;m;0,07
tétradrachme;m;0,07
tétragone;f;0,07
tétragramme;m;0,07
tétralogie;f;0,07
tôt-fait;m;0,07
ukase;m;0,07
ukulélé;m;0,07
ultima ratio;f;0,07
ultra-gauche;f;0,07
ultragauche;f;0,07
ultraviolet;m;0,07
unanimisme;m;0,07
upanisad;f;0,07
upanishad;m;0,07
upas;m;0,07
urane;m;0,07
uranisme;m;0,07
ure;m;0,07
urographie;f;0,07
urologie;f;0,07
uroscopie;f;0,07
usine-pilote;f;0,07
usinier;m;0,07
utilitarisme;m;0,07
vacillation;f;0,07
valence;f;0,07
valeur-refuge;f;0,07
validation;f;0,07
valleuse;f;0,07
valvule;f;0,07
vannière;f;0,07
vaquero;m;0,07
varan;m;0,07
varappe;f;0,07
varappeur;m;0,07
varia;m;0,07
variorum;m;0,07
varlet;m;0,07
vastité;f;0,07
vater;m;0,07
vautre;m;0,07
vauxhall;m;0,07
venant;m;0,07
venette;f;0,07
venise;f;0,07
ventis;m;0,07
ventricule;m;0,07
ventripotent;m;0,07
verdin;f;0,07
verdoiement;m;0,07
vermisseau;m;0,07
vernier;m;0,07
verrier;m;0,07
versiculet;m;0,07
versificateur;m;0,07
vert-jaune;m;0,07
vertical;m;0,07
vesprée;f;0,07
vestalat;m;0,07
viabilité;f;0,07
viandard;m;0,07
vibrateur;m;0,07
vibro-masseur;m;0,07
vichysme;m;0,07
vichyssois;m;0,07
vicinalité;f;0,07
victimaire;m;0,07
vidame;m;0,07
vidure;f;0,07
vidéo-espion;m;0,07
vielleux;m;0,07
vigneau;m;0,07
ville-dortoir;f;0,07
vintage;m;0,07
vipéreau;m;0,07
virole;f;0,07
virolet;m;0,07
visionnage;m;0,07
visitandine;f;0,07
visite-éclair;f;0,07
vitrauphanie;f;0,07
vitrioleur;m;0,07
vitrophanie;f;0,07
vitupération;f;0,07
voiture-balai;f;0,07
voiturin;m;0,07
volapük;m;0,07
volley;m;0,07
voltigement;m;0,07
voltmètre;m;0,07
volvaire;f;0,07
volve;f;0,07
vomitoire;m;0,07
vopo;m;0,07
vouvray;m;0,07
voyage-éclair;m;0,07
voyoutisme;m;0,07
vraquier;m;0,07
vrillement;m;0,07
vrillette;f;0,07
vulcanisation;f;0,07
vulgarisateur;m;0,07
vulgum pecus;m;0,07
vulpin;m;0,07
vulvaire;f;0,07
vélaire;f;0,07
vélo-cross;m;0,07
vénézuélien;m;0,07
vétyver;m;0,07
vêpres;m;0,07
wagon-citerne;m;0,07
wagon-lits;m;0,07
warning;m;0,07
warrant;m;0,07
wax;m;0,07
weltanschauung;f;0,07
western-spaghetti;m;0,07
whig;m;0,07
whipcord;m;0,07
whisky-soda;m;0,07
wurtembergeois;m;0,07
xavier;m;0,07
xiphidion;m;0,07
yacht-club;m;0,07
yachtwoman;f;0,07
yama;m;0,07
yaourtière;f;0,07
yogourt;m;0,07
you-you;m;0,07
yucca;m;0,07
zanimaux;m;0,07
zeb;m;0,07
zemstvo;m;0,07
zest;m;0,07
ziggourat;f;0,07
zigounette;f;0,07
zingage;m;0,07
zloty;m;0,07
zone-clé;f;0,07
zoreille;m;0,07
zorille;f;0,07
zoulou;m;0,07
zoziaux;m;0,07
zozoteur;f;0,07
zygoma;m;0,07
zénana;f;0,07
çruti;m;0,07
ébarbage;m;0,07
ébattement;m;0,07
ébaucheur;m;0,07
ébauchon;m;0,07
ébranchement;m;0,07
écailleur;m;0,07
écale;f;0,07
échevellement;m;0,07
échographie;f;0,07
échouement;m;0,07
éclatage;m;0,07
éclateur;m;0,07
écoinçon;m;0,07
économiseur;m;0,07
économisme;m;0,07
écoperche;f;0,07
écorchement;m;0,07
écorcherie;f;0,07
écrasage;m;0,07
écraseur;m;0,07
écrasure;f;0,07
écrouelles;f;0,07
écrémage;m;0,07
écrémeur;f;0,07
égalitarisme;m;0,07
égouttis;m;0,07
égrènement;m;0,07
électorat;m;0,07
électrisation;f;0,07
électro-encéphalogramme;m;0,07
électrode;f;0,07
électrodynamique;f;0,07
électronicien;m;0,07
électrum;m;0,07
élevure;f;0,07
élémentarité;f;0,07
émersion;f;0,07
émeu;m;0,07
émouchet;m;0,07
émoussement;m;0,07
émulsion;f;0,07
émétique;m;0,07
énergétique;f;0,07
énonciateur;m;0,07
énonciation;f;0,07
énucléation;f;0,07
énurésie;f;0,07
éonisme;m;0,07
épatement;m;0,07
épaulé;m;0,07
épeautre;m;0,07
épectase;f;0,07
épeichette;f;0,07
épeire;f;0,07
éphébie;f;0,07
éphésien;m;0,07
épicéa;m;0,07
épidiascope;m;0,07
épileur;f;0,07
épine-vinette;f;0,07
épinglage;m;0,07
épinier;m;0,07
épinoche;f;0,07
épiphénomène;m;0,07
épissoir;m;0,07
épistémologie;f;0,07
épitomé;m;0,07
épongeage;m;0,07
épouillage;m;0,07
épouseur;m;0,07
époussetage;m;0,07
épulie;f;0,07
épurateur;m;0,07
équatorien;m;0,07
équerrage;m;0,07
équilibrisme;m;0,07
érablière;f;0,07
éraillure;f;0,07
étalonnage;m;0,07
étameur;m;0,07
étampure;f;0,07
étatisme;m;0,07
étayage;m;0,07
éthologie;f;0,07
étiolement;m;0,07
étisie;f;0,07
étrangéité;f;0,07
étripage;m;0,07
étrécissement;m;0,07
étrésillon;m;0,07
étuveur;f;0,07
évasement;m;0,07
éventrement;m;0,07
évidement;m;0,07
évocateur;m;0,07
éwé;m;0,07
îlette;f;0,07
aa;m;0,00
abaca;m;0,00
abaisse;f;0,00
abc;m;0,00
abdos;m;0,00
abduction;f;0,00
aber;m;0,00
abraxas;m;0,00
abscisse;f;0,00
absorbeur;m;0,00
abuseur;m;0,00
abyssinien;f;0,00
acadienne;f;0,00
accenteur;m;0,00
accessibilité;f;0,00
accra;m;0,00
accréditation;f;0,00
accrétion;f;0,00
acculturation;f;0,00
ace;m;0,00
acetabulum;m;0,00
achards;m;0,00
achillée;f;0,00
achondroplasie;f;0,00
acid jazz;m;0,00
acidocétose;f;0,00
acidose;f;0,00
acmé;f;0,00
acouphène;m;0,00
acrophobie;f;0,00
acrostiche;m;0,00
acrylonitrile;m;0,00
actine;f;0,00
actionnariat;m;0,00
actionneur;m;0,00
activateur;m;0,00
actuation;f;0,00
acuponcteur;m;0,00
acuponcture;f;0,00
acétylcholine;f;0,00
ada;m;0,00
adaptabilité;f;0,00
addenda;m;0,00
adducteur;m;0,00
adent;m;0,00
adjudant-major;m;0,00
adobe;m;0,00
adon;m;0,00
adonis;m;0,00
adoucissant;m;0,00
adp;m;0,00
adressage;m;0,00
adénine;f;0,00
adénocarcinome;m;0,00
adénopathie;f;0,00
adénosine;f;0,00
adénovirus;m;0,00
affabulateur;f;0,00
affacturage;m;0,00
affect;m;0,00
affidavit;m;0,00
affrètement;m;0,00
africanisme;m;0,00
afrikaans;m;0,00
agame;m;0,00
aggrave;f;0,00
agit-prop;f;0,00
agnosie;f;0,00
agrafage;m;0,00
agrafeur;m;0,00
agranulocytose;f;0,00
agroalimentaire;m;0,00
agrég;f;0,00
aguardiente;f;0,00
aguichage;m;0,00
aguiche;f;0,00
aiguillat;m;0,00
aiguiseur;m;0,00
ain;f;0,00
air bag;m;0,00
airbag;m;0,00
airbus;m;0,00
airedale;m;0,00
aisseau;m;0,00
ajutage;m;0,00
akkadien;m;0,00
ako;m;0,00
albacore;m;0,00
albe;m;0,00
albinisme;m;0,00
alcalde;m;0,00
alcalinité;f;0,00
alcalose;f;0,00
alcaloïde;m;0,00
alcibiade;m;0,00
alde;m;0,00
alderman;m;0,00
aldol;m;0,00
alexie;f;0,00
alexithymie;m;0,00
algie;f;0,00
algorithme;m;0,00
aligot;m;0,00
alim;f;0,00
alitement;m;0,00
alkali;m;0,00
allergologie;f;0,00
allergène;m;0,00
allier;m;0,00
allitération;f;0,00
allium;m;0,00
allochtone;m;0,00
allogreffe;f;0,00
allopathie;f;0,00
allèle;m;0,00
alstonia;f;0,00
alternateur;m;0,00
althaea;f;0,00
alude;f;0,00
aluette;f;0,00
alunissage;m;0,00
alvar;m;0,00
amaro;m;0,00
amerrissage;m;0,00
amharique;m;0,00
amine;f;0,00
aminoacide;m;0,00
aminophylline;f;0,00
ammonium;m;0,00
amniocentèse;f;0,00
amnios;m;0,00
amphibien;m;0,00
ampli-tuner;m;0,00
ampèremètre;m;0,00
ampérage;m;0,00
amuse-bouche;m;0,00
amygdalectomie;f;0,00
amygdalite;f;0,00
amylase;f;0,00
amé;m;0,00
américium;m;0,00
anabolisant;m;0,00
anaconda;m;0,00
anaglyphe;m;0,00
analeptique;m;0,00
analgésie;f;0,00
analyseur;m;0,00
anaphase;f;0,00
anaphylaxie;f;0,00
androgène;m;0,00
anecdotier;m;0,00
angiocholite;f;0,00
angiographie;f;0,00
angiome;m;0,00
angioplastie;f;0,00
angolais;m;0,00
angor;m;0,00
angéite;f;0,00
animaux-espions;m;0,00
animus;m;0,00
anniv;m;0,00
année-homme;f;0,00
anode;f;0,00
anophèle;m;0,00
anosmie;f;0,00
anoxie;f;0,00
antalgique;m;0,00
anthonome;m;0,00
anthracine;m;0,00
anthracose;f;0,00
anthracène;m;0,00
anthraquinone;f;0,00
anti-acné;f;0,00
anti-allergie;f;0,00
anti-avortement;m;0,00
anti-beauf;m;0,00
anti-blindage;m;0,00
anti-boson;m;0,00
anti-braquage;m;0,00
anti-bruit;m;0,00
anti-cancer;m;0,00
anti-cellulite;f;0,00
anti-club;m;0,00
anti-colère;f;0,00
anti-corps;m;0,00
anti-corruption;f;0,00
anti-crash;m;0,00
anti-crime;m;0,00
anti-criminalité;f;0,00
anti-dauphin;m;0,00
anti-desperado;m;0,00
anti-dieu;m;0,00
anti-discrimination;f;0,00
anti-dopage;m;0,00
anti-douleur;f;0,00
anti-drague;f;0,00
anti-drogue;f;0,00
anti-démon;m;0,00
anti-espionne;f;0,00
anti-establishment;m;0,00
anti-explosion;f;0,00
anti-fantôme;m;0,00
anti-femme;f;0,00
anti-gang;m;0,00
anti-gel;m;0,00
anti-gerce;f;0,00
anti-gouvernement;m;0,00
anti-graffiti;m;0,00
anti-gravité;f;0,00
anti-grimace;f;0,00
anti-immigration;f;0,00
anti-incendie;m;0,00
anti-inertie;f;0,00
anti-intimité;f;0,00
anti-manipulation;f;0,00
anti-mariage;m;0,00
anti-matière;f;0,00
anti-mec;m;0,00
anti-missile;m;0,00
anti-médicament;m;0,00
anti-météorite;f;0,00
anti-nausée;f;0,00
anti-navire;m;0,00
anti-nucléaire;m;0,00
anti-particule;f;0,00
anti-piratage;m;0,00
anti-pollution;f;0,00
anti-poux;m;0,00
anti-puce;f;0,00
anti-racket;m;0,00
anti-radiation;f;0,00
anti-rejet;m;0,00
anti-religion;f;0,00
anti-rhume;m;0,00
anti-ride;f;0,00
anti-rouille;f;0,00
anti-sida;m;0,00
anti-somnolence;f;0,00
anti-souffle;m;0,00
anti-stress;m;0,00
anti-sémitisme;m;0,00
anti-tache;f;0,00
anti-tank;m;0,00
anti-tension;f;0,00
anti-terrorisme;m;0,00
anti-tornade;f;0,00
anti-toux;f;0,00
anti-truie;f;0,00
anti-trust;m;0,00
anti-venin;m;0,00
anti-vieillissement;m;0,00
anti-viol;m;0,00
anti-violence;f;0,00
anti-virus;m;0,00
anti-évasion;f;0,00
antibois;m;0,00
anticoagulant;m;0,00
antidémarrage;m;0,00
antifongique;m;0,00
antigel;m;0,00
antigravitation;f;0,00
antigravité;f;0,00
antigrippe;f;0,00
antihistaminique;m;0,00
antihéros;m;0,00
antimissile;m;0,00
antimitotique;m;0,00
antinazi;m;0,00
antioxydant;m;0,00
antiproton;m;0,00
antiprotéase;f;0,00
antipsychotique;m;0,00
antiquark;m;0,00
antiracisme;m;0,00
antirouille;m;0,00
antiseptique;m;0,00
antisocial;m;0,00
antispasmodique;m;0,00
antisérum;m;0,00
antiterrorisme;m;0,00
antitoxine;f;0,00
antiviral;m;0,00
antivirus;m;0,00
antiémétique;m;0,00
anuscopie;f;0,00
anxiolytique;m;0,00
anya;m;0,00
aoûtat;m;0,00
aphrodite;f;0,00
aphte;m;0,00
apiculture;f;0,00
apis;m;0,00
aplasie;f;0,00
apocope;f;0,00
apoptose;f;0,00
appendicectomie;f;0,00
applaudimètre;m;0,00
applaudisseur;m;0,00
applicabilité;f;0,00
applicateur;m;0,00
appontage;m;0,00
apprenti-pilote;m;0,00
approfondissement;m;0,00
appui-tête;m;0,00
après-coup;m;0,00
après-rasage;m;0,00
après-shampoing;m;0,00
aquaculture;f;0,00
aquagym;f;0,00
aquariophilie;f;0,00
aquatinte;f;0,00
arac;m;0,00
arachnide;m;0,00
aragonite;f;0,00
araire;m;0,00
araldite;m;0,00
arboretum;m;0,00
arboriculteur;m;0,00
arcadien;m;0,00
archi-e;m;0,00
archi-mortels;m;0,00
archi-nul;m;0,00
archi-nuls;m;0,00
archidiocèse;m;0,00
architectonie;f;0,00
archivage;m;0,00
argilière;f;0,00
argumentaire;m;0,00
argumentateur;m;0,00
argumentatif;m;0,00
arme-miracle;f;0,00
armon;m;0,00
arobase;f;0,00
aromathérapie;f;0,00
aromatique;m;0,00
arquebusier;m;0,00
arrière-cousin;m;0,00
arthropathie;f;0,00
arthroplastie;f;0,00
arthroscopie;f;0,00
artificialité;f;0,00
artéfact;m;0,00
artériographie;f;0,00
artériopathie;f;0,00
aréflexie;f;0,00
aréna;m;0,00
aréquier;m;0,00
as-rois;m;0,00
asa;m;0,00
asana;f;0,00
asbeste;m;0,00
asbestose;f;0,00
ascite;f;0,00
asexualité;f;0,00
aspartam;m;0,00
aspartame;m;0,00
aspergillose;f;0,00
aspergillus;m;0,00
assa-foetida;f;0,00
asseau;m;0,00
assignement;m;0,00
assouplissant;m;0,00
assurage;m;0,00
assurance-accidents;f;0,00
assurance-chômage;f;0,00
assuétude;f;0,00
aste;f;0,00
astiqueur;m;0,00
astringent;m;0,00
astrochimie;f;0,00
astrométrie;f;0,00
astronef;m;0,00
astrophysique;f;0,00
astroport;m;0,00
astroscope;m;0,00
astérisme;m;0,00
asystolie;f;0,00
ataxie;f;0,00
athénée;m;0,00
atomiseur;m;0,00
atrésie;f;0,00
attaqueur;m;0,00
attendrisseur;m;0,00
attorney;m;0,00
attraction-vedette;f;0,00
attrapage;m;0,00
attrapeur;m;0,00
atténuateur;m;0,00
atèle;m;0,00
atélectasie;f;0,00
atémi;m;0,00
audimat;m;0,00
audioconférence;f;0,00
audiogramme;m;0,00
audiométrie;f;0,00
audiophone;m;0,00
augment;m;0,00
aula;f;0,00
aureus;m;0,00
australienne;f;0,00
autisme;m;0,00
auto-tamponneuse;f;0,00
auto-érotisme;m;0,00
autobronzant;m;0,00
autocollant;m;0,00
autocuiseur;m;0,00
autodiscipline;f;0,00
autodrome;m;0,00
autodérision;f;0,00
autodétermination;f;0,00
autofinancement;m;0,00
autofocus;m;0,00
autogenèse;f;0,00
autoguidage;m;0,00
autolyse;f;0,00
automobile-club;f;0,00
automédication;f;0,00
autoneige;f;0,00
autopilote;m;0,00
autoplastie;f;0,00
autopropulseur;m;0,00
autopunition;f;0,00
autoreproduction;f;0,00
autorégulation;f;0,00
autostop;m;0,00
autosubsistance;f;0,00
autosuffisance;f;0,00
autosurveillance;f;0,00
avaliseur;m;0,00
avant-bec;m;0,00
avant-mont;m;0,00
avant-projet;m;0,00
avant-trou;m;0,00
aviculture;f;0,00
avion-citerne;m;0,00
avion-école;m;0,00
avionique;f;0,00
avionneur;m;0,00
avions-espions;m;0,00
avocaillon;m;0,00
avocat-conseil;m;0,00
avocatier;m;0,00
avulsion;f;0,00
awacs;m;0,00
axel;m;0,00
axis;m;0,00
aya;f;0,00
aye-aye;m;0,00
azoospermie;f;0,00
azoture;m;0,00
aérage;m;0,00
aéroglisseur;m;0,00
aérologie;f;0,00
aéropathie;f;0,00
aéropostale;f;0,00
aérospatiale;f;0,00
aérostat;m;0,00
aï;m;0,00
babel;m;0,00
babeurre;m;0,00
babi;m;0,00
baby-boom;m;0,00
baccarat;m;0,00
bachotage;m;0,00
back up;m;0,00
backgammon;m;0,00
bactériologie;f;0,00
bactériophage;m;0,00
bactériémie;f;0,00
bafouilleur;m;0,00
bagasse;f;0,00
baguage;m;0,00
baht;m;0,00
baissement;m;0,00
balboa;m;0,00
bale;f;0,00
baleineau;m;0,00
ballon-sonde;m;0,00
balnéothérapie;f;0,00
balsa;m;0,00
banc-titre;m;0,00
bande-annonce;f;0,00
bandothèque;f;0,00
banqueroutier;m;0,00
bantou;m;0,00
bantu;m;0,00
banyan;m;0,00
bar-hôtel;m;0,00
baragouinage;m;0,00
baragouineur;m;0,00
baraterie;f;0,00
barattage;m;0,00
barbule;f;0,00
bardage;m;0,00
bardolino;m;0,00
barine;m;0,00
barolo;m;0,00
barotraumatisme;m;0,00
barye;f;0,00
baryon;m;0,00
baseball;m;0,00
basic;m;0,00
basileus;m;0,00
basmati;m;0,00
bastonneur;m;0,00
batailleur;m;0,00
batak;m;0,00
batardeau;m;0,00
bateau-citerne;m;0,00
bateau-pilote;m;0,00
bathymètre;m;0,00
bathyscaphe;m;0,00
bathysphère;f;0,00
baud;m;0,00
bazard;m;0,00
beagle;m;0,00
beau-parent;m;0,00
beaux-enfants;m;0,00
beeper;m;0,00
bengalais;m;0,00
benzidine;f;0,00
benzoate;m;0,00
benzodiazépine;f;0,00
benzonaphtol;m;0,00
benzène;m;0,00
berg;m;0,00
berle;f;0,00
best of;m;0,00
betting;m;0,00
biathlon;m;0,00
bib;m;0,00
bicycle;m;0,00
bidouillage;m;0,00
bidouille;f;0,00
big band;m;0,00
bigame;m;0,00
bilirubine;f;0,00
billetterie;f;0,00
bimestre;m;0,00
bin's;m;0,00
biochimie;f;0,00
biodiversité;f;0,00
bioluminescence;f;0,00
biomasse;f;0,00
biomécanique;f;0,00
biomécanisme;m;0,00
biométrie;f;0,00
biométrique;f;0,00
bionique;f;0,00
biophysique;f;0,00
biorythme;m;0,00
biosphère;f;0,00
biotechnique;f;0,00
biotechnologie;f;0,00
biotite;f;0,00
biotope;m;0,00
bip-bip;m;0,00
bipartisme;m;0,00
biphényle;m;0,00
bircher;m;0,00
biréfringence;f;0,00
bischof;m;0,00
biscoteau;m;0,00
bishop;m;0,00
bisou-éclair;m;0,00
bissel;m;0,00
bitoniau;m;0,00
bitter;m;0,00
bivalve;m;0,00
bizuteur;m;0,00
bizuth;m;0,00
black-jack;m;0,00
blastula;f;0,00
blessing;m;0,00
bleu-roi;m;0,00
bleuette;f;0,00
blitzkrieg;m;0,00
blob;m;0,00
bloc-cylindres;m;0,00
bloc-moteur;m;0,00
bloom;m;0,00
bloomer;m;0,00
bloqueur;m;0,00
blue note;f;0,00
bobby;m;0,00
bochiman;m;0,00
bodhi;f;0,00
bodhisattva;m;0,00
body-building;m;0,00
bodybuilding;m;0,00
bogie;m;0,00
boisselier;m;0,00
boitement;m;0,00
bombardon;m;0,00
bombe-test;f;0,00
bombeur;m;0,00
bombyx;m;0,00
bondieusard;m;0,00
booster;m;0,00
bordeau;m;0,00
borderie;f;0,00
borderline;m;0,00
bore;m;0,00
borough;m;0,00
bortch;m;0,00
borée;f;0,00
bossage;m;0,00
botteur;m;0,00
botulisme;m;0,00
boudine;f;0,00
bougnoul;m;0,00
bougonnement;m;0,00
bougran;m;0,00
bougé;m;0,00
boulder;m;0,00
boule-de-neige;f;0,00
bouloir;m;0,00
boulonnage;m;0,00
bouquineur;m;0,00
bourlingue;f;0,00
bourre-mou;m;0,00
bourrine;f;0,00
bousilleur;m;0,00
boutique-cadeaux;f;0,00
boycott;m;0,00
bozo;m;0,00
brabant;m;0,00
brachiosaure;m;0,00
bradycardie;f;0,00
brai;m;0,00
brainstorming;m;0,00
brandevin;m;0,00
breakdance;f;0,00
bregma;m;0,00
brette;f;0,00
brinde;f;0,00
brion;m;0,00
brise-fer;m;0,00
brise-vent;m;0,00
brisis;m;0,00
brisque;f;0,00
broché;m;0,00
brol;m;0,00
broncho;m;0,00
bronchoscope;m;0,00
bronchoscopie;f;0,00
brook;m;0,00
brouilleur;m;0,00
broutage;m;0,00
brumisateur;m;0,00
brunissage;m;0,00
buddha;m;0,00
budgétisation;f;0,00
bufo;m;0,00
bug;m;0,00
buggy;m;0,00
buisson-ardent;m;0,00
bulge;m;0,00
bull-terrier;m;0,00
bullaire;m;0,00
buna;m;0,00
bureautique;f;0,00
bursite;f;0,00
burundais;m;0,00
bush;m;0,00
bushido;m;0,00
butadiène;m;0,00
bute;m;0,00
buteur;m;0,00
butteur;m;0,00
by-pass;m;0,00
byte;m;0,00
béarnais;f;0,00
bébé-éprouvette;m;0,00
bécher;m;0,00
bécoteur;m;0,00
bédé;f;0,00
béhème;f;0,00
bélouga;m;0,00
béluga;m;0,00
béribéri;m;0,00
béryllium;m;0,00
bésigue;m;0,00
bétoine;f;0,00
bézoard;m;0,00
bêtatron;m;0,00
bêtisier;m;0,00
cabiai;m;0,00
cabrage;m;0,00
cacahouète;f;0,00
cacaotier;m;0,00
cacaoyer;m;0,00
cachemiri;m;0,00
cade;m;0,00
cadogan;m;0,00
caecum;m;0,00
caesium;m;0,00
cafardage;m;0,00
cafardeux;m;0,00
cafeteur;m;0,00
cafre;m;0,00
cagou;m;0,00
caillera;f;0,00
caillette;f;0,00
cake-walk;m;0,00
calabrais;m;0,00
calaison;f;0,00
calao;m;0,00
calcite;m;0,00
calcémie;f;0,00
caldeira;f;0,00
calebar;m;0,00
calendre;f;0,00
calendula;m;0,00
calfeutrage;m;0,00
calibration;f;0,00
californium;m;0,00
calo;m;0,00
caloporteur;m;0,00
caléidoscope;m;0,00
camaro;m;0,00
cambusier;m;0,00
camellia;m;0,00
camionnage;m;0,00
camping-car;m;0,00
caméra-espion;f;0,00
caméscope;m;0,00
canadair;m;0,00
canalisateur;m;0,00
cancel;m;0,00
canche;f;0,00
cancérigène;m;0,00
cancérogène;m;0,00
cancérologie;f;0,00
candida;m;0,00
candidose;f;0,00
canidé;m;0,00
canneberge;f;0,00
cannelloni;m;0,00
canonnage;m;0,00
canope;m;0,00
cantilever;m;0,00
capade;f;0,00
capilliculteur;m;0,00
capital-risque;m;0,00
capitanat;m;0,00
capitane;m;0,00
capitulard;m;0,00
cappa;f;0,00
capricorne;m;0,00
captage;m;0,00
capteur;m;0,00
caractérisation;f;0,00
caracul;m;0,00
carboglace;m;0,00
carbonade;f;0,00
carbonisation;f;0,00
carboxyhémoglobine;f;0,00
carcharodon;m;0,00
carcinome;m;0,00
carcinoïde;m;0,00
cardia;m;0,00
cardiogramme;m;0,00
cardiographe;m;0,00
cardiographie;f;0,00
cardiologie;f;0,00
cardiomyopathie;f;0,00
cardiomégalie;f;0,00
cardite;f;0,00
carioca;m;0,00
carlisme;m;0,00
carogne;f;0,00
carolus;m;0,00
carottage;m;0,00
carotteur;m;0,00
carotène;m;0,00
carpaccio;m;0,00
carrick;m;0,00
carriérisme;m;0,00
carron;m;0,00
carte-clé;f;0,00
carterie;f;0,00
carthame;m;0,00
cartomancie;f;0,00
cartothèque;f;0,00
carvi;m;0,00
cary;m;0,00
caryotype;m;0,00
cascara;f;0,00
casette;f;0,00
casse-bonbon;m;0,00
casse-burnes;m;0,00
casson;m;0,00
castard;m;0,00
castille;f;0,00
castrisme;m;0,00
casus belli;m;0,00
caséine;f;0,00
catalogage;m;0,00
cataplexie;f;0,00
catatonie;f;0,00
caterpillar;m;0,00
cathexis;f;0,00
cathode;f;0,00
cathéter;m;0,00
cathétérisme;m;0,00
cati;m;0,00
cation;m;0,00
cato;f;0,00
catécholamine;f;0,00
catégorisation;f;0,00
cautionnement;m;0,00
cavitation;f;0,00
cavum;m;0,00
cañon;m;0,00
cela;m;0,00
centaurée;f;0,00
centavo;m;0,00
centigramme;m;0,00
centile;m;0,00
centrage;m;0,00
centrifugation;f;0,00
centriole;m;0,00
centrum;m;0,00
cerclage;m;0,00
cerf-roi;m;0,00
certification;f;0,00
cervoise;f;0,00
cessionnaire;m;0,00
chah;m;0,00
challengeur;m;0,00
chamaille;f;0,00
chancel;m;0,00
chancelière;f;0,00
chantrerie;f;0,00
chaparral;m;0,00
charale;f;0,00
chardonay;m;0,00
chardonnay;m;0,00
charia;f;0,00
charpenterie;f;0,00
charrieur;m;0,00
chartre;f;0,00
chasse-pierres;m;0,00
chatouilleux;f;0,00
chauffagiste;m;0,00
chauffe-biberon;m;0,00
cheap;m;0,00
check-list;f;0,00
check-up;m;0,00
cheddar;m;0,00
cheese-cake;m;0,00
cheeseburger;m;0,00
cheikh;m;0,00
chiasme;m;0,00
chicanerie;f;0,00
chicaneur;m;0,00
chicon;m;0,00
chicotin;m;0,00
chien-robot;m;0,00
chiffrement;m;0,00
chile;m;0,00
chilom;m;0,00
chippendale;m;0,00
chiropracteur;m;0,00
chiropratique;f;0,00
chiropraxie;f;0,00
chiroptère;m;0,00
chisel;m;0,00
chistera;m;0,00
chlamydia;f;0,00
chloral;m;0,00
chloramphénicol;m;0,00
chlorhydrate;m;0,00
chlorophytum;m;0,00
chloroplaste;m;0,00
chloroquine;f;0,00
chlorpromazine;f;0,00
choane;m;0,00
choke;m;0,00
choline;f;0,00
cholinestérase;f;0,00
cholécystectomie;f;0,00
cholécystite;f;0,00
chop suey;m;0,00
chorée;f;0,00
choupette;f;0,00
chouquet;m;0,00
chromage;m;0,00
chromatogramme;m;0,00
chromatographie;f;0,00
chromosphère;f;0,00
chronographe;m;0,00
chronométreur;m;0,00
chronophotographie;f;0,00
chrysolite;f;0,00
chrysolithe;f;0,00
chuchoteur;f;0,00
chulo;m;0,00
chum;m;0,00
chutney;m;0,00
châteaubriant;m;0,00
chèque-cadeau;m;0,00
chélate;m;0,00
chéloïde;f;0,00
cibiste;m;0,00
ciblage;m;0,00
cicero;m;0,00
cidrerie;f;0,00
cigalon;m;0,00
cigarettier;m;0,00
cimarron;m;0,00
cinglage;m;0,00
cintrage;m;0,00
cinématique;f;0,00
cinétique;f;0,00
circonscriptions-clé;f;0,00
citizen band;f;0,00
citrate;m;0,00
citrus;m;0,00
civadière;f;0,00
claim;m;0,00
clairet;m;0,00
clamp;m;0,00
claquet;m;0,00
clavette;f;0,00
claymore;f;0,00
clearing;m;0,00
cleptomanie;f;0,00
click;m;0,00
clin-d'oeil;m;0,00
clinicat;m;0,00
clinker;m;0,00
clitoridectomie;f;0,00
cloutier;m;0,00
clubhouse;m;0,00
cluster;m;0,00
clémentine;f;0,00
co-animateur;m;0,00
co-auteur;m;0,00
co-avocat;m;0,00
co-capitaine;m;0,00
co-dépendance;f;0,00
co-production;f;0,00
co-vedette;f;0,00
co-voiturage;m;0,00
co-équipier;m;0,00
coaccusé;m;0,00
coach;m;0,00
coache;m;0,00
coati;m;0,00
coaxial;m;0,00
cob;m;0,00
cobol;m;0,00
cochenille;f;0,00
cochlée;f;0,00
cochonnée;f;0,00
cocoon;m;0,00
code-barre;m;0,00
code-barres;m;0,00
code-clé;m;0,00
codes-clé;m;0,00
codeur;m;0,00
codon;m;0,00
coentreprise;f;0,00
coenzyme;f;0,00
coffee shop;m;0,00
coffin;m;0,00
cofinancement;m;0,00
cognition;f;0,00
cogérant;m;0,00
coin-repas;m;0,00
coir;m;0,00
col-de-cygne;m;0,00
colchicine;f;0,00
colectomie;f;0,00
colis-cadeau;m;0,00
colistier;m;0,00
collationnement;m;0,00
collector;m;0,00
colleuse;f;0,00
colley;m;0,00
collure;f;0,00
colonoscopie;f;0,00
colopathie;f;0,00
colorisation;f;0,00
coloscopie;f;0,00
colostomie;f;0,00
colostrum;m;0,00
colposcopie;f;0,00
combi;m;0,00
combinat;m;0,00
combo;m;0,00
comestibilité;f;0,00
comma;m;0,00
commandite;f;0,00
commandité;m;0,00
commando-suicide;m;0,00
commençant;m;0,00
communicateur;m;0,00
compactage;m;0,00
compacteur;m;0,00
compadre;m;0,00
comparabilité;f;0,00
comparateur;m;0,00
comparatif;m;0,00
compatibilité;f;0,00
compatible;m;0,00
compil;f;0,00
complètement;m;0,00
composeur;m;0,00
composite;m;0,00
comprador;m;0,00
compulsion;f;0,00
compétitivité;f;0,00
concaténation;f;0,00
concentrateur;m;0,00
concertina;m;0,00
condenseur;m;0,00
condo;m;0,00
condom;m;0,00
conductance;f;0,00
conductibilité;f;0,00
conduction;f;0,00
conductivité;f;0,00
confidentialité;f;0,00
conjoncteur;m;0,00
conjonctif;m;0,00
conjurateur;m;0,00
connecteur;m;0,00
connectivité;f;0,00
constitutionnalité;f;0,00
constrictor;m;0,00
constructivisme;m;0,00
consumérisme;m;0,00
containeur;m;0,00
contaminateur;m;0,00
contingentement;m;0,00
contra;m;0,00
contre-accusation;f;0,00
contre-culture;f;0,00
contre-emploi;m;0,00
contre-feu;m;0,00
contre-indication;f;0,00
contre-interrogatoire;m;0,00
contre-la-montre;m;0,00
contre-mesure;f;0,00
contre-pression;f;0,00
contre-réaction;f;0,00
contre-terrorisme;m;0,00
contre-transfert;m;0,00
contreproposition;f;0,00
contrevallation;f;0,00
contributeur;m;0,00
convecteur;m;0,00
convection;f;0,00
convenant;m;0,00
convertisseur;m;0,00
coolie-pousse;m;0,00
coopérateur;m;0,00
coopératisme;m;0,00
coordonnateur;m;0,00
copal;m;0,00
copiage;m;0,00
copilote;m;0,00
coppa;f;0,00
coproculture;f;0,00
coprophagie;f;0,00
coprophilie;f;0,00
coprésidence;f;0,00
copule;f;0,00
coquerie;f;0,00
coqueron;m;0,00
cordoba;m;0,00
cormier;m;0,00
corn-flakes;m;0,00
cornemuseur;m;0,00
cornouaillais;m;0,00
coronarien;m;0,00
coroner;m;0,00
corpus delicti;m;0,00
correspondancier;m;0,00
corroboration;f;0,00
corte;f;0,00
cortine;f;0,00
cortisol;m;0,00
coryphène;m;0,00
cosmodrome;m;0,00
cosmétologie;f;0,00
costar;m;0,00
cotonnerie;f;0,00
cotonnière;f;0,00
coumarine;f;0,00
coup-de-poing;m;0,00
coupe-file;m;0,00
coupe-jarret;m;0,00
coupe-ongle;m;0,00
couplage;m;0,00
coupleur;m;0,00
coupon-cadeau;m;0,00
courriel;m;0,00
course-poursuite;f;0,00
court-circuits;m;0,00
court-courrier;m;0,00
court-jus;m;0,00
court-métrage;m;0,00
couseur;f;0,00
couvade;f;0,00
couvre-feux;m;0,00
covenant;m;0,00
covoiturage;m;0,00
crabs;m;0,00
cracking;m;0,00
crane;m;0,00
craniométrie;f;0,00
craniotomie;f;0,00
craquage;m;0,00
crase;f;0,00
crash-test;m;0,00
crashe;m;0,00
crematorium;m;0,00
crevettier;m;0,00
crib;m;0,00
cristallomancie;f;0,00
crochetage;m;0,00
croque-madame;m;0,00
crossman;m;0,00
croustille;f;0,00
crown;m;0,00
croît;m;0,00
cruiser;m;0,00
crumble;m;0,00
cryofracture;f;0,00
cryogénie;f;0,00
cryogénisation;f;0,00
cryotechnique;f;0,00
cryptage;m;0,00
cryptologie;f;0,00
cryptomère;m;0,00
créatine;f;0,00
créatinine;f;0,00
créationnisme;m;0,00
créative;f;0,00
crédit-bail;m;0,00
crépitation;f;0,00
crésol;m;0,00
crésus;m;0,00
crêt;m;0,00
csardas;f;0,00
cubitainer;m;0,00
cucurbitacée;f;0,00
cucuterie;f;0,00
cueillaison;f;0,00
cuiseur;m;0,00
cuissarde;f;0,00
cuisseau;m;0,00
cul-de-porc;m;0,00
culex;m;0,00
cumulard;m;0,00
cupronickel;m;0,00
curaillon;m;0,00
curatif;m;0,00
cure-pipe;m;0,00
curetage;m;0,00
curette;f;0,00
custom;m;0,00
cyan;m;0,00
cyanoacrylate;m;0,00
cyanobactérie;f;0,00
cyanogène;m;0,00
cyanose;f;0,00
cybercafé;m;0,00
cyberespace;m;0,00
cybermonde;m;0,00
cybernéticien;m;0,00
cyberspace;m;0,00
cycas;m;0,00
cyclo-pousse;m;0,00
cyclorama;m;0,00
cyclosporine;f;0,00
cynips;m;0,00
cynodrome;m;0,00
cyphoscoliose;f;0,00
cystite;f;0,00
cystotomie;f;0,00
cytologie;f;0,00
cytomégalovirus;m;0,00
cytoplasme;m;0,00
cytosine;f;0,00
câblage;m;0,00
câblerie;f;0,00
câblier;m;0,00
câblogramme;m;0,00
céara;m;0,00
cédule;f;0,00
cégep;m;0,00
cépage;m;0,00
céphaline;f;0,00
céphalopode;m;0,00
céphalosporine;f;0,00
céphalée;f;0,00
césium;m;0,00
cétone;f;0,00
daba;f;0,00
dactyloptère;m;0,00
dactyloscopie;f;0,00
dadaïsme;m;0,00
dal;m;0,00
dale;m;0,00
daltonien;m;0,00
daltonisme;m;0,00
damage;m;0,00
damasquinage;m;0,00
dao;m;0,00
darce;f;0,00
dariole;f;0,00
datage;m;0,00
dateur;m;0,00
datif;m;0,00
daubière;f;0,00
daya;f;0,00
de santis;m;0,00
deck;m;0,00
delphinidé;m;0,00
delphinium;m;0,00
deltaplane;m;0,00
demi-degré;m;0,00
demi-dose;f;0,00
demi-finale;f;0,00
demi-juif;m;0,00
demi-longueur;f;0,00
demi-mois;m;0,00
demi-part;f;0,00
demi-place;f;0,00
demi-point;m;0,00
demi-talent;m;0,00
demi-vie;f;0,00
dendrite;f;0,00
dengue;f;0,00
densimètre;m;0,00
dentaire;f;0,00
dentisterie;f;0,00
dermatite;f;0,00
dermatologie;f;0,00
dermeste;m;0,00
descenseur;m;0,00
dessous-de-table;m;0,00
dessous-de-verre;m;0,00
deutérium;m;0,00
deux-deux;m;0,00
deux-points;m;0,00
deux-quatre;m;0,00
deux-roues;m;0,00
dexaméthasone;f;0,00
dextrose;m;0,00
dhole;m;0,00
diabolisme;m;0,00
diaclase;f;0,00
diacétylmorphine;f;0,00
diagnose;f;0,00
diagnostiqueur;m;0,00
diamine;f;0,00
diamorphine;f;0,00
dichotomie;f;0,00
diem;m;0,00
diffraction;f;0,00
différentiel;m;0,00
digit;m;0,00
digitaliseur;m;0,00
dilatateur;m;0,00
dilation;f;0,00
diluant;m;0,00
dimensionnement;m;0,00
diode;f;0,00
dionée;f;0,00
diorite;f;0,00
dioxine;f;0,00
dioxyde;m;0,00
diplopie;f;0,00
dipneuste;m;0,00
dipsomanie;f;0,00
dipôle;m;0,00
directeur-adjoint;m;0,00
directorat;m;0,00
discographie;f;0,00
disculpation;f;0,00
disfonctionnement;m;0,00
disruption;f;0,00
disséqueur;m;0,00
distanciation;f;0,00
distillat;m;0,00
diurèse;f;0,00
diverticule;m;0,00
diverticulose;f;0,00
dixie;m;0,00
dixieland;m;0,00
dizain;m;0,00
djihad;m;0,00
dna;m;0,00
docudrame;m;0,00
dog-cart;m;0,00
dogger;m;0,00
dolby;m;0,00
doline;f;0,00
dolique;m;0,00
dolomite;f;0,00
dommages-intérêts;m;0,00
domotique;f;0,00
donner;m;0,00
donquichottisme;m;0,00
dopage;m;0,00
dopamine;f;0,00
doppler;m;0,00
dosimètre;m;0,00
double-croche;f;0,00
double-fond;m;0,00
doubler;m;0,00
douce;m;0,00
doucine;f;0,00
douglas;m;0,00
doña;f;0,00
dragage;m;0,00
dragonnier;m;0,00
dragster;m;0,00
dreadlocks;f;0,00
dream team;f;0,00
drelin;m;0,00
dressing;m;0,00
dressing-room;m;0,00
drive-in;m;0,00
drone;m;0,00
drone-espion;m;0,00
drop;m;0,00
droppage;m;0,00
drosophile;f;0,00
droséra;m;0,00
drumlin;m;0,00
drège;f;0,00
drépanocytose;f;0,00
dumper;m;0,00
duopole;m;0,00
dupeur;m;0,00
duplicate;m;0,00
durabilité;f;0,00
durant;m;0,00
durcisseur;m;0,00
durham;m;0,00
durian;m;0,00
durit;f;0,00
dynamitage;m;0,00
dyscinésie;f;0,00
dyscrasie;f;0,00
dysfonction;f;0,00
dysfonctionnement;m;0,00
dysménorrhée;f;0,00
dysphonie;f;0,00
dysphorie;f;0,00
dyspnée;f;0,00
dystocie;f;0,00
dystrophie;f;0,00
dysurie;f;0,00
déambulateur;m;0,00
débarbouillette;f;0,00
débattue;f;0,00
débaucheur;m;0,00
débogage;m;0,00
déboisement;m;0,00
débouchage;m;0,00
débouchoir;m;0,00
déboursement;m;0,00
déboîtement;m;0,00
débranchement;m;0,00
débridement;m;0,00
débriefing;m;0,00
débrouilleur;m;0,00
décachetage;m;0,00
décaissement;m;0,00
décalcification;f;0,00
décanteur;m;0,00
décapage;m;0,00
décentrement;m;0,00
déchetterie;f;0,00
déchireur;m;0,00
déci;m;0,00
décideur;m;0,00
décigramme;m;0,00
décile;m;0,00
décimalisation;f;0,00
décimalité;f;0,00
décimateur;m;0,00
décision-clé;f;0,00
décoffrage;m;0,00
décoinçage;m;0,00
décolorant;m;0,00
décompensation;f;0,00
décomposeur;m;0,00
déconditionnement;m;0,00
décongestif;m;0,00
décongestion;f;0,00
décongélation;f;0,00
déconnection;f;0,00
déconsidération;f;0,00
décontamination;f;0,00
décortication;f;0,00
découplage;m;0,00
décroissance;f;0,00
décrypteur;m;0,00
déculotté;m;0,00
déculottée;f;0,00
décérébration;f;0,00
dédouanement;m;0,00
déductibilité;f;0,00
défends;m;0,00
défens;m;0,00
défibreur;m;0,00
défibrillateur;m;0,00
défibrillation;f;0,00
déficient;m;0,00
défigurement;m;0,00
défiscalisation;f;0,00
déflexion;f;0,00
défoliant;m;0,00
déforestation;f;0,00
défouloir;m;0,00
défragmenteur;m;0,00
défrisage;m;0,00
défroqué;m;0,00
dégazage;m;0,00
dégivrage;m;0,00
dégobillage;m;0,00
dégonflement;m;0,00
dégrafeur;m;0,00
dégraissage;m;0,00
dégraissant;m;0,00
déguenillé;f;0,00
dégénération;f;0,00
déisme;m;0,00
délocalisation;f;0,00
démasquage;m;0,00
dématérialisation;f;0,00
démodulateur;m;0,00
démonologie;f;0,00
démonomanie;f;0,00
démotivation;f;0,00
démystificateur;m;0,00
démêlant;m;0,00
dénatalité;f;0,00
dénaturation;f;0,00
dénazification;f;0,00
déneigement;m;0,00
dénervation;f;0,00
dénivelé;m;0,00
dénoyauteur;m;0,00
dénudation;f;0,00
dépersonnalisation;f;0,00
déphasage;m;0,00
déphaseur;m;0,00
déplantoir;m;0,00
dépollution;f;0,00
déposant;m;0,00
dépouillage;m;0,00
dépressif;m;0,00
déprogrammation;f;0,00
dépôt-vente;m;0,00
déroutement;m;0,00
déréglage;m;0,00
déréglementation;f;0,00
dérégulation;f;0,00
désacralisation;f;0,00
désalinisation;f;0,00
désamiantage;m;0,00
désaminase;f;0,00
désamorçage;m;0,00
désargenté;m;0,00
désarrimage;m;0,00
désensibilisation;f;0,00
désherbage;m;0,00
déshumidification;f;0,00
désillusionnement;m;0,00
désincarcération;f;0,00
désincarnation;f;0,00
désindividualisation;f;0,00
désinsectisation;f;0,00
désintégrateur;m;0,00
désobéissant;f;0,00
désorbitation;f;0,00
désossage;m;0,00
désossement;m;0,00
désosseur;m;0,00
désoxygénation;f;0,00
déstockage;m;0,00
déstructuration;f;0,00
désynchronisation;f;0,00
déségrégation;f;0,00
détacheur;m;0,00
détartrage;m;0,00
détartrant;m;0,00
détaxe;f;0,00
dételage;m;0,00
détendeur;m;0,00
déterrage;m;0,00
détourage;m;0,00
détrônement;m;0,00
dévastateur;m;0,00
déverrouillage;m;0,00
déviance;f;0,00
dévissé;m;0,00
dévonien;m;0,00
dôle;m;0,00
dông;m;0,00
e-commerce;m;0,00
e-mail;m;0,00
eau-minute;f;0,00
ecstasy;m;0,00
ectasie;f;0,00
ectopie;f;0,00
effaceur;m;0,00
effaçage;m;0,00
effluent;m;0,00
eldorado;m;0,00
elliptique;f;0,00
email;m;0,00
embarrure;f;0,00
embole;m;0,00
embrouillage;m;0,00
embryologie;f;0,00
emergency;f;0,00
emmental;m;0,00
emmurement;m;0,00
empalement;m;0,00
empaqueteur;m;0,00
empathie;f;0,00
empenne;f;0,00
emprunteur;m;0,00
en-but;m;0,00
en-cours;m;0,00
encagoulé;m;0,00
encastrement;m;0,00
encensement;m;0,00
enclenche;f;0,00
encodage;m;0,00
encodeur;m;0,00
encours;m;0,00
encroûtement;m;0,00
encryptage;m;0,00
encéphalopathie;f;0,00
endiguement;m;0,00
endocarde;m;0,00
endocardite;f;0,00
endommagement;m;0,00
endomorphine;f;0,00
endométriose;f;0,00
endométrite;f;0,00
endoscope;m;0,00
endosquelette;m;0,00
endossement;m;0,00
enneigement;m;0,00
enquiquinement;m;0,00
enrayage;m;0,00
enrayement;m;0,00
enseigneur;m;0,00
enseigné;m;0,00
ente;f;0,00
enthalpie;f;0,00
entichement;m;0,00
entièreté;f;0,00
entr'acte;m;0,00
entre-rail;m;0,00
entrebâilleur;m;0,00
entreposage;m;0,00
entretoise;f;0,00
entrevous;m;0,00
entrée-sortie;f;0,00
enture;f;0,00
entérocolite;f;0,00
entérovirus;m;0,00
ergol;m;0,00
ergotage;m;0,00
ergotamine;f;0,00
ergoteur;m;0,00
ergothérapie;f;0,00
ers;m;0,00
esbroufeur;m;0,00
escape;f;0,00
esclavagisme;m;0,00
escot;m;0,00
escroqueur;f;0,00
escudo;m;0,00
eskimo;m;0,00
espionite;f;0,00
esquire;m;0,00
essuyeur;m;0,00
estampage;m;0,00
ester;m;0,00
estonienne;f;0,00
ethnicité;f;0,00
eugénique;f;0,00
eugénisme;m;0,00
euro;m;0,00
eurodollar;m;0,00
euskera;m;0,00
event;m;0,00
ex-agent;m;0,00
ex-ambassadeur;m;0,00
ex-amour;m;0,00
ex-ballerine;f;0,00
ex-banquier;m;0,00
ex-belle-mère;f;0,00
ex-boss;m;0,00
ex-boxeur;m;0,00
ex-buteur;m;0,00
ex-capitaine;m;0,00
ex-caïd;m;0,00
ex-chiropracteur;m;0,00
ex-citation;f;0,00
ex-citoyen;m;0,00
ex-civil;m;0,00
ex-commando;m;0,00
ex-contrebandier;m;0,00
ex-copain;m;0,00
ex-copine;f;0,00
ex-corps;m;0,00
ex-couple;m;0,00
ex-dealer;m;0,00
ex-dieu;m;0,00
ex-démon;m;0,00
ex-forçat;m;0,00
ex-gendre;m;0,00
ex-homme;m;0,00
ex-homme-grenouille;m;0,00
ex-inspecteur;m;0,00
ex-junkie;m;0,00
ex-leader;m;0,00
ex-lieutenant;m;0,00
ex-maire;m;0,00
ex-marine;f;0,00
ex-mec;m;0,00
ex-membre;m;0,00
ex-miss;f;0,00
ex-monteur;m;0,00
ex-motard;m;0,00
ex-nana;f;0,00
ex-palme;f;0,00
ex-patron;m;0,00
ex-perroquet;m;0,00
ex-planète;f;0,00
ex-poivrot;m;0,00
ex-premier;m;0,00
ex-prison;f;0,00
ex-procureur;m;0,00
ex-profileur;m;0,00
ex-promoteur;m;0,00
ex-président;m;0,00
ex-prêtre;m;0,00
ex-pute;f;0,00
ex-reine;f;0,00
ex-république;f;0,00
ex-résidence;f;0,00
ex-star;f;0,00
ex-teinturier;m;0,00
ex-tueur;m;0,00
ex-tuteur;m;0,00
ex-usine;f;0,00
ex-violeur;m;0,00
ex-équipier;m;0,00
exam;m;0,00
exemplarité;f;0,00
exhalation;f;0,00
exobiologie;f;0,00
exocet;m;0,00
exonération;f;0,00
exosphère;f;0,00
exosquelette;m;0,00
exostose;f;0,00
expectation;f;0,00
expectorant;m;0,00
exploreur;m;0,00
exproprié;f;0,00
exsudation;f;0,00
externalité;f;0,00
extirpation;f;0,00
extorqueur;m;0,00
extracteur;m;0,00
extrasystole;f;0,00
extravasation;f;0,00
extrusion;f;0,00
exténuation;f;0,00
extériorisation;f;0,00
eyeliner;m;0,00
facilitateur;m;0,00
facilitation;f;0,00
factor;m;0,00
factorisation;f;0,00
facturette;f;0,00
fade;m;0,00
fado;m;0,00
faisabilité;f;0,00
fandango;m;0,00
fanfan;m;0,00
farsi;m;0,00
fart;m;0,00
fascia;m;0,00
fashion;f;0,00
fau;m;0,00
fauconneau;m;0,00
fauvisme;m;0,00
faux-pont;m;0,00
fazenda;f;0,00
faîtes-la-moi;m;0,00
fedayin;m;0,00
feed-back;m;0,00
feeder;m;0,00
feinteur;m;0,00
femme-robot;f;0,00
fendoir;m;0,00
fenestrelle;f;0,00
fenton;m;0,00
fenugrec;m;0,00
ferlage;f;0,00
fermi;m;0,00
fermion;m;0,00
fermium;m;0,00
feta;f;0,00
fettucine;f;0,00
fibrillation;f;0,00
fibrillé;m;0,00
fibrinogène;m;0,00
fibroscope;m;0,00
fibroscopie;f;0,00
fibrose;f;0,00
fic;m;0,00
fichage;m;0,00
fiducie;f;0,00
field;m;0,00
fieux;m;0,00
fignoleur;m;0,00
filariose;f;0,00
file-la-moi;f;0,00
fillér;m;0,00
filmage;m;0,00
filmographie;f;0,00
filmothèque;f;0,00
finalisation;f;0,00
fioul;m;0,00
fistule;f;0,00
fitness;m;0,00
fixateur;m;0,00
fixing;m;0,00
fla;m;0,00
flagellateur;m;0,00
flagrance;f;0,00
flamboyance;f;0,00
flamine;m;0,00
flashage;m;0,00
flasheur;m;0,00
flaveur;f;0,00
flip-flop;m;0,00
fliquesse;f;0,00
flirtation;f;0,00
floculation;f;0,00
flood;m;0,00
flottabilité;f;0,00
flottation;f;0,00
fluence;f;0,00
fluidifiant;m;0,00
fluor;m;0,00
fluorescéine;f;0,00
fluorite;f;0,00
flâneuse;f;0,00
flétrissement;m;0,00
focale;f;0,00
focalisation;f;0,00
foehn;m;0,00
foil;m;0,00
folasse;f;0,00
follicule;m;0,00
folliculite;f;0,00
fomentateur;m;0,00
foncier;m;0,00
foncteur;m;0,00
fonctionnalité;f;0,00
fondamentalisme;m;0,00
fongicide;m;0,00
fongus;m;0,00
fontainier;m;0,00
footballeur-vedette;m;0,00
footeux;m;0,00
foramen;m;0,00
foraminifère;m;0,00
forgeage;m;0,00
forgeur;m;0,00
forint;m;0,00
forlane;f;0,00
formaldéhyde;m;0,00
formatage;m;0,00
fossoyeuse;f;0,00
fou-fou;m;0,00
foudroiement;m;0,00
foufoune;f;0,00
fouinard;m;0,00
fouleur;m;0,00
foulon;m;0,00
foutrerie;f;0,00
franc-jeu;m;0,00
franchisage;m;0,00
franco-anglais;f;0,00
franco-canadien;m;0,00
freezer;m;0,00
freineur;m;0,00
fricadelle;f;0,00
fricative;f;0,00
frigorigène;m;0,00
frisbee;m;0,00
frise-poulet;m;0,00
fritte;f;0,00
frondeur;m;0,00
fructose;m;0,00
fréon;m;0,00
fugu;m;0,00
fuie;f;0,00
fuligule;m;0,00
full-contact;m;0,00
fullerène;m;0,00
fumigateur;m;0,00
furtivité;f;0,00
fusionnement;m;0,00
futaine;f;0,00
futon;m;0,00
fy;m;0,00
fécalome;m;0,00
fécondateur;m;0,00
félinité;f;0,00
féminisation;f;0,00
fêle;f;0,00
gaba;m;0,00
gabbro;m;0,00
gadjo;m;0,00
gadolinium;m;0,00
galago;m;0,00
galiléen;m;0,00
gallois;m;0,00
galloise;f;0,00
galoubet;m;0,00
galvanisme;m;0,00
galère;f;0,00
gambit;m;0,00
gammas;m;0,00
gan;m;0,00
ganja;f;0,00
gap;m;0,00
garde-côtes;m;0,00
garde-feu;m;0,00
garde-frontière;m;0,00
garde-vue;m;0,00
gargantua;m;0,00
garibaldien;m;0,00
garnissage;m;0,00
garrotte;f;0,00
gaspacho;m;0,00
gastrectomie;f;0,00
gastrula;f;0,00
gatte;f;0,00
gaulthérie;f;0,00
gaulée;f;0,00
gauss;m;0,00
gazoduc;m;0,00
gazole;m;0,00
gazométrie;f;0,00
gazpacho;m;0,00
gecko;m;0,00
geez;m;0,00
geline;f;0,00
gemmologie;f;0,00
genet;m;0,00
gentamicine;f;0,00
gentry;f;0,00
gerbille;f;0,00
germanisation;f;0,00
germanité;f;0,00
gerris;m;0,00
gift;m;0,00
gigabit;m;0,00
gigahertz;m;0,00
gigaoctet;m;0,00
gingivite;f;0,00
ginkgo;m;0,00
girafeau;m;0,00
girafon;m;0,00
girl friend;f;0,00
givrage;m;0,00
glabelle;f;0,00
gladiatrice;f;0,00
glanage;m;0,00
glandage;m;0,00
glaréole;f;0,00
glasnost;f;0,00
glide;m;0,00
glioblastome;m;0,00
gliome;m;0,00
glisse-la-moi;f;0,00
glissoire;f;0,00
globalisation;f;0,00
globuline;f;0,00
glucagon;m;0,00
gluon;m;0,00
glutamate;m;0,00
glycol;m;0,00
glycoprotéine;f;0,00
glycémie;f;0,00
glycérol;m;0,00
glyphe;m;0,00
gnaule;f;0,00
gnian-gnian;m;0,00
goddam;m;0,00
godiche;f;0,00
goglu;m;0,00
gommette;f;0,00
gon;m;0,00
gonadotrophine;f;0,00
gonflette;f;0,00
gonococcie;f;0,00
gonorrhée;f;0,00
gord;m;0,00
gore;m;0,00
gospel;m;0,00
gouin;f;0,00
goulache;m;0,00
goutteur;f;0,00
gouvernance;f;0,00
gouverné;m;0,00
goétie;f;0,00
graben;m;0,00
gradient;m;0,00
gradué;m;0,00
graff;m;0,00
graffeur;m;0,00
gram;m;0,00
grand-angle;m;0,00
grand-guignol;m;0,00
grand-vergue;f;0,00
granulie;f;0,00
granulome;m;0,00
graphe;m;0,00
graphologie;f;0,00
graphophone;m;0,00
grappillage;m;0,00
grappilleur;m;0,00
gratte-dos;m;0,00
grau;m;0,00
gravidité;f;0,00
graviton;m;0,00
greffage;m;0,00
grenadage;m;0,00
grenadeur;m;0,00
grenouillage;m;0,00
grenouille-taureau;f;0,00
griffeur;m;0,00
griffonneur;m;0,00
grilladerie;f;0,00
grimace-éclair;f;0,00
grime;m;0,00
grimpe;f;0,00
grimper;m;0,00
gringo;m;0,00
grip;m;0,00
grison;m;0,00
grivet;m;0,00
grizzli;m;0,00
grognon;m;0,00
gros-porteur;m;0,00
ground;m;0,00
groupage;m;0,00
grumier;m;0,00
grunge;m;0,00
gréage;m;0,00
grébiche;f;0,00
guacamole;m;0,00
guanaco;m;0,00
guanine;f;0,00
guaracha;f;0,00
gueuse;f;0,00
guidage;m;0,00
guidance;f;0,00
guilde;f;0,00
guillemot;m;0,00
guillotin;f;0,00
guindant;m;0,00
gulden;m;0,00
guna;m;0,00
guppy;m;0,00
gusse;m;0,00
gutta-percha;f;0,00
guède;f;0,00
gynécomastie;f;0,00
gypaète;m;0,00
gypsophile;f;0,00
gyrocompas;m;0,00
gélifiant;m;0,00
génome;m;0,00
génomique;f;0,00
génotype;m;0,00
géode;f;0,00
géophysicien;m;0,00
géophysique;f;0,00
géoscience;f;0,00
géothermie;f;0,00
gérontisme;m;0,00
géré;m;0,00
habanera;f;0,00
hachage;m;0,00
hack;m;0,00
hacker;m;0,00
hadith;m;0,00
hadj;m;0,00
haggadah;f;0,00
haggis;m;0,00
haka;m;0,00
hakka;m;0,00
halcyon;m;0,00
halloween;f;0,00
hallucinogène;m;0,00
halogène;m;0,00
halogénure;m;0,00
halopéridol;m;0,00
halothane;m;0,00
halte-garderie;f;0,00
hamadryade;f;0,00
hamadryas;m;0,00
hamamélis;m;0,00
hand-ball;m;0,00
handball;m;0,00
handicapeur;m;0,00
hanoukka;f;0,00
hanovrien;m;0,00
hantavirus;m;0,00
haptoglobine;f;0,00
harari;m;0,00
hard edge;m;0,00
hard-top;m;0,00
harenguet;m;0,00
harenguier;m;0,00
harpagon;m;0,00
hassidim;m;0,00
hautin;m;0,00
havanaise;f;0,00
hemlock;m;0,00
henry;m;0,00
heptane;m;0,00
herbicide;m;0,00
hermès;m;0,00
herpétologie;f;0,00
hertz;m;0,00
heuristique;f;0,00
high-tech;m;0,00
hile;m;0,00
hindouisme;m;0,00
hindoustani;m;0,00
hip-hop;m;0,00
hippisme;m;0,00
hirsutisme;m;0,00
hirudine;f;0,00
hispano-américain;m;0,00
histamine;f;0,00
hister;m;0,00
histocompatibilité;f;0,00
histologie;f;0,00
histopathologie;f;0,00
histoplasmose;f;0,00
historiographie;f;0,00
hodja;m;0,00
hologramme;m;0,00
homardier;m;0,00
home-trainer;m;0,00
homeland;m;0,00
homme-clé;m;0,00
homme-loup;m;0,00
homme-machine;m;0,00
homme-oiseau;m;0,00
homme-poisson;m;0,00
homme-robot;m;0,00
homo erectus;m;0,00
homogénéisateur;m;0,00
homophone;m;0,00
homuncule;m;0,00
homéothermie;f;0,00
hondurien;m;0,00
hongkongais;m;0,00
hopak;m;0,00
hornblende;f;0,00
hors-piste;m;0,00
horticultrice;f;0,00
hotline;f;0,00
house music;f;0,00
hovercraft;m;0,00
humanitaire;m;0,00
humectage;m;0,00
humidification;f;0,00
hunter;m;0,00
huskies;m;0,00
husky;m;0,00
hybridation;f;0,00
hydratation;f;0,00
hydrate;m;0,00
hydraulicien;m;0,00
hydrocortisone;f;0,00
hydrocéphalie;f;0,00
hydrofoil;m;0,00
hydroglisseur;m;0,00
hydrolase;f;0,00
hydrologie;f;0,00
hydrolyse;f;0,00
hydrophone;m;0,00
hydrophyte;f;0,00
hydroptère;m;0,00
hydrostatique;f;0,00
hydrox;m;0,00
hydroxyde;m;0,00
hygroma;m;0,00
hyoïde;m;0,00
hyperacidité;f;0,00
hyperactivité;f;0,00
hypercalcémie;f;0,00
hypercholestérolémie;f;0,00
hypercoagulabilité;f;0,00
hyperespace;m;0,00
hyperkaliémie;f;0,00
hyperlipémie;f;0,00
hyperplan;m;0,00
hyperplasie;f;0,00
hyperréactivité;f;0,00
hypersomnie;f;0,00
hypersustentateur;m;0,00
hypertendu;m;0,00
hyperthermie;f;0,00
hypertrichose;f;0,00
hyperventilation;f;0,00
hypocalcémie;f;0,00
hypocapnie;f;0,00
hypocentre;m;0,00
hypochlorite;m;0,00
hypogonadisme;m;0,00
hyponatrémie;f;0,00
hypoplasie;f;0,00
hypospadias;m;0,00
hypotendu;m;0,00
hypotension;f;0,00
hypothermie;f;0,00
hypothyroïdie;f;0,00
hypotonie;f;0,00
hypoxie;f;0,00
héberge;f;0,00
héliographe;m;0,00
hématine;f;0,00
hématocrite;m;0,00
hématurie;f;0,00
hémoculture;f;0,00
hémodialyse;f;0,00
hémodynamique;f;0,00
hémogramme;m;0,00
hémolyse;f;0,00
hémostase;f;0,00
héparine;f;0,00
hépatomégalie;f;0,00
hétérochromie;f;0,00
i.e.;m;0,00
iambe;m;0,00
ibex;m;0,00
iboga;m;0,00
ichtyologie;f;0,00
icosaèdre;m;0,00
identificateur;m;0,00
idéation;f;0,00
idée-clé;f;0,00
idéographie;f;0,00
ilium;m;0,00
ilotisme;m;0,00
iléus;m;0,00
imageur;m;0,00
imidazole;m;0,00
immunodéficience;f;0,00
immunodéprimé;m;0,00
immunologie;f;0,00
immunostimulant;m;0,00
immunothérapie;f;0,00
immutabilité;f;0,00
impatiens;f;0,00
impayé;m;0,00
impeachment;m;0,00
imperméabilisant;m;0,00
implémentation;f;0,00
impraticabilité;f;0,00
improvisade;f;0,00
impulsive;f;0,00
impédance;f;0,00
impérialisation;f;0,00
in-bord;m;0,00
inactif;m;0,00
inactivation;f;0,00
inclinomètre;m;0,00
incomplétude;f;0,00
incoordination;f;0,00
incrimination;f;0,00
indemnités-repa;f;0,00
indentification;f;0,00
indexation;f;0,00
indexeur;m;0,00
indisponibilité;f;0,00
indole;m;0,00
inducteur;m;0,00
induit;m;0,00
industrie-clé;f;0,00
indécise;m;0,00
indéfini;m;0,00
indépendantisme;m;0,00
inemploi;m;0,00
infectiologie;f;0,00
infestation;f;0,00
infibulation;f;0,00
infiltrat;m;0,00
inflammabilité;f;0,00
infliction;f;0,00
infographie;f;0,00
infrason;m;0,00
ingénierie;f;0,00
inhibiteur;m;0,00
initialisation;f;0,00
innovateur;m;0,00
insert;m;0,00
installateur;m;0,00
instrumental;m;0,00
insula;f;0,00
insulation;f;0,00
inséminateur;m;0,00
intellectualisation;f;0,00
intension;f;0,00
intentionnalité;f;0,00
inter-école;f;0,00
interactivité;f;0,00
intercepteur;m;0,00
intercommunication;f;0,00
interconnexion;f;0,00
interface;f;0,00
interférométrie;f;0,00
interféron;m;0,00
interlope;m;0,00
interphase;f;0,00
interpolateur;m;0,00
interpréteur;m;0,00
interrelation;f;0,00
intersaison;f;0,00
interventionnisme;m;0,00
inti;m;0,00
intifada;m;0,00
intimidateur;m;0,00
intimé;m;0,00
intranet;m;0,00
intubation;f;0,00
intumescence;f;0,00
intussusception;f;0,00
intégrateur;m;0,00
inuit;f;0,00
invagination;f;0,00
invalidation;f;0,00
invariance;f;0,00
inverseur;m;0,00
inéligibilité;f;0,00
inélégance;f;0,00
inévitabilité;f;0,00
iodure;m;0,00
ippon;m;0,00
ira;f;0,00
iraquien;m;0,00
iridescence;f;0,00
iridologie;f;0,00
iroquois;m;0,00
irrévocabilité;f;0,00
isabelle;m;0,00
ischémie;f;0,00
isme;m;0,00
isochronisme;m;0,00
isoniazide;m;0,00
isotope;m;0,00
itinérant;m;0,00
jacqueline;f;0,00
jacquot;m;0,00
jaguarondi;m;0,00
jam-session;f;0,00
jamaïquain;m;0,00
jambier;m;0,00
je;f;0,00
jet-stream;m;0,00
jeunet;m;0,00
jigger;m;0,00
jocko;m;0,00
joint-venture;f;0,00
jojoba;m;0,00
jonglage;m;0,00
jonkheer;m;0,00
jordanien;m;0,00
jordanienne;f;0,00
journalière;f;0,00
joué;f;0,00
joystick;m;0,00
judaïcité;f;0,00
judéen;m;0,00
judéité;f;0,00
judéo-christianisme;m;0,00
jugeur;m;0,00
jumper;m;0,00
jumping;m;0,00
jungien;m;0,00
jéjunum;m;0,00
kaddish;m;0,00
kadi;m;0,00
kafir;m;0,00
kalachnikov;f;0,00
kali;m;0,00
kaliémie;f;0,00
kamala;m;0,00
kanji;m;0,00
kaori;m;0,00
kapokier;m;0,00
kappa;m;0,00
karaoké;m;0,00
kart;m;0,00
karting;m;0,00
kata;m;0,00
katal;m;0,00
kava;m;0,00
kayac;m;0,00
kazakh;m;0,00
keepsake;m;0,00
keffieh;m;0,00
keiretsu;m;0,00
kelvin;m;0,00
kendo;m;0,00
kerrie;f;0,00
kevlar;m;0,00
khat;m;0,00
kicker;m;0,00
kief;m;0,00
kilim;m;0,00
kilohertz;m;0,00
kinase;f;0,00
kinescope;m;0,00
kinesthésie;f;0,00
kinésique;f;0,00
kinésithérapie;f;0,00
kip;m;0,00
kiva;f;0,00
klebs;m;0,00
kleptomanie;f;0,00
klystron;m;0,00
kodiak;m;0,00
kondo;m;0,00
kopek;m;0,00
kora;f;0,00
kosovar;m;0,00
kot;m;0,00
kraal;m;0,00
krak;m;0,00
kraken;m;0,00
krill;m;0,00
kriss;m;0,00
krypton;m;0,00
kung-fu;m;0,00
kvas;m;0,00
kérabau;m;0,00
kératoplastie;f;0,00
kératose;f;0,00
l-dopa;f;0,00
labelle;m;0,00
labri;m;0,00
lack;m;0,00
lactate;m;0,00
lactation;f;0,00
lactose;m;0,00
lacération;f;0,00
lagan;m;0,00
laisse-la-moi;f;0,00
laissez-faire;m;0,00
lambada;f;0,00
lambel;m;0,00
laminectomie;f;0,00
lance-engins;m;0,00
lance-flamme;m;0,00
lance-fusée;m;0,00
lance-grenade;m;0,00
lance-grenades;m;0,00
lance-roquette;m;0,00
lanceron;m;0,00
landing;m;0,00
landlord;m;0,00
lanthane;m;0,00
laotien;m;0,00
lapalissade;f;0,00
laparoscopie;f;0,00
lapinière;f;0,00
largue;m;0,00
largueur;m;0,00
larvicide;m;0,00
laryngoscopie;f;0,00
lasure;f;0,00
latino;m;0,00
lats;m;0,00
lattis;m;0,00
latvien;m;0,00
lave-auto;m;0,00
lave-linge;m;0,00
laxité;f;0,00
leasing;m;0,00
lectorat;m;0,00
leishmaniose;f;0,00
lek;m;0,00
lem;m;0,00
lepton;m;0,00
lettrage;m;0,00
lettre-clé;f;0,00
leucocytose;f;0,00
lev;m;0,00
leva;m;0,00
liage;m;0,00
libretto;m;0,00
libéro;m;0,00
lido;m;0,00
lidocaïne;f;0,00
liliacée;f;0,00
liman;m;0,00
limbo;m;0,00
limette;f;0,00
limiteur;m;0,00
limoselle;f;0,00
lindor;m;0,00
linga;m;0,00
lingala;m;0,00
lingette;f;0,00
linter;m;0,00
lipase;f;0,00
lipiodol;m;0,00
lipome;m;0,00
liposome;m;0,00
liposuccion;f;0,00
lipothymie;f;0,00
liquor;m;0,00
lirette;f;0,00
lisibilité;f;0,00
lisier;m;0,00
listeria;f;0,00
listing;m;0,00
liston;m;0,00
lithiase;f;0,00
lithosphère;f;0,00
lithotripsie;f;0,00
lithotriteur;m;0,00
lividité;f;0,00
livre-cassette;m;0,00
livèche;f;0,00
lloyd;m;0,00
loader;m;0,00
lobbies;m;0,00
lobbying;m;0,00
locateur;m;0,00
lock-out;m;0,00
locuste;f;0,00
lof;m;0,00
logisticien;m;0,00
logo;m;0,00
lombalgie;f;0,00
lombardo;m;0,00
lompe;m;0,00
long-métrage;m;0,00
longane;m;0,00
longuet;m;0,00
looser;m;0,00
loquacité;f;0,00
loran;m;0,00
lori;m;0,00
loris;m;0,00
lsd;m;0,00
lubrification;f;0,00
luce;f;0,00
lucilie;f;0,00
lucite;f;0,00
luddite;m;0,00
luffa;m;0,00
lustrage;m;0,00
lycanthrope;m;0,00
lycanthropie;f;0,00
lymphocytose;f;0,00
lymphosarcome;m;0,00
lyncheur;m;0,00
lyse;f;0,00
lysimaque;f;0,00
lysosome;m;0,00
lèche-botte;m;0,00
lécithine;f;0,00
légalisation;f;0,00
légionellose;f;0,00
lémur;m;0,00
léprologie;f;0,00
létalité;f;0,00
macadamia;m;0,00
maccarthysme;m;0,00
machaon;m;0,00
machmètre;m;0,00
macis;m;0,00
macrolide;m;0,00
macrophage;m;0,00
macroéconomie;f;0,00
macula;f;0,00
macumba;f;0,00
macédonienne;f;0,00
madrague;f;0,00
madre;m;0,00
maffieux;m;0,00
maffioso;m;0,00
mafieux;m;0,00
magasinage;m;0,00
magenta;m;0,00
magnitude;f;0,00
magnétite;f;0,00
magnétomètre;m;0,00
magnétron;m;0,00
magret;m;0,00
magyar;m;0,00
maharadja;m;0,00
maigrelet;m;0,00
maigrelette;f;0,00
mailing;m;0,00
mainlevée;f;0,00
maki;m;0,00
maladrerie;f;0,00
malais;m;0,00
malaisien;m;0,00
malaxeur;m;0,00
malentendant;m;0,00
malléole;f;0,00
malm;m;0,00
malmenage;m;0,00
maltraitance;f;0,00
malus;m;0,00
mam'zelle;f;0,00
mamba;m;0,00
mammectomie;f;0,00
mammographie;f;0,00
mammoplastie;f;0,00
mamy;f;0,00
manageur;m;0,00
mandat-carte;m;0,00
mandrill;m;0,00
manganite;m;0,00
mangouste;f;0,00
maniabilité;f;0,00
maniacodépressif;m;0,00
manillon;m;0,00
manipule;m;0,00
mannitol;m;0,00
manoeuvrabilité;f;0,00
manouvrier;m;0,00
mansion;f;0,00
manta;f;0,00
manubrium;m;0,00
manufacturier;m;0,00
maquerellage;m;0,00
mara;m;0,00
marae;m;0,00
maranta;m;0,00
marchandiseur;m;0,00
marcotte;f;0,00
margot;m;0,00
margrave;m;0,00
mariachi;m;0,00
marian;f;0,00
marimba;m;0,00
marlin;m;0,00
marouette;f;0,00
marshal;m;0,00
marsupial;m;0,00
marteleur;m;0,00
mascarpone;m;0,00
masculinité;f;0,00
maser;m;0,00
masquage;m;0,00
masque-espion;m;0,00
mastectomie;f;0,00
mastite;f;0,00
mastère;m;0,00
maternage;m;0,00
matriarche;f;0,00
maximisation;f;0,00
mayo;f;0,00
maître-chien;m;0,00
maître-coq;m;0,00
menez;m;0,00
menhaden;m;0,00
menora;f;0,00
menstruation;f;0,00
mentholé;m;0,00
menuise;f;0,00
mercaptan;m;0,00
merchandising;m;0,00
merl;m;0,00
merlot;m;0,00
merveillosité;f;0,00
mescal;m;0,00
mesclun;m;0,00
mesmérisme;m;0,00
mestre;m;0,00
mesurette;f;0,00
mets-la-toi;m;0,00
meulage;m;0,00
meurtre-suicide;m;0,00
mezcal;m;0,00
mi-américaine;m;0,00
mi-ange;m;0,00
mi-capacité;f;0,00
mi-carrier;f;0,00
mi-chatte;f;0,00
mi-démon;m;0,00
mi-fleuve;m;0,00
mi-humain;m;0,00
mi-machine;f;0,00
mi-mai;f;0,00
mi-mexicain;m;0,00
mi-oiseau;m;0,00
mi-saison;f;0,00
mi-salade;f;0,00
mi-salaire;m;0,00
mi-singe;m;0,00
mi-série;f;0,00
mi-trimestre;m;0,00
mi-végétal;m;0,00
micro-cravate;m;0,00
micro-onde;f;0,00
micro-organisme;m;0,00
micro-trottoir;m;0,00
microanalyse;f;0,00
microbiologie;f;0,00
microbus;m;0,00
microchimie;f;0,00
microcircuit;m;0,00
microcomposant;m;0,00
microcopie;f;0,00
microcycle;m;0,00
microfiche;f;0,00
microgramme;m;0,00
microgravité;f;0,00
micromètre;m;0,00
microscopie;f;0,00
microseconde;f;0,00
microsonde;f;0,00
microédition;f;0,00
midrash;m;0,00
miellat;m;0,00
migraineux;m;0,00
mildiou;m;0,00
milicienne;f;0,00
militarisation;f;0,00
milliardième;m;0,00
millilitre;m;0,00
millénarisme;m;0,00
millénium;m;0,00
milonga;f;0,00
milouin;m;0,00
mimolette;f;0,00
minbar;m;0,00
minerval;m;0,00
mini-ordinateur;m;0,00
minibar;m;0,00
minigolf;m;0,00
minimalisme;m;0,00
minimax;m;0,00
minuteur;m;0,00
minéralisation;f;0,00
mirepoix;f;0,00
mirmidon;m;0,00
missilier;m;0,00
mitochondrie;f;0,00
mitose;f;0,00
ml;m;0,00
mn;m;0,00
mnémotechnique;f;0,00
mobil-home;m;0,00
moco;m;0,00
mod;m;0,00
model;m;0,00
modeleur;m;0,00
modem;m;0,00
modern style;m;0,00
modus operandi;m;0,00
modélisation;f;0,00
modélisme;m;0,00
moghol;m;0,00
mohican;m;0,00
moho;m;0,00
moiré;m;0,00
moise;f;0,00
molard;m;0,00
moly;m;0,00
molybdène;m;0,00
moment-clé;m;0,00
moments-clé;m;0,00
momie;f;0,00
momification;f;0,00
monadologie;f;0,00
mondialisation;f;0,00
monition;f;0,00
monitor;m;0,00
monitorage;m;0,00
monitoring;m;0,00
monoamine;f;0,00
monocoque;m;0,00
monocratie;f;0,00
monocycle;m;0,00
monocylindre;m;0,00
monofilament;m;0,00
monokini;m;0,00
monolinguisme;m;0,00
monorail;m;0,00
monospace;m;0,00
monte;f;0,00
monte-plat;m;0,00
montre-la-moi;f;0,00
monumentalité;f;0,00
mooré;m;0,00
moos;m;0,00
moque;f;0,00
moralisateur;m;0,00
mordeur;m;0,00
mordeuse;f;0,00
morelle;f;0,00
moresque;f;0,00
morgeline;f;0,00
morgon;m;0,00
moria;f;0,00
morphing;m;0,00
morphogenèse;f;0,00
morula;f;0,00
mos;m;0,00
mot-valise;m;0,00
moteur-fusée;m;0,00
motilité;f;0,00
motivateur;m;0,00
motocross;m;0,00
motoculture;f;0,00
motocyclisme;m;0,00
motoneige;f;0,00
motoneurone;m;0,00
motricité;f;0,00
mots-croisés;m;0,00
mouchage;m;0,00
moudjahidin;m;0,00
moudjahidine;m;0,00
moufette;f;0,00
mouilleur;m;0,00
moulinage;m;0,00
mound;m;0,00
mousquetade;f;0,00
moutier;m;0,00
moyen-oriental;m;0,00
mozzarelle;f;0,00
mucilage;m;0,00
mucor;m;0,00
mucoviscidose;f;0,00
muesli;m;0,00
mulette;f;0,00
mullah;m;0,00
multiculturalisme;m;0,00
multiplex;m;0,00
multiplexe;m;0,00
multipropriété;f;0,00
multitâche;m;0,00
mungo;m;0,00
muon;m;0,00
muqueuse;f;0,00
murage;m;0,00
muridé;m;0,00
murin;m;0,00
muscovite;f;0,00
musicologie;f;0,00
musicothérapie;f;0,00
musqué;m;0,00
muséologie;f;0,00
mutabilité;f;0,00
myasthénie;f;0,00
mycose;f;0,00
mycène;m;0,00
myocardiopathie;f;0,00
myoclonie;f;0,00
myoglobine;f;0,00
myosine;f;0,00
myosis;m;0,00
myrmidon;m;0,00
myste;m;0,00
myéline;f;0,00
méconduite;f;0,00
méconium;m;0,00
mécénat;m;0,00
médecin-conseil;m;0,00
médecine-ball;m;0,00
médiane;f;0,00
médiascope;m;0,00
médiastin;m;0,00
médiatisation;f;0,00
médiator;m;0,00
médicalisation;f;0,00
médiumnité;f;0,00
médulla;f;0,00
méforme;f;0,00
mégacôlon;m;0,00
mégahertz;m;0,00
mégajoule;m;0,00
mégalopole;f;0,00
mégalosaure;m;0,00
mégère;f;0,00
méiose;f;0,00
mélanine;f;0,00
mélanome;m;0,00
mélatonine;f;0,00
mémorisation;f;0,00
méningiome;m;0,00
méningocoque;m;0,00
méritocratie;f;0,00
mésencéphale;m;0,00
mésentère;m;0,00
méson;m;0,00
mésopotamien;m;0,00
mésosphère;f;0,00
métabolite;m;0,00
métacarpe;m;0,00
métacarpien;m;0,00
métallisation;f;0,00
métallographie;f;0,00
métaphase;f;0,00
métatarse;m;0,00
méthacrylate;m;0,00
méthadone;f;0,00
méthanal;m;0,00
méthanol;m;0,00
méthodologie;f;0,00
méthyle;m;0,00
méthédrine;f;0,00
métreur;m;0,00
mêle-tout;m;0,00
n;m;0,00
na;f;0,00
nabi;m;0,00
nable;m;0,00
naga;m;0,00
naira;m;0,00
namibien;m;0,00
nanomètre;m;0,00
nanoseconde;f;0,00
nanotechnologie;f;0,00
nantaise;f;0,00
napel;m;0,00
naphtalène;m;0,00
nappage;m;0,00
narco-analyse;f;0,00
narcolepsie;f;0,00
narcotrafic;m;0,00
narcotrafiquant;m;0,00
nasdaq;m;0,00
nasique;m;0,00
nasopharynx;m;0,00
natron;m;0,00
natrum;m;0,00
natrémie;f;0,00
nautile;m;0,00
navel;f;0,00
navigabilité;f;0,00
navire-citerne;m;0,00
nay;f;0,00
neck;m;0,00
nectarine;f;0,00
nestor;m;0,00
neurinome;m;0,00
neurobiologie;f;0,00
neurochimie;f;0,00
neurochirurgie;f;0,00
neurofibromatose;f;0,00
neurolinguistique;f;0,00
neurologie;f;0,00
neuropathie;f;0,00
neuropathologie;f;0,00
neuropeptide;m;0,00
neuropsychiatrie;f;0,00
neuroscience;f;0,00
neurotoxine;f;0,00
neurotransmetteur;m;0,00
neutralisateur;m;0,00
neutrino;m;0,00
neutropénie;f;0,00
nietzschéenne;f;0,00
nigel;f;0,00
nigérian;m;0,00
nikkei;m;0,00
nimbo-stratus;m;0,00
niobium;m;0,00
nitre;m;0,00
nitrogène;m;0,00
nobilitas;f;0,00
noblaillon;m;0,00
nodule;m;0,00
nombrilisme;m;0,00
non-alignement;m;0,00
non-amour;m;0,00
non-combattant;m;0,00
non-comparution;f;0,00
non-concurrence;f;0,00
non-conformité;f;0,00
non-consommation;f;0,00
non-croyance;f;0,00
non-culpabilité;f;0,00
non-droit;m;0,00
non-ferreux;m;0,00
non-fumeur;m;0,00
non-prolifération;f;0,00
non-représentation;f;0,00
non-respect;m;0,00
non-utilisation;f;0,00
non-vie;f;0,00
non-événement;m;0,00
nope;f;0,00
noradrénaline;f;0,00
nord-américain;m;0,00
nord-vietnamien;m;0,00
nordicité;f;0,00
nouage;m;0,00
novation;f;0,00
novelette;f;0,00
novotique;f;0,00
novélisation;f;0,00
nuancier;m;0,00
nubuck;m;0,00
nucléoside;m;0,00
nucléotide;m;0,00
nucléus;m;0,00
nuitard;m;0,00
numérateur;m;0,00
numérisation;f;0,00
numérologie;f;0,00
nunchaku;m;0,00
nursing;m;0,00
nutriment;m;0,00
nymphomanie;f;0,00
néandertalien;m;0,00
nébuleuse;f;0,00
nébuliseur;m;0,00
nécropsie;f;0,00
négationnisme;m;0,00
négativisme;m;0,00
nématode;m;0,00
néo-flic;m;0,00
néo-gangster;m;0,00
néocolonialisme;m;0,00
néocortex;m;0,00
néofascisme;m;0,00
néolibéralisme;m;0,00
néonazi;m;0,00
néoplasie;f;0,00
néoprène;m;0,00
néoréalisme;m;0,00
néphrectomie;f;0,00
néphrologie;f;0,00
néroli;m;0,00
objectivation;f;0,00
obstructionnisme;m;0,00
obturation;f;0,00
octane;m;0,00
octet;m;0,00
oculus;m;0,00
ocytocine;f;0,00
océanographie;f;0,00
océanologie;f;0,00
odomètre;m;0,00
odontologie;f;0,00
oenologie;f;0,00
oenothera;m;0,00
off-shore;m;0,00
official;m;0,00
offshore;m;0,00
ognon;m;0,00
oh;m;0,00
oiseau-clé;m;0,00
oiseau-vedette;m;0,00
oisellerie;f;0,00
okapi;m;0,00
ola;f;0,00
oliver;m;0,00
olivine;f;0,00
olécrane;m;0,00
oléfine;f;0,00
omniscience;f;0,00
on;m;0,00
oncologie;f;0,00
ondatra;m;0,00
ongulé;m;0,00
onirisme;m;0,00
opacification;f;0,00
ophtalmoscope;m;0,00
opiacé;m;0,00
optimisation;f;0,00
optométrie;f;0,00
organiseur;m;0,00
organon;m;0,00
orin;m;0,00
orlon;m;0,00
ornithoptère;m;0,00
orographie;f;0,00
oropharynx;m;0,00
orphie;f;0,00
orpiment;m;0,00
orthodontie;f;0,00
orthophonie;f;0,00
oryctérope;m;0,00
oryx;m;0,00
oscilloscope;m;0,00
ose;m;0,00
osmium;m;0,00
osmonde;f;0,00
osso buco;m;0,00
ost;m;0,00
ostréiculture;f;0,00
ostéoarthrite;f;0,00
ostéogenèse;f;0,00
ostéomyélite;f;0,00
ostéoporose;f;0,00
ostéosarcome;m;0,00
ostéotomie;f;0,00
otalgie;f;0,00
otoscope;m;0,00
ouaouaron;m;0,00
ounce;f;0,00
ourdou;m;0,00
ouroboros;m;0,00
outilleur;m;0,00
outrigger;m;0,00
ovariectomie;f;0,00
oxalate;m;0,00
oxychlorure;m;0,00
oxydant;m;0,00
oxymore;m;0,00
oxymoron;m;0,00
oxymétrie;f;0,00
oïl;m;0,00
p.m.;m;0,00
package;m;0,00
packaging;m;0,00
pacs;m;0,00
pagel;m;0,00
paillis;m;0,00
paleron;m;0,00
palilalie;f;0,00
palindrome;m;0,00
palle;f;0,00
palynologie;f;0,00
paléozoïque;m;0,00
panachage;m;0,00
panaméen;m;0,00
panatella;m;0,00
pancetta;f;0,00
pancréatectomie;f;0,00
pancréatite;f;0,00
pandit;m;0,00
pandémie;f;0,00
panel;m;0,00
panic;m;0,00
panini;m;0,00
panneton;m;0,00
panspermie;f;0,00
paolo;m;0,00
papa-cadeau;m;0,00
papamobile;f;0,00
papaver;m;0,00
papi;m;0,00
papillomavirus;m;0,00
paqson;m;0,00
paraboloïde;m;0,00
paralympique;m;0,00
parapente;m;0,00
parasitose;f;0,00
parcmètre;m;0,00
parcomètre;m;0,00
pare-balle;m;0,00
pare-boue;m;0,00
pare-feux;m;0,00
parenchyme;m;0,00
paresthésie;f;0,00
pareur;m;0,00
parlante;f;0,00
partner;m;0,00
partouzard;m;0,00
parâtre;m;0,00
parésie;f;0,00
passavant;m;0,00
passing;m;0,00
past;m;0,00
pastenague;f;0,00
pasteurella;f;0,00
pat;m;0,00
pataugeoire;f;0,00
patriarchie;f;0,00
pattern;m;0,00
pax americana;f;0,00
pc;m;0,00
peaufinage;m;0,00
peccata;m;0,00
pecnot;m;0,00
pecorino;m;0,00
peeling;m;0,00
pellagre;f;0,00
pelletage;m;0,00
pendeur;m;0,00
pendjabi;m;0,00
pennage;m;0,00
pentagramme;m;0,00
penthiobarbital;m;0,00
penthouse;m;0,00
pentothal;m;0,00
pepsine;f;0,00
peptide;m;0,00
perchlorate;m;0,00
percolation;f;0,00
perforage;m;0,00
pergélisol;m;0,00
permalloy;m;0,00
perméabilité;f;0,00
peroxydase;f;0,00
peroxyde;m;0,00
perpète;f;0,00
perrier;m;0,00
personnage-clé;m;0,00
personnalisation;f;0,00
perspiration;f;0,00
perséides;f;0,00
pessaire;m;0,00
pesse;f;0,00
pesticide;m;0,00
petit-gris;m;0,00
petit-pois;m;0,00
phalarope;m;0,00
pharmacognosie;f;0,00
pharyngite;f;0,00
phascolome;m;0,00
philatélie;f;0,00
philharmonie;f;0,00
phlébographie;f;0,00
phlébotomie;f;0,00
phosgène;m;0,00
phosphatase;f;0,00
phospholipide;m;0,00
phosphorylation;f;0,00
phot;m;0,00
photo-finish;f;0,00
photogramme;m;0,00
photographiable;f;0,00
photojournalisme;m;0,00
photomicrographie;f;0,00
photon;m;0,00
photophobie;f;0,00
photopile;f;0,00
photosensibilité;f;0,00
photostat;m;0,00
photosynthèse;f;0,00
phototaxie;f;0,00
phototype;m;0,00
phrénologie;f;0,00
phtaléine;f;0,00
phylloxera;m;0,00
phylogenèse;f;0,00
phylum;m;0,00
physiothérapie;f;0,00
phytoplancton;m;0,00
phénate;m;0,00
phénobarbital;m;0,00
phénothiazine;f;0,00
phénotype;m;0,00
phéochromocytome;m;0,00
phéromone;f;0,00
pian;m;0,00
piano-bar;m;0,00
picker;m;0,00
picsou;m;0,00
pictogramme;m;0,00
pied-d'alouette;m;0,00
pied-plat;m;0,00
piedmont;m;0,00
pier;m;0,00
piercing;m;0,00
pigeon-voyageur;m;0,00
pile-poil;f;0,00
pilot;m;0,00
pilotin;m;0,00
pin's;m;0,00
pinaillage;m;0,00
pinailleur;m;0,00
pinçage;m;0,00
pipi-room;m;0,00
pipistrelle;f;0,00
pipo;m;0,00
piqueron;m;0,00
pisiforme;m;0,00
pissoir;m;0,00
pistage;m;0,00
pistolet-mitrailleur;m;0,00
pistou;m;0,00
pit-bull;m;0,00
pita;m;0,00
pitbull;m;0,00
pitch;m;0,00
pitchounet;m;0,00
pitchounette;f;0,00
pixel;m;0,00
pizzaiolo;m;0,00
placoplâtre;m;0,00
plagioclase;m;0,00
plan-séquence;m;0,00
planelle;f;0,00
plantage;m;0,00
planétoïde;m;0,00
plasmaphérèse;f;0,00
plaste;m;0,00
plastie;f;0,00
plastifiant;m;0,00
plastification;f;0,00
plastiquage;m;0,00
plastisol;m;0,00
platebande;f;0,00
plausibilité;f;0,00
playboy;m;0,00
playon;m;0,00
plein-emploi;m;0,00
plein-temps;m;0,00
pleurnichage;m;0,00
plexi;m;0,00
pliocène;m;0,00
plion;m;0,00
plique;f;0,00
ploutocratie;f;0,00
plumée;f;0,00
pluton;m;0,00
pluviométrie;f;0,00
pléistocène;m;0,00
plénum;m;0,00
pneumoconiose;f;0,00
pneumonectomie;f;0,00
pneus-neige;m;0,00
pochtron;m;0,00
podomètre;m;0,00
pogo;m;0,00
poinsettia;f;0,00
point-clé;m;0,00
pointer;m;0,00
pointillisme;m;0,00
poisson-globe;m;0,00
poisson-épée;m;0,00
polaire;f;0,00
polarisation;f;0,00
polarité;f;0,00
polaroid;m;0,00
pole;m;0,00
policlinique;f;0,00
politisation;f;0,00
pollinisation;f;0,00
poltronnerie;f;0,00
polyacrylate;m;0,00
polyarthrite;f;0,00
polycarbonate;m;0,00
polychlorure;m;0,00
polydactylie;f;0,00
polymorphie;f;0,00
polymorphisme;m;0,00
polymère;m;0,00
polymérase;f;0,00
polysaccharide;m;0,00
polythène;m;0,00
polyuréthane;m;0,00
pom-pom-girl;f;0,00
pomelo;m;0,00
pomélo;m;0,00
pongo;m;0,00
porcin;m;0,00
porphyrie;f;0,00
porque;f;0,00
portabilité;f;0,00
portance;f;0,00
porte-aiguille;m;0,00
porte-bébé;m;0,00
porte-chapeaux;m;0,00
porte-clé;m;0,00
porte-conteneurs;m;0,00
porte-crayon;m;0,00
porte-document;m;0,00
porte-objet;m;0,00
porte-queue;m;0,00
portfolio;m;0,00
pose-la-moi;f;0,00
posemètre;m;0,00
position-clé;f;0,00
positionneur;m;0,00
positon;m;0,00
post-impressionnisme;m;0,00
post-it;m;0,00
post-partum;m;0,00
post-production;f;0,00
post-rupture;f;0,00
post-zoo;m;0,00
postage;m;0,00
postcombustion;f;0,00
postproduction;f;0,00
pot-bouille;m;0,00
potentialisation;f;0,00
potimarron;m;0,00
pouce-pied;m;0,00
poucette;f;0,00
poudreux;f;0,00
pouillé;m;0,00
pour-cent;m;0,00
pourcent;m;0,00
poursuiveur;m;0,00
practice;m;0,00
praxie;f;0,00
premier-maître;m;0,00
premium;m;0,00
première-née;f;0,00
press-book;m;0,00
pressage;m;0,00
presse-agrumes;m;0,00
presse-citron;m;0,00
presse-fruits;m;0,00
pressurisation;f;0,00
prime time;m;0,00
procaïne;f;0,00
processeur;m;0,00
proclamateur;f;0,00
procrastination;f;0,00
proctologie;f;0,00
procès-test;m;0,00
profitabilité;f;0,00
prognathisme;m;0,00
prolapsus;m;0,00
proline;f;0,00
prolongateur;m;0,00
promazine;f;0,00
pronostiqueur;m;0,00
propane;m;0,00
propergol;m;0,00
prophase;f;0,00
propolis;m;0,00
proportionnalité;f;0,00
propylène;m;0,00
prospect;m;0,00
prostatectomie;f;0,00
prostatite;f;0,00
proteus;m;0,00
prothrombine;f;0,00
protiste;m;0,00
protococcus;m;0,00
protocoque;m;0,00
protoplasme;m;0,00
protoplaste;m;0,00
protoxyde;m;0,00
protozoaire;m;0,00
protrusion;f;0,00
protège-slip;m;0,00
protège-tibia;m;0,00
protéase;f;0,00
protéinurie;f;0,00
prout;m;0,00
provider;m;0,00
provolone;m;0,00
prussik;m;0,00
prèle;f;0,00
préadolescence;f;0,00
préadolescent;f;0,00
préchauffage;m;0,00
précieuse;f;0,00
précognition;f;0,00
préconisation;f;0,00
prédation;f;0,00
prédicat;m;0,00
préfixation;f;0,00
prélavage;m;0,00
prématurité;f;0,00
prépa;f;0,00
prérentrée;f;0,00
préretraite;f;0,00
préservateur;m;0,00
présidentiel;f;0,00
présélection;f;0,00
préture;f;0,00
prévalence;f;0,00
prévisibilité;f;0,00
pseudomonas;m;0,00
psi;m;0,00
psilocybine;f;0,00
psittacose;f;0,00
psoriasis;m;0,00
psychochirurgie;f;0,00
psychokinésie;f;0,00
psychonévrose;f;0,00
psychopathie;f;0,00
psychopharmacologie;f;0,00
psychophysiologie;f;0,00
psyllium;m;0,00
ptosis;m;0,00
publieur;m;0,00
publiphone;m;0,00
publireportage;m;0,00
puffin;m;0,00
pulque;m;0,00
pulsar;m;0,00
pulso-réacteur;m;0,00
pulsoréacteur;m;0,00
puncheur;m;0,00
puncture;f;0,00
punisseur;m;0,00
punt;m;0,00
pupe;f;0,00
pupitreur;m;0,00
purgatif;m;0,00
purpura;m;0,00
putrescine;f;0,00
putt;m;0,00
putting;m;0,00
putto;m;0,00
pyralène;m;0,00
pyrexie;f;0,00
pyridoxine;f;0,00
pyrite;f;0,00
pyrolyse;f;0,00
pyroxène;m;0,00
pyréthrine;f;0,00
pécan;m;0,00
péchon;m;0,00
pédicurie;f;0,00
pédomètre;m;0,00
pékan;m;0,00
pénalisation;f;0,00
pénil;m;0,00
pénologie;f;0,00
péricarde;m;0,00
péricardite;f;0,00
péricarpe;m;0,00
péripatéticienne;f;0,00
périssodactyle;m;0,00
péristaltisme;m;0,00
pérodictique;m;0,00
pérot;m;0,00
pétoncle;m;0,00
pétrodollar;m;0,00
pétéchie;f;0,00
quadrangle;m;0,00
quadrant;m;0,00
quadrillion;m;0,00
quadrimestre;m;0,00
quadruplé;m;0,00
quarre;f;0,00
quart-monde;m;0,00
quartet;m;0,00
quasar;m;0,00
quasi-chômage;m;0,00
quasi-décapitation;f;0,00
quasi-génocide;m;0,00
quasi-jungienne;f;0,00
quasi-mendiant;m;0,00
quasi-monopole;m;0,00
quasi-noyade;f;0,00
quasi-émeute;f;0,00
quatre;f;0,00
quatrillion;m;0,00
quechua;m;0,00
question-clé;f;0,00
questure;f;0,00
quette;f;0,00
quetzal;m;0,00
queue-de-cheval;f;0,00
queutard;m;0,00
quinoa;m;0,00
quinquennat;m;0,00
quintet;m;0,00
quintolet;m;0,00
quinton;m;0,00
quinté;m;0,00
quiscale;m;0,00
quiz;m;0,00
québécois;m;0,00
raban;m;0,00
rachianesthésie;f;0,00
racketteur;m;0,00
radiant;m;0,00
radio-isotope;m;0,00
radioamateur;m;0,00
radiobalisage;m;0,00
radiobalise;f;0,00
radiocassette;f;0,00
radiogoniomètre;m;0,00
radiométrie;f;0,00
radioréveil;m;0,00
radiosonde;f;0,00
radiothérapie;f;0,00
radiotélescope;m;0,00
radiotéléphone;m;0,00
radiotéléphonie;f;0,00
radioélément;m;0,00
radon;m;0,00
radôme;m;0,00
raff;m;0,00
raffineur;m;0,00
rafting;m;0,00
rag;m;0,00
raga;m;0,00
ragtime;m;0,00
rain;m;0,00
raiponce;f;0,00
raisinet;m;0,00
raja;m;0,00
ralentisseur;m;0,00
rallongement;m;0,00
ramasse-poussière;m;0,00
rams;m;0,00
rancher;m;0,00
rancho;m;0,00
rançonnage;m;0,00
rançonneur;m;0,00
rapportage;m;0,00
rapsodie;f;0,00
rastafari;m;0,00
raticide;m;0,00
ratio;m;0,00
rational;m;0,00
rationnel;m;0,00
ratite;m;0,00
ratte;f;0,00
raval;m;0,00
rayonneur;m;0,00
raïa;m;0,00
rebec;m;0,00
rebombardon;m;0,00
rebonjour;m;0,00
reboule;f;0,00
rebouteur;f;0,00
recalage;m;0,00
recenseur;m;0,00
recevabilité;f;0,00
rechanteur;m;0,00
rechargement;m;0,00
recodage;m;0,00
recoloration;f;0,00
recombinaison;f;0,00
reconditionnement;m;0,00
reconduction;f;0,00
reconfiguration;f;0,00
reconstructeur;m;0,00
recors;m;0,00
rectorat;m;0,00
recycleur;m;0,00
rediffusion;f;0,00
redécoupage;m;0,00
redéfinition;f;0,00
redémarrage;m;0,00
refaim;f;0,00
referendum;m;0,00
refinancement;m;0,00
reflex;m;0,00
reformulation;f;0,00
refouloir;m;0,00
refroidisseur;m;0,00
regonflage;m;0,00
rehaussement;m;0,00
rehausseur;m;0,00
reichsmark;m;0,00
relancement;m;0,00
relanceur;m;0,00
relativisme;m;0,00
relaxant;m;0,00
relayeur;m;0,00
releveur;m;0,00
reliage;m;0,00
rematérialisation;f;0,00
rembobinage;m;0,00
remix;m;0,00
remuage;m;0,00
remède-miracle;m;0,00
remémoration;f;0,00
reniflage;m;0,00
renonculacée;f;0,00
renégociation;f;0,00
repavage;m;0,00
repeuplement;m;0,00
replacement;m;0,00
repoussage;m;0,00
reprogrammation;f;0,00
republication;f;0,00
repéreur;m;0,00
requin-baleine;m;0,00
requin-tigre;m;0,00
reset;m;0,00
resocialisation;f;0,00
responsabilisation;f;0,00
resserrage;m;0,00
retapeur;m;0,00
retardateur;m;0,00
retirement;m;0,00
retoucheur;m;0,00
retraduction;f;0,00
retranscription;f;0,00
retreinte;f;0,00
retriever;m;0,00
retsina;m;0,00
retuage;m;0,00
revalidation;f;0,00
revival;m;0,00
rez-de-jardin;m;0,00
rhabillage;m;0,00
rhinoplastie;f;0,00
rhinoscopie;f;0,00
rhizome;m;0,00
rhizopus;m;0,00
rho;m;0,00
rhodamine;f;0,00
rhodium;m;0,00
rhumatologie;f;0,00
rhyolite;f;0,00
rhythm and blues;m;0,00
rhythm'n'blues;m;0,00
rhô;m;0,00
ria;f;0,00
rial;m;0,00
ribes;m;0,00
riboflavine;f;0,00
ribosome;m;0,00
riboteur;m;0,00
ricotta;f;0,00
ridiculisation;f;0,00
ridiculité;f;0,00
riel;m;0,00
rifain;m;0,00
rimaye;f;0,00
rince-bouche;m;0,00
rioja;m;0,00
ripoux;m;0,00
ripper;m;0,00
rise;f;0,00
riser;m;0,00
riveteur;f;0,00
riveteuse;f;0,00
roast-beef;m;0,00
robotique;f;0,00
rochelle;f;0,00
rock-n-roll;m;0,00
rodeo;m;0,00
roentgen;m;0,00
roi-roi;m;0,00
rolle;m;0,00
roller;m;0,00
romanticisme;m;0,00
rombière;f;0,00
rondelet;m;0,00
rosales;f;0,00
roténone;f;0,00
rouennais;f;0,00
rough;m;0,00
roupette;f;0,00
rouspéteur;m;0,00
rouston;m;0,00
routeur;m;0,00
rubia;m;0,00
rufian;m;0,00
running;m;0,00
rupteur;m;0,00
rutherford;m;0,00
réa;m;0,00
réabsorption;f;0,00
réactant;m;0,00
réactivité;f;0,00
réactualisation;f;0,00
réadmission;f;0,00
réaffectation;f;0,00
réaffirmation;f;0,00
réal;m;0,00
réalignement;m;0,00
réamorçage;m;0,00
réanimateur;m;0,00
réarrangement;m;0,00
réassignation;f;0,00
réchauffage;m;0,00
réchauffeur;m;0,00
réductionnisme;m;0,00
réexamen;m;0,00
réexpédition;f;0,00
réf;f;0,00
réflexologie;f;0,00
réformisme;m;0,00
réfrigérant;m;0,00
réfrigération;f;0,00
référencement;m;0,00
référent;m;0,00
régulatrice;f;0,00
réhydratation;f;0,00
réimplantation;f;0,00
réinitialisation;f;0,00
réinvestissement;m;0,00
rémora;m;0,00
rénine;f;0,00
réorientation;f;0,00
répartiteur;m;0,00
réplication;f;0,00
répresseur;m;0,00
résidant;m;0,00
résiliation;f;0,00
résilience;f;0,00
résonateur;m;0,00
réticulum;m;0,00
rétinal;m;0,00
rétinopathie;f;0,00
rétracteur;m;0,00
rétrofusée;f;0,00
rétrogression;f;0,00
rétropropulsion;f;0,00
rétrospection;f;0,00
réunionnite;f;0,00
réutilisation;f;0,00
réviseur;m;0,00
réécriture;f;0,00
réélu;m;0,00
rôle-titre;m;0,00
rônin;m;0,00
röntgen;m;0,00
sa;f;0,00
sabra;m;0,00
saccharomyces;m;0,00
saccharose;m;0,00
sacculine;f;0,00
sacret;m;0,00
sadomasochisme;m;0,00
safari-photo;m;0,00
saie;f;0,00
saint-crépin;m;0,00
saint-guy;m;0,00
saki;m;0,00
sal;m;0,00
salam;m;0,00
salat;f;0,00
salicine;f;0,00
saline;f;0,00
salmonelle;f;0,00
salmonellose;f;0,00
salmonidé;m;0,00
salonnière;f;0,00
salpingite;f;0,00
salsepareille;f;0,00
salto;m;0,00
salueur;m;0,00
salvadorien;m;0,00
salvadorienne;f;0,00
salvation;f;0,00
sambo;m;0,00
sammy;m;0,00
sample;m;0,00
sampler;m;0,00
samurai;m;0,00
sanderling;m;0,00
sans-faute;m;0,00
saoudien;m;0,00
saoudienne;f;0,00
sapotille;f;0,00
sara;f;0,00
sarcine;f;0,00
sarclette;f;0,00
sarcleur;f;0,00
sarcome;m;0,00
sarcoïdose;f;0,00
sarong;m;0,00
sarracénie;f;0,00
sashimi;m;0,00
sassafras;m;0,00
sasseur;m;0,00
satellites-espion;m;0,00
sati;m;0,00
satrapie;f;0,00
saucier;m;0,00
saucée;f;0,00
saumurage;m;0,00
saupoudrage;m;0,00
saupoudreur;m;0,00
saura;m;0,00
sautelle;f;0,00
saxhorn;m;0,00
saxon;m;0,00
saxonne;f;0,00
scalaire;m;0,00
scalpeur;m;0,00
scannage;m;0,00
scanneur;m;0,00
scanning;m;0,00
scanographie;f;0,00
scare;m;0,00
scat;m;0,00
scatologie;f;0,00
scatter;m;0,00
scellage;m;0,00
schah;m;0,00
scheik;m;0,00
schilling;m;0,00
schizophasie;f;0,00
schleu;m;0,00
schnauzer;m;0,00
schnitzel;m;0,00
schnouf;f;0,00
schnouff;f;0,00
schooner;m;0,00
schtroumf;m;0,00
scientificité;f;0,00
scientisme;m;0,00
scientologie;f;0,00
scintigraphie;f;0,00
scissiparité;f;0,00
sciène;f;0,00
sclérodermie;f;0,00
scolyte;m;0,00
sconse;m;0,00
scopie;f;0,00
scopolamine;f;0,00
scotch-terrier;m;0,00
scratching;m;0,00
scrofulaire;f;0,00
scrupulosité;f;0,00
scrutation;f;0,00
scène-clé;f;0,00
scènes-clé;f;0,00
scénarimage;m;0,00
seaborgium;m;0,00
sectorisation;f;0,00
seersucker;m;0,00
self-défense;f;0,00
seltz;m;0,00
selva;f;0,00
semi-conducteur;m;0,00
semtex;m;0,00
sensationnalisme;m;0,00
seppuku;m;0,00
sept;f;0,00
septicité;f;0,00
septime;f;0,00
septum;m;0,00
septuor;m;0,00
septuple;m;0,00
sermonneur;m;0,00
serpenteau;m;0,00
sert;m;0,00
sertão;m;0,00
serval;m;0,00
serviabilité;f;0,00
servofrein;m;0,00
servomoteur;m;0,00
servomécanisme;m;0,00
ses;f;0,00
señor;m;0,00
shale;m;0,00
shanghaien;m;0,00
shed;m;0,00
shekel;m;0,00
shiatsu;m;0,00
shilom;m;0,00
shingle;m;0,00
shintô;m;0,00
shogoun;m;0,00
shogun;m;0,00
shogunat;m;0,00
shunt;m;0,00
siam;m;0,00
sicle;m;0,00
sidéen;m;0,00
sidération;f;0,00
sidérite;f;0,00
sifflant;f;0,00
sifflante;f;0,00
sil;m;0,00
silicate;m;0,00
silicium;m;0,00
silicone;f;0,00
silionne;f;0,00
sillet;m;0,00
sima;m;0,00
similarité;f;0,00
similicuir;m;0,00
singe-araignée;m;0,00
singleton;m;0,00
sino-américain;m;0,00
sipo;m;0,00
sismologie;f;0,00
sismomètre;m;0,00
sismothérapie;f;0,00
sit-in;m;0,00
sitar;m;0,00
sitcom;f;0,00
sittelle;f;0,00
situ;m;0,00
situationnisme;m;0,00
sixtus;m;0,00
ska;m;0,00
skateboard;m;0,00
skeet;m;0,00
skydome;m;0,00
slash;m;0,00
slice;m;0,00
slug;m;0,00
smegma;m;0,00
smiley;m;0,00
smurf;m;0,00
snipe;m;0,00
sniper;m;0,00
soap-opéra;m;0,00
soccer;m;0,00
socialisation;f;0,00
socio;f;0,00
sociobiologie;f;0,00
sociopathie;f;0,00
socket;m;0,00
sodium;m;0,00
soft;m;0,00
softball;m;0,00
soi;m;0,00
solderie;f;0,00
solidification;f;0,00
solipsisme;m;0,00
solubilité;f;0,00
solutionneur;m;0,00
solénoïde;m;0,00
soma;m;0,00
sonagramme;m;0,00
sonoluminescence;f;0,00
sonomètre;m;0,00
sonothèque;f;0,00
sophie;f;0,00
sophora;m;0,00
sorbitol;m;0,00
sorite;m;0,00
soudage;m;0,00
soufi;m;0,00
soule;f;0,00
sous-classe;f;0,00
sous-couche;f;0,00
sous-division;f;0,00
sous-effectif;m;0,00
sous-espace;m;0,00
sous-espèce;f;0,00
sous-genre;m;0,00
sous-groupe;m;0,00
sous-intendant;m;0,00
sous-marinier;m;0,00
sous-programme;m;0,00
sous-pull;m;0,00
sous-secrétariat;m;0,00
sous-section;f;0,00
sous-système;m;0,00
sous-tension;f;0,00
sous-titrage;m;0,00
sous-traitance;f;0,00
sous-traitant;m;0,00
soutra;m;0,00
soya;m;0,00
spa;m;0,00
spamming;m;0,00
spartéine;f;0,00
spasticité;f;0,00
spath;m;0,00
spatial;m;0,00
spectrogramme;m;0,00
spectrographe;m;0,00
spectrographie;f;0,00
spectrohéliographe;m;0,00
spectromètre;m;0,00
spectrométrie;f;0,00
spectrophotomètre;m;0,00
spectroscope;m;0,00
spectroscopie;f;0,00
spermaceti;m;0,00
spermatogenèse;f;0,00
spermogramme;m;0,00
spermophile;m;0,00
spetsnaz;f;0,00
sphygmomanomètre;m;0,00
spi;m;0,00
spic;m;0,00
spicule;m;0,00
spin;m;0,00
spina;f;0,00
spina-bifida;m;0,00
spiritualisme;m;0,00
spirochète;m;0,00
spirographe;m;0,00
spiruline;f;0,00
spitz;m;0,00
splénectomie;f;0,00
splénique;m;0,00
spoiler;m;0,00
spondylarthrose;f;0,00
spondylite;f;0,00
spoon;m;0,00
sportivité;f;0,00
springer;m;0,00
sprinkler;m;0,00
sprinteur;m;0,00
spruce;m;0,00
spéculoos;m;0,00
spéléo;f;0,00
squat;m;0,00
squatteur;m;0,00
sri lankais;m;0,00
stabilisant;m;0,00
stabilisateur;m;0,00
stagflation;f;0,00
staphylococcie;f;0,00
staphylocoque;m;0,00
star-system;m;0,00
start-up;f;0,00
steamboat;m;0,00
stepper;m;0,00
sterling;m;0,00
sticker;m;0,00
stimulateur;m;0,00
stipule;f;0,00
stock-option;f;0,00
stoker;m;0,00
stokes;m;0,00
stomate;m;0,00
stomie;f;0,00
stomoxys;m;0,00
storage;m;0,00
stramoine;f;0,00
stramonium;m;0,00
stratus;m;0,00
strelitzia;m;0,00
streptococcie;f;0,00
streptokinase;f;0,00
stretching;m;0,00
striation;f;0,00
stridor;m;0,00
striptease;m;0,00
stroboscope;m;0,00
strychnos;m;0,00
studiolo;m;0,00
stups;m;0,00
stylisation;f;0,00
styrène;m;0,00
stéarate;m;0,00
stégosaure;m;0,00
sténose;f;0,00
sténotype;f;0,00
stérilisateur;m;0,00
sub-espace;m;0,00
sub-zéro;m;0,00
subculture;f;0,00
subduction;f;0,00
suber;m;0,00
subjugation;f;0,00
submersion;f;0,00
subrogation;f;0,00
substrat;m;0,00
sud-coréen;m;0,00
sud-sud-est;m;0,00
suerte;f;0,00
suggestibilité;f;0,00
suggestivité;f;0,00
suit;f;0,00
sulfonate;m;0,00
sumérien;m;0,00
super-espion;m;0,00
super-puissance;f;0,00
supercalculateur;m;0,00
supercarburant;m;0,00
superfamille;f;0,00
superordinateur;m;0,00
superpouvoir;m;0,00
superpuissance;f;0,00
supersonique;m;0,00
supertanker;m;0,00
suppléance;f;0,00
suppresseur;m;0,00
supraconducteur;m;0,00
supraconductivité;f;0,00
sur;m;0,00
sur-mesure;m;0,00
surarmement;m;0,00
surbrillance;f;0,00
surcapacité;f;0,00
surconsommation;f;0,00
surcontre;m;0,00
surcoût;m;0,00
surdosage;m;0,00
surdose;f;0,00
sureffectif;m;0,00
suremploi;m;0,00
surentraînement;m;0,00
surestimation;f;0,00
surexposition;f;0,00
surfactant;m;0,00
surfacturation;f;0,00
surgénérateur;m;0,00
suricate;m;0,00
surimi;m;0,00
surintensité;f;0,00
surligneur;m;0,00
surmédicalisation;f;0,00
surpoids;m;0,00
surpresseur;m;0,00
surprime;f;0,00
surprotecteur;f;0,00
surréel;m;0,00
surréservation;f;0,00
surtension;f;0,00
survolteur;m;0,00
surélévation;f;0,00
sushi;m;0,00
syllabus;m;0,00
symbionte;m;0,00
symbiote;m;0,00
symphyse;f;0,00
symptomatologie;f;0,00
synchroniseur;m;0,00
synchrotron;m;0,00
syndicalisation;f;0,00
syndication;f;0,00
synergie;f;0,00
synesthésie;f;0,00
synopsie;f;0,00
synovite;f;0,00
syrah;f;0,00
syringomyélie;f;0,00
systèmes-clé;m;0,00
syénite;f;0,00
sèche-cheveux;m;0,00
sèche-linge;m;0,00
sèche-mains;m;0,00
sème;m;0,00
sébaste;m;0,00
sécheur;f;0,00
sécréteur;m;0,00
sécrétine;f;0,00
sécurisation;f;0,00
sédation;f;0,00
sélectionneuse;f;0,00
sélénium;m;0,00
séléniure;m;0,00
séminome;m;0,00
sémiotique;f;0,00
sénatorial;f;0,00
sépale;m;0,00
séparateur;m;0,00
séquenceur;m;0,00
séquençage;m;0,00
sérial;m;0,00
sérologie;f;0,00
séropositive;f;0,00
sérotonine;f;0,00
tabagisme;m;0,00
tabard;m;0,00
tabassée;f;0,00
tabla;m;0,00
tableur;m;0,00
tabloïd;m;0,00
taboulé;m;0,00
tabulation;f;0,00
tachyarythmie;f;0,00
tachyon;m;0,00
tachéomètre;m;0,00
tagger;m;0,00
tagueur;m;0,00
tai-chi;m;0,00
taillade;f;0,00
take-off;m;0,00
taliban;m;0,00
talkie;m;0,00
tamagotchi;m;0,00
tamia;m;0,00
tamisage;m;0,00
tamise;f;0,00
tamiseur;m;0,00
tamponnade;f;0,00
tanaisie;f;0,00
tandoori;m;0,00
tangara;m;0,00
tangibilité;f;0,00
tangon;m;0,00
tannage;m;0,00
tanne;f;0,00
tannin;m;0,00
tantra;m;0,00
tapa;m;0,00
tapenade;f;0,00
tapinage;m;0,00
tarama;m;0,00
tardigrade;m;0,00
targe;f;0,00
tarification;f;0,00
taro;m;0,00
tarpon;m;0,00
tarsier;m;0,00
tartempion;m;0,00
tasseau;m;0,00
taximètre;m;0,00
taxonomie;f;0,00
taï chi;m;0,00
tchetnik;m;0,00
teaser;m;0,00
tec;m;0,00
techno;f;0,00
technétium;m;0,00
tectonique;f;0,00
tek;m;0,00
tellure;m;0,00
telson;m;0,00
tempera;f;0,00
tempura;f;0,00
tendinite;f;0,00
tenseur;m;0,00
tensiomètre;m;0,00
tenure;f;0,00
tepidarium;m;0,00
terminateur;m;0,00
terramycine;f;0,00
terraplane;m;0,00
terrarium;m;0,00
terre-neuvien;m;0,00
terri;m;0,00
territorialité;f;0,00
tertiaire;m;0,00
tesla;m;0,00
test-match;m;0,00
teste;m;0,00
teston;m;0,00
testostérone;f;0,00
tette;f;0,00
thalamus;m;0,00
thalasso;f;0,00
thalassémie;f;0,00
thalidomide;f;0,00
thallium;m;0,00
thanatologie;f;0,00
thanatopraxie;f;0,00
thanatos;m;0,00
thanksgiving;m;0,00
thaï;m;0,00
thermique;f;0,00
thermite;f;0,00
thermo;m;0,00
thermographe;m;0,00
thermographie;f;0,00
thermoluminescence;f;0,00
thesaurus;m;0,00
thiamine;f;0,00
thoracentèse;f;0,00
thoracotomie;f;0,00
thorine;f;0,00
thoron;m;0,00
thrill;m;0,00
thrombolyse;f;0,00
thrombose;f;0,00
thrène;m;0,00
thymectomie;f;0,00
thymine;f;0,00
thymus;m;0,00
thyroxine;f;0,00
thyroïdectomie;f;0,00
thyréotoxicose;f;0,00
théier;m;0,00
théine;f;0,00
théodolite;m;0,00
théophylline;f;0,00
théosophie;f;0,00
thésard;m;0,00
thésaurus;m;0,00
thêta;m;0,00
tiama;m;0,00
tie-break;m;0,00
tiers-état;m;0,00
tiki;m;0,00
till;m;0,00
tille;f;0,00
time-sharing;m;0,00
tine;f;0,00
tipi;m;0,00
tiramisu;m;0,00
tire-au-cul;m;0,00
tire-d'aile;f;0,00
tire-fesse;f;0,00
tire-lait;m;0,00
titrage;m;0,00
titularisation;f;0,00
toaster;m;0,00
toasteur;m;0,00
tocade;f;0,00
toffee;m;0,00
tofu;m;0,00
toilettage;m;0,00
toiletteur;m;0,00
tokamak;m;0,00
tolar;m;0,00
toluidine;f;0,00
toluène;m;0,00
tom-tom;m;0,00
toman;m;0,00
tommy;m;0,00
tomodensitomètre;m;0,00
tomodensitométrie;f;0,00
tomographe;m;0,00
tomographie;f;0,00
toner;m;0,00
tonicardiaque;m;0,00
tonicité;f;0,00
tonie;f;0,00
tonka;f;0,00
top-modèle;f;0,00
tope;m;0,00
topless;m;0,00
torana;m;0,00
torche-cul;m;0,00
tordage;m;0,00
tordeur;m;0,00
torera;f;0,00
tories;m;0,00
torque;m;0,00
tortellini;m;0,00
tortille;f;0,00
totalisateur;m;0,00
totémisme;m;0,00
touche-touche;f;0,00
touchette;f;0,00
touille;f;0,00
tourd;f;0,00
tournette;f;0,00
tout-fait;m;0,00
tout-terrain;m;0,00
tout-étoile;m;0,00
toxicologie;f;0,00
toxicomanie;f;0,00
traceur;m;0,00
tractage;m;0,00
tractopelle;f;0,00
trader;m;0,00
traduc;f;0,00
tragicomédie;f;0,00
trajectographie;f;0,00
tramp;m;0,00
tranquille;m;0,00
transcriptase;f;0,00
transcripteur;m;0,00
transducteur;m;0,00
transduction;f;0,00
transfo;m;0,00
transfuseur;m;0,00
transfusé;f;0,00
transgresseur;m;0,00
transillumination;f;0,00
translocation;f;0,00
transmetteur;m;0,00
transplant;m;0,00
transpondeur;m;0,00
transportation;f;0,00
transposon;m;0,00
transsexualisme;m;0,00
transsexualité;f;0,00
transsudat;m;0,00
transvestisme;m;0,00
traumatologie;f;0,00
traveller;m;0,00
traveller's chèque;m;0,00
traversier;m;0,00
travertin;m;0,00
travestisme;m;0,00
travois;m;0,00
trax;m;0,00
traçabilité;f;0,00
traçage;m;0,00
traînage;m;0,00
traînement;m;0,00
traîneuse;f;0,00
trecento;m;0,00
treillard;m;0,00
trek;m;0,00
trekkeur;m;0,00
trekking;m;0,00
trembleur;m;0,00
trempeur;m;0,00
trias;m;0,00
triathlon;m;0,00
tribunat;m;0,00
tric;m;0,00
trichlorure;m;0,00
trichloréthylène;m;0,00
trichophytie;f;0,00
trick;m;0,00
tricératops;m;0,00
trigger;m;0,00
trigramme;m;0,00
trilobite;m;0,00
trimballage;m;0,00
trimmer;m;0,00
trinidadienne;f;0,00
trinitrine;f;0,00
trinôme;m;0,00
triolisme;m;0,00
triomphalisme;m;0,00
trional;m;0,00
tripang;m;0,00
triphosphate;m;0,00
triplet;m;0,00
triplette;f;0,00
triplex;m;0,00
triplice;f;0,00
tripode;m;0,00
trisomie;f;0,00
trithérapie;f;0,00
tritium;m;0,00
triumvir;m;0,00
trochanter;m;0,00
trois-deux;m;0,00
trois-huit;m;0,00
trois-points;m;0,00
trop-perçu;m;0,00
trypanosomiase;f;0,00
trypsine;f;0,00
tryptophane;m;0,00
trépanation;f;0,00
tsarévitch;m;0,00
tsuica;f;0,00
tsunami;m;0,00
tu;m;0,00
tubule;m;0,00
tubérosité;f;0,00
tue-loup;m;0,00
tularémie;f;0,00
tumescence;f;0,00
turbocompresseur;m;0,00
turbopropulseur;m;0,00
turboréacteur;m;0,00
turnover;m;0,00
tussilage;m;0,00
tutorat;m;0,00
téflon;m;0,00
tél;m;0,00
télencéphale;m;0,00
téléachat;m;0,00
téléavertisseur;m;0,00
télécabine;f;0,00
télécarte;f;0,00
téléchargement;m;0,00
télécinéma;m;0,00
télécom;f;0,00
téléconférence;f;0,00
télécopieur;m;0,00
télécran;m;0,00
télédiffusion;f;0,00
téléfilm;m;0,00
téléguidage;m;0,00
télégénie;f;0,00
télékinésie;f;0,00
télémarketing;m;0,00
télémesure;f;0,00
télémétrie;f;0,00
téléport;m;0,00
téléportation;f;0,00
téléprompteur;m;0,00
téléreportage;m;0,00
téléroman;m;0,00
télésiège;m;0,00
téléski;m;0,00
télésurveillance;f;0,00
télétexte;m;0,00
télétravail;m;0,00
télétravailleur;f;0,00
télévendeur;m;0,00
télévente;f;0,00
témoin-clé;m;0,00
témoin-vedette;m;0,00
téraoctet;m;0,00
tératome;m;0,00
téteur;m;0,00
tétra;m;0,00
tétracycline;f;0,00
tétramètre;m;0,00
tétraplégie;f;0,00
tétras;m;0,00
tétrodotoxine;f;0,00
tôlard;f;0,00
ufologie;f;0,00
ulna;f;0,00
ultrason;m;0,00
ultravirus;m;0,00
umbanda;m;0,00
unau;m;0,00
unilatéralité;f;0,00
universal;m;0,00
update;f;0,00
uraniste;m;0,00
urbanisation;f;0,00
urdu;m;0,00
uretère;m;0,00
urokinase;f;0,00
uruguayen;m;0,00
uréthane;m;0,00
urétrite;f;0,00
usinage;m;0,00
va;m;0,00
vaccine;f;0,00
vacuole;f;0,00
vacuolisation;f;0,00
vaginite;f;0,00
vagotomie;f;0,00
vaisseau-amiral;m;0,00
valentinien;m;0,00
valkyrie;f;0,00
valorisation;f;0,00
vamp-club;f;0,00
vaps;f;0,00
var;m;0,00
variance;f;0,00
varon;m;0,00
varsovien;m;0,00
vasculo-nerveux;m;0,00
vasectomie;f;0,00
vasoconstriction;f;0,00
vasodilatation;f;0,00
vasopressine;f;0,00
vaudouisme;m;0,00
velcro;m;0,00
veld;m;0,00
veldt;m;0,00
velte;f;0,00
velum;m;0,00
velux;m;0,00
ventail;m;0,00
ventriloquie;f;0,00
verbalisation;f;0,00
verbatim;m;0,00
vergence;f;0,00
vermout;m;0,00
verne;m;0,00
vernisseur;m;0,00
verseau;m;0,00
versification;f;0,00
verticille;m;0,00
viagra;m;0,00
vibreur;m;0,00
vibromasseur;m;0,00
vice-chancelier;m;0,00
vice-premier;m;0,00
vice-présidence;f;0,00
vice-recteur;m;0,00
victimologie;f;0,00
vide-gousset;m;0,00
vide-greniers;m;0,00
vide-ordure;m;0,00
vidicon;m;0,00
viduité;f;0,00
vidéo-club;f;0,00
vidéocassette;f;0,00
vidéoclip;m;0,00
vidéoclub;m;0,00
vidéoconférence;f;0,00
vidéogramme;m;0,00
vidéophone;m;0,00
vidéophonie;f;0,00
vidéosurveillance;f;0,00
vidéothèque;f;0,00
viennoiserie;f;0,00
ville-champignon;f;0,00
villes-clé;f;0,00
vina;f;0,00
vinificateur;f;0,00
virologie;f;0,00
vishnouisme;m;0,00
visioconférence;f;0,00
visiophone;m;0,00
visserie;f;0,00
visualisation;f;0,00
viticulture;f;0,00
vitiligo;m;0,00
vivat;m;0,00
vivification;f;0,00
vivisecteur;m;0,00
vocodeur;m;0,00
vodou;m;0,00
voiture-bar;f;0,00
voiture-lit;f;0,00
voiture-restaurant;f;0,00
voix-off;f;0,00
volatilisation;f;0,00
volatilité;f;0,00
volerie;f;0,00
volémie;f;0,00
vomito negro;m;0,00
voyer;m;0,00
voïvodie;f;0,00
vulcain;m;0,00
végétalisme;m;0,00
végétarisme;m;0,00
vélar;m;0,00
vélo-pousse;m;0,00
vénéréologie;f;0,00
vérifieur;m;0,00
véronal;m;0,00
wagon-bar;m;0,00
wait and see;m;0,00
wali;m;0,00
wallaby;m;0,00
wallace;f;0,00
walter;m;0,00
water-polo;m;0,00
web;m;0,00
webcam;f;0,00
welter;m;0,00
white-spirit;m;0,00
wicket;m;0,00
wildcat;m;0,00
williams;f;0,00
windsurf;m;0,00
wintergreen;m;0,00
wishbone;m;0,00
witz;m;0,00
wombat;m;0,00
woofer;m;0,00
world music;f;0,00
xiang;m;0,00
xylographie;f;0,00
xylène;m;0,00
xénogenèse;f;0,00
xénogreffe;f;0,00
xénon;m;0,00
xérographie;f;0,00
yakitori;m;0,00
yakusa;m;0,00
yakuza;m;0,00
ylang-ylang;m;0,00
yom kippur;m;0,00
yorkshire;m;0,00
yuan;m;0,00
yue;m;0,00
zaibatsu;m;0,00
zani;m;0,00
zanzibar;m;0,00
zappeur;m;0,00
zapping;m;0,00
zaïrois;m;0,00
zicmu;f;0,00
zircon;m;0,00
zirconium;m;0,00
zodiac;m;0,00
zombification;f;0,00
zonage;m;0,00
zoning;m;0,00
zoologue;m;0,00
zoophilie;f;0,00
zoroastrien;m;0,00
zoroastrisme;m;0,00
zouk;m;0,00
zydeco;f;0,00
zygote;m;0,00
zyklon;m;0,00
zéphire;m;0,00
âgisme;m;0,00
écaillage;m;0,00
écarteur;m;0,00
échangisme;m;0,00
échinoderme;m;0,00
échocardiogramme;m;0,00
échocardiographie;f;0,00
écholocalisation;f;0,00
écholocation;f;0,00
échos-radar;m;0,00
éclaircissage;m;0,00
éclampsie;f;0,00
écorchage;m;0,00
écosphère;f;0,00
écosse;f;0,00
écosystème;m;0,00
écotone;m;0,00
écrivailleur;m;0,00
écriveur;m;0,00
édulcorant;m;0,00
égalisateur;m;0,00
égaliseur;m;0,00
égrenage;m;0,00
égreneur;f;0,00
éjecteur;m;0,00
élasticimétrie;f;0,00
électro-aimant;m;0,00
électroacoustique;f;0,00
électroaimant;m;0,00
électrobiologie;f;0,00
électrochimie;f;0,00
électroencéphalogramme;m;0,00
électroencéphalographie;f;0,00
électrologie;f;0,00
électrolyte;m;0,00
électromagnétisme;m;0,00
électromètre;m;0,00
électronvolt;m;0,00
électrophorèse;f;0,00
électrostatique;f;0,00
élevon;m;0,00
élingue;f;0,00
élitisme;m;0,00
élément-clé;m;0,00
éléments-clé;m;0,00
élévateur;m;0,00
émargement;m;0,00
émetteur-récepteur;m;0,00
émétine;f;0,00
énergisant;m;0,00
éocène;m;0,00
éon;m;0,00
éosine;f;0,00
épandeur;m;0,00
épart;m;0,00
épaulard;m;0,00
épellation;f;0,00
épendyme;m;0,00
éperlan;m;0,00
éphédrine;f;0,00
épicanthus;m;0,00
épicondyle;m;0,00
épiglotte;f;0,00
épilateur;m;0,00
épinaie;f;0,00
épinglette;f;0,00
épiphyse;f;0,00
épiphyte;m;0,00
épisiotomie;f;0,00
épithélioma;m;0,00
épithélium;m;0,00
épluche-légumes;m;0,00
époxyde;m;0,00
équidistance;f;0,00
équidé;m;0,00
équilibrage;m;0,00
équilibreur;m;0,00
éradicateur;m;0,00
éradication;f;0,00
éreinteur;m;0,00
érythromycine;f;0,00
érythrophobie;f;0,00
érythréen;f;0,00
étanchement;m;0,00
étatisation;f;0,00
éthane;m;0,00
éthanol;m;0,00
éthyle;m;0,00
éthylotest;m;0,00
éthylène;m;0,00
étiologie;f;0,00
étiquetage;m;0,00
étiqueteur;f;0,00
étirage;m;0,00
étouffe-chrétien;m;0,00
évangélisateur;m;0,00
évangélisation;f;0,00
évaporateur;m;0,00
évaporée;f;0,00
éveinage;m;0,00
évent;m;0,00
éviscération;f;0,00
évitement;m;0,00
évènement;m;0,00
être-là;m;0,00
îlotier;m;0,00
